<?xml version="1.0" encoding="utf-8" ?><kml xmlns="http://www.opengis.net/kml/2.2" xmlns:xsi="http://www.w3.org/2001/XMLSchema-instance" xsi:schemaLocation="http://www.opengis.net/kml/2.2 http://schemas.opengis.net/kml/2.2.0/ogckml22.xsd"><Document><name>NZ River Polygons (Topo, 1:50k)</name>
<description><![CDATA[
<style>
	.heading {
		font-size: 12px;
		font-weight: bold;
	}
</style>
<base href="https://data.linz.govt.nz/" />


    <div class="heading">Description</div>
    <hr>
<p>A natural, flowing body of water emptying into an ocean, lake or other body of water and usually fed along it's course by converging tributaries.</p>
<p>Data Dictionary for river_poly: <a href="https://docs.topo.linz.govt.nz/data-dictionary/tdd-class-river_poly.html">docs.topo.linz.govt.nz/data-dictionary/tdd-class-r...</a></p>
<p>This layer is a component of the Topo50 map series. The Topo50 map series provides topographic mapping for the New Zealand mainland, Chatham and New Zealand's offshore islands, at 1:50,000 scale.</p>
<p>Further information on Topo50:<br>
<a href="http://www.linz.govt.nz/topography/topo-maps/topo50">www.linz.govt.nz/topography/topo-maps/topo50</a></p>



	<div class="heading">License</div>
	<hr>
	License: <a href="https://data.linz.govt.nz/license/attribution-4-0-international/" onclick="window.open('about:blank'); window.open(this.href); return false;">Creative Commons Attribution 4.0 International</a>


<hr>



<div class="footer">Source: <a href="https://data.linz.govt.nz/layer/50328-nz-river-polygons-topo-150k/" onclick="window.open('about:blank'); window.open(this.href); return false;">NZ River Polygons (Topo, 1:50k)</a></div>
<div class="footer">Data last updated: 23 Apr 2026</div>
<div class="footer">Downloaded from <a href="https://data.linz.govt.nz/" onclick="window.open('about:blank'); window.open(this.href); return false;">LINZ Data Service</a> on 21 Jul 2026</div>
]]></description>
<Placemark><styleUrl>#nz-river-polygons-topo-150kId</styleUrl>
<ExtendedData><SchemaData schemaUrl="#nz-river-polygons-topo-150kId"><SimpleData name="t50_fid">100141741</SimpleData>
</SchemaData>
</ExtendedData>
<Polygon><outerBoundaryIs><LinearRing><tessellate>1</tessellate>
<coordinates> 172.260040,-43.453381 172.260324,-43.453458 172.260527,-43.453603 172.260899,-43.453754 172.261386,-43.454045 172.262069,-43.454426 172.262279,-43.454511 172.262666,-43.454544 172.263556,-43.454654 172.264208,-43.454816 172.265042,-43.455065 172.265585,-43.455177 172.265958,-43.455299 172.266243,-43.455330 172.266536,-43.455332 172.266850,-43.455255 172.267429,-43.455194 172.268167,-43.454996 172.268824,-43.454697 172.269474,-43.454419 172.269905,-43.454179 172.270337,-43.454001 172.270726,-43.453800 172.271098,-43.453623 172.271372,-43.453585 172.271673,-43.453627 172.271945,-43.453768 172.272547,-43.453762 172.273040,-43.453785 172.273695,-43.453968 172.274160,-43.453971 172.274832,-43.453866 172.274872,-43.453976 172.275282,-43.454018 172.275828,-43.454102 172.275898,-43.453953 172.276487,-43.453976 172.276857,-43.453929 172.277840,-43.454124 172.278798,-43.454130 172.280083,-43.454318 172.280329,-43.454300 172.280519,-43.454430 172.281175,-43.454564 172.281763,-43.454618 172.282146,-43.454590 172.282451,-43.454680 172.282090,-43.454739 172.282089,-43.454829 172.282080,-43.454989 172.281567,-43.454926 172.281172,-43.454823 172.280941,-43.454672 172.280477,-43.454560 172.280285,-43.454569 172.280269,-43.454758 172.280428,-43.455158 172.281473,-43.455932 172.281771,-43.456253 172.282016,-43.456324 172.282371,-43.456386 172.282247,-43.456456 172.282001,-43.456464 172.281918,-43.456533 172.282067,-43.456634 172.282408,-43.456786 172.282637,-43.457046 172.282964,-43.457218 172.283182,-43.457249 172.283511,-43.457211 172.283894,-43.457244 172.283414,-43.457330 172.282852,-43.457367 172.282440,-43.457484 172.282233,-43.457632 172.282117,-43.457985 172.282067,-43.457961 172.281685,-43.457899 172.281740,-43.457709 172.281591,-43.457528 172.281307,-43.457287 172.280912,-43.457095 172.280405,-43.457132 172.279967,-43.457119 172.280489,-43.456963 172.280927,-43.456976 172.281323,-43.457068 172.281704,-43.457270 172.282111,-43.457581 172.282032,-43.457292 172.281629,-43.456641 172.281005,-43.456149 172.280722,-43.455778 172.280177,-43.455575 172.279087,-43.455179 172.277749,-43.454852 172.277600,-43.454731 172.276904,-43.454547 172.276357,-43.454504 172.275535,-43.454618 172.275204,-43.454816 172.274681,-43.455032 172.274132,-43.455198 172.273460,-43.455283 172.273117,-43.455311 172.272682,-43.455099 172.271715,-43.454674 172.271277,-43.454641 172.270564,-43.454651 172.269700,-43.454852 172.269166,-43.455056 172.268379,-43.455413 172.268085,-43.455570 172.267464,-43.455730 172.267041,-43.455762 172.266449,-43.455753 172.265784,-43.455615 172.264826,-43.455450 172.264358,-43.455318 172.263762,-43.455121 172.263409,-43.455005 172.262764,-43.454881 172.262547,-43.454874 172.262378,-43.454913 172.262020,-43.455065 172.261997,-43.455338 172.262005,-43.455500 172.261897,-43.455689 172.262059,-43.455760 172.262935,-43.455878 172.263434,-43.456022 172.263836,-43.456263 172.264208,-43.456588 172.264619,-43.456822 172.264723,-43.456970 172.264799,-43.457118 172.265556,-43.457531 172.265570,-43.457621 172.265665,-43.457704 172.265766,-43.457779 172.266084,-43.457993 172.266314,-43.458203 172.266536,-43.458502 172.266672,-43.458696 172.267154,-43.458975 172.267591,-43.459108 172.268119,-43.459187 172.268780,-43.459273 172.269504,-43.459207 172.269632,-43.459188 172.270059,-43.459152 172.270274,-43.459272 172.270661,-43.459302 172.271189,-43.459221 172.271669,-43.459218 172.272010,-43.459192 172.272258,-43.459228 172.272605,-43.459332 172.272927,-43.459588 172.273047,-43.459715 172.273167,-43.459817 172.273334,-43.460160 172.273553,-43.460438 172.273993,-43.460801 172.274119,-43.460885 172.274240,-43.461088 172.274381,-43.461283 172.274637,-43.461665 172.274886,-43.461970 172.274941,-43.462101 172.275128,-43.462334 172.275511,-43.462470 172.275720,-43.462548 172.275852,-43.462649 172.276009,-43.462833 172.276397,-43.463033 172.276452,-43.463116 172.276713,-43.463162 172.277161,-43.463310 172.278151,-43.463395 172.278633,-43.463360 172.278865,-43.463344 172.278909,-43.463341 172.279310,-43.463397 172.279966,-43.463516 172.280531,-43.463520 172.281348,-43.463443 172.281846,-43.463347 172.281853,-43.463347 172.282321,-43.463350 172.282647,-43.463404 172.283178,-43.463492 172.283469,-43.463725 172.283550,-43.463904 172.283579,-43.463988 172.283602,-43.464016 172.283653,-43.464081 172.283775,-43.464201 172.283885,-43.464359 172.284185,-43.464643 172.284747,-43.464925 172.285696,-43.465079 172.286272,-43.465082 172.286714,-43.465085 172.287371,-43.465007 172.287644,-43.464812 172.287846,-43.464847 172.287907,-43.464923 172.287925,-43.464993 172.287907,-43.465062 172.287825,-43.465062 172.287772,-43.465054 172.287714,-43.465046 172.287591,-43.465008 172.287516,-43.465018 172.287282,-43.465131 172.287047,-43.465170 172.286326,-43.465329 172.285670,-43.465325 172.284947,-43.465206 172.284384,-43.465022 172.284294,-43.464945 172.283935,-43.464641 172.283472,-43.464146 172.283386,-43.464016 172.283271,-43.463793 172.283104,-43.463672 172.282959,-43.463635 172.282611,-43.463563 172.282409,-43.463559 172.281979,-43.463611 172.281571,-43.463690 172.281117,-43.463704 172.280439,-43.463699 172.279512,-43.463629 172.279293,-43.463578 172.278899,-43.463634 172.278629,-43.463625 172.278149,-43.463610 172.277873,-43.463577 172.277378,-43.463483 172.277223,-43.463453 172.276880,-43.463384 172.276630,-43.463278 172.276288,-43.463137 172.276084,-43.463054 172.275922,-43.462866 172.275455,-43.462699 172.275336,-43.462626 172.275145,-43.462573 172.274929,-43.462476 172.274746,-43.462488 172.274300,-43.462185 172.273704,-43.462102 172.273534,-43.462060 172.273033,-43.461475 172.272738,-43.461283 172.272484,-43.461048 172.272355,-43.460851 172.272243,-43.460774 172.271893,-43.460538 172.271691,-43.460397 172.271377,-43.460228 172.270965,-43.460045 172.270563,-43.459839 172.270275,-43.459606 172.270141,-43.459571 172.269883,-43.459553 172.269589,-43.459544 172.269207,-43.459568 172.268876,-43.459534 172.268307,-43.459414 172.267784,-43.459331 172.267341,-43.459233 172.266961,-43.459111 172.266697,-43.458964 172.266481,-43.458832 172.266273,-43.458661 172.266091,-43.458413 172.265720,-43.458226 172.265443,-43.457972 172.265127,-43.457808 172.265119,-43.457729 172.265110,-43.457640 172.264612,-43.457384 172.264144,-43.457044 172.264013,-43.456776 172.263699,-43.456402 172.263384,-43.456197 172.262903,-43.456074 172.262403,-43.456022 172.261787,-43.455976 172.261227,-43.456063 172.260755,-43.456053 172.260418,-43.456009 172.260120,-43.455993 172.259952,-43.456024 172.259792,-43.456054 172.259530,-43.456151 172.259171,-43.456415 172.258871,-43.456462 172.258368,-43.456375 172.258371,-43.456131 172.258371,-43.456124 172.258564,-43.456206 172.258782,-43.456237 172.258966,-43.456265 172.259209,-43.456201 172.259338,-43.456124 172.259475,-43.455954 172.259599,-43.455886 172.259842,-43.455867 172.259854,-43.455849 172.259674,-43.455806 172.259470,-43.455736 172.259380,-43.455669 172.259341,-43.455541 172.259230,-43.455492 172.259012,-43.455503 172.258843,-43.455594 172.258842,-43.455705 172.258689,-43.455752 172.258704,-43.455857 172.258573,-43.455865 172.258375,-43.455816 172.258375,-43.455805 172.257689,-43.455771 172.256392,-43.455427 172.255455,-43.455173 172.254875,-43.455184 172.254576,-43.455388 172.253987,-43.455791 172.253323,-43.456107 172.252421,-43.456247 172.250682,-43.456133 172.248926,-43.455743 172.247632,-43.455210 172.246843,-43.454663 172.246740,-43.454592 172.245447,-43.453942 172.244711,-43.453587 172.243535,-43.453259 172.241118,-43.452937 172.238964,-43.452441 172.237849,-43.452026 172.237176,-43.451564 172.237125,-43.451565 172.236450,-43.451750 172.236267,-43.451801 172.235506,-43.452050 172.234085,-43.452225 172.232958,-43.452218 172.231933,-43.451800 172.230679,-43.451055 172.229866,-43.450780 172.229030,-43.450761 172.228328,-43.450997 172.227391,-43.451316 172.226478,-43.451764 172.225444,-43.452040 172.223988,-43.451903 172.223003,-43.451471 172.221797,-43.451520 172.220513,-43.451582 172.219041,-43.451232 172.217823,-43.450699 172.216406,-43.450534 172.214930,-43.450425 172.214094,-43.450490 172.212834,-43.450240 172.211597,-43.449680 172.210168,-43.448961 172.207790,-43.448352 172.206109,-43.447604 172.205011,-43.446846 172.203530,-43.445660 172.203265,-43.445077 172.202960,-43.444608 172.202556,-43.444336 172.201480,-43.444247 172.200525,-43.444453 172.199532,-43.444531 172.198057,-43.444436 172.197468,-43.444250 172.196683,-43.444001 172.195814,-43.443528 172.195169,-43.443216 172.194671,-43.442660 172.194328,-43.442148 172.194178,-43.441736 172.194065,-43.441438 172.194048,-43.441268 172.193836,-43.441181 172.193504,-43.441236 172.192028,-43.441211 172.191350,-43.441022 172.190712,-43.440819 172.189938,-43.440545 172.189109,-43.440029 172.189105,-43.440025 172.188168,-43.439172 172.187208,-43.438344 172.186378,-43.437899 172.185426,-43.437850 172.184259,-43.437941 172.182084,-43.437854 172.181325,-43.437934 172.180547,-43.438013 172.181178,-43.438726 172.181776,-43.439113 172.181870,-43.439340 172.181829,-43.439467 172.181209,-43.439321 172.180012,-43.438718 172.179241,-43.438259 172.178658,-43.438269 172.178091,-43.438506 172.177512,-43.438746 172.176848,-43.439010 172.176480,-43.439057 172.176108,-43.439104 172.175256,-43.438885 172.174404,-43.438652 172.174175,-43.438382 172.173210,-43.437865 172.172035,-43.437491 172.171304,-43.436891 172.170864,-43.436378 172.170257,-43.435311 172.169990,-43.434955 172.169564,-43.434867 172.168939,-43.435075 172.168511,-43.435086 172.167835,-43.434840 172.166267,-43.434376 172.165380,-43.434051 172.165380,-43.433458 172.166262,-43.433888 172.167356,-43.433980 172.168108,-43.433831 172.167188,-43.433607 172.166950,-43.433431 172.166322,-43.432985 172.165503,-43.432453 172.165380,-43.432415 172.165380,-43.431252 172.166417,-43.431334 172.166587,-43.431578 172.166999,-43.431623 172.167351,-43.431863 172.167429,-43.431975 172.167753,-43.432114 172.168622,-43.432648 172.169705,-43.432851 172.170506,-43.433073 172.170606,-43.433180 172.170887,-43.433308 172.171363,-43.433417 172.172013,-43.433538 172.172217,-43.433492 172.172290,-43.433419 172.172753,-43.433428 172.173093,-43.433462 172.173584,-43.433576 172.173815,-43.433662 172.173922,-43.433784 172.174297,-43.433861 172.175754,-43.434331 172.175824,-43.434489 172.176480,-43.434700 172.177201,-43.434916 172.177900,-43.435206 172.178554,-43.435593 172.178978,-43.436045 172.179239,-43.436472 172.179470,-43.436751 172.179735,-43.436977 172.179928,-43.437067 172.180275,-43.437146 172.180507,-43.437157 172.181064,-43.437006 172.181494,-43.436983 172.182824,-43.436714 172.183471,-43.436579 172.184346,-43.436315 172.185283,-43.435956 172.185775,-43.435768 172.186335,-43.435859 172.186800,-43.435941 172.187373,-43.436032 172.188087,-43.436185 172.188612,-43.436224 172.189079,-43.436184 172.189615,-43.436301 172.190246,-43.436444 172.190722,-43.436578 172.191355,-43.436626 172.191592,-43.436724 172.191769,-43.436943 172.191934,-43.437229 172.192406,-43.437477 172.193063,-43.437824 172.193486,-43.438076 172.193650,-43.438115 172.193922,-43.438180 172.194297,-43.438357 172.194622,-43.438511 172.195364,-43.438905 172.196124,-43.439455 172.196835,-43.439802 172.197684,-43.440085 172.197197,-43.440082 172.196457,-43.440077 172.195344,-43.439574 172.194305,-43.439092 172.192729,-43.438047 172.192097,-43.437684 172.192159,-43.437997 172.192172,-43.438493 172.192525,-43.439215 172.193606,-43.439761 172.193805,-43.440058 172.194083,-43.440472 172.194451,-43.440984 172.194903,-43.441611 172.195533,-43.442508 172.196769,-43.443055 172.197779,-43.443104 172.198442,-43.442911 172.199727,-43.442736 172.201726,-43.442651 172.203285,-43.442336 172.206105,-43.442199 172.207642,-43.442054 172.209336,-43.441585 172.210210,-43.441647 172.210906,-43.441935 172.211602,-43.442167 172.212088,-43.442184 172.212519,-43.441890 172.212968,-43.441751 172.213358,-43.441669 172.214056,-43.441787 172.214754,-43.441905 172.215163,-43.441809 172.215904,-43.441644 172.216717,-43.441918 172.218326,-43.442199 172.220039,-43.442830 172.220597,-43.443217 172.220766,-43.443714 172.220839,-43.444026 172.221030,-43.444324 172.222154,-43.444587 172.223841,-43.444868 172.224849,-43.445115 172.225762,-43.445093 172.226117,-43.445149 172.226422,-43.445197 172.227248,-43.445651 172.227824,-43.446236 172.228227,-43.446649 172.228725,-43.447177 172.229456,-43.447819 172.230150,-43.448234 172.231314,-43.448384 172.232455,-43.448337 172.232807,-43.448322 172.233409,-43.448326 172.234255,-43.448223 172.235005,-43.448132 172.235940,-43.448166 172.236364,-43.448263 172.236726,-43.448504 172.237233,-43.448707 172.237540,-43.449036 172.237724,-43.449228 172.237871,-43.449382 172.238525,-43.449940 172.239334,-43.450322 172.239607,-43.450379 172.240049,-43.450226 172.241903,-43.449644 172.244355,-43.448683 172.245313,-43.448278 172.246423,-43.448087 172.247476,-43.447913 172.247475,-43.447909 172.247494,-43.447910 172.248093,-43.447866 172.248608,-43.447956 172.249248,-43.448222 172.250540,-43.448966 172.250986,-43.449150 172.251049,-43.449365 172.252311,-43.449741 172.253417,-43.449875 172.254263,-43.449845 172.254409,-43.449839 172.255499,-43.449691 172.256882,-43.449487 172.258047,-43.449523 172.258384,-43.449669 172.258449,-43.449697 172.258573,-43.449751 172.259130,-43.449634 172.259702,-43.449512 172.260457,-43.449503 172.260912,-43.449452 172.261540,-43.449426 172.261746,-43.449417 172.262655,-43.449374 172.262792,-43.449413 172.262948,-43.449457 172.264195,-43.449475 172.264566,-43.449480 172.264573,-43.449481 172.264929,-43.449504 172.265376,-43.449585 172.266074,-43.449707 172.266980,-43.449831 172.268258,-43.450139 172.268428,-43.450204 172.268997,-43.450420 172.270075,-43.450800 172.270875,-43.451079 172.271408,-43.451442 172.271513,-43.451514 172.272016,-43.452025 172.272521,-43.452342 172.273594,-43.452212 172.275177,-43.452104 172.276222,-43.452091 172.277185,-43.452195 172.278015,-43.452279 172.278393,-43.452344 172.278527,-43.452367 172.279221,-43.452553 172.279831,-43.452779 172.280604,-43.453117 172.281140,-43.453101 172.282163,-43.452735 172.282648,-43.452445 172.283052,-43.452310 172.283333,-43.452411 172.283784,-43.452436 172.284385,-43.452557 172.285045,-43.452773 172.285775,-43.453026 172.286717,-43.453171 172.287297,-43.453358 172.287856,-43.453654 172.288387,-43.453774 172.289319,-43.453912 172.290371,-43.454094 172.291665,-43.454175 172.291952,-43.454030 172.292170,-43.453807 172.292235,-43.453779 172.292386,-43.453713 172.292631,-43.453701 172.292778,-43.453693 172.293177,-43.453741 172.293898,-43.453930 172.294479,-43.454163 172.294506,-43.454203 172.294713,-43.454506 172.294983,-43.454777 172.295154,-43.455186 172.295287,-43.455455 172.295446,-43.455584 172.295557,-43.455619 172.295911,-43.455470 172.296320,-43.455350 172.296816,-43.455353 172.297185,-43.455419 172.297224,-43.455426 172.297622,-43.455586 172.298010,-43.455879 172.298447,-43.456173 172.298749,-43.456379 172.299171,-43.456522 172.299418,-43.456599 172.299754,-43.456665 172.300159,-43.456872 172.300574,-43.456938 172.300997,-43.457104 172.301483,-43.457270 172.302098,-43.457385 172.302746,-43.457402 172.303493,-43.457661 172.303622,-43.457878 172.303622,-43.457878 172.303808,-43.458191 172.304016,-43.458740 172.304412,-43.459290 172.304863,-43.459664 172.305442,-43.460489 172.305946,-43.460942 172.306479,-43.461180 172.307281,-43.461282 172.307816,-43.461305 172.308487,-43.461192 172.309371,-43.461177 172.309719,-43.461140 172.310685,-43.460888 172.311582,-43.460877 172.312321,-43.460947 172.312990,-43.461262 172.312990,-43.461262 172.313479,-43.461740 172.314574,-43.462074 172.315581,-43.462211 172.316074,-43.462263 172.316791,-43.462333 172.316838,-43.462104 172.316711,-43.461497 172.316382,-43.460791 172.316382,-43.460791 172.316623,-43.460998 172.316804,-43.461154 172.316838,-43.461244 172.317109,-43.461958 172.318024,-43.462357 172.318625,-43.462770 172.319251,-43.462888 172.319855,-43.463088 172.320507,-43.462944 172.320507,-43.462944 172.321205,-43.462670 172.321558,-43.462544 172.322170,-43.462325 172.323451,-43.461945 172.324086,-43.461632 172.324438,-43.461394 172.324652,-43.461249 172.325058,-43.461133 172.325180,-43.461069 172.325656,-43.460820 172.326625,-43.460605 172.327079,-43.460595 172.328153,-43.460345 172.328745,-43.460280 172.329208,-43.460164 172.329368,-43.460103 172.330559,-43.459648 172.330922,-43.459351 172.331449,-43.459122 172.331569,-43.459065 172.332391,-43.458673 172.332927,-43.458382 172.333814,-43.457932 172.334048,-43.457857 172.334314,-43.457792 172.334975,-43.457690 172.335264,-43.457916 172.335562,-43.458036 172.335947,-43.458070 172.336425,-43.458246 172.336837,-43.458279 172.337360,-43.458294 172.338091,-43.458171 172.338512,-43.458035 172.338737,-43.457771 172.338830,-43.457257 172.339040,-43.456883 172.339311,-43.456740 172.339422,-43.456617 172.339336,-43.456614 172.338788,-43.456674 172.338058,-43.456791 172.337263,-43.457017 172.337718,-43.456760 172.338012,-43.456658 172.338624,-43.456471 172.339255,-43.456315 172.339467,-43.456262 172.339934,-43.456072 172.340441,-43.455724 172.340741,-43.455594 172.341106,-43.455351 172.341613,-43.455158 172.341988,-43.455083 172.342369,-43.455076 172.342624,-43.455114 172.343041,-43.455185 172.343043,-43.455190 172.343147,-43.455200 172.343502,-43.455202 172.343869,-43.455174 172.344179,-43.455121 172.344523,-43.455034 172.344811,-43.454866 172.345173,-43.454813 172.345401,-43.454691 172.346755,-43.454448 172.346989,-43.454365 172.347088,-43.454395 172.347210,-43.454417 172.347366,-43.454349 172.347392,-43.454337 172.347596,-43.454300 172.347928,-43.454294 172.348261,-43.454215 172.348593,-43.454217 172.348978,-43.454194 172.349340,-43.454140 172.350115,-43.454090 172.350337,-43.454053 172.350605,-43.454058 172.350844,-43.454013 172.351235,-43.453977 172.351602,-43.453945 172.351877,-43.453887 172.352093,-43.453795 172.352227,-43.453766 172.352472,-43.453768 172.352770,-43.453718 172.353057,-43.453686 172.353196,-43.453670 172.353621,-43.453664 172.353999,-43.453738 172.354337,-43.453710 172.355046,-43.453871 172.355552,-43.453972 172.355764,-43.454040 172.355768,-43.454037 172.356443,-43.453776 172.356939,-43.453382 172.357164,-43.453180 172.357318,-43.453150 172.357490,-43.453116 172.358042,-43.453043 172.358434,-43.452983 172.358961,-43.452924 172.359232,-43.452856 172.359759,-43.452807 172.360241,-43.452755 172.361018,-43.452712 172.361126,-43.452922 172.362427,-43.452948 172.362455,-43.452946 172.363053,-43.452908 172.363605,-43.452739 172.364122,-43.452526 172.364715,-43.452407 172.365062,-43.452359 172.365240,-43.452360 172.365451,-43.452361 172.365794,-43.452437 172.366478,-43.452604 172.366695,-43.452694 172.366945,-43.452742 172.367207,-43.452771 172.367810,-43.452695 172.368259,-43.452679 172.368946,-43.452622 172.369781,-43.452421 172.370379,-43.452271 172.371791,-43.451773 172.372903,-43.451581 172.374088,-43.451407 172.374593,-43.451410 172.375099,-43.451413 172.375641,-43.451434 172.376356,-43.451528 172.376822,-43.451782 172.377312,-43.452073 172.378395,-43.452223 172.379233,-43.452354 172.380242,-43.452467 172.381745,-43.452619 172.383151,-43.452627 172.383967,-43.452361 172.384388,-43.452165 172.384818,-43.451930 172.384909,-43.451880 172.384536,-43.452202 172.384513,-43.452230 172.384237,-43.452561 172.383643,-43.452720 172.383222,-43.452861 172.382778,-43.452949 172.383072,-43.453095 172.383466,-43.453115 172.384108,-43.453064 172.384751,-43.452942 172.385027,-43.452826 172.385370,-43.452936 172.385322,-43.453099 172.385611,-43.453252 172.386053,-43.453399 172.386640,-43.453870 172.387304,-43.454018 172.388096,-43.453752 172.388345,-43.453501 172.388964,-43.453288 172.389681,-43.453188 172.389709,-43.453047 172.389603,-43.452907 172.389344,-43.452808 172.388966,-43.452725 172.388208,-43.452710 172.387823,-43.452594 172.388522,-43.452565 172.389294,-43.452613 172.389791,-43.452643 172.390333,-43.452678 172.390208,-43.452558 172.389905,-43.452400 172.389387,-43.452148 172.388967,-43.451853 172.388640,-43.451830 172.388001,-43.451865 172.387623,-43.451804 172.387769,-43.451739 172.387925,-43.451668 172.388289,-43.451585 172.388878,-43.451514 172.389391,-43.451598 172.389859,-43.451747 172.390133,-43.451936 172.390177,-43.452097 172.390047,-43.452251 172.390110,-43.452351 172.390475,-43.452588 172.390815,-43.452677 172.391568,-43.452687 172.392075,-43.452596 172.392894,-43.452473 172.392637,-43.452690 172.392802,-43.452829 172.394048,-43.452851 172.394669,-43.453065 172.395187,-43.453089 172.395709,-43.453113 172.395881,-43.453120 172.396609,-43.453740 172.396699,-43.453796 172.396885,-43.453912 172.397231,-43.453958 172.397641,-43.454013 172.397933,-43.454074 172.398529,-43.454220 172.398716,-43.454367 172.399253,-43.454476 172.399294,-43.454484 172.400206,-43.454505 172.400461,-43.454595 172.400665,-43.454593 172.400881,-43.454468 172.401409,-43.454164 172.402399,-43.453809 172.403314,-43.453544 172.404006,-43.453421 172.404477,-43.453226 172.404725,-43.453011 172.405527,-43.452889 172.406067,-43.452812 172.406601,-43.452833 172.407663,-43.452666 172.408477,-43.452670 172.409069,-43.452691 172.409735,-43.452659 172.410451,-43.452518 172.411019,-43.452485 172.411684,-43.452525 172.412350,-43.452582 172.413014,-43.452693 172.413629,-43.452931 172.413732,-43.452988 172.413923,-43.453094 172.414339,-43.453421 172.414707,-43.453621 172.414981,-43.453388 172.415674,-43.453049 172.415948,-43.452798 172.416493,-43.452531 172.416717,-43.452352 172.417261,-43.452175 172.417273,-43.452191 172.417383,-43.452338 172.418170,-43.452522 172.418638,-43.452632 172.419009,-43.452508 172.419703,-43.452115 172.419789,-43.452093 172.420049,-43.452027 172.420964,-43.451797 172.421954,-43.451352 172.422675,-43.450942 172.423609,-43.450548 172.424578,-43.450303 172.424999,-43.450161 172.425470,-43.449857 172.426016,-43.449445 172.426216,-43.449248 172.426094,-43.449103 172.426219,-43.448924 172.426739,-43.448692 172.427406,-43.448516 172.428295,-43.448376 172.429382,-43.448201 172.429950,-43.448060 172.430964,-43.447813 172.431482,-43.447726 172.431953,-43.447458 172.432377,-43.446991 172.432508,-43.446874 172.432576,-43.446812 172.432848,-43.446652 172.433073,-43.446383 172.433173,-43.446203 172.433460,-43.446012 172.433818,-43.445774 172.434158,-43.445636 172.434388,-43.445543 172.435425,-43.445314 172.436044,-43.445082 172.436195,-43.444961 172.436491,-43.444724 172.436640,-43.444563 172.437088,-43.444205 172.437312,-43.443918 172.437709,-43.443650 172.437839,-43.443579 172.438024,-43.443476 172.438130,-43.443418 172.438627,-43.443315 172.439293,-43.443039 172.439688,-43.442921 172.440350,-43.442901 172.440855,-43.442815 172.441287,-43.442817 172.441353,-43.442841 172.441475,-43.442830 172.441582,-43.442776 172.441659,-43.442737 172.441853,-43.442688 172.441960,-43.442661 172.442065,-43.442663 172.442318,-43.442720 172.442922,-43.442606 172.443171,-43.442547 172.443374,-43.442572 172.443524,-43.442620 172.443662,-43.442606 172.443851,-43.442468 172.444039,-43.442365 172.444206,-43.442330 172.444708,-43.442140 172.445170,-43.442047 172.445837,-43.441942 172.446972,-43.441781 172.447590,-43.441693 172.448180,-43.441569 172.447896,-43.441682 172.447193,-43.441880 172.446257,-43.442062 172.445279,-43.442227 172.444662,-43.442426 172.443746,-43.442755 172.443014,-43.442813 172.442768,-43.442867 172.441664,-43.442892 172.440941,-43.442982 172.440134,-43.443055 172.439368,-43.443191 172.438709,-43.443343 172.438620,-43.443715 172.438299,-43.444039 172.437509,-43.444516 172.436997,-43.444792 172.436377,-43.445208 172.435760,-43.445407 172.435274,-43.445560 172.435737,-43.445876 172.436354,-43.446046 172.436415,-43.446063 172.436950,-43.446248 172.437450,-43.446407 172.437987,-43.446436 172.438487,-43.446491 172.438986,-43.446703 172.439450,-43.446940 172.440282,-43.447223 172.441307,-43.447566 172.441828,-43.447696 172.442117,-43.447729 172.442622,-43.447890 172.442940,-43.447912 172.443506,-43.447820 172.444376,-43.447718 172.445321,-43.447289 172.445830,-43.447038 172.446628,-43.446809 172.447427,-43.446538 172.448323,-43.446119 172.448771,-43.445842 172.449455,-43.445287 172.449904,-43.444933 172.450565,-43.444610 172.451287,-43.444614 172.451840,-43.444523 172.452799,-43.444156 172.453628,-43.444004 172.454287,-43.443899 172.455097,-43.443562 172.455501,-43.443548 172.456033,-43.443411 172.456716,-43.442996 172.455932,-43.442806 172.455617,-43.442432 172.454897,-43.442181 172.454219,-43.442053 172.453499,-43.441879 172.453011,-43.441830 172.452290,-43.441703 172.451505,-43.441684 172.450382,-43.441579 172.450083,-43.441578 172.450098,-43.441449 172.450209,-43.441424 172.450869,-43.441341 172.451578,-43.441284 172.451772,-43.441265 172.452078,-43.441302 172.453051,-43.441190 172.453606,-43.441142 172.453788,-43.441072 172.454072,-43.441073 172.454278,-43.441106 172.454370,-43.441120 172.454558,-43.441121 172.455002,-43.441194 172.455742,-43.441456 172.456074,-43.441606 172.455289,-43.441603 172.455241,-43.441565 172.454798,-43.441461 172.454513,-43.441465 172.454103,-43.441534 172.453436,-43.441521 172.453068,-43.441592 172.453059,-43.441592 172.452993,-43.441632 172.453234,-43.441751 172.453961,-43.441754 172.454486,-43.441816 172.455091,-43.442026 172.455735,-43.442294 172.456258,-43.442533 172.456781,-43.442772 172.457187,-43.442596 172.458641,-43.442721 172.459770,-43.442992 172.460294,-43.443202 172.460854,-43.443795 172.461176,-43.444003 172.461864,-43.443858 172.462554,-43.443566 172.463242,-43.443393 172.463769,-43.443218 172.464376,-43.443132 172.464823,-43.442898 172.465269,-43.442723 172.465835,-43.442726 172.466443,-43.442492 172.466729,-43.442139 172.465721,-43.441898 172.464590,-43.441775 172.463621,-43.441712 172.462691,-43.441766 172.462164,-43.441941 172.461639,-43.441909 172.460712,-43.441639 172.460654,-43.441628 172.461269,-43.441631 172.461404,-43.441632 172.461950,-43.441541 172.462483,-43.441482 172.462877,-43.441435 172.462591,-43.441575 172.462755,-43.441598 172.462942,-43.441603 172.463130,-43.441640 172.464869,-43.441648 172.465682,-43.441751 172.466247,-43.441842 172.467215,-43.442053 172.467941,-43.442234 172.468631,-43.441912 172.468907,-43.441667 172.469657,-43.441670 172.469571,-43.441715 172.469125,-43.442105 172.468522,-43.442333 172.467826,-43.442353 172.467225,-43.442443 172.466780,-43.442649 172.466146,-43.442807 172.465355,-43.442896 172.465037,-43.443033 172.465258,-43.443173 172.464973,-43.443195 172.463928,-43.443374 172.463071,-43.443694 172.462468,-43.443922 172.462436,-43.443940 172.461833,-43.444265 172.461329,-43.444327 172.461105,-43.444354 172.460726,-43.444260 172.460317,-43.444027 172.460276,-43.443915 172.460224,-43.443773 172.460070,-43.443379 172.459787,-43.443124 172.458935,-43.442912 172.458335,-43.442840 172.457902,-43.442852 172.457608,-43.442860 172.457163,-43.443065 172.456844,-43.443341 172.456473,-43.443609 172.456431,-43.443639 172.455892,-43.443799 172.455954,-43.443868 172.457024,-43.444497 172.457718,-43.444685 172.458509,-43.444666 172.459426,-43.444624 172.460563,-43.444814 172.461286,-43.445279 172.461980,-43.445490 172.463210,-43.445843 172.463524,-43.446121 172.464567,-43.446219 172.465484,-43.446246 172.465957,-43.446410 172.467000,-43.446484 172.467947,-43.446673 172.468927,-43.446655 172.469332,-43.446518 172.469466,-43.446472 172.470352,-43.446407 172.471174,-43.446480 172.471993,-43.446807 172.472382,-43.447023 172.472875,-43.447296 172.473536,-43.447600 172.473869,-43.448038 172.474099,-43.448342 172.474792,-43.448714 172.475299,-43.448555 172.475807,-43.448326 172.476535,-43.448237 172.477038,-43.448540 172.477415,-43.448911 172.478110,-43.448937 172.478713,-43.448755 172.479348,-43.448389 172.479541,-43.448020 172.479628,-43.447963 172.480016,-43.447709 172.480241,-43.447561 172.480907,-43.447379 172.481538,-43.447567 172.482485,-43.447733 172.483215,-43.447459 172.483977,-43.447116 172.484228,-43.446826 172.484296,-43.446748 172.484869,-43.446288 172.485663,-43.445899 172.486614,-43.445580 172.486888,-43.445612 172.487436,-43.445676 172.488319,-43.445888 172.488922,-43.445683 172.489336,-43.445338 172.488703,-43.445405 172.488229,-43.445356 172.487884,-43.445055 172.487443,-43.444822 172.486591,-43.444541 172.485832,-43.444537 172.485326,-43.444558 172.484639,-43.444534 172.484568,-43.444532 172.484093,-43.444506 172.483495,-43.444226 172.483246,-43.443786 172.483188,-43.443745 172.482978,-43.443589 172.482580,-43.443427 172.482047,-43.443301 172.481668,-43.443364 172.481291,-43.443453 172.481193,-43.443477 172.480814,-43.443429 172.480371,-43.443404 172.479803,-43.443332 172.479592,-43.443233 172.479456,-43.443169 172.479268,-43.442960 172.479146,-43.442796 172.479112,-43.442751 172.478956,-43.442520 172.478736,-43.442334 172.478391,-43.442055 172.478139,-43.441869 172.478094,-43.441839 172.477897,-43.441708 172.478281,-43.441710 172.478291,-43.441720 172.478934,-43.442136 172.479296,-43.442404 172.479212,-43.442728 172.479735,-43.443026 172.480138,-43.443116 172.480663,-43.443207 172.481269,-43.443239 172.481862,-43.443173 172.482380,-43.443163 172.483096,-43.443372 172.483374,-43.443488 172.483490,-43.443612 172.483730,-43.443782 172.483929,-43.444108 172.484858,-43.444230 172.485666,-43.444233 172.486595,-43.444297 172.487280,-43.444536 172.488126,-43.444894 172.488730,-43.445162 172.489255,-43.445135 172.489782,-43.444990 172.490228,-43.444785 172.490835,-43.444788 172.491319,-43.444879 172.491803,-43.444969 172.492449,-43.445031 172.493056,-43.444945 172.493543,-43.444711 172.494192,-43.444419 172.494397,-43.444125 172.494723,-43.443801 172.494978,-43.443778 172.495329,-43.443745 172.495816,-43.443511 172.496183,-43.443188 172.496550,-43.442806 172.496861,-43.442606 172.496916,-43.442571 172.497443,-43.442367 172.497766,-43.442339 172.497806,-43.442354 172.498411,-43.442578 172.499298,-43.442788 172.500025,-43.442880 172.500469,-43.442882 172.500955,-43.442766 172.501162,-43.442235 172.501771,-43.441825 172.501799,-43.441815 172.502601,-43.441526 172.502825,-43.441446 172.503637,-43.440977 172.504020,-43.440403 172.504128,-43.440241 172.504292,-43.440005 172.504837,-43.439743 172.504900,-43.439713 172.505506,-43.439804 172.505529,-43.439822 172.505749,-43.439997 172.506068,-43.440249 172.506592,-43.440458 172.507056,-43.440744 172.507074,-43.440755 172.507530,-43.441176 172.507556,-43.441200 172.508159,-43.441557 172.508327,-43.441609 172.508643,-43.441707 172.509612,-43.441800 172.510422,-43.441596 172.511273,-43.441364 172.511922,-43.441042 172.512774,-43.440632 172.513665,-43.440370 172.514580,-43.440200 172.514596,-43.440197 172.515202,-43.440229 172.516171,-43.440351 172.516821,-43.439882 172.517146,-43.439736 172.517267,-43.439677 172.517295,-43.439675 172.517712,-43.439649 172.518237,-43.439711 172.518680,-43.439890 172.519207,-43.439715 172.519613,-43.439421 172.519778,-43.439263 172.519797,-43.439244 172.519857,-43.439186 172.520345,-43.438834 172.519964,-43.438707 172.519539,-43.438565 172.518732,-43.438473 172.517478,-43.438556 172.518167,-43.438293 172.518451,-43.438226 172.518703,-43.438165 172.518896,-43.438119 172.519502,-43.438151 172.520429,-43.438421 172.521033,-43.438748 172.522207,-43.438861 172.522616,-43.438993 172.522983,-43.439111 172.523020,-43.439123 172.523872,-43.439209 172.524525,-43.439295 172.525118,-43.439754 172.525599,-43.440052 172.525825,-43.440193 172.526390,-43.440548 172.526844,-43.440716 172.527640,-43.440699 172.528549,-43.440682 172.529033,-43.440518 172.529576,-43.440188 172.530128,-43.439951 172.530488,-43.439797 172.531316,-43.439302 172.531915,-43.438910 172.532658,-43.438415 172.533426,-43.438315 172.533854,-43.438088 172.534027,-43.437736 172.534257,-43.437446 172.534749,-43.437147 172.534799,-43.437116 172.535453,-43.437015 172.536304,-43.437247 172.537237,-43.437873 172.537289,-43.437864 172.538175,-43.437711 172.539087,-43.437404 172.539800,-43.437012 172.540062,-43.436224 172.540093,-43.435830 172.540153,-43.435457 172.540297,-43.435250 172.540294,-43.435208 172.540272,-43.434793 172.540332,-43.434337 172.540079,-43.433983 172.539997,-43.433526 172.540053,-43.433251 172.540392,-43.433253 172.541040,-43.433078 172.541828,-43.432868 172.542121,-43.432738 172.542709,-43.432723 172.543537,-43.432667 172.544138,-43.432652 172.544814,-43.432621 172.544863,-43.432638 172.545104,-43.432724 172.545427,-43.433049 172.546076,-43.433633 172.546535,-43.433986 172.546535,-43.433986 172.546754,-43.434155 172.547378,-43.434261 172.548231,-43.434223 172.549339,-43.434289 172.549405,-43.434304 172.550303,-43.434501 172.550869,-43.434752 172.551292,-43.435231 172.551430,-43.435730 172.551528,-43.436050 172.551569,-43.436187 172.552048,-43.436708 172.552587,-43.436834 172.553622,-43.436918 172.553666,-43.436922 172.554454,-43.437003 172.554717,-43.437030 172.555088,-43.436754 172.555121,-43.436637 172.555166,-43.436478 172.555585,-43.436378 172.556050,-43.436244 172.556083,-43.436030 172.555884,-43.435679 172.555484,-43.435317 172.555177,-43.434977 172.555185,-43.433922 172.555803,-43.434102 172.556256,-43.434196 172.556695,-43.434156 172.557579,-43.434067 172.557932,-43.433946 172.558401,-43.433585 172.559318,-43.432941 172.560689,-43.432465 172.561396,-43.432335 172.562125,-43.432454 172.562989,-43.432673 172.564106,-43.432611 172.564587,-43.432347 172.565294,-43.432349 172.566251,-43.432303 172.566618,-43.431956 172.566758,-43.431574 172.567033,-43.431386 172.567592,-43.431221 172.569036,-43.431069 172.569730,-43.431087 172.569747,-43.431087 172.570408,-43.431123 172.571252,-43.430993 172.572188,-43.430909 172.572797,-43.430912 172.573783,-43.430915 172.574601,-43.430689 172.575030,-43.430719 172.575789,-43.430643 172.576356,-43.430657 172.576831,-43.430636 172.577061,-43.430542 172.577904,-43.430579 172.578425,-43.430547 172.578685,-43.430643 172.578845,-43.430777 172.578974,-43.430878 172.579181,-43.430946 172.579325,-43.431075 172.579631,-43.431177 172.580533,-43.431378 172.580778,-43.431432 172.581765,-43.431544 172.582931,-43.431443 172.582921,-43.431444 172.582677,-43.431571 172.582694,-43.431608 172.583512,-43.431849 172.584558,-43.431810 172.585569,-43.431997 172.586880,-43.432410 172.587757,-43.432675 172.588502,-43.432623 172.588854,-43.432472 172.589641,-43.432469 172.590353,-43.432349 172.590889,-43.432205 172.591391,-43.432190 172.591475,-43.432200 172.591556,-43.432171 172.592882,-43.431533 172.594166,-43.430880 172.594822,-43.430072 172.595187,-43.429485 172.594860,-43.429454 172.593998,-43.429972 172.592809,-43.430578 172.592482,-43.430503 172.592688,-43.430354 172.593406,-43.429925 172.593879,-43.429405 172.594311,-43.429064 172.595478,-43.428741 172.595928,-43.427843 172.596142,-43.427629 172.596371,-43.427591 172.596387,-43.427590 172.596402,-43.427589 172.596417,-43.427587 172.596432,-43.427584 172.596946,-43.427465 172.597854,-43.427461 172.597864,-43.427461 172.597875,-43.427460 172.597885,-43.427459 172.598680,-43.427358 172.599295,-43.427361 172.599308,-43.427361 172.599321,-43.427360 172.599334,-43.427359 172.599711,-43.427303 172.599759,-43.427303 172.600591,-43.427333 172.602078,-43.427259 172.603128,-43.427364 172.604743,-43.427507 172.605708,-43.427556 172.606379,-43.427650 172.607009,-43.427545 172.607752,-43.427475 172.608497,-43.427385 172.609059,-43.427336 172.609605,-43.427481 172.610349,-43.427576 172.611107,-43.427609 172.611654,-43.427846 172.612438,-43.428136 172.613168,-43.428159 172.614267,-43.427702 172.615083,-43.427367 172.615366,-43.427091 172.615368,-43.426713 172.615286,-43.426354 172.615092,-43.425995 172.615067,-43.425504 172.614957,-43.425094 172.614861,-43.424817 172.615073,-43.424511 172.615877,-43.424033 172.616299,-43.423829 172.616567,-43.423748 172.616905,-43.423586 172.617425,-43.423424 172.618147,-43.423169 172.618532,-43.423158 172.619160,-43.422962 172.619674,-43.422893 172.620076,-43.422801 172.620703,-43.422698 172.621268,-43.422547 172.621255,-43.422521 172.622242,-43.422221 172.622813,-43.421959 172.624478,-43.421574 172.626058,-43.421077 172.626803,-43.420880 172.627331,-43.420474 172.627977,-43.420309 172.630235,-43.419806 172.632964,-43.419216 172.634633,-43.418937 172.634837,-43.418765 172.635706,-43.418417 172.636574,-43.418198 172.637957,-43.417722 172.639294,-43.417048 172.640517,-43.416408 172.642174,-43.415828 172.643573,-43.415376 172.644087,-43.415354 172.645003,-43.415229 172.645565,-43.415102 172.646273,-43.414870 172.647222,-43.414405 172.648460,-43.414104 172.649827,-43.413687 172.650744,-43.413245 172.651839,-43.412629 172.652677,-43.412140 172.653129,-43.411568 172.653534,-43.411056 172.653728,-43.410684 172.654019,-43.410148 172.654388,-43.409858 172.655751,-43.409174 172.656730,-43.408571 172.657116,-43.408152 172.657229,-43.408049 172.657443,-43.407835 172.657677,-43.407655 172.657772,-43.407523 172.657940,-43.407381 172.658259,-43.407016 172.658484,-43.406722 172.659154,-43.406139 172.660160,-43.405242 172.660931,-43.404733 172.662238,-43.404002 172.663621,-43.403319 172.663623,-43.403318 172.663625,-43.403318 172.663626,-43.403317 172.664276,-43.402974 172.664284,-43.402969 172.664292,-43.402964 172.664299,-43.402960 172.664884,-43.402530 172.664989,-43.402463 172.665897,-43.401927 172.666690,-43.401356 172.667392,-43.400795 172.668003,-43.400574 172.669176,-43.399781 172.670694,-43.398795 172.671391,-43.398337 172.672374,-43.397950 172.673166,-43.397562 172.673655,-43.397235 172.674610,-43.396377 172.674625,-43.396364 172.674915,-43.396065 172.675345,-43.395623 172.675988,-43.394832 172.676634,-43.393957 172.677444,-43.392841 172.678849,-43.391226 172.678816,-43.391141 172.678698,-43.391054 172.678698,-43.390978 172.678698,-43.390956 172.678698,-43.390951 172.678700,-43.390952 172.678770,-43.390981 172.678864,-43.391021 172.679024,-43.391042 172.679310,-43.390814 172.679354,-43.390655 172.679889,-43.390068 172.680884,-43.389922 172.681788,-43.389727 172.683307,-43.389771 172.684046,-43.389741 172.684356,-43.389728 172.684654,-43.389740 172.685298,-43.389776 172.686319,-43.389871 172.687691,-43.389861 172.688155,-43.389862 172.688688,-43.389826 172.689272,-43.389743 172.690204,-43.389715 172.690364,-43.389592 172.690454,-43.389585 172.690764,-43.389631 172.692886,-43.389520 172.693545,-43.389480 172.693683,-43.389258 172.693839,-43.389148 172.693887,-43.388908 172.694127,-43.388823 172.694490,-43.388762 172.695374,-43.388745 172.695974,-43.388682 172.696157,-43.388452 172.696809,-43.388695 172.698073,-43.388863 172.699665,-43.389175 172.701137,-43.389397 172.701519,-43.389436 172.702128,-43.389446 172.702544,-43.389405 172.702957,-43.389377 172.703589,-43.389410 172.703783,-43.389423 172.704103,-43.389480 172.704644,-43.389428 172.704657,-43.389425 172.704968,-43.389371 172.705296,-43.389462 172.706396,-43.389736 172.707161,-43.390031 172.708303,-43.390482 172.708315,-43.390487 172.708330,-43.390486 172.708852,-43.391252 172.708940,-43.391362 172.708865,-43.391365 172.708143,-43.391383 172.707534,-43.391525 172.706853,-43.391651 172.706572,-43.391718 172.706389,-43.391762 172.706031,-43.391817 172.705830,-43.391849 172.705446,-43.391910 172.705171,-43.391956 172.704956,-43.392012 172.704900,-43.392093 172.704880,-43.392106 172.704879,-43.392261 172.701299,-43.392888 172.700672,-43.392832 172.700320,-43.392758 172.699682,-43.392628 172.699420,-43.392343 172.698898,-43.392009 172.698510,-43.391694 172.696509,-43.391640 172.696093,-43.391636 172.695031,-43.391688 172.693797,-43.391902 172.691881,-43.392155 172.690419,-43.392136 172.688687,-43.391921 172.687074,-43.391564 172.685237,-43.391175 172.683997,-43.390757 172.683261,-43.390545 172.682734,-43.390594 172.682242,-43.390782 172.681451,-43.391309 172.680676,-43.392020 172.679787,-43.392725 172.678946,-43.393436 172.678574,-43.394265 172.678148,-43.394895 172.677683,-43.395656 172.677488,-43.396093 172.677009,-43.396643 172.676519,-43.397274 172.676489,-43.397413 172.675949,-43.397820 172.675606,-43.398138 172.675459,-43.398342 172.675203,-43.398533 172.675057,-43.398585 172.674818,-43.398687 172.674277,-43.398955 172.674129,-43.399028 172.674097,-43.399053 172.673987,-43.399137 172.673948,-43.399327 172.673641,-43.399555 172.673161,-43.399691 172.672366,-43.400123 172.672031,-43.400376 172.671425,-43.400525 172.671183,-43.400614 172.670969,-43.400798 172.670703,-43.401026 172.670134,-43.401588 172.669832,-43.401921 172.669572,-43.402061 172.669042,-43.402172 172.668434,-43.402411 172.668232,-43.402491 172.667493,-43.402778 172.666639,-43.403385 172.666027,-43.403890 172.664689,-43.404693 172.663522,-43.405517 172.662612,-43.406221 172.662196,-43.406372 172.662056,-43.406434 172.662098,-43.406484 172.662077,-43.406641 172.661849,-43.407063 172.661422,-43.407477 172.660843,-43.408128 172.660383,-43.408457 172.660088,-43.408744 172.659767,-43.408964 172.659222,-43.409184 172.659012,-43.409429 172.658541,-43.409842 172.658337,-43.410021 172.657887,-43.410475 172.657592,-43.410845 172.657260,-43.411091 172.657082,-43.411214 172.657059,-43.411235 172.656664,-43.411601 172.656441,-43.411853 172.656286,-43.412028 172.655879,-43.412414 172.655518,-43.412614 172.655379,-43.412657 172.654889,-43.412898 172.653909,-43.413460 172.653367,-43.413735 172.652859,-43.413796 172.652795,-43.413813 172.651668,-43.414450 172.651138,-43.414522 172.650634,-43.414573 172.649481,-43.414731 172.649008,-43.414925 172.647770,-43.415296 172.647089,-43.415468 172.645671,-43.415890 172.645549,-43.416268 172.645409,-43.416339 172.644867,-43.416445 172.644192,-43.416624 172.644065,-43.416688 172.643686,-43.416878 172.643210,-43.417025 172.643380,-43.416835 172.643638,-43.416580 172.644177,-43.416408 172.644933,-43.416094 172.645191,-43.415919 172.645208,-43.415721 172.644309,-43.415741 172.643232,-43.416030 172.642733,-43.416310 172.642233,-43.416647 172.641670,-43.416938 172.641202,-43.417323 172.640815,-43.417684 172.640557,-43.417808 172.640042,-43.418056 172.639399,-43.418277 172.639383,-43.418160 172.639931,-43.417763 172.640866,-43.417158 172.641350,-43.416762 172.641576,-43.416528 172.641367,-43.416516 172.640707,-43.416853 172.640128,-43.417121 172.639821,-43.417412 172.639548,-43.417411 172.639194,-43.417539 172.638807,-43.417830 172.638372,-43.418215 172.637984,-43.418530 172.637486,-43.418739 172.637114,-43.419088 172.637130,-43.419206 172.637563,-43.419242 172.637177,-43.419346 172.636743,-43.419497 172.635681,-43.419880 172.634859,-43.420427 172.634037,-43.421044 172.633729,-43.421418 172.633052,-43.421872 172.632473,-43.422104 172.632232,-43.422174 172.631958,-43.422325 172.631604,-43.422429 172.631151,-43.422748 172.630891,-43.422828 172.630535,-43.422964 172.629996,-43.423168 172.629786,-43.423195 172.629367,-43.423311 172.628965,-43.423439 172.628483,-43.423601 172.627985,-43.423634 172.627554,-43.423843 172.627212,-43.424018 172.626120,-43.424073 172.625928,-43.424002 172.625704,-43.423791 172.625416,-43.423661 172.625047,-43.423683 172.624709,-43.423822 172.624275,-43.423821 172.623842,-43.423784 172.623506,-43.423655 172.623539,-43.423526 172.623556,-43.423409 172.623347,-43.423385 172.622833,-43.423500 172.622478,-43.423675 172.622156,-43.423814 172.620792,-43.423856 172.619715,-43.424075 172.618476,-43.424434 172.618122,-43.424655 172.618104,-43.424889 172.618005,-43.425403 172.617788,-43.425974 172.617109,-43.426780 172.616390,-43.427310 172.616093,-43.427556 172.616014,-43.427565 172.616008,-43.427565 172.615993,-43.427568 172.615978,-43.427571 172.615964,-43.427575 172.615951,-43.427580 172.615412,-43.427795 172.615405,-43.427798 172.615392,-43.427805 172.615380,-43.427812 172.615369,-43.427819 172.614729,-43.428295 172.613860,-43.428776 172.612811,-43.429207 172.611106,-43.429725 172.609772,-43.430107 172.609767,-43.430108 172.609762,-43.430110 172.609757,-43.430112 172.609451,-43.430224 172.608940,-43.430410 172.608324,-43.430413 172.608319,-43.430413 172.608314,-43.430413 172.608309,-43.430413 172.607746,-43.430449 172.607735,-43.430450 172.607720,-43.430452 172.607705,-43.430455 172.607691,-43.430459 172.607464,-43.430527 172.607217,-43.430600 172.607086,-43.430605 172.606624,-43.430357 172.606342,-43.430020 172.605842,-43.429484 172.605467,-43.429146 172.604692,-43.428898 172.603979,-43.428896 172.602846,-43.428846 172.602322,-43.428799 172.602196,-43.428798 172.602005,-43.429011 172.601644,-43.429775 172.601535,-43.430310 172.600757,-43.430613 172.600148,-43.430611 172.599288,-43.430608 172.597755,-43.430816 172.597063,-43.430814 172.596136,-43.430882 172.596112,-43.430884 172.596076,-43.430887 172.595191,-43.431178 172.595108,-43.431205 172.594684,-43.431320 172.594331,-43.431416 172.593467,-43.431872 172.592907,-43.432159 172.592667,-43.432282 172.592009,-43.432535 172.589366,-43.433394 172.588586,-43.433647 172.588574,-43.433649 172.588562,-43.433651 172.588551,-43.433654 172.588048,-43.433802 172.588044,-43.433803 172.588030,-43.433808 172.588017,-43.433814 172.588005,-43.433820 172.587678,-43.434002 172.587384,-43.433993 172.586915,-43.433823 172.586350,-43.433985 172.585830,-43.434164 172.584883,-43.434194 172.584160,-43.434437 172.583744,-43.434864 172.583728,-43.434880 172.583715,-43.434894 172.583291,-43.435360 172.583251,-43.435404 172.581420,-43.436005 172.580789,-43.436019 172.580225,-43.436083 172.579795,-43.436295 172.579230,-43.436375 172.578282,-43.436552 172.576837,-43.436777 172.575822,-43.436888 172.574987,-43.436885 172.574243,-43.436866 172.573904,-43.437013 172.573091,-43.437125 172.572598,-43.437194 172.571611,-43.437289 172.570979,-43.437288 172.569793,-43.437433 172.568973,-43.437446 172.568899,-43.437392 172.568541,-43.437140 172.568542,-43.437129 172.568386,-43.437074 172.567678,-43.436827 172.567222,-43.436858 172.566674,-43.436873 172.566105,-43.436771 172.565582,-43.436586 172.564738,-43.436666 172.564211,-43.437112 172.563691,-43.437401 172.563285,-43.437513 172.562932,-43.437490 172.562385,-43.437438 172.561747,-43.437435 172.560790,-43.437398 172.559902,-43.437162 172.559902,-43.437162 172.559016,-43.436794 172.558356,-43.436708 172.557701,-43.436939 172.556550,-43.437382 172.556304,-43.437550 172.555723,-43.437679 172.555159,-43.437500 172.554743,-43.437341 172.553892,-43.437172 172.553182,-43.437127 172.553012,-43.437276 172.552646,-43.437475 172.552349,-43.437713 172.552039,-43.437992 172.551827,-43.438166 172.551666,-43.438273 172.551562,-43.438342 172.551305,-43.438475 172.551123,-43.438570 172.550558,-43.438528 172.550103,-43.438485 172.549733,-43.438650 172.549220,-43.438876 172.548622,-43.439019 172.547882,-43.439182 172.547115,-43.439179 172.546496,-43.439285 172.546403,-43.439301 172.545977,-43.439299 172.545692,-43.439464 172.545350,-43.439649 172.544639,-43.439626 172.544014,-43.439623 172.543673,-43.439705 172.543245,-43.439931 172.542986,-43.440325 172.542643,-43.440552 172.542074,-43.440653 172.541277,-43.440858 172.540196,-43.441040 172.539371,-43.441161 172.538848,-43.441337 172.538634,-43.441353 172.538580,-43.441403 172.538551,-43.441446 172.538520,-43.441446 172.538421,-43.441445 172.538329,-43.441465 172.537999,-43.441492 172.537918,-43.441695 172.537832,-43.441823 172.537632,-43.441943 172.537601,-43.441952 172.537557,-43.441965 172.537549,-43.441965 172.537541,-43.441965 172.537507,-43.442026 172.537434,-43.442020 172.537348,-43.442059 172.537295,-43.442155 172.537050,-43.442154 172.536607,-43.442253 172.536011,-43.442333 172.535926,-43.442289 172.535786,-43.442341 172.535681,-43.442293 172.535588,-43.442336 172.535495,-43.442441 172.535256,-43.442570 172.534958,-43.442694 172.534871,-43.442805 172.534361,-43.442947 172.534142,-43.443038 172.533738,-43.443113 172.533532,-43.443247 172.532944,-43.443317 172.532819,-43.443259 172.532455,-43.443300 172.532065,-43.443313 172.531767,-43.443432 172.531429,-43.443513 172.531098,-43.443603 172.530706,-43.443857 172.530448,-43.443918 172.530104,-43.443941 172.529628,-43.443905 172.529185,-43.443923 172.528874,-43.443979 172.528583,-43.444036 172.528411,-43.444021 172.528217,-43.444089 172.528047,-43.444149 172.527868,-43.444168 172.527564,-43.444147 172.527260,-43.444146 172.526870,-43.444149 172.526526,-43.444215 172.526235,-43.444334 172.525718,-43.444481 172.525625,-43.444539 172.525546,-43.444543 172.525452,-43.444654 172.525353,-43.444682 172.525181,-43.444710 172.524896,-43.444738 172.524288,-43.444784 172.523792,-43.444839 172.523257,-43.444803 172.522847,-43.444806 172.522648,-43.444887 172.522318,-43.444924 172.522233,-43.444534 172.522201,-43.444392 172.522042,-43.444076 172.521962,-43.443918 172.521640,-43.443769 172.521278,-43.443650 172.520996,-43.443531 172.520712,-43.443588 172.520305,-43.444000 172.519492,-43.444528 172.518642,-43.444761 172.517472,-43.444461 172.517353,-43.444232 172.517273,-43.444080 172.517193,-43.443928 172.516472,-43.443187 172.516275,-43.442507 172.515752,-43.442239 172.514903,-43.442206 172.514094,-43.442291 172.513958,-43.442252 172.513570,-43.442141 172.513037,-43.441863 172.512886,-43.441784 172.512361,-43.441782 172.511835,-43.441750 172.511188,-43.441836 172.511097,-43.441855 172.510217,-43.442038 172.509567,-43.442360 172.509137,-43.442980 172.509077,-43.443067 172.508343,-43.443861 172.507288,-43.444417 172.507165,-43.444564 172.506293,-43.444902 172.506111,-43.444973 172.504828,-43.445561 172.504772,-43.445587 172.504405,-43.445969 172.503303,-43.447352 172.502407,-43.447621 172.501074,-43.448021 172.500306,-43.448077 172.499582,-43.447660 172.498737,-43.447155 172.497770,-43.446737 172.496801,-43.446645 172.496355,-43.446849 172.495625,-43.447141 172.495178,-43.447464 172.494690,-43.447728 172.494002,-43.447872 172.493112,-43.448016 172.492220,-43.448278 172.491651,-43.448688 172.491325,-43.449012 172.491039,-43.449394 172.490027,-43.449567 172.489500,-43.449594 172.488976,-43.449621 172.488005,-43.449735 172.487540,-43.449776 172.486554,-43.449844 172.485150,-43.449964 172.484343,-43.450015 172.483937,-43.450077 172.482828,-43.450253 172.482439,-43.450252 172.482074,-43.450318 172.481454,-43.450368 172.480411,-43.450478 172.479439,-43.450539 172.477853,-43.450745 172.476767,-43.450774 172.475725,-43.450900 172.474164,-43.450892 172.473324,-43.450672 172.472640,-43.450315 172.471838,-43.449602 172.470788,-43.449420 172.469454,-43.449414 172.468928,-43.449500 172.468001,-43.449260 172.466349,-43.448603 172.465181,-43.448125 172.464337,-43.447619 172.463370,-43.447290 172.462532,-43.447059 172.461885,-43.446974 172.461460,-43.446961 172.461096,-43.446950 172.460534,-43.446700 172.459749,-43.446264 172.458848,-43.446239 172.459041,-43.446631 172.459772,-43.446923 172.459376,-43.446983 172.458870,-43.446857 172.458196,-43.446627 172.457605,-43.446583 172.456869,-43.446848 172.456358,-43.447360 172.455594,-43.447624 172.455002,-43.447724 172.454409,-43.447803 172.453903,-43.447719 172.453397,-43.447510 172.452891,-43.447364 172.451796,-43.446926 172.451091,-43.447046 172.450384,-43.447249 172.449790,-43.447534 172.449422,-43.447677 172.448971,-43.447674 172.448493,-43.447549 172.447677,-43.447401 172.446889,-43.447294 172.445878,-43.447424 172.445613,-43.447483 172.445387,-43.447690 172.445120,-43.447927 172.444934,-43.448193 172.444423,-43.448399 172.443668,-43.448619 172.442914,-43.448704 172.442282,-43.448731 172.441875,-43.448684 172.441059,-43.448829 172.440568,-43.449050 172.440362,-43.449391 172.439766,-43.449983 172.439234,-43.450233 172.438804,-43.450424 172.438273,-43.450630 172.438005,-43.450956 172.437616,-43.451162 172.437287,-43.451311 172.437064,-43.451412 172.436715,-43.451653 172.436515,-43.451849 172.436572,-43.451923 172.436480,-43.451916 172.436374,-43.451926 172.436338,-43.451963 172.436408,-43.451993 172.436462,-43.452037 172.436508,-43.452094 172.436398,-43.452200 172.436294,-43.452340 172.436160,-43.452448 172.436038,-43.452500 172.436014,-43.452503 172.435916,-43.452514 172.435785,-43.452471 172.435681,-43.452438 172.435449,-43.452298 172.435295,-43.452256 172.434576,-43.452536 172.434165,-43.452715 172.433365,-43.452792 172.433407,-43.452659 172.433559,-43.452495 172.433777,-43.452259 172.434267,-43.452142 172.434717,-43.451981 172.435327,-43.452029 172.435837,-43.451942 172.436043,-43.451690 172.436088,-43.451244 172.436355,-43.451007 172.436886,-43.450846 172.437274,-43.450789 172.437682,-43.450657 172.438010,-43.450406 172.438196,-43.450139 172.438544,-43.449917 172.439076,-43.449697 172.439364,-43.449401 172.439551,-43.448985 172.440041,-43.448854 172.440469,-43.448767 172.440899,-43.448575 172.441551,-43.448504 172.442324,-43.448567 172.442914,-43.448615 172.443567,-43.448499 172.444406,-43.448057 172.443408,-43.448126 172.442959,-43.448139 172.442471,-43.448077 172.441780,-43.447985 172.440866,-43.447727 172.440539,-43.447874 172.440068,-43.448080 172.439638,-43.448346 172.438762,-43.448431 172.438558,-43.448430 172.437479,-43.448440 172.436643,-43.448465 172.435727,-43.448461 172.434791,-43.448412 172.434445,-43.448365 172.434100,-43.448230 172.433755,-43.448124 172.433305,-43.448270 172.432998,-43.448477 172.432690,-43.448743 172.432626,-43.449070 172.432440,-43.449307 172.432295,-43.449559 172.432171,-43.449827 172.432087,-43.450020 172.431881,-43.450257 172.431779,-43.450360 172.431430,-43.450581 172.431164,-43.450774 172.430613,-43.450920 172.430123,-43.451036 172.429507,-43.451509 172.428485,-43.451891 172.428177,-43.452216 172.428073,-43.452454 172.428069,-43.452826 172.428046,-43.453168 172.427941,-43.453465 172.427633,-43.453731 172.427959,-43.453718 172.428510,-43.453646 172.428386,-43.453809 172.428568,-43.453929 172.427815,-43.453851 172.427508,-43.454028 172.426996,-43.454367 172.426461,-43.454598 172.426382,-43.454632 172.426503,-43.454811 172.427624,-43.454683 172.427964,-43.454604 172.428380,-43.454508 172.429014,-43.454229 172.429525,-43.453993 172.430302,-43.453714 172.431423,-43.453527 172.431851,-43.453514 172.432401,-43.453487 172.431769,-43.453632 172.431422,-43.453631 172.431177,-43.453704 172.430116,-43.453951 172.429584,-43.454172 172.429135,-43.454348 172.428684,-43.454569 172.428588,-43.454607 172.428194,-43.454760 172.427684,-43.454862 172.427496,-43.454887 172.427051,-43.454948 172.426256,-43.455018 172.425849,-43.455054 172.425115,-43.455213 172.424495,-43.455393 172.423825,-43.455599 172.422975,-43.455809 172.422521,-43.455980 172.421378,-43.456073 172.420977,-43.456156 172.420708,-43.456248 172.420540,-43.456293 172.420480,-43.456364 172.420444,-43.456406 172.420319,-43.456452 172.419943,-43.456636 172.419547,-43.456892 172.419480,-43.456860 172.419373,-43.456901 172.419095,-43.457065 172.418882,-43.457138 172.418450,-43.457180 172.418244,-43.457220 172.417982,-43.457214 172.417744,-43.457275 172.417333,-43.457280 172.416877,-43.457252 172.416530,-43.457261 172.416245,-43.457357 172.416062,-43.457330 172.415852,-43.457368 172.415501,-43.457482 172.414685,-43.457599 172.414128,-43.457738 172.413479,-43.457784 172.412773,-43.457814 172.412558,-43.457823 172.412046,-43.457880 172.411718,-43.457917 172.411552,-43.457914 172.411396,-43.457989 172.411242,-43.458030 172.410817,-43.458156 172.410405,-43.458220 172.410178,-43.458221 172.409870,-43.458222 172.409320,-43.458219 172.409057,-43.458221 172.408758,-43.458283 172.408512,-43.458323 172.408082,-43.458239 172.407799,-43.458317 172.407380,-43.458297 172.407040,-43.458325 172.406714,-43.458408 172.406286,-43.458414 172.406056,-43.458442 172.405628,-43.458440 172.405296,-43.458471 172.405042,-43.458376 172.404391,-43.458254 172.404006,-43.458028 172.403522,-43.457595 172.402813,-43.457189 172.402020,-43.456962 172.401778,-43.456723 172.401332,-43.456527 172.400595,-43.456895 172.399880,-43.457144 172.398760,-43.457064 172.397274,-43.457056 172.396981,-43.457046 172.396296,-43.457021 172.395645,-43.456929 172.394730,-43.456790 172.394284,-43.456564 172.394104,-43.456311 172.394670,-43.456671 172.395016,-43.456717 172.395769,-43.456766 172.396263,-43.456768 172.396726,-43.456771 172.397949,-43.456703 172.398736,-43.456492 172.398198,-43.456228 172.396390,-43.455802 172.395782,-43.455501 172.394989,-43.455319 172.394729,-43.455275 172.394257,-43.455196 172.394176,-43.455171 172.393668,-43.455014 172.393437,-43.454948 172.393039,-43.454832 172.392653,-43.454741 172.392894,-43.455040 172.393013,-43.455383 172.392888,-43.455665 172.392706,-43.455500 172.392770,-43.455247 172.392486,-43.455097 172.392306,-43.454799 172.392086,-43.454642 172.391876,-43.454492 172.391740,-43.454394 172.391376,-43.454080 172.390706,-43.453868 172.389730,-43.453655 172.389322,-43.453786 172.389080,-43.453914 172.388626,-43.454154 172.388218,-43.454289 172.387870,-43.454403 172.387409,-43.454482 172.387287,-43.454503 172.387278,-43.454504 172.387087,-43.454481 172.386505,-43.454411 172.386195,-43.454298 172.385470,-43.454034 172.384719,-43.453792 172.383925,-43.453698 172.383300,-43.453695 172.382426,-43.453437 172.382224,-43.453272 172.381410,-43.453089 172.380840,-43.453026 172.379883,-43.452858 172.379313,-43.452780 172.378438,-43.452626 172.378010,-43.452580 172.377927,-43.452728 172.377783,-43.452906 172.377577,-43.453113 172.377351,-43.453289 172.377310,-43.453320 172.376535,-43.453450 172.375678,-43.453579 172.375533,-43.453583 172.374720,-43.453604 172.373722,-43.453613 172.373294,-43.453685 172.372781,-43.453995 172.372147,-43.454304 172.371741,-43.454520 172.371594,-43.454598 172.371413,-43.454738 172.371306,-43.454820 172.370958,-43.455000 172.370651,-43.455158 172.370343,-43.455409 172.369913,-43.455645 172.369509,-43.455863 172.369503,-43.455866 172.369013,-43.456042 172.368401,-43.456068 172.367647,-43.456123 172.367220,-43.456091 172.366487,-43.456043 172.366080,-43.456011 172.365896,-43.456099 172.365731,-43.456262 172.365097,-43.456496 172.364566,-43.456627 172.364077,-43.456669 172.363670,-43.456667 172.363731,-43.456608 172.364018,-43.456460 172.364142,-43.456253 172.364283,-43.456095 172.364369,-43.455986 172.364921,-43.455796 172.365369,-43.455828 172.365939,-43.455846 172.366651,-43.455925 172.367241,-43.455958 172.368015,-43.455977 172.369035,-43.455878 172.369587,-43.455643 172.368955,-43.455684 172.368263,-43.455666 172.366696,-43.455493 172.365965,-43.455281 172.365395,-43.455248 172.364724,-43.455155 172.364114,-43.455078 172.363367,-43.455062 172.363319,-43.455050 172.362851,-43.454927 172.362333,-43.454981 172.361942,-43.455225 172.361912,-43.455565 172.361728,-43.455866 172.361025,-43.456240 172.360506,-43.456408 172.360114,-43.456708 172.359360,-43.457044 172.360396,-43.456993 172.359687,-43.457359 172.359563,-43.457423 172.359198,-43.457686 172.358732,-43.457627 172.358396,-43.457663 172.357746,-43.457867 172.357044,-43.458222 172.357695,-43.457791 172.357698,-43.457564 172.356560,-43.457425 172.355603,-43.457326 172.354907,-43.457114 172.354058,-43.456617 172.353179,-43.456499 172.352327,-43.456286 172.352192,-43.456258 172.351319,-43.456073 172.350440,-43.456011 172.349769,-43.455837 172.349303,-43.455797 172.348547,-43.455727 172.346865,-43.455613 172.346257,-43.455757 172.345821,-43.455913 172.344570,-43.456107 172.344240,-43.456209 172.343991,-43.456404 172.343450,-43.456602 172.343083,-43.456627 172.342229,-43.457443 172.341496,-43.457730 172.341250,-43.457641 172.340987,-43.457639 172.340691,-43.457764 172.340216,-43.457899 172.339778,-43.458072 172.339552,-43.458136 172.339223,-43.458376 172.338990,-43.458501 172.338775,-43.458476 172.338497,-43.458456 172.338000,-43.458465 172.337598,-43.458641 172.337181,-43.458847 172.337098,-43.459375 172.336805,-43.460073 172.336437,-43.460600 172.337371,-43.460436 172.338176,-43.460213 172.339316,-43.460125 172.340145,-43.460111 172.341105,-43.459833 172.341836,-43.459289 172.341494,-43.459854 172.342662,-43.459540 172.343519,-43.459280 172.343907,-43.459282 172.342555,-43.459804 172.341472,-43.460068 172.340635,-43.460227 172.339770,-43.460304 172.338225,-43.460440 172.337213,-43.460680 172.336401,-43.461015 172.335360,-43.461474 172.334560,-43.461703 172.333640,-43.461930 172.332921,-43.462072 172.331801,-43.462444 172.331162,-43.462527 172.331563,-43.462326 172.330849,-43.461972 172.331564,-43.462180 172.332006,-43.461863 172.333205,-43.461666 172.334083,-43.461584 172.335083,-43.461240 172.335686,-43.460778 172.336172,-43.460140 172.336340,-43.459384 172.336697,-43.458896 172.336697,-43.458896 172.336958,-43.458693 172.337164,-43.458559 172.336514,-43.458573 172.336291,-43.458545 172.336170,-43.458488 172.336132,-43.458470 172.335700,-43.458170 172.335338,-43.458084 172.334539,-43.458092 172.334468,-43.458150 172.334057,-43.458426 172.333763,-43.458534 172.333041,-43.458788 172.332202,-43.459235 172.331993,-43.459523 172.331986,-43.459531 172.331247,-43.459818 172.330196,-43.460154 172.326885,-43.461156 172.326484,-43.461334 172.326170,-43.461617 172.325742,-43.461899 172.325730,-43.462012 172.324897,-43.462233 172.324077,-43.462463 172.323506,-43.462523 172.323098,-43.462439 172.322564,-43.462526 172.322266,-43.462642 172.321687,-43.463146 172.321627,-43.463197 172.321140,-43.463530 172.320841,-43.463734 172.320269,-43.463857 172.319577,-43.464009 172.319126,-43.464100 172.318731,-43.464149 172.318290,-43.464219 172.317733,-43.464197 172.317607,-43.464354 172.317105,-43.464581 172.316954,-43.464726 172.316235,-43.465127 172.316158,-43.465314 172.316049,-43.465434 172.315765,-43.465566 172.314907,-43.465706 172.314358,-43.465733 172.313911,-43.465759 172.313386,-43.465708 172.312987,-43.465680 172.312622,-43.465655 172.311997,-43.465705 172.311136,-43.465793 172.311108,-43.465796 172.309736,-43.465823 172.308930,-43.465824 172.308528,-43.465768 172.307766,-43.465608 172.307267,-43.465425 172.307029,-43.465412 172.306595,-43.465206 172.306253,-43.464940 172.306173,-43.464922 172.306040,-43.464891 172.305853,-43.464740 172.305608,-43.464559 172.305444,-43.464540 172.305181,-43.464599 172.304758,-43.464907 172.304607,-43.465212 172.304251,-43.465419 172.303553,-43.465926 172.302692,-43.466304 172.302048,-43.466436 172.302047,-43.466436 172.301716,-43.466476 172.300885,-43.466397 172.300759,-43.466385 172.300272,-43.466253 172.300171,-43.466227 172.299599,-43.466080 172.299532,-43.466063 172.299504,-43.466015 172.299424,-43.465875 172.299264,-43.465662 172.299175,-43.465451 172.298646,-43.465236 172.298157,-43.465161 172.297691,-43.465187 172.297198,-43.465284 172.296885,-43.465329 172.296248,-43.465322 172.295718,-43.465210 172.295419,-43.465240 172.295169,-43.465222 172.295015,-43.465234 172.294767,-43.465428 172.294502,-43.465532 172.294041,-43.465554 172.293457,-43.465596 172.293291,-43.465521 172.292766,-43.465319 172.292342,-43.465189 172.292168,-43.465022 172.291927,-43.464982 172.291637,-43.464989 172.291523,-43.465005 172.291447,-43.465113 172.291262,-43.465169 172.291131,-43.465198 172.291002,-43.465225 172.290457,-43.465137 172.289793,-43.465062 172.289286,-43.464987 172.288761,-43.464827 172.288332,-43.464753 172.288077,-43.464809 172.287786,-43.464636 172.287866,-43.464508 172.288256,-43.464553 172.289991,-43.464878 172.290073,-43.464967 172.290236,-43.464931 172.290401,-43.464926 172.290553,-43.464992 172.290795,-43.464978 172.290963,-43.465025 172.291123,-43.464999 172.291328,-43.464957 172.291423,-43.464937 172.291757,-43.464894 172.292029,-43.464896 172.292314,-43.464958 172.292387,-43.465068 172.292825,-43.465150 172.293136,-43.465232 172.293345,-43.465384 172.293440,-43.465490 172.293595,-43.465395 172.293982,-43.465359 172.294400,-43.465314 172.294674,-43.465165 172.294932,-43.465179 172.295240,-43.465188 172.295666,-43.465129 172.296057,-43.465164 172.296300,-43.465176 172.296337,-43.465178 172.296706,-43.465161 172.297137,-43.465158 172.297340,-43.465095 172.297433,-43.465066 172.297703,-43.465038 172.297837,-43.465097 172.298161,-43.465032 172.298382,-43.465127 172.298492,-43.465074 172.299003,-43.465101 172.299052,-43.465142 172.299069,-43.465156 172.299379,-43.465438 172.299434,-43.465664 172.299640,-43.465945 172.299790,-43.466040 172.299886,-43.466097 172.300252,-43.466126 172.300528,-43.466141 172.301020,-43.466251 172.301249,-43.466231 172.301722,-43.466295 172.302219,-43.466298 172.302519,-43.466222 172.303433,-43.465798 172.303899,-43.465449 172.304258,-43.465084 172.304860,-43.464653 172.305290,-43.464340 172.305552,-43.464367 172.306041,-43.464541 172.306598,-43.464917 172.307021,-43.465158 172.307368,-43.465305 172.307623,-43.465353 172.308540,-43.465291 172.308923,-43.465361 172.309334,-43.465467 172.309723,-43.465630 172.310063,-43.465689 172.310120,-43.465736 172.310675,-43.465656 172.311051,-43.465648 172.312013,-43.465473 172.312532,-43.465429 172.312790,-43.465413 172.313150,-43.465392 172.313775,-43.465426 172.312926,-43.465090 172.312307,-43.464657 172.312134,-43.464385 172.311767,-43.464054 172.311496,-43.463839 172.311005,-43.463514 172.310418,-43.463257 172.309644,-43.463095 172.308546,-43.463069 172.307475,-43.463024 172.306857,-43.462958 172.305924,-43.462858 172.304827,-43.462793 172.302953,-43.462703 172.301937,-43.462619 172.301215,-43.462536 172.300332,-43.462452 172.299637,-43.462331 172.299074,-43.462425 172.299258,-43.462661 172.299704,-43.462873 172.299924,-43.462978 172.301154,-43.463181 172.302544,-43.463326 172.303345,-43.463605 172.303371,-43.463664 172.303370,-43.463736 172.303370,-43.463742 172.302265,-43.463516 172.301151,-43.463377 172.299895,-43.463193 172.299132,-43.462909 172.299015,-43.462865 172.298882,-43.462815 172.298530,-43.462535 172.298165,-43.462244 172.297499,-43.461927 172.297153,-43.461788 172.298445,-43.461988 172.299396,-43.462141 172.300377,-43.462231 172.300886,-43.462188 172.301070,-43.462172 172.301839,-43.462196 172.301936,-43.462199 172.302887,-43.462394 172.303694,-43.462462 172.304819,-43.462532 172.305829,-43.462602 172.306810,-43.462692 172.307674,-43.462845 172.308395,-43.462912 172.309406,-43.462897 172.309121,-43.462516 172.308692,-43.462218 172.308087,-43.462067 172.307371,-43.461950 172.306216,-43.461571 172.304871,-43.460551 172.304719,-43.460279 172.304588,-43.460043 172.304163,-43.459324 172.303505,-43.458814 172.302905,-43.458262 172.302210,-43.457907 172.302209,-43.457907 172.301987,-43.457793 172.300978,-43.457290 172.300233,-43.457107 172.299569,-43.457167 172.298844,-43.457436 172.298092,-43.457600 172.297614,-43.457550 172.296755,-43.456900 172.296363,-43.456654 172.295757,-43.456402 172.295161,-43.456255 172.294647,-43.455893 172.294362,-43.455554 172.294307,-43.455080 172.294080,-43.454748 172.293874,-43.454646 172.293476,-43.454482 172.293039,-43.454356 172.292747,-43.454371 172.292600,-43.454476 172.292209,-43.454550 172.291875,-43.454690 172.290753,-43.454683 172.289869,-43.454662 172.289119,-43.454615 172.289034,-43.454571 172.288936,-43.454521 172.288305,-43.454196 172.288000,-43.454039 172.287368,-43.453782 172.286392,-43.453354 172.285413,-43.453095 172.284577,-43.453027 172.283899,-43.453196 172.283495,-43.453331 172.282981,-43.453758 172.282811,-43.453867 172.282738,-43.453913 172.282650,-43.453897 172.282177,-43.453812 172.281536,-43.453612 172.280787,-43.453509 172.280119,-43.453310 172.279374,-43.452914 172.278760,-43.452675 172.278171,-43.452652 172.277474,-43.452706 172.277152,-43.452723 172.277471,-43.452921 172.277818,-43.453080 172.277843,-43.453217 172.277310,-43.452998 172.276668,-43.452838 172.276082,-43.452580 172.275200,-43.452398 172.274153,-43.452528 172.273131,-43.452855 172.272269,-43.453240 172.271383,-43.453391 172.270581,-43.453269 172.270340,-43.453203 172.269699,-43.453028 172.268953,-43.452711 172.268441,-43.452515 172.267859,-43.452293 172.267167,-43.451917 172.266584,-43.451424 172.265759,-43.450988 172.265430,-43.450823 172.264773,-43.450492 172.263598,-43.450191 172.262743,-43.449971 172.261780,-43.449808 172.260897,-43.449763 172.260093,-43.449758 172.259234,-43.449889 172.258857,-43.450024 172.258569,-43.450100 172.258444,-43.450100 172.257941,-43.450097 172.257270,-43.450033 172.256313,-43.450199 172.255247,-43.450690 172.254679,-43.450858 172.255394,-43.451163 172.256253,-43.451306 172.256572,-43.451222 172.257386,-43.451202 172.257927,-43.451283 172.258425,-43.451660 172.258414,-43.452568 172.258972,-43.452740 172.259344,-43.452921 172.260040,-43.453381</coordinates>
</LinearRing>
</outerBoundaryIs>
<innerBoundaryIs><LinearRing><tessellate>1</tessellate>
<coordinates> 172.259570,-43.455302 172.259906,-43.455346 172.260299,-43.455496 172.260480,-43.455673 172.260903,-43.455767 172.261202,-43.455762 172.261444,-43.455679 172.261580,-43.455581 172.261611,-43.455385 172.261557,-43.455097 172.261639,-43.454765 172.260935,-43.454751 172.260493,-43.454743 172.260281,-43.454811 172.259958,-43.455027 172.259726,-43.455130 172.259290,-43.455161 172.258854,-43.455129 172.258474,-43.455042 172.258384,-43.455022 172.258385,-43.454957 172.258387,-43.454799 172.258578,-43.454924 172.258945,-43.454986 172.259204,-43.454948 172.259443,-43.454855 172.259921,-43.454719 172.260351,-43.454638 172.260842,-43.454567 172.260667,-43.454352 172.260362,-43.454286 172.260018,-43.454016 172.259675,-43.453711 172.259372,-43.453427 172.258676,-43.452981 172.258411,-43.452880 172.258414,-43.452631 172.258117,-43.452415 172.258065,-43.452378 172.257878,-43.452242 172.256794,-43.451866 172.255551,-43.451844 172.255256,-43.451842 172.253186,-43.451829 172.251823,-43.451962 172.250189,-43.452065 172.249547,-43.452132 172.248791,-43.451914 172.248580,-43.451771 172.247806,-43.451511 172.247147,-43.451323 172.246452,-43.450936 172.245603,-43.450477 172.244830,-43.450103 172.243881,-43.449771 172.242831,-43.449821 172.242186,-43.450171 172.241072,-43.450588 172.240466,-43.450910 172.240138,-43.451030 172.239498,-43.451265 172.238954,-43.451464 172.238078,-43.451529 172.237947,-43.451534 172.238551,-43.451914 172.239847,-43.452185 172.241187,-43.452267 172.242582,-43.452655 172.243840,-43.452853 172.244073,-43.452977 172.244834,-43.453384 172.246048,-43.453931 172.246643,-43.454343 172.247439,-43.454655 172.247914,-43.455095 172.249609,-43.455543 172.251267,-43.455704 172.251387,-43.455715 172.252268,-43.455706 172.252756,-43.455577 172.253392,-43.455408 172.254358,-43.454933 172.255081,-43.454705 172.256218,-43.454989 172.257094,-43.455272 172.258032,-43.455467 172.258379,-43.455440 172.258379,-43.455448 172.258634,-43.455415 172.259107,-43.455334 172.259570,-43.455302</coordinates>
</LinearRing>
</innerBoundaryIs>
<innerBoundaryIs><LinearRing><tessellate>1</tessellate>
<coordinates> 172.274378,-43.462039 172.274791,-43.462146 172.274783,-43.462066 172.274625,-43.461868 172.274433,-43.461676 172.274232,-43.461459 172.274176,-43.461206 172.274000,-43.461057 172.273658,-43.460697 172.273390,-43.460468 172.273265,-43.460301 172.273199,-43.460152 172.273108,-43.460022 172.272897,-43.459935 172.272661,-43.459890 172.272543,-43.459840 172.272326,-43.459660 172.272141,-43.459536 172.271863,-43.459411 172.271610,-43.459397 172.271271,-43.459407 172.270865,-43.459484 172.270737,-43.459514 172.270483,-43.459544 172.270482,-43.459648 172.270599,-43.459766 172.270775,-43.459866 172.271171,-43.460016 172.271995,-43.460416 172.272323,-43.460609 172.272481,-43.460819 172.272706,-43.461116 172.273083,-43.461365 172.273311,-43.461604 172.273367,-43.461663 172.273644,-43.461874 172.273913,-43.461974 172.274378,-43.462039</coordinates>
</LinearRing>
</innerBoundaryIs>
<innerBoundaryIs><LinearRing><tessellate>1</tessellate>
<coordinates> 172.272466,-43.454684 172.272713,-43.454729 172.273007,-43.454868 172.273188,-43.454869 172.273491,-43.454783 172.273846,-43.454824 172.274284,-43.454695 172.274750,-43.454473 172.275081,-43.454285 172.274389,-43.454305 172.273833,-43.454243 172.272915,-43.454139 172.272488,-43.453936 172.272327,-43.453925 172.272057,-43.454046 172.271735,-43.454044 172.271592,-43.454204 172.271774,-43.454195 172.271718,-43.454366 172.272012,-43.454461 172.272466,-43.454684</coordinates>
</LinearRing>
</innerBoundaryIs>
<innerBoundaryIs><LinearRing><tessellate>1</tessellate>
<coordinates> 172.279704,-43.455133 172.280065,-43.455259 172.279562,-43.454904 172.279323,-43.454662 172.279011,-43.454531 172.278561,-43.454434 172.277991,-43.454313 172.277741,-43.454306 172.277547,-43.454345 172.277892,-43.454471 172.278478,-43.454621 172.279264,-43.454931 172.279704,-43.455133</coordinates>
</LinearRing>
</innerBoundaryIs>
<innerBoundaryIs><LinearRing><tessellate>1</tessellate>
<coordinates> 172.451207,-43.441583 172.451777,-43.441586 172.451778,-43.441417 172.451493,-43.441446 172.451222,-43.441525 172.451207,-43.441583</coordinates>
</LinearRing>
</innerBoundaryIs>
<innerBoundaryIs><LinearRing><tessellate>1</tessellate>
<coordinates> 172.499067,-43.443154 172.498258,-43.442887 172.497494,-43.442653 172.497041,-43.442981 172.496447,-43.443900 172.495857,-43.444424 172.495673,-43.444851 172.495578,-43.445542 172.495167,-43.446133 172.494533,-43.446492 172.493846,-43.446636 172.493765,-43.446653 172.492234,-43.446580 172.492293,-43.446431 172.492326,-43.446350 172.494173,-43.446424 172.494716,-43.446131 172.494945,-43.445671 172.495084,-43.445276 172.495133,-43.444816 172.495409,-43.444126 172.495138,-43.444190 172.494731,-43.444353 172.494233,-43.444680 172.493599,-43.444973 172.493011,-43.445201 172.492155,-43.445198 172.491164,-43.445127 172.490307,-43.445255 172.489809,-43.445450 172.489552,-43.445821 172.489490,-43.445910 172.489168,-43.446059 172.488857,-43.446203 172.488091,-43.446134 172.486831,-43.445964 172.486199,-43.446093 172.485746,-43.446288 172.484751,-43.446712 172.484386,-43.447237 172.484022,-43.447663 172.483253,-43.447989 172.482352,-43.447985 172.482185,-43.447949 172.481722,-43.447850 172.481092,-43.447716 172.480551,-43.447746 172.480053,-43.447974 172.479690,-43.448335 172.479325,-43.448860 172.478375,-43.449185 172.477474,-43.449180 172.476710,-43.448881 172.476353,-43.448517 172.475540,-43.448744 172.474636,-43.449003 172.474187,-43.448770 172.473695,-43.448373 172.473293,-43.448009 172.472801,-43.447513 172.471544,-43.446948 172.470510,-43.446680 172.469608,-43.446708 172.468480,-43.446868 172.468068,-43.446901 172.467713,-43.446930 172.466812,-43.446860 172.465777,-43.446724 172.464561,-43.446619 172.463166,-43.446349 172.462175,-43.446377 172.462488,-43.446577 172.463927,-43.446945 172.465140,-43.447412 172.465905,-43.447580 172.466892,-43.448078 172.468104,-43.448611 172.469633,-43.449013 172.470264,-43.449049 172.470654,-43.448940 172.471077,-43.448822 172.471707,-43.448957 172.472378,-43.449552 172.473183,-43.450214 172.473946,-43.450580 172.475073,-43.450585 172.476200,-43.450524 172.477192,-43.450496 172.478184,-43.450435 172.479493,-43.450276 172.480756,-43.450183 172.481659,-43.449924 172.481794,-43.449880 172.482653,-43.449599 172.483645,-43.449636 172.484954,-43.449346 172.485466,-43.449267 172.485992,-43.449186 172.486849,-43.449124 172.488020,-43.449195 172.489236,-43.449365 172.490327,-43.449274 172.490363,-43.449271 172.490862,-43.448977 172.491271,-43.448584 172.491996,-43.448028 172.493082,-43.447605 172.493983,-43.447642 172.495067,-43.447251 172.495657,-43.446760 172.496201,-43.446499 172.497238,-43.446372 172.498363,-43.446607 172.499215,-43.447105 172.499888,-43.447536 172.500652,-43.447704 172.501601,-43.447510 172.502549,-43.447218 172.503138,-43.446826 172.503548,-43.446301 172.504185,-43.445579 172.505226,-43.445090 172.506356,-43.444601 172.507262,-43.444111 172.508214,-43.443424 172.508580,-43.442702 172.509217,-43.441980 172.508721,-43.442011 172.508136,-43.441909 172.507970,-43.441841 172.507327,-43.441577 172.506969,-43.441312 172.506163,-43.440683 172.505176,-43.440152 172.504770,-43.440216 172.504088,-43.440905 172.503633,-43.441429 172.502783,-43.441819 172.502638,-43.441886 172.501824,-43.442211 172.501096,-43.443031 172.500193,-43.443225 172.499067,-43.443154</coordinates>
</LinearRing>
</innerBoundaryIs>
<innerBoundaryIs><LinearRing><tessellate>1</tessellate>
<coordinates> 172.406138,-43.453404 172.405826,-43.453609 172.405571,-43.453731 172.405315,-43.454038 172.405173,-43.454181 172.404777,-43.454323 172.404543,-43.454376 172.404240,-43.454444 172.404177,-43.454454 172.403591,-43.454543 172.402929,-43.454459 172.402916,-43.454458 172.402100,-43.454309 172.401691,-43.454465 172.401619,-43.454492 172.401166,-43.454778 172.400345,-43.455123 172.399892,-43.455347 172.399522,-43.455757 172.399972,-43.455841 172.400702,-43.456133 172.401294,-43.456095 172.402252,-43.456121 172.402814,-43.456185 172.403151,-43.456311 172.403291,-43.456455 172.403683,-43.456663 172.403962,-43.456932 172.404102,-43.457077 172.404524,-43.457079 172.404893,-43.456896 172.405487,-43.456590 172.406054,-43.456285 172.406592,-43.456020 172.407102,-43.455734 172.407835,-43.455677 172.408539,-43.455721 172.409016,-43.455930 172.409548,-43.456241 172.409883,-43.456490 172.410446,-43.456636 172.410755,-43.456659 172.411206,-43.456681 172.411432,-43.456662 172.412249,-43.456646 172.412983,-43.456505 172.413662,-43.456180 172.413946,-43.455996 172.414371,-43.455689 172.414854,-43.455322 172.415193,-43.455200 172.415587,-43.455222 172.416067,-43.455143 172.416379,-43.454938 172.416635,-43.454693 172.416841,-43.454544 172.416890,-43.454509 172.417009,-43.454478 172.417427,-43.454368 172.417850,-43.454308 172.418556,-43.454126 172.418953,-43.453902 172.419379,-43.453554 172.419662,-43.453330 172.420003,-43.453084 172.420596,-43.452923 172.421330,-43.452762 172.421616,-43.452701 172.422092,-43.452601 172.422629,-43.452501 172.423332,-43.452546 172.424516,-43.452469 172.424828,-43.452265 172.425197,-43.452041 172.425566,-43.451754 172.425878,-43.451550 172.426247,-43.451161 172.426476,-43.450854 172.426704,-43.450525 172.426803,-43.450403 172.426904,-43.450279 172.427131,-43.450075 172.427332,-43.449644 172.427391,-43.449438 172.426937,-43.449765 172.426371,-43.450051 172.426217,-43.450097 172.425834,-43.450212 172.425241,-43.450374 172.424817,-43.450475 172.424083,-43.450656 172.423715,-43.450778 172.423036,-43.451104 172.422471,-43.451245 172.421934,-43.451489 172.421593,-43.451734 172.421056,-43.451937 172.420575,-43.452182 172.419926,-43.452261 172.419643,-43.452424 172.419360,-43.452587 172.418936,-43.452729 172.418343,-43.452788 172.417499,-43.452681 172.416936,-43.452657 172.416569,-43.452779 172.416199,-43.453106 172.415745,-43.453433 172.415461,-43.453720 172.414896,-43.453799 172.414256,-43.453761 172.414136,-43.453754 172.413714,-43.453731 172.413147,-43.453677 172.413602,-43.453587 172.414053,-43.453589 172.413662,-43.453237 172.413129,-43.452967 172.412539,-43.452882 172.411807,-43.452754 172.410963,-43.452647 172.410625,-43.452687 172.410032,-43.452787 172.409636,-43.452970 172.409410,-43.453030 172.409214,-43.452885 172.408229,-43.452818 172.407242,-43.452854 172.407042,-43.453100 172.406957,-43.453223 172.406138,-43.453404</coordinates>
</LinearRing>
</innerBoundaryIs>
<innerBoundaryIs><LinearRing><tessellate>1</tessellate>
<coordinates> 172.429131,-43.448737 172.428974,-43.448788 172.428495,-43.448868 172.428015,-43.448989 172.427787,-43.449193 172.427615,-43.449542 172.427556,-43.449851 172.427326,-43.450282 172.426956,-43.450712 172.426885,-43.451104 172.426867,-43.451205 172.426158,-43.451695 172.425732,-43.452084 172.425658,-43.452137 172.425363,-43.452350 172.425311,-43.452381 172.424881,-43.452636 172.424457,-43.452798 172.423950,-43.452795 172.423584,-43.452773 172.422993,-43.452729 172.422288,-43.452787 172.421779,-43.452929 172.421438,-43.453256 172.421068,-43.453707 172.420867,-43.454097 172.420440,-43.454486 172.420191,-43.454572 172.419677,-43.454749 172.419000,-43.454828 172.418211,-43.454886 172.417308,-43.454964 172.416715,-43.455146 172.416263,-43.455267 172.415641,-43.455511 172.415526,-43.455778 172.414903,-43.456062 172.414365,-43.456368 172.414084,-43.456464 172.413771,-43.456571 172.413204,-43.456980 172.413626,-43.457002 172.414301,-43.457109 172.415031,-43.457401 172.415512,-43.457238 172.415994,-43.456871 172.416721,-43.456504 172.416843,-43.456443 172.417157,-43.456053 172.417668,-43.455686 172.418289,-43.455504 172.419220,-43.455467 172.419558,-43.455469 172.420175,-43.455698 172.420595,-43.455988 172.420905,-43.455969 172.421527,-43.455787 172.421951,-43.455625 172.422459,-43.455504 172.423341,-43.455409 172.424095,-43.455327 172.424633,-43.455042 172.425407,-43.454900 172.425508,-43.454882 172.425989,-43.454658 172.426032,-43.454596 172.426163,-43.454408 172.426189,-43.454371 172.426784,-43.453983 172.427322,-43.453738 172.427494,-43.453389 172.427551,-43.452951 172.427585,-43.452690 172.427534,-43.452176 172.427594,-43.452133 172.427704,-43.452053 172.428327,-43.451727 172.429092,-43.451278 172.429743,-43.450890 172.430085,-43.450501 172.430597,-43.450010 172.430713,-43.449619 172.430690,-43.449125 172.430693,-43.448749 172.430694,-43.448693 172.430981,-43.448057 172.430587,-43.448096 172.430218,-43.448341 172.429794,-43.448524 172.429131,-43.448737</coordinates>
</LinearRing>
</innerBoundaryIs>
<innerBoundaryIs><LinearRing><tessellate>1</tessellate>
<coordinates> 172.309203,-43.461783 172.309147,-43.462056 172.309544,-43.462410 172.310049,-43.462805 172.310327,-43.462998 172.310474,-43.463100 172.311248,-43.463340 172.311876,-43.463753 172.312786,-43.464350 172.313525,-43.464879 172.314406,-43.465182 172.315048,-43.464987 172.315691,-43.464742 172.315960,-43.464447 172.316712,-43.464082 172.317129,-43.463988 172.318207,-43.464021 172.318350,-43.464026 172.319233,-43.463880 172.319882,-43.463744 172.319983,-43.463678 172.319445,-43.463505 172.319136,-43.463485 172.317945,-43.463088 172.317865,-43.463061 172.316845,-43.462773 172.316021,-43.462720 172.315131,-43.462656 172.314029,-43.462562 172.312869,-43.461779 172.312380,-43.461485 172.311001,-43.461185 172.310082,-43.461355 172.309608,-43.461531 172.309203,-43.461783</coordinates>
</LinearRing>
</innerBoundaryIs>
<innerBoundaryIs><LinearRing><tessellate>1</tessellate>
<coordinates> 172.352216,-43.454293 172.351871,-43.454399 172.351836,-43.454409 172.351684,-43.454468 172.351411,-43.454411 172.350811,-43.454416 172.349755,-43.454482 172.348670,-43.454612 172.347836,-43.454730 172.347486,-43.454750 172.346728,-43.454856 172.346161,-43.454980 172.345496,-43.455052 172.344730,-43.455319 172.344554,-43.455416 172.344333,-43.455440 172.344106,-43.455422 172.343855,-43.455419 172.343506,-43.455414 172.343337,-43.455396 172.343086,-43.455342 172.342849,-43.455300 172.342288,-43.455576 172.341820,-43.455779 172.341711,-43.455930 172.341752,-43.455967 172.342324,-43.456097 172.342456,-43.456207 172.342604,-43.456353 172.342820,-43.456452 172.343244,-43.456430 172.343628,-43.456311 172.343887,-43.456234 172.343971,-43.456137 172.343972,-43.456058 172.344014,-43.455962 172.344900,-43.455842 172.345748,-43.455673 172.346424,-43.455375 172.347879,-43.455336 172.349659,-43.455251 172.350550,-43.455114 172.351727,-43.454692 172.352372,-43.454472 172.352617,-43.454407 172.353280,-43.454231 172.353618,-43.454173 172.353378,-43.454019 172.353076,-43.453932 172.352872,-43.453953 172.352569,-43.454014 172.352369,-43.454192 172.352216,-43.454293</coordinates>
</LinearRing>
</innerBoundaryIs>
<innerBoundaryIs><LinearRing><tessellate>1</tessellate>
<coordinates> 172.360372,-43.454346 172.359803,-43.454305 172.359233,-43.454321 172.358560,-43.454374 172.358017,-43.454258 172.357294,-43.454159 172.356778,-43.453986 172.356493,-43.453984 172.356104,-43.454077 172.355894,-43.454302 172.355752,-43.454441 172.355606,-43.454584 172.355036,-43.454695 172.354492,-43.454710 172.354029,-43.454462 172.353919,-43.454421 172.353719,-43.454347 172.353279,-43.454344 172.353109,-43.454412 172.352811,-43.454531 172.352473,-43.454680 172.351590,-43.454997 172.350810,-43.455313 172.351171,-43.455467 172.351427,-43.455733 172.352098,-43.455850 172.352797,-43.455873 172.353341,-43.455876 172.353909,-43.455974 172.354425,-43.456203 172.355302,-43.456492 172.355716,-43.456438 172.356211,-43.456138 172.356990,-43.455934 172.357999,-43.455978 172.358961,-43.455624 172.359661,-43.455533 172.360126,-43.455555 172.360852,-43.455426 172.361424,-43.455241 172.361997,-43.454847 172.362179,-43.454486 172.362235,-43.454376 172.361950,-43.454412 172.361423,-43.454482 172.361406,-43.454484 172.360940,-43.454482 172.360929,-43.454479 172.360372,-43.454346</coordinates>
</LinearRing>
</innerBoundaryIs>
<innerBoundaryIs><LinearRing><tessellate>1</tessellate>
<coordinates> 172.365522,-43.454998 172.366254,-43.455043 172.367069,-43.455274 172.367715,-43.455442 172.368787,-43.455366 172.369548,-43.455329 172.369860,-43.455145 172.370538,-43.454902 172.370605,-43.454860 172.371147,-43.454522 172.371389,-43.454372 172.372212,-43.453759 172.373004,-43.453454 172.373485,-43.453313 172.374105,-43.453275 172.374922,-43.453300 172.375401,-43.453303 172.376533,-43.453178 172.376642,-43.453166 172.376898,-43.452900 172.377578,-43.452512 172.377129,-43.452407 172.376707,-43.452302 172.375976,-43.452154 172.375696,-43.452008 172.374993,-43.451860 172.374459,-43.451693 172.373952,-43.451670 172.373078,-43.451788 172.372287,-43.451990 172.371748,-43.452113 172.371496,-43.452171 172.370959,-43.452312 172.370483,-43.452569 172.369766,-43.452863 172.369407,-43.453034 172.369220,-43.453415 172.368721,-43.453423 172.367757,-43.453357 172.366894,-43.453100 172.365836,-43.452918 172.365536,-43.453001 172.365136,-43.453075 172.364612,-43.453120 172.363989,-43.453405 172.363366,-43.453731 172.362658,-43.454035 172.362797,-43.454283 172.362840,-43.454363 172.362908,-43.454491 172.362962,-43.454593 172.363382,-43.454862 172.364002,-43.454866 172.364819,-43.454912 172.365522,-43.454998</coordinates>
</LinearRing>
</innerBoundaryIs>
<innerBoundaryIs><LinearRing><tessellate>1</tessellate>
<coordinates> 172.269599,-43.452374 172.270577,-43.452456 172.272020,-43.452390 172.271324,-43.451695 172.270575,-43.451151 172.269532,-43.450768 172.268746,-43.450475 172.267427,-43.450140 172.266518,-43.450034 172.265474,-43.449802 172.264583,-43.449583 172.264154,-43.449592 172.263980,-43.449792 172.264715,-43.450035 172.266135,-43.450508 172.267160,-43.450966 172.267993,-43.451649 172.268606,-43.452104 172.269599,-43.452374</coordinates>
</LinearRing>
</innerBoundaryIs>
<innerBoundaryIs><LinearRing><tessellate>1</tessellate>
<coordinates> 172.360143,-43.456406 172.360664,-43.456125 172.361290,-43.455713 172.361552,-43.455411 172.361136,-43.455504 172.360798,-43.455691 172.359994,-43.455800 172.359399,-43.455815 172.358829,-43.455850 172.358257,-43.456055 172.357532,-43.456126 172.356781,-43.456141 172.356495,-43.456272 172.356312,-43.456441 172.355818,-43.456646 172.355249,-43.456586 172.354526,-43.456412 172.353829,-43.456162 172.353261,-43.456046 172.353544,-43.456236 172.354266,-43.456467 172.354756,-43.456716 172.355375,-43.456908 172.355865,-43.457043 172.356667,-43.457123 172.357314,-43.457146 172.357726,-43.457337 172.358348,-43.457284 172.359051,-43.456872 172.359597,-43.456629 172.360143,-43.456406</coordinates>
</LinearRing>
</innerBoundaryIs>
<innerBoundaryIs><LinearRing><tessellate>1</tessellate>
<coordinates> 172.433577,-43.447210 172.433065,-43.447472 172.432617,-43.447717 172.432170,-43.447870 172.431871,-43.448008 172.431147,-43.448253 172.431165,-43.448641 172.431394,-43.449045 172.431241,-43.449541 172.430854,-43.450019 172.430593,-43.450685 172.431147,-43.450533 172.431702,-43.450225 172.431875,-43.449885 172.431965,-43.449358 172.432267,-43.448832 172.432611,-43.448415 172.432869,-43.448029 172.433634,-43.448002 172.434123,-43.447911 172.434695,-43.448022 172.435351,-43.448227 172.435776,-43.448245 172.436540,-43.448264 172.437134,-43.448282 172.437962,-43.448318 172.438663,-43.448290 172.439364,-43.448293 172.440004,-43.447940 172.440644,-43.447602 172.440581,-43.447555 172.440263,-43.447460 172.439330,-43.447316 172.438654,-43.446987 172.438379,-43.446862 172.437871,-43.446735 172.437107,-43.446685 172.436573,-43.446962 172.435596,-43.447081 172.435022,-43.447124 172.434472,-43.446936 172.434025,-43.446996 172.433577,-43.447210</coordinates>
</LinearRing>
</innerBoundaryIs>
<innerBoundaryIs><LinearRing><tessellate>1</tessellate>
<coordinates> 172.459120,-43.444849 172.458537,-43.444925 172.457782,-43.444937 172.456900,-43.444697 172.456063,-43.444236 172.455720,-43.444014 172.455204,-43.443838 172.454859,-43.443900 172.454274,-43.444133 172.453863,-43.444289 172.453797,-43.444430 172.453517,-43.444460 172.453323,-43.444380 172.452676,-43.444456 172.452156,-43.444690 172.451959,-43.445020 172.451590,-43.445286 172.451327,-43.445694 172.451430,-43.446277 172.452095,-43.446611 172.452525,-43.446787 172.453367,-43.446728 172.454038,-43.446416 172.454537,-43.446119 172.455055,-43.445995 172.455508,-43.446061 172.455544,-43.446077 172.455959,-43.446267 172.456410,-43.446396 172.456841,-43.446508 172.457208,-43.446478 172.457813,-43.446260 172.458355,-43.445995 172.458851,-43.445982 172.459563,-43.445922 172.459748,-43.445861 172.460126,-43.445736 172.460515,-43.445564 172.460539,-43.445313 172.460132,-43.445043 172.459767,-43.444884 172.459120,-43.444849</coordinates>
</LinearRing>
</innerBoundaryIs>
<innerBoundaryIs><LinearRing><tessellate>1</tessellate>
<coordinates> 172.358831,-43.453222 172.357977,-43.453180 172.357537,-43.453196 172.357250,-43.453384 172.356909,-43.453817 172.357762,-43.453954 172.358226,-43.454145 172.358794,-43.454262 172.359676,-43.454097 172.360296,-43.454176 172.360787,-43.454311 172.361718,-43.454335 172.362499,-43.453942 172.362708,-43.453698 172.362268,-43.453714 172.361855,-43.453655 172.361339,-43.453444 172.360568,-43.452967 172.359739,-43.452944 172.358831,-43.453222</coordinates>
</LinearRing>
</innerBoundaryIs>
<innerBoundaryIs><LinearRing><tessellate>1</tessellate>
<coordinates> 172.396974,-43.454159 172.396498,-43.453889 172.395483,-43.453884 172.395624,-43.453926 172.395874,-43.454236 172.396295,-43.454461 172.396346,-43.454488 172.396379,-43.454506 172.396938,-43.454941 172.397384,-43.455396 172.397606,-43.455726 172.398367,-43.455771 172.399129,-43.455631 172.399723,-43.455367 172.399840,-43.455246 172.400122,-43.454957 172.399616,-43.454790 172.398536,-43.454479 172.398380,-43.454434 172.397649,-43.454307 172.396974,-43.454159</coordinates>
</LinearRing>
</innerBoundaryIs>
<innerBoundaryIs><LinearRing><tessellate>1</tessellate>
<coordinates> 172.395256,-43.454088 172.394891,-43.453983 172.394412,-43.453940 172.393708,-43.453957 172.393229,-43.453954 172.393082,-43.453953 172.392524,-43.453950 172.392185,-43.454093 172.392780,-43.454493 172.392801,-43.454507 172.393785,-43.454677 172.394797,-43.454888 172.395275,-43.455035 172.395695,-43.455243 172.396060,-43.455389 172.395783,-43.454955 172.395729,-43.454646 172.395618,-43.454492 172.395507,-43.454336 172.395256,-43.454088</coordinates>
</LinearRing>
</innerBoundaryIs>
<innerBoundaryIs><LinearRing><tessellate>1</tessellate>
<coordinates> 172.393368,-43.453610 172.393770,-43.453584 172.394239,-43.453550 172.394610,-43.453480 172.394581,-43.453246 172.394476,-43.453272 172.394202,-43.453123 172.393899,-43.453095 172.393587,-43.453046 172.393100,-43.452970 172.392714,-43.453022 172.391988,-43.452991 172.391722,-43.452929 172.391253,-43.452870 172.391061,-43.452845 172.390547,-43.452816 172.390179,-43.452780 172.389933,-43.452735 172.390103,-43.452844 172.390471,-43.453044 172.391109,-43.453318 172.391896,-43.453592 172.392734,-43.453650 172.393368,-43.453610</coordinates>
</LinearRing>
</innerBoundaryIs>
<innerBoundaryIs><LinearRing><tessellate>1</tessellate>
<coordinates> 172.410143,-43.457502 172.409365,-43.457680 172.408715,-43.457903 172.408883,-43.457986 172.409502,-43.458031 172.410010,-43.457992 172.410688,-43.457831 172.411225,-43.457628 172.411875,-43.457405 172.412527,-43.457038 172.413150,-43.456712 172.412726,-43.456813 172.411738,-43.457034 172.411703,-43.457027 172.411035,-43.456886 172.410472,-43.456842 172.410216,-43.457109 172.410156,-43.457497 172.410156,-43.457499 172.410143,-43.457502</coordinates>
</LinearRing>
</innerBoundaryIs>
<innerBoundaryIs><LinearRing><tessellate>1</tessellate>
<coordinates> 172.407151,-43.456414 172.406812,-43.456556 172.406247,-43.456718 172.405512,-43.456961 172.404409,-43.457325 172.404998,-43.457658 172.405589,-43.457723 172.406294,-43.457685 172.407055,-43.457586 172.407902,-43.457467 172.408296,-43.457448 172.408888,-43.457452 172.409340,-43.457310 172.409765,-43.457065 172.410078,-43.456799 172.409769,-43.456695 172.409572,-43.456694 172.409008,-43.456670 172.408446,-43.456544 172.407912,-43.456376 172.407151,-43.456414</coordinates>
</LinearRing>
</innerBoundaryIs>
<innerBoundaryIs><LinearRing><tessellate>1</tessellate>
<coordinates> 172.449039,-43.445982 172.448454,-43.446216 172.448128,-43.446514 172.447414,-43.446825 172.448016,-43.447001 172.448661,-43.447256 172.449242,-43.447370 172.449653,-43.447214 172.450044,-43.446948 172.450283,-43.446666 172.450654,-43.446226 172.450918,-43.445708 172.451093,-43.445362 172.451376,-43.445049 172.451660,-43.444719 172.450991,-43.444747 172.450516,-43.444792 172.450297,-43.445106 172.449864,-43.445388 172.449343,-43.445685 172.449039,-43.445982</coordinates>
</LinearRing>
</innerBoundaryIs>
<innerBoundaryIs><LinearRing><tessellate>1</tessellate>
<coordinates> 172.270935,-43.452659 172.270298,-43.452767 172.270177,-43.452842 172.270536,-43.453020 172.271289,-43.453175 172.272046,-43.453117 172.273047,-43.452710 172.272000,-43.452653 172.270935,-43.452659</coordinates>
</LinearRing>
</innerBoundaryIs>
<innerBoundaryIs><LinearRing><tessellate>1</tessellate>
<coordinates> 172.282004,-43.453100 172.281717,-43.453223 172.281516,-43.453275 172.281746,-43.453391 172.282261,-43.453403 172.282618,-43.453588 172.283087,-43.453448 172.283822,-43.452908 172.284201,-43.452737 172.283637,-43.452614 172.283249,-43.452571 172.282854,-43.452618 172.282482,-43.452753 172.282194,-43.452915 172.282004,-43.453100</coordinates>
</LinearRing>
</innerBoundaryIs>
<innerBoundaryIs><LinearRing><tessellate>1</tessellate>
<coordinates> 172.340946,-43.457533 172.341631,-43.457470 172.341853,-43.457494 172.342051,-43.457400 172.342287,-43.457213 172.342450,-43.456927 172.342476,-43.456851 172.342688,-43.456592 172.342444,-43.456379 172.342230,-43.456239 172.342058,-43.456202 172.341891,-43.456241 172.341730,-43.456326 172.341533,-43.456302 172.341336,-43.456256 172.341090,-43.456250 172.340663,-43.456369 172.340043,-43.456729 172.339658,-43.457001 172.339490,-43.457193 172.339492,-43.457502 172.339484,-43.457700 172.339359,-43.457897 172.339004,-43.458231 172.339281,-43.458201 172.339517,-43.458050 172.339858,-43.457873 172.340119,-43.457721 172.340354,-43.457642 172.340946,-43.457533</coordinates>
</LinearRing>
</innerBoundaryIs>
<innerBoundaryIs><LinearRing><tessellate>1</tessellate>
<coordinates> 172.402694,-43.454127 172.403256,-43.454254 172.403735,-43.454277 172.404243,-43.454115 172.404668,-43.453891 172.405009,-43.453584 172.405576,-43.453278 172.406227,-43.452932 172.405861,-43.452888 172.405297,-43.452988 172.404702,-43.453356 172.404191,-43.453703 172.403457,-43.453864 172.402694,-43.454127</coordinates>
</LinearRing>
</innerBoundaryIs>
<innerBoundaryIs><LinearRing><tessellate>1</tessellate>
<coordinates> 172.353956,-43.453895 172.353857,-43.453903 172.353868,-43.453971 172.354117,-43.454087 172.354262,-43.454232 172.354366,-43.454388 172.354546,-43.454428 172.354805,-43.454485 172.355006,-43.454433 172.355376,-43.454337 172.355521,-43.454226 172.354997,-43.454083 172.354765,-43.453989 172.354578,-43.453965 172.354410,-43.453944 172.354200,-43.453952 172.353956,-43.453895</coordinates>
</LinearRing>
</innerBoundaryIs>
<innerBoundaryIs><LinearRing><tessellate>1</tessellate>
<coordinates> 172.395768,-43.453401 172.395170,-43.453352 172.394974,-43.453384 172.395337,-43.453659 172.395595,-43.453745 172.396015,-43.453721 172.396479,-43.453789 172.396240,-43.453573 172.395768,-43.453401</coordinates>
</LinearRing>
</innerBoundaryIs>
<innerBoundaryIs><LinearRing><tessellate>1</tessellate>
<coordinates> 172.399284,-43.456990 172.399877,-43.456952 172.400471,-43.456647 172.400303,-43.456543 172.400079,-43.456439 172.399318,-43.456455 172.398356,-43.456862 172.398694,-43.456905 172.399284,-43.456990</coordinates>
</LinearRing>
</innerBoundaryIs>
<innerBoundaryIs><LinearRing><tessellate>1</tessellate>
<coordinates> 172.417152,-43.456588 172.416866,-43.456998 172.417176,-43.456979 172.418050,-43.456984 172.418528,-43.457027 172.419036,-43.457009 172.419377,-43.456682 172.419830,-43.456458 172.420172,-43.456089 172.419750,-43.455964 172.419076,-43.455775 172.418371,-43.455772 172.417835,-43.455872 172.417297,-43.456157 172.417152,-43.456588</coordinates>
</LinearRing>
</innerBoundaryIs>
<innerBoundaryIs><LinearRing><tessellate>1</tessellate>
<coordinates> 172.416604,-43.454960 172.417282,-43.454820 172.417959,-43.454699 172.418917,-43.454643 172.418539,-43.454562 172.418327,-43.454516 172.417971,-43.454556 172.417622,-43.454595 172.416888,-43.454694 172.416604,-43.454960</coordinates>
</LinearRing>
</innerBoundaryIs>
<innerBoundaryIs><LinearRing><tessellate>1</tessellate>
<coordinates> 172.426007,-43.449719 172.425724,-43.449903 172.426656,-43.449682 172.427252,-43.449232 172.427649,-43.448905 172.428327,-43.448702 172.429315,-43.448522 172.429597,-43.448420 172.429796,-43.448236 172.429147,-43.448356 172.428357,-43.448497 172.427427,-43.448595 172.426861,-43.448839 172.426462,-43.449290 172.426007,-43.449719</coordinates>
</LinearRing>
</innerBoundaryIs>
<innerBoundaryIs><LinearRing><tessellate>1</tessellate>
<coordinates> 172.433943,-43.446018 172.433875,-43.446038 172.433337,-43.446303 172.433024,-43.446712 172.432654,-43.447080 172.432594,-43.447430 172.432990,-43.447288 172.433670,-43.446921 172.434236,-43.446698 172.434799,-43.446762 172.435022,-43.446948 172.435446,-43.446868 172.436294,-43.446625 172.436690,-43.446422 172.436325,-43.446276 172.435764,-43.446047 172.435708,-43.446038 172.435116,-43.445941 172.434412,-43.445876 172.433943,-43.446018</coordinates>
</LinearRing>
</innerBoundaryIs>
<innerBoundaryIs><LinearRing><tessellate>1</tessellate>
<coordinates> 172.413140,-43.457700 172.413961,-43.457313 172.413595,-43.457249 172.413117,-43.457226 172.412750,-43.457307 172.412410,-43.457511 172.412211,-43.457695 172.413140,-43.457700</coordinates>
</LinearRing>
</innerBoundaryIs>
<innerBoundaryIs><LinearRing><tessellate>1</tessellate>
<coordinates> 172.406901,-43.456124 172.407069,-43.456187 172.407633,-43.456128 172.408112,-43.456172 172.408589,-43.456359 172.409630,-43.456468 172.409434,-43.456384 172.408845,-43.456052 172.408339,-43.455926 172.407635,-43.455902 172.406930,-43.455980 172.406901,-43.456124</coordinates>
</LinearRing>
</innerBoundaryIs>
<innerBoundaryIs><LinearRing><tessellate>1</tessellate>
<coordinates> 172.419064,-43.454088 172.419005,-43.454355 172.419343,-43.454377 172.419652,-43.454399 172.419906,-43.454380 172.420132,-43.454278 172.420303,-43.454074 172.420476,-43.453745 172.420788,-43.453438 172.421129,-43.453213 172.421695,-43.452867 172.421328,-43.452947 172.420933,-43.453089 172.420199,-43.453209 172.419914,-43.453495 172.419376,-43.453781 172.419064,-43.454088</coordinates>
</LinearRing>
</innerBoundaryIs>
<innerBoundaryIs><LinearRing><tessellate>1</tessellate>
<coordinates> 172.438474,-43.443450 172.438112,-43.443557 172.437322,-43.444096 172.436913,-43.444637 172.437469,-43.444267 172.438279,-43.443868 172.438474,-43.443450</coordinates>
</LinearRing>
</innerBoundaryIs>
<innerBoundaryIs><LinearRing><tessellate>1</tessellate>
<coordinates> 172.453816,-43.447108 172.453857,-43.447344 172.454266,-43.447504 172.454783,-43.447569 172.455582,-43.447368 172.456211,-43.447040 172.456428,-43.446821 172.456494,-43.446680 172.456065,-43.446441 172.455528,-43.446250 172.454945,-43.446231 172.454513,-43.446418 172.454164,-43.446794 172.453816,-43.447108</coordinates>
</LinearRing>
</innerBoundaryIs>
<innerBoundaryIs><LinearRing><tessellate>1</tessellate>
<coordinates> 172.308865,-43.465754 172.309146,-43.465729 172.309332,-43.465797 172.309538,-43.465763 172.309385,-43.465685 172.309168,-43.465556 172.309116,-43.465596 172.309073,-43.465590 172.308896,-43.465465 172.308639,-43.465412 172.308330,-43.465395 172.308083,-43.465483 172.307880,-43.465528 172.307951,-43.465581 172.308137,-43.465619 172.308247,-43.465663 172.308524,-43.465694 172.308718,-43.465750 172.308865,-43.465754</coordinates>
</LinearRing>
</innerBoundaryIs>
<innerBoundaryIs><LinearRing><tessellate>1</tessellate>
<coordinates> 172.341614,-43.455698 172.341707,-43.455617 172.341803,-43.455262 172.341333,-43.455418 172.341081,-43.455608 172.340651,-43.455764 172.340397,-43.456012 172.340443,-43.456065 172.341614,-43.455698</coordinates>
</LinearRing>
</innerBoundaryIs>
<innerBoundaryIs><LinearRing><tessellate>1</tessellate>
<coordinates> 172.389953,-43.452253 172.389962,-43.452216 172.389962,-43.452134 172.389913,-43.452076 172.389897,-43.452003 172.389811,-43.451903 172.389566,-43.451789 172.389445,-43.451773 172.389303,-43.451800 172.389265,-43.451884 172.389285,-43.451951 172.389454,-43.452071 172.389587,-43.452166 172.389790,-43.452240 172.389953,-43.452253</coordinates>
</LinearRing>
</innerBoundaryIs>
<innerBoundaryIs><LinearRing><tessellate>1</tessellate>
<coordinates> 172.397073,-43.455518 172.396627,-43.455083 172.396376,-43.454814 172.396233,-43.454958 172.396399,-43.455349 172.396650,-43.455515 172.397073,-43.455518</coordinates>
</LinearRing>
</innerBoundaryIs>
<innerBoundaryIs><LinearRing><tessellate>1</tessellate>
<coordinates> 172.437033,-43.451311 172.437694,-43.450969 172.437921,-43.450805 172.437923,-43.450625 172.437530,-43.450863 172.436974,-43.450996 172.436583,-43.451084 172.436396,-43.451338 172.436372,-43.451668 172.437033,-43.451311</coordinates>
</LinearRing>
</innerBoundaryIs>
<innerBoundaryIs><LinearRing><tessellate>1</tessellate>
<coordinates> 172.439553,-43.449868 172.439966,-43.449690 172.440216,-43.449271 172.440260,-43.448956 172.439787,-43.448998 172.439641,-43.449268 172.439598,-43.449508 172.439349,-43.449732 172.439224,-43.449881 172.439553,-43.449868</coordinates>
</LinearRing>
</innerBoundaryIs>
<innerBoundaryIs><LinearRing><tessellate>1</tessellate>
<coordinates> 172.517719,-43.443901 172.518442,-43.444406 172.519089,-43.444408 172.519576,-43.444115 172.520309,-43.443498 172.521159,-43.443266 172.521724,-43.443356 172.522208,-43.443565 172.522228,-43.443600 172.522447,-43.443980 172.522542,-43.444044 172.523038,-43.444095 172.523408,-43.444062 172.524190,-43.444109 172.524538,-43.444130 172.524715,-43.444212 172.525283,-43.444258 172.525591,-43.444127 172.526055,-43.444058 172.526344,-43.443923 172.526677,-43.443910 172.526987,-43.443816 172.527173,-43.443852 172.527648,-43.443828 172.528254,-43.443836 172.528802,-43.443741 172.529208,-43.443714 172.529993,-43.443589 172.530347,-43.443483 172.530496,-43.443120 172.531105,-43.443008 172.531548,-43.442810 172.531969,-43.442762 172.532704,-43.442836 172.533066,-43.442880 172.533715,-43.442612 172.534079,-43.442456 172.534277,-43.442235 172.533980,-43.442126 172.533754,-43.442022 172.533618,-43.441949 172.529181,-43.441931 172.528889,-43.441910 172.527853,-43.441925 172.527391,-43.441932 172.527313,-43.441933 172.527289,-43.441923 172.527049,-43.441822 172.526749,-43.441695 172.525899,-43.441600 172.525376,-43.441541 172.525094,-43.441343 172.524532,-43.440947 172.524292,-43.440563 172.524012,-43.440266 172.523367,-43.439998 172.523329,-43.439980 172.522924,-43.439789 172.521876,-43.439519 172.521109,-43.439428 172.520744,-43.439485 172.519893,-43.439865 172.519518,-43.440156 172.519324,-43.440306 172.518716,-43.440421 172.517986,-43.440773 172.517097,-43.440828 172.516571,-43.440914 172.516004,-43.440971 172.515359,-43.440791 172.514713,-43.440700 172.513459,-43.440871 172.512162,-43.441309 172.512404,-43.441398 172.513088,-43.441756 172.513486,-43.441865 172.514177,-43.442055 172.515188,-43.441942 172.516238,-43.442094 172.516840,-43.442657 172.517118,-43.443249 172.517719,-43.443901</coordinates>
</LinearRing>
</innerBoundaryIs>
<innerBoundaryIs><LinearRing><tessellate>1</tessellate>
<coordinates> 172.535087,-43.442178 172.535023,-43.442150 172.534903,-43.442137 172.534763,-43.442154 172.534582,-43.442215 172.534425,-43.442250 172.534372,-43.442326 172.534287,-43.442343 172.534208,-43.442446 172.534356,-43.442445 172.534540,-43.442437 172.534709,-43.442457 172.534959,-43.442430 172.535207,-43.442366 172.535418,-43.442254 172.535538,-43.442131 172.535595,-43.442021 172.535583,-43.441957 172.535691,-43.441957 172.535896,-43.441947 172.536361,-43.441464 172.536660,-43.440833 172.536866,-43.440349 172.537350,-43.439786 172.537500,-43.439437 172.537392,-43.439086 172.537204,-43.439516 172.536721,-43.440053 172.536239,-43.440481 172.535848,-43.441058 172.535567,-43.441676 172.535425,-43.441956 172.535473,-43.441957 172.535411,-43.442016 172.535323,-43.442105 172.535200,-43.442155 172.535087,-43.442178</coordinates>
</LinearRing>
</innerBoundaryIs>
<innerBoundaryIs><LinearRing><tessellate>1</tessellate>
<coordinates> 172.524602,-43.444414 172.524179,-43.444330 172.523630,-43.444357 172.523314,-43.444308 172.523248,-43.444254 172.522997,-43.444282 172.522592,-43.444512 172.522360,-43.444617 172.522419,-43.444665 172.522974,-43.444638 172.523933,-43.444580 172.524871,-43.444579 172.525195,-43.444556 172.525381,-43.444456 172.524602,-43.444414</coordinates>
</LinearRing>
</innerBoundaryIs>
<innerBoundaryIs><LinearRing><tessellate>1</tessellate>
<coordinates> 172.549860,-43.434574 172.549805,-43.434569 172.549271,-43.434518 172.548276,-43.434581 172.547737,-43.434605 172.547152,-43.434631 172.546674,-43.434440 172.546532,-43.434356 172.546532,-43.434356 172.545739,-43.433885 172.545274,-43.433452 172.545245,-43.433425 172.544826,-43.432872 172.542632,-43.433065 172.542260,-43.433548 172.542275,-43.433952 172.542455,-43.434279 172.542475,-43.434316 172.542159,-43.434692 172.541787,-43.435228 172.541526,-43.435631 172.541356,-43.436222 172.541225,-43.436451 172.540468,-43.436744 172.540357,-43.437032 172.540317,-43.437133 172.539891,-43.437441 172.539429,-43.437628 172.539115,-43.437734 172.538727,-43.437961 172.538155,-43.438094 172.537859,-43.438267 172.537856,-43.438604 172.537797,-43.439088 172.537535,-43.439692 172.537273,-43.440149 172.537012,-43.440592 172.536898,-43.441009 172.536765,-43.441627 172.536523,-43.441949 172.537131,-43.441911 172.537630,-43.441644 172.537910,-43.441242 172.538613,-43.440868 172.539278,-43.440642 172.540054,-43.440335 172.540812,-43.439881 172.541182,-43.439721 172.541957,-43.439549 172.542676,-43.439430 172.543341,-43.439285 172.543914,-43.439005 172.544743,-43.438914 172.545867,-43.438986 172.546199,-43.438947 172.546499,-43.438883 172.546499,-43.438883 172.546512,-43.438881 172.546844,-43.438828 172.546936,-43.438850 172.547194,-43.438910 172.547543,-43.439006 172.548243,-43.438955 172.548871,-43.438782 172.549426,-43.438502 172.550071,-43.438356 172.550514,-43.438318 172.550992,-43.438387 172.551417,-43.438267 172.551512,-43.437891 172.551625,-43.437568 172.551848,-43.437331 172.551978,-43.437193 172.552237,-43.437019 172.551557,-43.436815 172.551542,-43.436802 172.551245,-43.436558 172.551052,-43.436214 172.550973,-43.436072 172.550755,-43.435614 172.550629,-43.435196 172.550337,-43.434899 172.549860,-43.434574</coordinates>
</LinearRing>
</innerBoundaryIs>
<innerBoundaryIs><LinearRing><tessellate>1</tessellate>
<coordinates> 172.535833,-43.440587 172.536464,-43.439930 172.536946,-43.439569 172.537151,-43.439220 172.537228,-43.438763 172.537228,-43.438737 172.537214,-43.438224 172.536994,-43.437964 172.536940,-43.437900 172.536812,-43.437765 172.536446,-43.437481 172.535803,-43.437317 172.535306,-43.437261 172.534845,-43.437286 172.534511,-43.437608 172.534379,-43.437971 172.534064,-43.438238 172.533657,-43.438519 172.533621,-43.438527 172.533177,-43.438625 172.532476,-43.438770 172.532068,-43.439092 172.531679,-43.439278 172.531402,-43.439479 172.531252,-43.439546 172.531014,-43.439653 172.530643,-43.439907 172.530363,-43.440363 172.529421,-43.440723 172.528479,-43.440988 172.527870,-43.441120 172.527777,-43.441254 172.528808,-43.441312 172.529765,-43.441437 172.530612,-43.441521 172.531440,-43.441619 172.531872,-43.441631 172.532546,-43.441651 172.533521,-43.441735 172.534220,-43.441886 172.535010,-43.441769 172.535013,-43.441768 172.535368,-43.441177 172.535833,-43.440587</coordinates>
</LinearRing>
</innerBoundaryIs>
<innerBoundaryIs><LinearRing><tessellate>1</tessellate>
<coordinates> 172.541493,-43.440004 172.540827,-43.440352 172.540014,-43.440752 172.539219,-43.441018 172.539570,-43.441006 172.540086,-43.440887 172.540437,-43.440754 172.540733,-43.440620 172.541526,-43.440543 172.542189,-43.440505 172.542725,-43.440332 172.542985,-43.440064 172.543264,-43.439742 172.543578,-43.439528 172.544003,-43.439422 172.544482,-43.439438 172.544887,-43.439493 172.545237,-43.439495 172.545440,-43.439388 172.545792,-43.439147 172.545387,-43.439145 172.544981,-43.439144 172.544023,-43.439167 172.543451,-43.439339 172.542969,-43.439660 172.542103,-43.439751 172.541493,-43.440004</coordinates>
</LinearRing>
</innerBoundaryIs>
<innerBoundaryIs><LinearRing><tessellate>1</tessellate>
<coordinates> 172.516373,-43.440382 172.517058,-43.440621 172.517625,-43.440505 172.517828,-43.440300 172.517021,-43.440178 172.516373,-43.440382</coordinates>
</LinearRing>
</innerBoundaryIs>
<innerBoundaryIs><LinearRing><tessellate>1</tessellate>
<coordinates> 172.541976,-43.433970 172.541945,-43.433816 172.541616,-43.433465 172.541470,-43.433208 172.541379,-43.433087 172.540935,-43.433341 172.540749,-43.433677 172.540654,-43.434026 172.540669,-43.434416 172.540678,-43.434594 172.540685,-43.434726 172.540665,-43.434982 172.541236,-43.434944 172.541771,-43.434919 172.541939,-43.434610 172.542016,-43.434166 172.541976,-43.433970</coordinates>
</LinearRing>
</innerBoundaryIs>
<innerBoundaryIs><LinearRing><tessellate>1</tessellate>
<coordinates> 172.541377,-43.435792 172.541362,-43.435429 172.541345,-43.435186 172.541272,-43.435092 172.540867,-43.435077 172.540534,-43.435210 172.540403,-43.435546 172.540511,-43.435869 172.540509,-43.436165 172.540989,-43.435979 172.541377,-43.435792</coordinates>
</LinearRing>
</innerBoundaryIs>
<innerBoundaryIs><LinearRing><tessellate>1</tessellate>
<coordinates> 172.556671,-43.437037 172.557218,-43.436833 172.557582,-43.436643 172.557483,-43.436349 172.556697,-43.436287 172.556433,-43.436477 172.555664,-43.436856 172.555163,-43.436919 172.555318,-43.437178 172.555459,-43.437311 172.556105,-43.437284 172.556671,-43.437037</coordinates>
</LinearRing>
</innerBoundaryIs>
<innerBoundaryIs><LinearRing><tessellate>1</tessellate>
<coordinates> 172.567541,-43.435561 172.568686,-43.435818 172.569580,-43.436123 172.569761,-43.436582 172.570151,-43.436946 172.571173,-43.436969 172.571804,-43.436589 172.572201,-43.436075 172.572468,-43.435389 172.573025,-43.434493 172.573341,-43.434170 172.574446,-43.433563 172.575784,-43.433301 172.576205,-43.433130 172.575996,-43.432996 172.575473,-43.432899 172.575134,-43.432649 172.574847,-43.432476 172.575501,-43.432574 172.576339,-43.432711 172.577464,-43.432849 172.578196,-43.433195 172.578981,-43.433332 172.579324,-43.432989 172.579824,-43.432647 172.580481,-43.432401 172.580743,-43.432364 172.580718,-43.432192 172.580117,-43.431885 172.579254,-43.431652 172.578426,-43.431410 172.578358,-43.431390 172.578207,-43.431515 172.577894,-43.431361 172.577267,-43.431110 172.576088,-43.431087 172.574804,-43.431158 172.573598,-43.431211 172.572364,-43.431512 172.571454,-43.431505 172.570189,-43.431542 172.569639,-43.431597 172.568671,-43.431364 172.567780,-43.431380 172.567095,-43.431836 172.566830,-43.432274 172.566277,-43.432692 172.565753,-43.432747 172.564888,-43.432744 172.564126,-43.432989 172.563655,-43.432969 172.562581,-43.432907 172.561350,-43.432769 172.560538,-43.432766 172.560118,-43.432879 172.559855,-43.433088 172.559143,-43.433600 172.558722,-43.433962 172.558326,-43.434247 172.557749,-43.434416 172.557694,-43.434683 172.557248,-43.434739 172.556699,-43.434699 172.556202,-43.434525 172.555598,-43.434656 172.556042,-43.434963 172.556221,-43.435461 172.556507,-43.435863 172.557449,-43.436019 172.559045,-43.436293 172.561010,-43.436319 172.561747,-43.436343 172.562212,-43.436264 172.562897,-43.436326 172.564473,-43.435855 172.565104,-43.435457 172.564528,-43.435435 172.563506,-43.435431 172.562773,-43.435390 172.563928,-43.435108 172.565081,-43.435036 172.566312,-43.435194 172.567541,-43.435561</coordinates>
</LinearRing>
</innerBoundaryIs>
<innerBoundaryIs><LinearRing><tessellate>1</tessellate>
<coordinates> 172.573239,-43.436688 172.574007,-43.436573 172.574938,-43.436165 172.575342,-43.436122 172.575805,-43.436271 172.575864,-43.436492 172.576388,-43.436567 172.577115,-43.436423 172.578124,-43.436412 172.578650,-43.436238 172.579721,-43.436094 172.580186,-43.435876 172.580530,-43.435745 172.580933,-43.435820 172.581277,-43.435733 172.581742,-43.435602 172.582226,-43.435589 172.582550,-43.435399 172.583078,-43.434901 172.583464,-43.434506 172.583789,-43.434227 172.584175,-43.433802 172.584802,-43.433628 172.585610,-43.433410 172.585673,-43.433102 172.585976,-43.432985 172.585997,-43.432897 172.585655,-43.432720 172.585191,-43.432733 172.584888,-43.432790 172.584303,-43.432788 172.583779,-43.432786 172.582244,-43.433016 172.581416,-43.433013 172.580853,-43.432790 172.580530,-43.432877 172.580184,-43.433288 172.579597,-43.433580 172.578990,-43.433739 172.578244,-43.433736 172.577822,-43.433529 172.577238,-43.433233 172.576855,-43.433246 172.576430,-43.433421 172.575946,-43.433434 172.575622,-43.433609 172.576105,-43.433802 172.577031,-43.434070 172.577452,-43.434366 172.578017,-43.434471 172.578522,-43.434399 172.578965,-43.434401 172.579166,-43.434534 172.578862,-43.434709 172.578397,-43.434855 172.577490,-43.434792 172.577007,-43.434570 172.576424,-43.434230 172.575678,-43.434153 172.574993,-43.434151 172.574144,-43.434309 172.573210,-43.435173 172.572841,-43.435922 172.572614,-43.436627 172.572835,-43.436804 172.573239,-43.436688</coordinates>
</LinearRing>
</innerBoundaryIs>
<innerBoundaryIs><LinearRing><tessellate>1</tessellate>
<coordinates> 172.603471,-43.428307 172.602921,-43.428007 172.601881,-43.427721 172.600880,-43.427613 172.600247,-43.427611 172.599756,-43.427654 172.598938,-43.427785 172.598079,-43.427871 172.597404,-43.427869 172.596891,-43.428284 172.596459,-43.428700 172.596149,-43.429190 172.595778,-43.429621 172.595776,-43.429978 172.595548,-43.430454 172.595485,-43.430781 172.595709,-43.430827 172.596180,-43.430620 172.596671,-43.430607 172.597181,-43.430668 172.597877,-43.430566 172.598409,-43.430539 172.599103,-43.430541 172.599758,-43.430409 172.600187,-43.430440 172.600801,-43.430383 172.601109,-43.430086 172.601380,-43.429283 172.601484,-43.428985 172.601649,-43.428748 172.602611,-43.428572 172.603081,-43.428514 172.603470,-43.428456 172.603471,-43.428307</coordinates>
</LinearRing>
</innerBoundaryIs>
<innerBoundaryIs><LinearRing><tessellate>1</tessellate>
<coordinates> 172.606821,-43.428497 172.607272,-43.428305 172.608069,-43.428278 172.609071,-43.428177 172.609726,-43.428150 172.610563,-43.428153 172.610932,-43.428050 172.610626,-43.427870 172.609728,-43.427703 172.608788,-43.427685 172.608113,-43.427891 172.607683,-43.428054 172.606763,-43.428050 172.605885,-43.427958 172.605375,-43.427852 172.604844,-43.427716 172.604457,-43.427611 172.603925,-43.427609 172.603802,-43.427683 172.603801,-43.427876 172.604739,-43.428133 172.605861,-43.428435 172.606821,-43.428497</coordinates>
</LinearRing>
</innerBoundaryIs>
<innerBoundaryIs><LinearRing><tessellate>1</tessellate>
<coordinates> 172.627311,-43.423641 172.627464,-43.423658 172.627805,-43.423531 172.628244,-43.423293 172.628475,-43.423095 172.628826,-43.422920 172.629703,-43.422708 172.630339,-43.422487 172.630986,-43.422249 172.631327,-43.422059 172.631886,-43.421861 172.632621,-43.421640 172.633258,-43.421188 172.633644,-43.420734 172.633865,-43.420424 172.634052,-43.420257 172.634228,-43.420066 172.634448,-43.419883 172.634733,-43.419780 172.634767,-43.419669 172.634527,-43.419556 172.634242,-43.419531 172.634166,-43.419499 172.633899,-43.419522 172.633882,-43.419411 172.633685,-43.419426 172.633049,-43.419504 172.632653,-43.419909 172.631845,-43.420058 172.630356,-43.420205 172.629080,-43.420261 172.628074,-43.420676 172.626066,-43.422376 172.625598,-43.422798 172.625455,-43.422925 172.626013,-43.423047 172.626438,-43.423248 172.626853,-43.423496 172.627311,-43.423641</coordinates>
</LinearRing>
</innerBoundaryIs>
<innerBoundaryIs><LinearRing><tessellate>1</tessellate>
<coordinates> 172.609674,-43.429773 172.610166,-43.429492 172.611025,-43.429435 172.611476,-43.429228 172.611723,-43.428991 172.611949,-43.428738 172.612093,-43.428575 172.611625,-43.428350 172.610890,-43.428184 172.610502,-43.428227 172.610093,-43.428255 172.609541,-43.428254 172.608804,-43.428370 172.608251,-43.428577 172.607679,-43.428575 172.607249,-43.428752 172.607063,-43.428975 172.607429,-43.429378 172.608080,-43.429857 172.608794,-43.429979 172.609674,-43.429773</coordinates>
</LinearRing>
</innerBoundaryIs>
<innerBoundaryIs><LinearRing><tessellate>1</tessellate>
<coordinates> 172.619031,-43.423758 172.619624,-43.423685 172.620401,-43.423688 172.621096,-43.423556 172.621730,-43.423439 172.622262,-43.423307 172.622263,-43.423202 172.621998,-43.423172 172.621078,-43.423169 172.619667,-43.423298 172.618767,-43.423429 172.617868,-43.423545 172.617212,-43.423796 172.617189,-43.424213 172.617432,-43.424557 172.617780,-43.424439 172.618334,-43.424113 172.619031,-43.423758</coordinates>
</LinearRing>
</innerBoundaryIs>
<innerBoundaryIs><LinearRing><tessellate>1</tessellate>
<coordinates> 172.622615,-43.422140 172.622510,-43.422353 172.622776,-43.422542 172.623353,-43.422651 172.623854,-43.422615 172.624915,-43.422461 172.625348,-43.422180 172.625910,-43.422044 172.626387,-43.421555 172.626474,-43.421492 172.625585,-43.421621 172.624601,-43.421643 172.623211,-43.421991 172.622615,-43.422140</coordinates>
</LinearRing>
</innerBoundaryIs>
<innerBoundaryIs><LinearRing><tessellate>1</tessellate>
<coordinates> 172.564261,-43.436551 172.564263,-43.436316 172.563657,-43.436417 172.562828,-43.436663 172.562343,-43.436750 172.561878,-43.436924 172.561776,-43.437115 172.562421,-43.437235 172.562965,-43.437267 172.563633,-43.436931 172.564261,-43.436551</coordinates>
</LinearRing>
</innerBoundaryIs>
<innerBoundaryIs><LinearRing><tessellate>1</tessellate>
<coordinates> 172.566741,-43.436556 172.567113,-43.436430 172.566929,-43.436215 172.566745,-43.435967 172.566528,-43.435855 172.566103,-43.435774 172.565698,-43.435916 172.565162,-43.436041 172.565150,-43.436168 172.565575,-43.436313 172.566239,-43.436570 172.566741,-43.436556</coordinates>
</LinearRing>
</innerBoundaryIs>
<innerBoundaryIs><LinearRing><tessellate>1</tessellate>
<coordinates> 172.616407,-43.425030 172.616287,-43.424687 172.616288,-43.424478 172.616105,-43.424299 172.615674,-43.424730 172.615324,-43.425026 172.615302,-43.425324 172.615811,-43.425609 172.615972,-43.426011 172.615970,-43.426399 172.616317,-43.426459 172.616788,-43.426178 172.616894,-43.425702 172.616691,-43.425344 172.616407,-43.425030</coordinates>
</LinearRing>
</innerBoundaryIs>
<innerBoundaryIs><LinearRing><tessellate>1</tessellate>
<coordinates> 172.193040,-43.440053 172.193073,-43.439999 172.192884,-43.439846 172.192516,-43.439637 172.192181,-43.439631 172.191896,-43.439742 172.191807,-43.439898 172.191884,-43.440045 172.191932,-43.440135 172.192272,-43.440188 172.192694,-43.440170 172.193008,-43.440104 172.193040,-43.440053</coordinates>
</LinearRing>
</innerBoundaryIs>
<innerBoundaryIs><LinearRing><tessellate>1</tessellate>
<coordinates> 172.215646,-43.444297 172.215205,-43.444195 172.214777,-43.444047 172.214196,-43.443841 172.213653,-43.443559 172.213148,-43.443405 172.212790,-43.443368 172.212347,-43.443382 172.212064,-43.443406 172.211775,-43.443481 172.211194,-43.443727 172.210879,-43.443965 172.210594,-43.444122 172.210074,-43.444187 172.209729,-43.444228 172.209235,-43.444185 172.208606,-43.444044 172.207890,-43.443824 172.206906,-43.443375 172.206395,-43.443217 172.205865,-43.443187 172.205470,-43.443197 172.205193,-43.443272 172.205781,-43.443839 172.206165,-43.444159 172.206592,-43.444375 172.206768,-43.444464 172.207266,-43.444725 172.207891,-43.445133 172.208148,-43.445307 172.208439,-43.445627 172.208693,-43.446019 172.208954,-43.446269 172.209537,-43.446299 172.209963,-43.446195 172.210465,-43.446103 172.210997,-43.445935 172.211510,-43.445849 172.212028,-43.445861 172.212433,-43.445984 172.213075,-43.446027 172.214286,-43.445684 172.215021,-43.445375 172.215311,-43.445261 172.216131,-43.445172 172.216434,-43.445028 172.216701,-43.444950 172.217088,-43.444835 172.217219,-43.444729 172.216819,-43.444679 172.216291,-43.444551 172.215646,-43.444297</coordinates>
</LinearRing>
</innerBoundaryIs>
<innerBoundaryIs><LinearRing><tessellate>1</tessellate>
<coordinates> 172.206492,-43.442522 172.206152,-43.442680 172.206137,-43.442687 172.206511,-43.442908 172.207033,-43.443139 172.207515,-43.443203 172.207727,-43.443230 172.207867,-43.443317 172.208147,-43.443521 172.208680,-43.443821 172.209542,-43.444089 172.210211,-43.443857 172.210928,-43.443592 172.211692,-43.443262 172.212118,-43.443162 172.212582,-43.443075 172.212988,-43.443056 172.213376,-43.443158 172.213781,-43.443319 172.214314,-43.443520 172.214826,-43.443614 172.215309,-43.443630 172.215886,-43.443634 172.216249,-43.443521 172.216645,-43.443480 172.217227,-43.443574 172.217978,-43.443842 172.218541,-43.444017 172.219007,-43.444003 172.219426,-43.443933 172.220008,-43.444023 172.220589,-43.444203 172.220492,-43.444005 172.220226,-43.443573 172.219760,-43.443154 172.219274,-43.442970 172.218504,-43.442776 172.217962,-43.442751 172.217419,-43.442816 172.217071,-43.442903 172.216858,-43.442975 172.216074,-43.442961 172.215235,-43.442650 172.214742,-43.442540 172.214365,-43.442554 172.212979,-43.442519 172.211607,-43.442441 172.210812,-43.442449 172.210059,-43.442280 172.209642,-43.442247 172.208752,-43.442241 172.208747,-43.442242 172.207997,-43.442305 172.207506,-43.442550 172.207229,-43.442518 172.206817,-43.442468 172.206492,-43.442522</coordinates>
</LinearRing>
</innerBoundaryIs>
<innerBoundaryIs><LinearRing><tessellate>1</tessellate>
<coordinates> 172.212612,-43.446578 172.212634,-43.446733 172.212855,-43.446966 172.213699,-43.447247 172.214605,-43.447416 172.214781,-43.447496 172.215144,-43.447660 172.216521,-43.448545 172.217339,-43.449117 172.218429,-43.449571 172.219817,-43.449838 172.219980,-43.449864 172.222083,-43.450195 172.223115,-43.450563 172.224462,-43.451234 172.225307,-43.451531 172.226134,-43.451374 172.227068,-43.451148 172.228664,-43.450523 172.229350,-43.450331 172.230291,-43.450448 172.231361,-43.450696 172.232290,-43.450814 172.233410,-43.450787 172.234579,-43.450692 172.234172,-43.450182 172.233980,-43.449571 172.233419,-43.449181 172.232703,-43.448970 172.231936,-43.448999 172.230992,-43.449096 172.229232,-43.449419 172.228102,-43.449291 172.227151,-43.448959 172.226298,-43.448446 172.225811,-43.447914 172.225264,-43.447315 172.224847,-43.446694 172.224030,-43.446138 172.223149,-43.445866 172.221223,-43.445321 172.220049,-43.445167 172.219376,-43.445274 172.218746,-43.445665 172.217775,-43.446019 172.216688,-43.446243 172.215985,-43.446521 172.215681,-43.446640 172.214591,-43.446634 172.213155,-43.446496 172.212754,-43.446502 172.212612,-43.446578</coordinates>
</LinearRing>
</innerBoundaryIs>
<innerBoundaryIs><LinearRing><tessellate>1</tessellate>
<coordinates> 172.210686,-43.448950 172.212425,-43.449366 172.213797,-43.449908 172.215031,-43.450140 172.216221,-43.450208 172.217635,-43.450261 172.218955,-43.450252 172.217761,-43.449583 172.217151,-43.449338 172.216294,-43.449092 172.215486,-43.448708 172.214243,-43.448227 172.213209,-43.447980 172.212161,-43.447861 172.211828,-43.447908 172.211122,-43.448009 172.210387,-43.448347 172.210114,-43.448534 172.210448,-43.448778 172.210686,-43.448950</coordinates>
</LinearRing>
</innerBoundaryIs>
<innerBoundaryIs><LinearRing><tessellate>1</tessellate>
<coordinates> 172.204235,-43.445576 172.204770,-43.445984 172.205477,-43.446442 172.205830,-43.446675 172.205847,-43.446841 172.205932,-43.446992 172.206209,-43.447205 172.206559,-43.447394 172.207129,-43.447693 172.208253,-43.448035 172.208898,-43.448145 172.208833,-43.447965 172.208175,-43.447728 172.207590,-43.447440 172.207140,-43.447191 172.206669,-43.446713 172.206513,-43.446469 172.206047,-43.446393 172.205747,-43.446113 172.205655,-43.445712 172.205505,-43.445381 172.205456,-43.445110 172.205068,-43.444900 172.204493,-43.444661 172.203934,-43.444573 172.203373,-43.444400 172.203257,-43.444409 172.203227,-43.444469 172.203254,-43.444578 172.203459,-43.444787 172.203772,-43.445193 172.204235,-43.445576</coordinates>
</LinearRing>
</innerBoundaryIs>
<innerBoundaryIs><LinearRing><tessellate>1</tessellate>
<coordinates> 172.207600,-43.447045 172.208270,-43.447472 172.208854,-43.447761 172.209585,-43.447920 172.210306,-43.448044 172.210423,-43.448010 172.210869,-43.447837 172.211453,-43.447694 172.211691,-43.447548 172.211563,-43.447420 172.211293,-43.447422 172.210858,-43.447461 172.210259,-43.447531 172.209811,-43.447514 172.209627,-43.447523 172.209622,-43.447548 172.209621,-43.447642 172.209338,-43.447553 172.208348,-43.447229 172.207813,-43.446906 172.207760,-43.446874 172.207321,-43.446559 172.207467,-43.446490 172.207535,-43.446438 172.207325,-43.446264 172.206551,-43.445380 172.206362,-43.445315 172.206437,-43.445680 172.206615,-43.446103 172.206848,-43.446382 172.207017,-43.446634 172.207600,-43.447045</coordinates>
</LinearRing>
</innerBoundaryIs>
<innerBoundaryIs><LinearRing><tessellate>1</tessellate>
<coordinates> 172.220070,-43.450190 172.219409,-43.450280 172.219347,-43.450528 172.219357,-43.450614 172.220142,-43.451032 172.220779,-43.450993 172.221897,-43.451130 172.222722,-43.451135 172.223473,-43.451389 172.224566,-43.451637 172.223357,-43.451191 172.222841,-43.450981 172.221866,-43.450734 172.220798,-43.450401 172.220070,-43.450190</coordinates>
</LinearRing>
</innerBoundaryIs>
<innerBoundaryIs><LinearRing><tessellate>1</tessellate>
<coordinates> 172.234625,-43.448519 172.234090,-43.448859 172.234616,-43.449215 172.235449,-43.449521 172.236614,-43.449718 172.237458,-43.450033 172.238361,-43.450451 172.238915,-43.450446 172.238106,-43.450054 172.237489,-43.449466 172.236977,-43.448956 172.235933,-43.448553 172.234625,-43.448519</coordinates>
</LinearRing>
</innerBoundaryIs>
<innerBoundaryIs><LinearRing><tessellate>1</tessellate>
<coordinates> 172.232345,-43.451012 172.232318,-43.451261 172.232609,-43.451529 172.233372,-43.451766 172.234078,-43.451856 172.234797,-43.451827 172.235377,-43.451659 172.235534,-43.451359 172.235300,-43.451263 172.234619,-43.451027 172.233914,-43.450893 172.233182,-43.450949 172.232345,-43.451012</coordinates>
</LinearRing>
</innerBoundaryIs>
<innerBoundaryIs><LinearRing><tessellate>1</tessellate>
<coordinates> 172.234992,-43.450248 172.235399,-43.450680 172.235833,-43.450846 172.236741,-43.450878 172.237342,-43.450848 172.237993,-43.450629 172.237031,-43.450262 172.236163,-43.449921 172.235375,-43.449830 172.234996,-43.449930 172.234992,-43.450248</coordinates>
</LinearRing>
</innerBoundaryIs>
<innerBoundaryIs><LinearRing><tessellate>1</tessellate>
<coordinates> 172.250667,-43.449600 172.250374,-43.449330 172.249574,-43.448593 172.248957,-43.448231 172.248578,-43.448194 172.247895,-43.448426 172.247543,-43.448588 172.247226,-43.448602 172.246373,-43.448682 172.246282,-43.448665 172.245551,-43.448728 172.245065,-43.448957 172.244600,-43.449324 172.244529,-43.449366 172.244669,-43.449479 172.245256,-43.449689 172.245851,-43.450174 172.246342,-43.450477 172.247119,-43.450586 172.247929,-43.450866 172.248815,-43.451619 172.249568,-43.451710 172.251874,-43.451089 172.252808,-43.450906 172.252516,-43.450655 172.251587,-43.450477 172.251203,-43.450054 172.250689,-43.449613 172.250679,-43.449604 172.250667,-43.449600</coordinates>
</LinearRing>
</innerBoundaryIs>
<innerBoundaryIs><LinearRing><tessellate>1</tessellate>
<coordinates> 172.200682,-43.443001 172.200317,-43.442999 172.199576,-43.443032 172.199010,-43.442998 172.198605,-43.443004 172.198384,-43.443120 172.198381,-43.443323 172.198993,-43.443411 172.199657,-43.443517 172.200303,-43.443635 172.200997,-43.443623 172.201491,-43.443467 172.201998,-43.443188 172.201970,-43.443091 172.201704,-43.443097 172.201369,-43.443078 172.201040,-43.443025 172.200682,-43.443001</coordinates>
</LinearRing>
</innerBoundaryIs>
<innerBoundaryIs><LinearRing><tessellate>1</tessellate>
<coordinates> 172.226818,-43.447609 172.226275,-43.447648 172.226377,-43.447941 172.227033,-43.448272 172.227903,-43.448475 172.228854,-43.448739 172.229658,-43.448582 172.229096,-43.448277 172.228664,-43.447956 172.228055,-43.447643 172.227407,-43.447639 172.226818,-43.447609</coordinates>
</LinearRing>
</innerBoundaryIs>
<innerBoundaryIs><LinearRing><tessellate>1</tessellate>
<coordinates> 172.214728,-43.445975 172.214974,-43.446088 172.215942,-43.445966 172.216614,-43.445919 172.217480,-43.445504 172.216713,-43.445602 172.215994,-43.445606 172.215261,-43.445712 172.214836,-43.445830 172.214728,-43.445975</coordinates>
</LinearRing>
</innerBoundaryIs>
<innerBoundaryIs><LinearRing><tessellate>1</tessellate>
<coordinates> 172.226723,-43.445744 172.226228,-43.445801 172.225792,-43.445755 172.225275,-43.445631 172.224804,-43.445594 172.224778,-43.445791 172.225162,-43.446198 172.225687,-43.446596 172.226306,-43.447039 172.226999,-43.447215 172.227778,-43.447186 172.227533,-43.446935 172.227373,-43.446565 172.227213,-43.446186 172.226946,-43.445883 172.226723,-43.445744</coordinates>
</LinearRing>
</innerBoundaryIs>
<innerBoundaryIs><LinearRing><tessellate>1</tessellate>
<coordinates> 172.191482,-43.440473 172.191862,-43.440568 172.192486,-43.440644 172.192909,-43.440580 172.193112,-43.440518 172.193159,-43.440447 172.192554,-43.440320 172.191970,-43.440270 172.191508,-43.440246 172.191351,-43.440333 172.191482,-43.440473</coordinates>
</LinearRing>
</innerBoundaryIs>
<innerBoundaryIs><LinearRing><tessellate>1</tessellate>
<coordinates> 172.215891,-43.443994 172.216304,-43.443928 172.215475,-43.443811 172.215097,-43.443804 172.214979,-43.443842 172.215177,-43.443998 172.215891,-43.443994</coordinates>
</LinearRing>
</innerBoundaryIs>
<innerBoundaryIs><LinearRing><tessellate>1</tessellate>
<coordinates> 172.208065,-43.445778 172.207839,-43.445485 172.207665,-43.445264 172.207426,-43.445087 172.207005,-43.444873 172.206957,-43.444886 172.206956,-43.444998 172.207118,-43.445201 172.207403,-43.445525 172.207670,-43.445780 172.208065,-43.445778</coordinates>
</LinearRing>
</innerBoundaryIs>
<innerBoundaryIs><LinearRing><tessellate>1</tessellate>
<coordinates> 172.253502,-43.450756 172.254316,-43.450649 172.254767,-43.450386 172.254960,-43.450078 172.254026,-43.450244 172.253143,-43.450238 172.252646,-43.450329 172.252810,-43.450468 172.253502,-43.450756</coordinates>
</LinearRing>
</innerBoundaryIs>
<innerBoundaryIs><LinearRing><tessellate>1</tessellate>
<coordinates> 172.254404,-43.451191 172.253909,-43.451162 172.254341,-43.451526 172.255061,-43.451393 172.254404,-43.451191</coordinates>
</LinearRing>
</innerBoundaryIs>
<innerBoundaryIs><LinearRing><tessellate>1</tessellate>
<coordinates> 172.175006,-43.436827 172.176255,-43.436871 172.177391,-43.436711 172.178333,-43.436711 172.179012,-43.436755 172.178745,-43.436445 172.178357,-43.436312 172.177677,-43.436181 172.177109,-43.436233 172.176348,-43.436353 172.175368,-43.436311 172.174273,-43.436289 172.173028,-43.435986 172.172471,-43.435905 172.172204,-43.435770 172.172096,-43.435986 172.172371,-43.436219 172.172934,-43.436532 172.173613,-43.436768 172.174467,-43.436879 172.175006,-43.436827</coordinates>
</LinearRing>
</innerBoundaryIs>
<innerBoundaryIs><LinearRing><tessellate>1</tessellate>
<coordinates> 172.172471,-43.435423 172.173949,-43.435553 172.174716,-43.435740 172.175777,-43.436133 172.176516,-43.436237 172.177018,-43.436037 172.176646,-43.435866 172.175482,-43.435248 172.174499,-43.434744 172.172870,-43.434340 172.171891,-43.434256 172.170562,-43.433847 172.170611,-43.434394 172.170684,-43.434681 172.170930,-43.434998 172.171427,-43.435205 172.172471,-43.435423</coordinates>
</LinearRing>
</innerBoundaryIs>
<innerBoundaryIs><LinearRing><tessellate>1</tessellate>
<coordinates> 172.188727,-43.436590 172.188238,-43.436561 172.187425,-43.436607 172.187140,-43.436475 172.186591,-43.436436 172.186005,-43.436440 172.185035,-43.436642 172.183980,-43.436913 172.183237,-43.437108 172.183080,-43.437194 172.185057,-43.437409 172.186108,-43.437317 172.187958,-43.436806 172.188986,-43.436629 172.188727,-43.436590</coordinates>
</LinearRing>
</innerBoundaryIs>
<innerBoundaryIs><LinearRing><tessellate>1</tessellate>
<coordinates> 172.189524,-43.438231 172.190304,-43.438261 172.191094,-43.438440 172.191651,-43.438726 172.191721,-43.438242 172.191616,-43.437900 172.191321,-43.437472 172.190627,-43.437033 172.190023,-43.436793 172.189613,-43.436731 172.188506,-43.436934 172.187780,-43.437165 172.187200,-43.437291 172.186805,-43.437432 172.186786,-43.437533 172.187322,-43.437680 172.188179,-43.438040 172.188916,-43.438235 172.189524,-43.438231</coordinates>
</LinearRing>
</innerBoundaryIs>
<innerBoundaryIs><LinearRing><tessellate>1</tessellate>
<coordinates> 172.190357,-43.438599 172.189706,-43.438434 172.189279,-43.438377 172.188943,-43.438416 172.188659,-43.438486 172.188416,-43.438434 172.188419,-43.438657 172.188584,-43.438911 172.188956,-43.439200 172.189709,-43.439547 172.190770,-43.439728 172.191394,-43.439795 172.192226,-43.439426 172.192066,-43.439283 172.191763,-43.439014 172.191261,-43.438884 172.190829,-43.438754 172.190357,-43.438599</coordinates>
</LinearRing>
</innerBoundaryIs>
<innerBoundaryIs><LinearRing><tessellate>1</tessellate>
<coordinates> 172.175786,-43.438107 172.176342,-43.438244 172.176726,-43.438240 172.176192,-43.437970 172.175733,-43.437799 172.175243,-43.437788 172.175278,-43.437992 172.175786,-43.438107</coordinates>
</LinearRing>
</innerBoundaryIs>
<innerBoundaryIs><LinearRing><tessellate>1</tessellate>
<coordinates> 172.175772,-43.437729 172.176146,-43.437760 172.176471,-43.437902 172.176815,-43.438101 172.177025,-43.438179 172.177123,-43.438054 172.177240,-43.437880 172.176389,-43.437586 172.175881,-43.437456 172.175277,-43.437410 172.175312,-43.437627 172.175772,-43.437729</coordinates>
</LinearRing>
</innerBoundaryIs>
<innerBoundaryIs><LinearRing><tessellate>1</tessellate>
<coordinates> 172.176688,-43.437476 172.177380,-43.437495 172.176481,-43.437180 172.175886,-43.437099 172.175683,-43.437224 172.176007,-43.437394 172.176688,-43.437476</coordinates>
</LinearRing>
</innerBoundaryIs>
<innerBoundaryIs><LinearRing><tessellate>1</tessellate>
<coordinates> 172.168924,-43.433907 172.169109,-43.433698 172.169036,-43.433411 172.168453,-43.433203 172.167416,-43.433091 172.167013,-43.433109 172.168924,-43.433907</coordinates>
</LinearRing>
</innerBoundaryIs>
<innerBoundaryIs><LinearRing><tessellate>1</tessellate>
<coordinates> 172.168113,-43.434664 172.168832,-43.434753 172.169370,-43.434785 172.169449,-43.434673 172.168897,-43.434242 172.168668,-43.434121 172.168379,-43.434196 172.168040,-43.434383 172.168113,-43.434664</coordinates>
</LinearRing>
</innerBoundaryIs>
<innerBoundaryIs><LinearRing><tessellate>1</tessellate>
<coordinates> 172.169862,-43.433920 172.169752,-43.433548 172.169611,-43.433337 172.169353,-43.433188 172.169285,-43.433243 172.169335,-43.433811 172.169446,-43.434183 172.169905,-43.434312 172.169862,-43.433920</coordinates>
</LinearRing>
</innerBoundaryIs>
<innerBoundaryIs><LinearRing><tessellate>1</tessellate>
<coordinates> 172.166541,-43.432440 172.166818,-43.432568 172.167461,-43.432671 172.167901,-43.432800 172.168524,-43.432902 172.168239,-43.432662 172.167828,-43.432498 172.166784,-43.432252 172.166582,-43.432244 172.166541,-43.432440</coordinates>
</LinearRing>
</innerBoundaryIs>
<innerBoundaryIs><LinearRing><tessellate>1</tessellate>
<coordinates> 172.174721,-43.437273 172.175165,-43.437192 172.175243,-43.437074 172.174657,-43.437048 172.174417,-43.437040 172.174185,-43.437150 172.174241,-43.437263 172.174721,-43.437273</coordinates>
</LinearRing>
</innerBoundaryIs>
<innerBoundaryIs><LinearRing><tessellate>1</tessellate>
<coordinates> 172.166737,-43.434093 172.166774,-43.434206 172.167060,-43.434341 172.167472,-43.434463 172.167503,-43.434309 172.167380,-43.434168 172.167370,-43.434133 172.167016,-43.434067 172.166737,-43.434093</coordinates>
</LinearRing>
</innerBoundaryIs>
</Polygon>
</Placemark>
<Placemark><styleUrl>#nz-river-polygons-topo-150kId</styleUrl>
<ExtendedData><SchemaData schemaUrl="#nz-river-polygons-topo-150kId"><SimpleData name="t50_fid">8354944</SimpleData>
</SchemaData>
</ExtendedData>
<Polygon><outerBoundaryIs><LinearRing><tessellate>1</tessellate>
<coordinates> 172.198468,-43.884961 172.198468,-43.884960 172.198473,-43.884962 172.198468,-43.884961</coordinates>
</LinearRing>
</outerBoundaryIs>
</Polygon>
</Placemark>
<Placemark><styleUrl>#nz-river-polygons-topo-150kId</styleUrl>
<ExtendedData><SchemaData schemaUrl="#nz-river-polygons-topo-150kId"><SimpleData name="t50_fid">8354943</SimpleData>
</SchemaData>
</ExtendedData>
<Polygon><outerBoundaryIs><LinearRing><tessellate>1</tessellate>
<coordinates> 172.199203,-43.885502 172.199177,-43.885428 172.199213,-43.885462 172.199203,-43.885502</coordinates>
</LinearRing>
</outerBoundaryIs>
</Polygon>
</Placemark>
<Placemark><styleUrl>#nz-river-polygons-topo-150kId</styleUrl>
<ExtendedData><SchemaData schemaUrl="#nz-river-polygons-topo-150kId"><SimpleData name="t50_fid">7550326</SimpleData>
</SchemaData>
</ExtendedData>
<Polygon><outerBoundaryIs><LinearRing><tessellate>1</tessellate>
<coordinates> 172.447851,-43.744324 172.446826,-43.743514 172.446266,-43.743199 172.445739,-43.742793 172.445583,-43.742591 172.445055,-43.742208 172.444745,-43.741870 172.444558,-43.741848 172.444403,-43.741983 172.444186,-43.742479 172.443875,-43.742817 172.443410,-43.743132 172.442819,-43.743379 172.442510,-43.743605 172.441795,-43.743897 172.440770,-43.744415 172.440554,-43.744595 172.440118,-43.745091 172.439560,-43.745451 172.439191,-43.744991 172.439280,-43.744979 172.439839,-43.744550 172.440088,-43.744236 172.440554,-43.743920 172.441082,-43.743628 172.441702,-43.743402 172.443006,-43.742772 172.443285,-43.742569 172.443627,-43.742074 172.443751,-43.741736 172.443751,-43.741037 172.443595,-43.740790 172.442912,-43.740183 172.442570,-43.739957 172.442042,-43.739417 172.440986,-43.738607 172.440613,-43.738404 172.440210,-43.738111 172.439868,-43.737797 172.439246,-43.736919 172.438998,-43.736491 172.438470,-43.735230 172.437941,-43.733159 172.437288,-43.731584 172.436947,-43.731043 172.436792,-43.730638 172.436667,-43.730436 172.436263,-43.730053 172.435891,-43.729400 172.435456,-43.728814 172.435145,-43.728140 172.434618,-43.727396 172.434213,-43.726676 172.434059,-43.726204 172.434089,-43.725888 172.433996,-43.725461 172.433996,-43.724987 172.434648,-43.723232 172.435144,-43.722578 172.435331,-43.722218 172.435764,-43.721632 172.436292,-43.721070 172.437130,-43.720349 172.438216,-43.719246 172.438527,-43.718818 172.438651,-43.718526 172.438867,-43.717670 172.439014,-43.717406 172.439145,-43.717194 172.439146,-43.717107 172.439119,-43.717106 172.439109,-43.716329 172.438995,-43.715488 172.438810,-43.714836 172.438784,-43.713882 172.438704,-43.713180 172.438570,-43.712653 172.438247,-43.711974 172.437801,-43.711383 172.437371,-43.710966 172.436872,-43.710488 172.436390,-43.710122 172.435683,-43.709679 172.435338,-43.709364 172.435736,-43.709554 172.436339,-43.709908 172.436874,-43.710362 172.437511,-43.710855 172.438112,-43.711572 172.438487,-43.712176 172.438810,-43.712942 172.439011,-43.713809 172.439038,-43.714636 172.439185,-43.715652 172.439317,-43.716392 172.439327,-43.717257 172.439332,-43.717522 172.439119,-43.718084 172.439054,-43.718390 172.438776,-43.719021 172.438278,-43.719674 172.437689,-43.720304 172.436821,-43.721070 172.436354,-43.721453 172.435982,-43.721970 172.435766,-43.722443 172.435765,-43.722623 172.435580,-43.722961 172.435330,-43.723232 172.434927,-43.723884 172.434741,-43.724560 172.434649,-43.725370 172.434649,-43.726158 172.434990,-43.727149 172.435456,-43.727847 172.435837,-43.728560 172.436357,-43.729513 172.437164,-43.730480 172.437661,-43.731155 172.438065,-43.731831 172.438562,-43.733070 172.438873,-43.734623 172.439028,-43.735230 172.439277,-43.735838 172.439961,-43.736829 172.440240,-43.737369 172.440533,-43.737548 172.440942,-43.737980 172.441420,-43.738323 172.442172,-43.738857 172.442964,-43.739521 172.443535,-43.739980 172.443608,-43.740047 172.443958,-43.740372 172.444530,-43.741025 172.445090,-43.741498 172.445909,-43.742183 172.447261,-43.743320 172.448108,-43.744054 172.448607,-43.744355 172.448219,-43.744797 172.447851,-43.744324</coordinates>
</LinearRing>
</outerBoundaryIs>
</Polygon>
</Placemark>
<Placemark><styleUrl>#nz-river-polygons-topo-150kId</styleUrl>
<ExtendedData><SchemaData schemaUrl="#nz-river-polygons-topo-150kId"><SimpleData name="t50_fid">7554270</SimpleData>
</SchemaData>
</ExtendedData>
<Polygon><outerBoundaryIs><LinearRing><tessellate>1</tessellate>
<coordinates> 172.610570,-43.522356 172.610466,-43.522418 172.610472,-43.522518 172.610387,-43.522551 172.610238,-43.522534 172.609736,-43.522801 172.609602,-43.522895 172.609639,-43.522933 172.609769,-43.522972 172.609850,-43.523042 172.610077,-43.523160 172.610145,-43.523259 172.609980,-43.523214 172.609771,-43.523161 172.609586,-43.523085 172.609332,-43.523089 172.609038,-43.522974 172.608815,-43.522928 172.608640,-43.522941 172.608322,-43.522900 172.607988,-43.522918 172.607814,-43.522883 172.607682,-43.522841 172.607663,-43.522831 172.607550,-43.522765 172.607402,-43.522643 172.607278,-43.522443 172.607480,-43.522606 172.607608,-43.522698 172.607726,-43.522767 172.607810,-43.522784 172.608093,-43.522814 172.608223,-43.522817 172.608369,-43.522812 172.608582,-43.522740 172.608723,-43.522724 172.608962,-43.522738 172.609278,-43.522756 172.609439,-43.522732 172.609846,-43.522560 172.609936,-43.522541 172.609992,-43.522481 172.610283,-43.522366 172.610522,-43.522291 172.610634,-43.522302 172.610570,-43.522356</coordinates>
</LinearRing>
</outerBoundaryIs>
</Polygon>
</Placemark>
<Placemark><styleUrl>#nz-river-polygons-topo-150kId</styleUrl>
<ExtendedData><SchemaData schemaUrl="#nz-river-polygons-topo-150kId"><SimpleData name="t50_fid">7938040</SimpleData>
</SchemaData>
</ExtendedData>
<Polygon><outerBoundaryIs><LinearRing><tessellate>1</tessellate>
<coordinates> 172.612691,-43.757395 172.616752,-43.754828 172.616874,-43.754893 172.612855,-43.757473 172.612724,-43.757472 172.612691,-43.757395</coordinates>
</LinearRing>
</outerBoundaryIs>
</Polygon>
</Placemark>
<Placemark><styleUrl>#nz-river-polygons-topo-150kId</styleUrl>
<ExtendedData><SchemaData schemaUrl="#nz-river-polygons-topo-150kId"><SimpleData name="t50_fid">7550984</SimpleData>
</SchemaData>
</ExtendedData>
<Polygon><outerBoundaryIs><LinearRing><tessellate>1</tessellate>
<coordinates> 172.585775,-43.760562 172.588322,-43.760562 172.589564,-43.760607 172.589592,-43.760606 172.591097,-43.760509 172.591396,-43.760283 172.591660,-43.760057 172.592084,-43.759579 172.592538,-43.759098 172.593242,-43.758539 172.593545,-43.758416 172.593876,-43.758314 172.594058,-43.758224 172.594846,-43.757967 172.598486,-43.756935 172.599598,-43.756791 172.600605,-43.756702 172.601016,-43.756532 172.601192,-43.756365 172.601493,-43.755879 172.601922,-43.755177 172.602215,-43.754646 172.602433,-43.754323 172.602538,-43.754298 172.602591,-43.754298 172.602593,-43.754366 172.602432,-43.754545 172.602134,-43.755066 172.601937,-43.755412 172.601475,-43.756237 172.601273,-43.756583 172.600986,-43.756802 172.600856,-43.756836 172.600682,-43.756851 172.600509,-43.756866 172.600267,-43.756891 172.598588,-43.757072 172.596865,-43.757574 172.596568,-43.757672 172.596032,-43.757806 172.595005,-43.758087 172.594257,-43.758349 172.593625,-43.758597 172.593469,-43.758639 172.593315,-43.758737 172.592536,-43.759379 172.591794,-43.760198 172.591349,-43.760575 172.591183,-43.760676 172.591001,-43.760673 172.590824,-43.760644 172.589559,-43.760696 172.587136,-43.760725 172.576267,-43.760706 172.572769,-43.760694 172.572769,-43.760569 172.576825,-43.760567 172.581236,-43.760565 172.585775,-43.760562</coordinates>
</LinearRing>
</outerBoundaryIs>
</Polygon>
</Placemark>
<Placemark><styleUrl>#nz-river-polygons-topo-150kId</styleUrl>
<ExtendedData><SchemaData schemaUrl="#nz-river-polygons-topo-150kId"><SimpleData name="t50_fid">7550986</SimpleData>
</SchemaData>
</ExtendedData>
<Polygon><outerBoundaryIs><LinearRing><tessellate>1</tessellate>
<coordinates> 172.600487,-43.758367 172.600865,-43.757765 172.601589,-43.756534 172.602017,-43.755847 172.604538,-43.751547 172.604649,-43.751385 172.604797,-43.751140 172.604817,-43.751011 172.605592,-43.749734 172.605613,-43.749525 172.605409,-43.749212 172.605307,-43.749062 172.605252,-43.747870 172.605400,-43.747468 172.605340,-43.747199 172.604929,-43.746796 172.604798,-43.746564 172.604745,-43.746426 172.604656,-43.746191 172.604657,-43.746086 172.604658,-43.745878 172.604831,-43.744537 172.605010,-43.743430 172.605174,-43.742421 172.605176,-43.742169 172.604913,-43.741422 172.604695,-43.740080 172.604947,-43.739806 172.605132,-43.739604 172.605109,-43.739872 172.604964,-43.740037 172.604963,-43.740230 172.604958,-43.741005 172.605260,-43.741974 172.605363,-43.742124 172.604995,-43.744597 172.604801,-43.746057 172.604911,-43.746468 172.605094,-43.746737 172.605463,-43.747184 172.605586,-43.747334 172.605585,-43.747513 172.605397,-43.747960 172.605493,-43.749048 172.605574,-43.749183 172.605778,-43.749452 172.605776,-43.749750 172.604866,-43.751189 172.604714,-43.751430 172.604645,-43.751581 172.602390,-43.755538 172.601153,-43.757708 172.600980,-43.757970 172.600676,-43.758457 172.600682,-43.758621 172.600301,-43.758691 172.600487,-43.758367</coordinates>
</LinearRing>
</outerBoundaryIs>
</Polygon>
</Placemark>
<Placemark><styleUrl>#nz-river-polygons-topo-150kId</styleUrl>
<ExtendedData><SchemaData schemaUrl="#nz-river-polygons-topo-150kId"><SimpleData name="t50_fid">7938039</SimpleData>
</SchemaData>
</ExtendedData>
<Polygon><outerBoundaryIs><LinearRing><tessellate>1</tessellate>
<coordinates> 172.612249,-43.757465 172.611879,-43.757707 172.611740,-43.757748 172.611478,-43.757765 172.611306,-43.757740 172.610374,-43.757476 172.608021,-43.756839 172.605570,-43.756136 172.604491,-43.755872 172.602816,-43.755504 172.602701,-43.755462 172.602686,-43.755397 172.602743,-43.755343 172.603013,-43.755392 172.603593,-43.755542 172.604492,-43.755706 172.605489,-43.755964 172.609068,-43.756949 172.610858,-43.757448 172.611372,-43.757598 172.611577,-43.757605 172.611823,-43.757552 172.612447,-43.757186 172.612553,-43.757228 172.612537,-43.757288 172.612249,-43.757465</coordinates>
</LinearRing>
</outerBoundaryIs>
</Polygon>
</Placemark>
<Placemark><styleUrl>#nz-river-polygons-topo-150kId</styleUrl>
<ExtendedData><SchemaData schemaUrl="#nz-river-polygons-topo-150kId"><SimpleData name="t50_fid">7550985</SimpleData>
</SchemaData>
</ExtendedData>
<Polygon><outerBoundaryIs><LinearRing><tessellate>1</tessellate>
<coordinates> 172.572789,-43.757741 172.573341,-43.757471 172.573979,-43.757244 172.574471,-43.757079 172.575022,-43.756809 172.575457,-43.756561 172.575717,-43.756562 172.576153,-43.756334 172.576618,-43.755897 172.577113,-43.755335 172.577578,-43.755003 172.578331,-43.754881 172.578968,-43.754651 172.579077,-43.754612 172.579428,-43.754360 172.579949,-43.753826 172.580473,-43.753637 172.580838,-43.753560 172.581044,-43.753560 172.581250,-43.753591 172.581473,-43.753631 172.581725,-43.753698 172.582141,-43.753731 172.582756,-43.753704 172.583635,-43.753604 172.584018,-43.753423 172.584431,-43.753245 172.584805,-43.753127 172.585258,-43.753070 172.585837,-43.753101 172.586426,-43.753360 172.586843,-43.753656 172.587232,-43.754128 172.587582,-43.754464 172.588055,-43.754569 172.589088,-43.754677 172.589913,-43.754755 172.590427,-43.754951 172.590628,-43.755147 172.590895,-43.755525 172.591048,-43.755595 172.591531,-43.755582 172.591785,-43.755499 172.592145,-43.755337 172.592383,-43.755212 172.592706,-43.755114 172.593000,-43.755068 172.593697,-43.754992 172.593169,-43.755153 172.592673,-43.755265 172.592233,-43.755439 172.591889,-43.755578 172.591773,-43.755620 172.591603,-43.755682 172.591204,-43.755745 172.590910,-43.755717 172.590774,-43.755652 172.590649,-43.755512 172.590522,-43.755281 172.590378,-43.755141 172.590029,-43.754987 172.589744,-43.754908 172.588405,-43.754820 172.587628,-43.754691 172.587307,-43.754477 172.587079,-43.754219 172.586749,-43.753845 172.586447,-43.753589 172.586103,-43.753434 172.585790,-43.753307 172.585486,-43.753261 172.585301,-43.753233 172.584866,-43.753262 172.584451,-43.753394 172.584182,-43.753528 172.583788,-43.753735 172.583230,-43.753822 172.582342,-43.753878 172.582059,-43.753892 172.581452,-43.753812 172.581128,-43.753767 172.580966,-43.753777 172.580837,-43.753785 172.580499,-43.753838 172.580126,-43.753998 172.579915,-43.754257 172.579704,-43.754486 172.579304,-43.754754 172.578782,-43.755021 172.578147,-43.755092 172.577748,-43.755174 172.577402,-43.755441 172.577167,-43.755878 172.576585,-43.756522 172.575657,-43.757000 172.575223,-43.757082 172.574672,-43.757330 172.573978,-43.757390 172.573021,-43.757867 172.572758,-43.758095 172.572789,-43.757741</coordinates>
</LinearRing>
</outerBoundaryIs>
</Polygon>
</Placemark>
<Placemark><styleUrl>#nz-river-polygons-topo-150kId</styleUrl>
<ExtendedData><SchemaData schemaUrl="#nz-river-polygons-topo-150kId"><SimpleData name="t50_fid">100096951</SimpleData>
</SchemaData>
</ExtendedData>
<Polygon><outerBoundaryIs><LinearRing><tessellate>1</tessellate>
<coordinates> 172.570216,-43.716126 172.569891,-43.715682 172.569695,-43.715227 172.569454,-43.715023 172.568957,-43.714690 172.568241,-43.714367 172.567937,-43.714182 172.567736,-43.714003 172.567518,-43.713835 172.566708,-43.713478 172.566327,-43.713332 172.565806,-43.713243 172.565250,-43.713229 172.564988,-43.713196 172.564908,-43.713186 172.564295,-43.712876 172.563985,-43.712738 172.563587,-43.712623 172.563356,-43.712537 172.562994,-43.712217 172.562243,-43.711548 172.561666,-43.711002 172.561000,-43.710357 172.560318,-43.709703 172.559839,-43.709297 172.558746,-43.708377 172.558099,-43.707868 172.557583,-43.707483 172.556917,-43.707026 172.555560,-43.706001 172.553880,-43.704843 172.553640,-43.704673 172.553501,-43.704573 172.553340,-43.704489 172.553253,-43.704393 172.553190,-43.704362 172.553190,-43.704318 172.552889,-43.704112 172.551801,-43.703393 172.550508,-43.702745 172.549571,-43.702274 172.549456,-43.702207 172.546372,-43.700424 172.543700,-43.698855 172.541324,-43.697520 172.541279,-43.697449 172.541221,-43.697360 172.541165,-43.697272 172.541474,-43.697462 172.542768,-43.698214 172.546556,-43.700393 172.548991,-43.701817 172.549729,-43.702230 172.549744,-43.702239 172.551868,-43.703322 172.553192,-43.704121 172.553191,-43.704215 172.553308,-43.704281 172.553693,-43.704560 172.554006,-43.704786 172.554363,-43.705023 172.554502,-43.705132 172.554714,-43.705257 172.554891,-43.705360 172.555513,-43.705816 172.556663,-43.706659 172.556910,-43.706844 172.557321,-43.707158 172.557674,-43.707411 172.557883,-43.707570 172.558117,-43.707707 172.558772,-43.708253 172.559860,-43.709142 172.560549,-43.709737 172.562055,-43.711217 172.563352,-43.712376 172.563499,-43.712480 172.563752,-43.712596 172.563807,-43.712566 172.564100,-43.712647 172.564412,-43.712777 172.565020,-43.713089 172.565274,-43.713117 172.565872,-43.713126 172.566402,-43.713210 172.566905,-43.713438 172.567394,-43.713630 172.567752,-43.713807 172.567922,-43.713979 172.568094,-43.714149 172.568288,-43.714262 172.568885,-43.714489 172.569367,-43.714818 172.569835,-43.715153 172.570059,-43.715689 172.570458,-43.716189 172.570510,-43.716338 172.570310,-43.716338 172.570216,-43.716126</coordinates>
</LinearRing>
</outerBoundaryIs>
</Polygon>
</Placemark>
<Placemark><styleUrl>#nz-river-polygons-topo-150kId</styleUrl>
<ExtendedData><SchemaData schemaUrl="#nz-river-polygons-topo-150kId"><SimpleData name="t50_fid">7553180</SimpleData>
</SchemaData>
</ExtendedData>
<Polygon><outerBoundaryIs><LinearRing><tessellate>1</tessellate>
<coordinates> 172.664945,-43.391514 172.665540,-43.390845 172.665873,-43.390553 172.666089,-43.390176 172.666154,-43.389946 172.666203,-43.389773 172.666212,-43.389740 172.666233,-43.389797 172.666279,-43.389952 172.666278,-43.390124 172.666134,-43.390537 172.665773,-43.390881 172.665049,-43.391625 172.664581,-43.392023 172.664067,-43.392627 172.663852,-43.392740 172.663848,-43.392742 172.663844,-43.392653 172.664277,-43.392097 172.664945,-43.391514</coordinates>
</LinearRing>
</outerBoundaryIs>
</Polygon>
</Placemark>
<Placemark><styleUrl>#nz-river-polygons-topo-150kId</styleUrl>
<ExtendedData><SchemaData schemaUrl="#nz-river-polygons-topo-150kId"><SimpleData name="t50_fid">7553181</SimpleData>
</SchemaData>
</ExtendedData>
<Polygon><outerBoundaryIs><LinearRing><tessellate>1</tessellate>
<coordinates> 172.691245,-43.396997 172.691185,-43.397016 172.690869,-43.397038 172.690000,-43.397074 172.688551,-43.397179 172.688472,-43.397191 172.688059,-43.397206 172.687568,-43.397269 172.686799,-43.397382 172.686461,-43.397413 172.686426,-43.397333 172.686532,-43.397256 172.687357,-43.397153 172.688569,-43.397035 172.689324,-43.396973 172.690597,-43.396925 172.691263,-43.396903 172.691245,-43.396997</coordinates>
</LinearRing>
</outerBoundaryIs>
</Polygon>
</Placemark>
<Placemark><styleUrl>#nz-river-polygons-topo-150kId</styleUrl>
<ExtendedData><SchemaData schemaUrl="#nz-river-polygons-topo-150kId"><SimpleData name="t50_fid">7553182</SimpleData>
</SchemaData>
</ExtendedData>
<Polygon><outerBoundaryIs><LinearRing><tessellate>1</tessellate>
<coordinates> 172.701938,-43.386310 172.701887,-43.386405 172.701660,-43.386647 172.701653,-43.386810 172.701789,-43.387136 172.701903,-43.387242 172.701949,-43.387298 172.702045,-43.387352 172.702506,-43.387546 172.702537,-43.387661 172.702481,-43.387941 172.702244,-43.388519 172.701792,-43.389036 172.701605,-43.389220 172.701444,-43.389385 172.701519,-43.389436 172.701137,-43.389397 172.701673,-43.388942 172.702097,-43.388428 172.702318,-43.387900 172.702354,-43.387677 172.702306,-43.387612 172.701793,-43.387383 172.701595,-43.387100 172.701537,-43.386765 172.701640,-43.386475 172.701718,-43.386342 172.701840,-43.386262 172.701938,-43.386310</coordinates>
</LinearRing>
</outerBoundaryIs>
</Polygon>
</Placemark>
<Placemark><styleUrl>#nz-river-polygons-topo-150kId</styleUrl>
<ExtendedData><SchemaData schemaUrl="#nz-river-polygons-topo-150kId"><SimpleData name="t50_fid">7551974</SimpleData>
</SchemaData>
</ExtendedData>
<Polygon><outerBoundaryIs><LinearRing><tessellate>1</tessellate>
<coordinates> 172.702533,-43.397378 172.702256,-43.397138 172.701914,-43.396886 172.701587,-43.396628 172.701076,-43.396390 172.700536,-43.396139 172.699614,-43.395947 172.698786,-43.395652 172.698360,-43.395394 172.697888,-43.395202 172.697780,-43.395156 172.697486,-43.395029 172.697261,-43.394973 172.696788,-43.394909 172.695874,-43.394907 172.695094,-43.394868 172.694526,-43.394763 172.694148,-43.394659 172.693769,-43.394555 172.693457,-43.394440 172.693030,-43.394401 172.692628,-43.394601 172.692561,-43.394807 172.692890,-43.395017 172.693245,-43.395190 172.693266,-43.395299 172.693268,-43.395310 172.693191,-43.395685 172.692940,-43.396141 172.692759,-43.396330 172.692600,-43.396379 172.692222,-43.396448 172.691723,-43.396780 172.691468,-43.397060 172.691465,-43.397491 172.691403,-43.397797 172.691401,-43.398211 172.691384,-43.398658 172.691412,-43.399030 172.691297,-43.399421 172.691200,-43.399619 172.690991,-43.399625 172.690954,-43.399510 172.691181,-43.398984 172.691178,-43.398308 172.691171,-43.397734 172.691213,-43.397403 172.691292,-43.397076 172.691245,-43.396997 172.691263,-43.396903 172.691419,-43.396652 172.692053,-43.396304 172.692426,-43.396214 172.692658,-43.396128 172.692959,-43.395706 172.692960,-43.395482 172.692888,-43.395362 172.692724,-43.395223 172.692416,-43.394999 172.692347,-43.394878 172.692233,-43.394739 172.692359,-43.394461 172.692649,-43.394313 172.692978,-43.394209 172.693628,-43.394296 172.693699,-43.394312 172.694669,-43.394523 172.695758,-43.394698 172.696137,-43.394716 172.696750,-43.394689 172.697251,-43.394770 172.697558,-43.394823 172.698150,-43.394963 172.698355,-43.395081 172.698835,-43.395359 172.699449,-43.395602 172.700047,-43.395772 172.700907,-43.396042 172.702177,-43.396556 172.702701,-43.396898 172.703195,-43.397361 172.702533,-43.397378</coordinates>
</LinearRing>
</outerBoundaryIs>
</Polygon>
</Placemark>
<Placemark><styleUrl>#nz-river-polygons-topo-150kId</styleUrl>
<ExtendedData><SchemaData schemaUrl="#nz-river-polygons-topo-150kId"><SimpleData name="t50_fid">7554272</SimpleData>
</SchemaData>
</ExtendedData>
<Polygon><outerBoundaryIs><LinearRing><tessellate>1</tessellate>
<coordinates> 172.422985,-43.450002 172.422938,-43.450117 172.422858,-43.450225 172.422662,-43.450322 172.422284,-43.450486 172.421879,-43.450589 172.421404,-43.450711 172.421074,-43.450794 172.420538,-43.450978 172.420138,-43.451114 172.420334,-43.450943 172.420511,-43.450846 172.420652,-43.450768 172.420987,-43.450655 172.421364,-43.450512 172.421774,-43.450372 172.422343,-43.450104 172.422921,-43.449938 172.422985,-43.450002</coordinates>
</LinearRing>
</outerBoundaryIs>
</Polygon>
</Placemark>
<Placemark><styleUrl>#nz-river-polygons-topo-150kId</styleUrl>
<ExtendedData><SchemaData schemaUrl="#nz-river-polygons-topo-150kId"><SimpleData name="t50_fid">7554271</SimpleData>
</SchemaData>
</ExtendedData>
<Polygon><outerBoundaryIs><LinearRing><tessellate>1</tessellate>
<coordinates> 172.417657,-43.451721 172.417853,-43.451645 172.417991,-43.451580 172.418167,-43.451549 172.418282,-43.451471 172.418603,-43.451372 172.418876,-43.451297 172.419096,-43.451240 172.419291,-43.451228 172.419514,-43.451163 172.419598,-43.451147 172.419432,-43.451254 172.419358,-43.451319 172.419179,-43.451373 172.418999,-43.451465 172.417903,-43.451702 172.417646,-43.451765 172.417515,-43.451759 172.417657,-43.451721</coordinates>
</LinearRing>
</outerBoundaryIs>
</Polygon>
</Placemark>
<Placemark><styleUrl>#nz-river-polygons-topo-150kId</styleUrl>
<ExtendedData><SchemaData schemaUrl="#nz-river-polygons-topo-150kId"><SimpleData name="t50_fid">7550329</SimpleData>
</SchemaData>
</ExtendedData>
<Polygon><outerBoundaryIs><LinearRing><tessellate>1</tessellate>
<coordinates> 172.679354,-43.390655 172.679303,-43.390545 172.679051,-43.390430 172.677651,-43.390017 172.677483,-43.389967 172.676527,-43.389794 172.676053,-43.389628 172.674633,-43.389195 172.673439,-43.388696 172.672763,-43.388364 172.672066,-43.387850 172.671664,-43.387156 172.671326,-43.386891 172.670673,-43.386658 172.670153,-43.386656 172.669453,-43.386770 172.668774,-43.386966 172.667625,-43.387594 172.667623,-43.387595 172.667428,-43.387661 172.667230,-43.387727 172.666471,-43.387977 172.666470,-43.387977 172.665881,-43.388036 172.665066,-43.387879 172.664458,-43.387614 172.664273,-43.387522 172.663882,-43.387422 172.663190,-43.386954 172.662670,-43.386708 172.662280,-43.386441 172.661943,-43.386268 172.661257,-43.385830 172.660378,-43.385137 172.660094,-43.384966 172.659927,-43.384865 172.659040,-43.384105 172.658739,-43.383849 172.658693,-43.383742 172.658458,-43.383568 172.658171,-43.383360 172.658160,-43.383352 172.657485,-43.382839 172.656981,-43.382398 172.656308,-43.381833 172.655712,-43.381327 172.655558,-43.381198 172.655402,-43.380944 172.655339,-43.380464 172.655447,-43.380010 172.655632,-43.379185 172.655633,-43.379053 172.655657,-43.378855 172.655770,-43.378723 172.655884,-43.378492 172.655750,-43.378343 172.655367,-43.378243 172.654690,-43.378142 172.653833,-43.377925 172.652886,-43.377691 172.652661,-43.377673 172.652428,-43.377661 172.651734,-43.377786 172.651393,-43.377973 172.650733,-43.378370 172.650008,-43.378505 172.649771,-43.378403 172.649498,-43.378143 172.648662,-43.378256 172.647604,-43.378245 172.646606,-43.378217 172.645923,-43.378050 172.645453,-43.377903 172.644965,-43.377681 172.644325,-43.377166 172.644097,-43.376881 172.643942,-43.376640 172.643730,-43.376111 172.643395,-43.375416 172.643106,-43.374772 172.642820,-43.374127 172.642647,-43.373825 172.642588,-43.373797 172.642140,-43.373581 172.641880,-43.373571 172.641597,-43.373632 172.641253,-43.373676 172.640325,-43.373768 172.639049,-43.373686 172.637543,-43.373595 172.636790,-43.373465 172.636701,-43.373374 172.637683,-43.373470 172.638996,-43.373558 172.640301,-43.373625 172.641147,-43.373541 172.641808,-43.373459 172.642301,-43.373448 172.642762,-43.373670 172.642843,-43.373721 172.643019,-43.373971 172.643042,-43.374127 172.643422,-43.374805 172.643666,-43.375450 172.643979,-43.376062 172.644298,-43.376658 172.644392,-43.376868 172.644555,-43.377050 172.644837,-43.377271 172.645230,-43.377492 172.645706,-43.377753 172.646256,-43.377928 172.646879,-43.378019 172.647409,-43.378053 172.648053,-43.378022 172.649021,-43.377947 172.650199,-43.377831 172.651322,-43.377703 172.651645,-43.377588 172.652030,-43.377519 172.652306,-43.377477 172.652405,-43.377355 172.652327,-43.377154 172.652378,-43.376936 172.652434,-43.376948 172.652537,-43.377094 172.652555,-43.377119 172.652808,-43.377364 172.653239,-43.377551 172.653744,-43.377710 172.655030,-43.377994 172.655842,-43.378079 172.656000,-43.378100 172.656108,-43.378162 172.656156,-43.378427 172.656017,-43.379087 172.656051,-43.379458 172.656001,-43.379830 172.655806,-43.380326 172.655856,-43.380855 172.656153,-43.381143 172.656307,-43.381344 172.657094,-43.381972 172.657834,-43.382502 172.658491,-43.383042 172.658865,-43.383358 172.658845,-43.383388 172.658869,-43.383409 172.659289,-43.383722 172.659353,-43.383763 172.659422,-43.383774 172.659785,-43.384127 172.660100,-43.384433 172.660662,-43.384865 172.661335,-43.385419 172.662685,-43.386299 172.663145,-43.386545 172.663533,-43.386787 172.663973,-43.387017 172.664278,-43.387128 172.664530,-43.387235 172.664606,-43.387306 172.664532,-43.387356 172.664592,-43.387436 172.664681,-43.387504 172.665045,-43.387633 172.665405,-43.387755 172.665816,-43.387822 172.666208,-43.387857 172.666852,-43.387604 172.667394,-43.387247 172.667622,-43.387144 172.668255,-43.386931 172.669387,-43.386439 172.670019,-43.386375 172.670893,-43.386331 172.671795,-43.386745 172.671998,-43.387093 172.672386,-43.387569 172.672675,-43.387968 172.673258,-43.388233 172.673702,-43.388460 172.674670,-43.388840 172.675593,-43.389222 172.676776,-43.389535 172.677793,-43.389761 172.678017,-43.389815 172.679055,-43.389967 172.679889,-43.390068 172.679354,-43.390655</coordinates>
</LinearRing>
</outerBoundaryIs>
</Polygon>
</Placemark>
<Placemark><styleUrl>#nz-river-polygons-topo-150kId</styleUrl>
<ExtendedData><SchemaData schemaUrl="#nz-river-polygons-topo-150kId"><SimpleData name="t50_fid">7554992</SimpleData>
</SchemaData>
</ExtendedData>
<Polygon><outerBoundaryIs><LinearRing><tessellate>1</tessellate>
<coordinates> 172.599169,-43.443007 172.599233,-43.442949 172.599290,-43.442901 172.599309,-43.442857 172.599301,-43.442800 172.599236,-43.442731 172.599222,-43.442694 172.599305,-43.442504 172.599283,-43.442452 172.599294,-43.442410 172.599339,-43.442371 172.599390,-43.442358 172.599397,-43.442337 172.599385,-43.442316 172.599422,-43.442198 172.599549,-43.442199 172.599609,-43.442199 172.599592,-43.442333 172.599569,-43.442394 172.599517,-43.442457 172.599516,-43.442520 172.599481,-43.442561 172.599477,-43.442626 172.599452,-43.442663 172.599411,-43.442687 172.599402,-43.442709 172.599431,-43.442799 172.599420,-43.442835 172.599377,-43.442873 172.599335,-43.442931 172.599245,-43.442997 172.599205,-43.443055 172.599173,-43.443052 172.599169,-43.443007</coordinates>
</LinearRing>
</outerBoundaryIs>
</Polygon>
</Placemark>
<Placemark><styleUrl>#nz-river-polygons-topo-150kId</styleUrl>
<ExtendedData><SchemaData schemaUrl="#nz-river-polygons-topo-150kId"><SimpleData name="t50_fid">7554274</SimpleData>
</SchemaData>
</ExtendedData>
<Polygon><outerBoundaryIs><LinearRing><tessellate>1</tessellate>
<coordinates> 172.474567,-43.441761 172.473767,-43.442071 172.473742,-43.442080 172.473332,-43.442009 172.472543,-43.441821 172.472276,-43.441682 172.473063,-43.441686 172.473441,-43.441846 172.474007,-43.441730 172.474065,-43.441691 172.474643,-43.441693 172.474567,-43.441761</coordinates>
</LinearRing>
</outerBoundaryIs>
</Polygon>
</Placemark>
<Placemark><styleUrl>#nz-river-polygons-topo-150kId</styleUrl>
<ExtendedData><SchemaData schemaUrl="#nz-river-polygons-topo-150kId"><SimpleData name="t50_fid">100124052</SimpleData>
</SchemaData>
</ExtendedData>
<MultiGeometry><Polygon><outerBoundaryIs><LinearRing><tessellate>1</tessellate>
<coordinates> 172.233782,-43.890670 172.234029,-43.890726 172.234322,-43.890777 172.234840,-43.890868 172.235171,-43.890865 172.235308,-43.890901 172.235519,-43.890809 172.235648,-43.890667 172.236011,-43.890506 172.236283,-43.890383 172.236350,-43.890356 172.236457,-43.890313 172.236647,-43.890184 172.236829,-43.890098 172.237997,-43.889617 172.238444,-43.889426 172.239222,-43.889090 172.239649,-43.888957 172.239715,-43.888886 172.240049,-43.888824 172.240231,-43.888844 172.240292,-43.888817 172.240464,-43.888717 172.240601,-43.888600 172.241316,-43.888341 172.241829,-43.888130 172.242174,-43.888024 172.242328,-43.888035 172.242488,-43.887905 172.242755,-43.887839 172.243524,-43.887670 172.244503,-43.887518 172.245406,-43.887444 172.245715,-43.887485 172.246024,-43.887452 172.246394,-43.887367 172.246529,-43.887391 172.246719,-43.887314 172.246861,-43.887302 172.246981,-43.887386 172.246883,-43.887417 172.246876,-43.887513 172.247105,-43.887615 172.247434,-43.887687 172.247321,-43.887770 172.247173,-43.887788 172.247093,-43.887847 172.246983,-43.887889 172.246722,-43.888003 172.246548,-43.888023 172.246287,-43.888111 172.246064,-43.888139 172.245915,-43.888168 172.245923,-43.888217 172.246036,-43.888217 172.246008,-43.888342 172.245765,-43.888496 172.245408,-43.888658 172.245200,-43.888690 172.244950,-43.888829 172.244814,-43.888964 172.244539,-43.889011 172.244453,-43.888971 172.244379,-43.888956 172.244157,-43.889066 172.244109,-43.889158 172.243862,-43.889127 172.243674,-43.889155 172.243532,-43.889265 172.243357,-43.889327 172.243195,-43.889423 172.242845,-43.889556 172.242616,-43.889695 172.242092,-43.889818 172.241902,-43.889981 172.241742,-43.889956 172.241555,-43.889887 172.241067,-43.889963 172.240803,-43.890073 172.240650,-43.890254 172.240373,-43.890389 172.240337,-43.890406 172.240061,-43.890439 172.239654,-43.890500 172.239276,-43.890641 172.238757,-43.890859 172.238309,-43.891043 172.237752,-43.891132 172.237244,-43.891316 172.236785,-43.891520 172.236586,-43.891569 172.236366,-43.891719 172.236038,-43.891759 172.235688,-43.891958 172.235421,-43.891956 172.235181,-43.892084 172.234923,-43.892103 172.234653,-43.892274 172.234285,-43.892321 172.234075,-43.892471 172.233568,-43.892582 172.233209,-43.892759 172.232871,-43.892764 172.232701,-43.892892 172.232302,-43.893033 172.231865,-43.893144 172.231545,-43.893307 172.230829,-43.893489 172.230251,-43.893700 172.229722,-43.893912 172.229016,-43.894101 172.228835,-43.894264 172.228647,-43.894263 172.228477,-43.894348 172.228138,-43.894482 172.227690,-43.894572 172.227341,-43.894756 172.227142,-43.894762 172.226773,-43.894917 172.226434,-43.895059 172.226006,-43.895185 172.225847,-43.895191 172.225458,-43.895375 172.224922,-43.895450 172.224543,-43.895605 172.223964,-43.895852 172.223577,-43.895921 172.223437,-43.895999 172.223179,-43.895983 172.222879,-43.896139 172.222571,-43.896194 172.222321,-43.896365 172.221934,-43.896362 172.221564,-43.896568 172.220858,-43.896721 172.220290,-43.896939 172.219663,-43.897071 172.219383,-43.897241 172.219096,-43.897261 172.218887,-43.897302 172.218716,-43.897445 172.218497,-43.897493 172.218317,-43.897600 172.218129,-43.897591 172.217889,-43.897733 172.217402,-43.897852 172.216993,-43.898028 172.216286,-43.898231 172.215857,-43.898386 172.215906,-43.898451 172.216064,-43.898481 172.216440,-43.898527 172.217056,-43.898473 172.218050,-43.898473 172.218247,-43.898424 172.218491,-43.898363 172.219361,-43.897835 172.220136,-43.897375 172.220429,-43.897282 172.220767,-43.897175 172.221472,-43.897073 172.222339,-43.896947 172.220465,-43.897794 172.220148,-43.897846 172.219568,-43.898111 172.218800,-43.898549 172.218014,-43.898900 172.217271,-43.899080 172.217178,-43.899103 172.216730,-43.899131 172.216382,-43.899200 172.216244,-43.899164 172.216245,-43.899056 172.215958,-43.899025 172.215580,-43.899059 172.215430,-43.899187 172.215152,-43.899242 172.214705,-43.899246 172.213941,-43.899241 172.213305,-43.899366 172.212577,-43.899633 172.211731,-43.899886 172.210865,-43.900024 172.210661,-43.900056 172.210256,-43.900086 172.209778,-43.900095 172.209373,-43.900171 172.208630,-43.900310 172.207771,-43.900390 172.207377,-43.900482 172.207054,-43.900494 172.206680,-43.900630 172.206469,-43.900570 172.206267,-43.900548 172.206196,-43.900699 172.206084,-43.900756 172.205854,-43.900668 172.205601,-43.900753 172.205277,-43.900904 172.205024,-43.900938 172.204894,-43.900865 172.204027,-43.901012 172.203613,-43.901038 172.203384,-43.900962 172.203616,-43.900819 172.204181,-43.900758 172.204756,-43.900704 172.205360,-43.900551 172.205626,-43.900411 172.205849,-43.900231 172.205852,-43.900078 172.205552,-43.899857 172.205365,-43.899594 172.205095,-43.899403 172.204576,-43.899086 172.204297,-43.898866 172.204189,-43.898661 172.204360,-43.898662 172.204921,-43.898863 172.205391,-43.899101 172.205619,-43.899100 172.205815,-43.899031 172.205623,-43.898770 172.205116,-43.898539 172.205303,-43.898304 172.205523,-43.898125 172.205450,-43.897897 172.205236,-43.897636 172.204645,-43.897162 172.204459,-43.897066 172.203881,-43.896769 172.203319,-43.896124 172.203069,-43.895615 172.202957,-43.895146 172.202118,-43.894566 172.200940,-43.894237 172.199941,-43.893816 172.199349,-43.893866 172.199798,-43.894189 172.200129,-43.894486 172.200440,-43.894782 172.200986,-43.895213 172.201137,-43.895596 172.201234,-43.895843 172.201233,-43.895920 172.201229,-43.896230 172.200946,-43.896286 172.200834,-43.896308 172.200463,-43.896051 172.200272,-43.895555 172.200023,-43.895046 172.199459,-43.894454 172.199053,-43.893930 172.198742,-43.893568 172.198174,-43.893323 172.195495,-43.892400 172.194294,-43.892284 172.193430,-43.892118 172.193338,-43.892081 172.192959,-43.891928 172.192650,-43.891471 172.192591,-43.891321 172.192307,-43.890600 172.192084,-43.889597 172.191526,-43.888618 172.190510,-43.888023 172.189889,-43.888039 172.188625,-43.888325 172.188231,-43.888327 172.187502,-43.888330 172.186977,-43.887819 172.185630,-43.886887 172.184536,-43.886225 172.183438,-43.885803 172.182944,-43.885498 172.182461,-43.885178 172.181905,-43.884460 172.181483,-43.883561 172.179355,-43.882005 172.178671,-43.881652 172.178339,-43.881138 172.178041,-43.880843 172.177622,-43.880451 172.177437,-43.880171 172.177391,-43.880101 172.176816,-43.880124 172.176368,-43.880225 172.175762,-43.879900 172.174107,-43.878855 172.173543,-43.878290 172.173488,-43.877995 172.173379,-43.877313 172.173305,-43.876965 172.172695,-43.876922 172.172102,-43.877051 172.171591,-43.877007 172.170708,-43.876787 172.170473,-43.876727 172.169987,-43.876407 172.169257,-43.875829 172.169130,-43.875768 172.168930,-43.875673 172.168688,-43.875558 172.168593,-43.875300 172.168288,-43.874625 172.168281,-43.874608 172.168528,-43.874173 172.168979,-43.873603 172.168959,-43.873156 172.168710,-43.872864 172.168502,-43.872744 172.167927,-43.872414 172.167515,-43.871725 172.167407,-43.871038 172.167158,-43.870762 172.166482,-43.870883 172.165849,-43.870900 172.165487,-43.870910 172.165382,-43.870890 172.165382,-43.870440 172.165497,-43.870520 172.167012,-43.870531 172.166716,-43.869979 172.166338,-43.869185 172.165650,-43.868583 172.165410,-43.868192 172.165382,-43.868171 172.165382,-43.867619 172.165417,-43.867668 172.166074,-43.868253 172.166572,-43.868523 172.166639,-43.868514 172.166582,-43.867750 172.166631,-43.867180 172.166222,-43.866313 172.165432,-43.865525 172.165382,-43.865449 172.165383,-43.864259 172.165723,-43.864577 172.166459,-43.865326 172.167442,-43.865798 172.168195,-43.866182 172.169673,-43.866151 172.170652,-43.865796 172.171490,-43.865699 172.172053,-43.865775 172.172896,-43.866442 172.173738,-43.867203 172.173960,-43.867731 172.173739,-43.868267 172.173592,-43.868560 172.173268,-43.869208 172.173366,-43.869818 172.173630,-43.870553 172.174247,-43.871115 172.175125,-43.871473 172.176005,-43.871727 172.177110,-43.872169 172.178856,-43.873211 172.180002,-43.874046 172.180150,-43.874147 172.180802,-43.874589 172.181515,-43.874790 172.181684,-43.874636 172.182646,-43.875416 172.182822,-43.875903 172.182874,-43.876564 172.183404,-43.876754 172.184621,-43.876876 172.185629,-43.876625 172.185697,-43.876618 172.186499,-43.876538 172.188871,-43.877382 172.189007,-43.877430 172.189207,-43.877489 172.189229,-43.877532 172.189767,-43.877959 172.190176,-43.878567 172.190838,-43.879101 172.191376,-43.879528 172.192661,-43.880308 172.192702,-43.880318 172.193115,-43.880742 172.193283,-43.881160 172.193453,-43.881415 172.194105,-43.881664 172.194358,-43.881702 172.194689,-43.881849 172.194805,-43.882102 172.195136,-43.882820 172.195757,-43.883293 172.196375,-43.883717 172.196625,-43.884142 172.196869,-43.884455 172.196958,-43.884614 172.197098,-43.884793 172.197261,-43.885014 172.197490,-43.885286 172.197743,-43.885481 172.197885,-43.885584 172.199187,-43.886274 172.199400,-43.886635 172.199754,-43.886706 172.201120,-43.887445 172.201609,-43.887537 172.202427,-43.887690 172.202968,-43.887958 172.203334,-43.888597 172.203689,-43.888869 172.204519,-43.889505 172.204971,-43.889818 172.205336,-43.889914 172.205789,-43.890196 172.206054,-43.890524 172.206134,-43.890621 172.206150,-43.890740 172.206189,-43.891025 172.206507,-43.891438 172.207128,-43.892106 172.207594,-43.892916 172.208090,-43.893618 172.208106,-43.893642 172.208159,-43.893666 172.208755,-43.893943 172.209270,-43.894163 172.209555,-43.894475 172.209723,-43.894750 172.209973,-43.895159 172.210242,-43.895564 172.210248,-43.895568 172.210614,-43.895856 172.211057,-43.896214 172.211358,-43.896383 172.211920,-43.896470 172.212642,-43.896528 172.213219,-43.896532 172.213450,-43.896533 172.213821,-43.896585 172.213926,-43.896599 172.214155,-43.896789 172.214325,-43.897180 172.214535,-43.897330 172.214846,-43.897364 172.215160,-43.897161 172.215372,-43.897111 172.215671,-43.896827 172.215910,-43.896821 172.216155,-43.896810 172.216356,-43.896767 172.216524,-43.896680 172.216359,-43.896590 172.216042,-43.896536 172.215955,-43.896422 172.216028,-43.896355 172.216322,-43.896369 172.216717,-43.896336 172.217402,-43.896062 172.217552,-43.895962 172.217782,-43.895508 172.217783,-43.895409 172.217783,-43.895383 172.218379,-43.895095 172.218488,-43.895056 172.218642,-43.895002 172.218843,-43.894931 172.219612,-43.894717 172.220290,-43.894711 172.220722,-43.894829 172.221511,-43.894809 172.221987,-43.894885 172.222403,-43.894837 172.222609,-43.894834 172.222928,-43.894829 172.223141,-43.894816 172.223354,-43.894817 172.223567,-43.894776 172.223728,-43.894755 172.224095,-43.894627 172.224657,-43.894431 172.224884,-43.894389 172.225071,-43.894334 172.225679,-43.894248 172.225919,-43.894156 172.226146,-43.894072 172.226388,-43.893935 172.226827,-43.893685 172.226909,-43.893598 172.227015,-43.893293 172.227180,-43.892929 172.227468,-43.892759 172.227649,-43.892664 172.227724,-43.892555 172.227700,-43.892447 172.227620,-43.892381 172.227627,-43.892376 172.227135,-43.892025 172.227049,-43.891478 172.226901,-43.891242 172.226979,-43.891067 172.227137,-43.890971 172.227248,-43.890895 172.227256,-43.890889 172.227370,-43.890904 172.227663,-43.890746 172.228015,-43.890614 172.228437,-43.890493 172.228444,-43.890482 172.228626,-43.890200 172.228642,-43.890149 172.228696,-43.889977 172.228691,-43.889941 172.228698,-43.889941 172.228724,-43.889814 172.228743,-43.889721 172.228643,-43.889366 172.228250,-43.888804 172.228246,-43.888797 172.228183,-43.888776 172.228084,-43.888743 172.227718,-43.888780 172.227252,-43.888822 172.226632,-43.888606 172.226485,-43.888445 172.226513,-43.888363 172.226607,-43.888080 172.226693,-43.887748 172.226580,-43.887384 172.226411,-43.887223 172.226223,-43.887085 172.226115,-43.887035 172.225808,-43.886890 172.225127,-43.886579 172.224446,-43.886273 172.223839,-43.886048 172.223814,-43.886039 172.223659,-43.885957 172.223530,-43.885807 172.223342,-43.885468 172.223361,-43.885254 172.223412,-43.884707 172.223430,-43.884508 172.223517,-43.884245 172.223535,-43.883974 172.223508,-43.883750 172.223278,-43.883437 172.222764,-43.882931 172.222105,-43.882855 172.221533,-43.882712 172.221192,-43.882622 172.221092,-43.882596 172.220988,-43.882569 172.220961,-43.882561 172.220586,-43.882364 172.220266,-43.882172 172.219910,-43.881836 172.219663,-43.881682 172.219537,-43.881506 172.219311,-43.881423 172.218944,-43.881240 172.218389,-43.880980 172.218360,-43.880892 172.218668,-43.881020 172.218947,-43.881051 172.218950,-43.880789 172.219104,-43.880623 172.219215,-43.880353 172.219523,-43.880254 172.219569,-43.880175 172.219629,-43.880072 172.219429,-43.879913 172.219364,-43.879897 172.218927,-43.879790 172.218919,-43.879784 172.218588,-43.879536 172.218211,-43.879226 172.218034,-43.878937 172.217787,-43.878528 172.217806,-43.878209 172.217800,-43.878130 172.217786,-43.878029 172.217747,-43.877744 172.217694,-43.877467 172.217109,-43.877266 172.217105,-43.877257 172.217103,-43.877258 172.216925,-43.876999 172.216877,-43.876920 172.216764,-43.876781 172.216735,-43.876761 172.216671,-43.876717 172.216552,-43.876663 172.216518,-43.876648 172.216443,-43.876586 172.215443,-43.876043 172.215289,-43.875962 172.214560,-43.875516 172.214490,-43.875255 172.214302,-43.875025 172.214171,-43.874907 172.213994,-43.874932 172.213653,-43.874584 172.213262,-43.874151 172.213140,-43.873927 172.213138,-43.873512 172.213129,-43.873135 172.213125,-43.872842 172.213005,-43.872443 172.212999,-43.871784 172.213047,-43.871534 172.213019,-43.871374 172.212999,-43.871273 172.213076,-43.871019 172.213157,-43.870955 172.213147,-43.870578 172.213203,-43.870270 172.213177,-43.869993 172.213105,-43.869871 172.212983,-43.869684 172.212714,-43.869453 172.212715,-43.869379 172.212636,-43.869219 172.212519,-43.869048 172.212280,-43.868817 172.211997,-43.868847 172.211502,-43.868883 172.211061,-43.868884 172.210759,-43.868907 172.210359,-43.868847 172.210224,-43.868817 172.209920,-43.868751 172.209515,-43.868680 172.209402,-43.868627 172.208784,-43.868476 172.208027,-43.868175 172.207585,-43.867752 172.207516,-43.867587 172.207329,-43.867105 172.207332,-43.866834 172.207216,-43.866352 172.207239,-43.865604 172.207018,-43.865238 172.206499,-43.864923 172.206479,-43.864507 172.206317,-43.864191 172.206054,-43.863783 172.205645,-43.862837 172.205908,-43.862312 172.205910,-43.862137 172.205850,-43.861803 172.205767,-43.861582 172.205638,-43.861445 172.205342,-43.861392 172.205287,-43.861370 172.205117,-43.861299 172.204648,-43.861019 172.204414,-43.860829 172.204192,-43.860673 172.204156,-43.860613 172.204042,-43.860423 172.204042,-43.860093 172.204160,-43.859684 172.204152,-43.859393 172.204048,-43.859201 172.203898,-43.858982 172.203616,-43.858830 172.203039,-43.858559 172.202647,-43.858353 172.202391,-43.858249 172.202076,-43.857965 172.201974,-43.857627 172.201848,-43.857336 172.201895,-43.857175 172.201997,-43.856825 172.202026,-43.856560 172.202128,-43.856166 172.201752,-43.855689 172.201642,-43.855090 172.201471,-43.854631 172.201630,-43.854076 172.201697,-43.854083 172.201722,-43.853992 172.201878,-43.853911 172.201927,-43.853799 172.202019,-43.853636 172.202262,-43.853326 172.202235,-43.853102 172.202145,-43.852742 172.202015,-43.852625 172.201827,-43.852403 172.201700,-43.852087 172.201533,-43.852003 172.201185,-43.851716 172.201115,-43.851616 172.201110,-43.851504 172.201070,-43.851404 172.200946,-43.851269 172.200936,-43.851241 172.200743,-43.851086 172.200634,-43.850906 172.200667,-43.850750 172.200763,-43.850638 172.200824,-43.850567 172.200882,-43.850389 172.200854,-43.850174 172.200744,-43.849873 172.200729,-43.849832 172.200646,-43.849536 172.200671,-43.849062 172.200748,-43.848651 172.200691,-43.848604 172.200719,-43.848015 172.200234,-43.847784 172.200221,-43.847594 172.200120,-43.847420 172.200005,-43.847064 172.200183,-43.846738 172.200193,-43.846395 172.200348,-43.846097 172.200427,-43.845643 172.200333,-43.845238 172.200216,-43.844957 172.199996,-43.844682 172.199814,-43.844641 172.198957,-43.843596 172.198945,-43.843501 172.198914,-43.843348 172.198808,-43.843014 172.198769,-43.842724 172.198677,-43.842555 172.198504,-43.842466 172.198141,-43.842409 172.197884,-43.842275 172.197600,-43.842350 172.197293,-43.842310 172.197243,-43.842303 172.197204,-43.842298 172.196710,-43.842123 172.196492,-43.841928 172.196275,-43.841623 172.196242,-43.841236 172.196300,-43.840861 172.196328,-43.840513 172.196098,-43.839981 172.196019,-43.839605 172.196011,-43.838910 172.196004,-43.838305 172.195829,-43.838011 172.195745,-43.837678 172.195362,-43.837461 172.195048,-43.837352 172.194935,-43.837286 172.194536,-43.837199 172.194197,-43.837145 172.193785,-43.836850 172.193414,-43.836318 172.193406,-43.835980 172.193133,-43.835659 172.192632,-43.835372 172.192205,-43.835260 172.191576,-43.835128 172.191149,-43.835015 172.190584,-43.834847 172.190072,-43.834524 172.189715,-43.833892 172.189743,-43.833908 172.189490,-43.833396 172.189233,-43.832579 172.188960,-43.831879 172.188233,-43.831609 172.187732,-43.831386 172.187105,-43.831117 172.186473,-43.831240 172.185537,-43.831444 172.184552,-43.831573 172.183993,-43.831501 172.183734,-43.831467 172.183180,-43.831427 172.182616,-43.831176 172.182549,-43.831123 172.182242,-43.830882 172.182123,-43.830361 172.182178,-43.830060 172.181908,-43.829538 172.181208,-43.829095 172.180973,-43.828774 172.180900,-43.828572 172.180954,-43.828281 172.181161,-43.827881 172.181695,-43.827556 172.181900,-43.827302 172.181980,-43.827029 172.181961,-43.826591 172.181613,-43.826196 172.180998,-43.825963 172.180294,-43.825894 172.178258,-43.825442 172.177677,-43.825492 172.177292,-43.825481 172.177236,-43.825480 172.176560,-43.825174 172.176429,-43.825043 172.176112,-43.824723 172.175826,-43.824420 172.175818,-43.824151 172.175795,-43.823861 172.175417,-43.823710 172.175091,-43.823708 172.174750,-43.823863 172.174530,-43.824082 172.174522,-43.824085 172.174237,-43.824174 172.174080,-43.824207 172.173792,-43.824237 172.173783,-43.824232 172.173775,-43.824232 172.173250,-43.824238 172.172693,-43.824115 172.172236,-43.823911 172.171947,-43.823876 172.171600,-43.823759 172.171319,-43.823576 172.171145,-43.823182 172.171132,-43.822923 172.171056,-43.822726 172.171027,-43.822713 172.170901,-43.822292 172.170584,-43.822034 172.169902,-43.821925 172.169803,-43.821905 172.169505,-43.821843 172.168933,-43.821703 172.168459,-43.821696 172.168082,-43.821691 172.168008,-43.821667 172.167494,-43.821557 172.167040,-43.821412 172.166459,-43.820983 172.166216,-43.820632 172.165983,-43.820046 172.165661,-43.819643 172.165465,-43.819481 172.165384,-43.819240 172.165384,-43.818310 172.165640,-43.818890 172.165754,-43.819410 172.166188,-43.819957 172.166598,-43.820599 172.166944,-43.821121 172.167647,-43.821366 172.168375,-43.821403 172.169597,-43.821572 172.170577,-43.821795 172.170646,-43.821838 172.171102,-43.822126 172.171262,-43.822299 172.171584,-43.822641 172.171608,-43.822843 172.171496,-43.823102 172.171464,-43.823407 172.171652,-43.823614 172.171834,-43.823689 172.172152,-43.823736 172.172355,-43.823782 172.172659,-43.823892 172.173112,-43.823994 172.173587,-43.824056 172.173885,-43.824053 172.174077,-43.823966 172.174370,-43.823870 172.174623,-43.823695 172.174931,-43.823505 172.175217,-43.823488 172.175495,-43.823495 172.175792,-43.823571 172.176050,-43.823711 172.176035,-43.824165 172.176328,-43.824588 172.176866,-43.824902 172.177016,-43.824927 172.177960,-43.825083 172.178050,-43.825112 172.178613,-43.825289 172.181038,-43.825817 172.181445,-43.825978 172.181628,-43.826050 172.182101,-43.826436 172.182284,-43.826903 172.182234,-43.827193 172.182202,-43.827377 172.181768,-43.827794 172.181362,-43.827946 172.181142,-43.828410 172.181179,-43.828639 172.181349,-43.828913 172.181862,-43.829200 172.182025,-43.829237 172.182396,-43.829797 172.182726,-43.830399 172.182728,-43.830401 172.182909,-43.830950 172.183259,-43.831190 172.183888,-43.831286 172.184153,-43.831298 172.184568,-43.831318 172.185628,-43.831262 172.186362,-43.831030 172.186593,-43.830952 172.186920,-43.830842 172.187386,-43.830836 172.187699,-43.830994 172.187885,-43.831241 172.188246,-43.831536 172.188813,-43.831622 172.189126,-43.831734 172.189350,-43.831945 172.189917,-43.832939 172.190100,-43.833544 172.190418,-43.834325 172.190813,-43.834661 172.191278,-43.834852 172.192208,-43.835023 172.192923,-43.835320 172.193585,-43.835735 172.193869,-43.836184 172.193803,-43.836412 172.194001,-43.836733 172.194601,-43.837056 172.195393,-43.837217 172.195583,-43.837287 172.195669,-43.837319 172.195696,-43.837335 172.195795,-43.837393 172.195820,-43.837449 172.195967,-43.837584 172.196104,-43.837816 172.196193,-43.838041 172.196268,-43.838232 172.196477,-43.838493 172.196612,-43.839234 172.196615,-43.839604 172.196711,-43.839842 172.197520,-43.840361 172.197700,-43.840622 172.197903,-43.840800 172.198314,-43.841234 172.198495,-43.841525 172.198630,-43.841683 172.198761,-43.841927 172.198764,-43.841932 172.198861,-43.842268 172.198850,-43.842422 172.198979,-43.842659 172.199030,-43.842800 172.199033,-43.842801 172.199103,-43.843066 172.199248,-43.843378 172.199348,-43.843462 172.199497,-43.843808 172.200205,-43.844599 172.200366,-43.844720 172.200440,-43.844906 172.200506,-43.845173 172.200580,-43.845213 172.200617,-43.845313 172.200714,-43.845463 172.200747,-43.845660 172.200715,-43.845848 172.200638,-43.846019 172.200501,-43.846187 172.200493,-43.846210 172.200465,-43.846300 172.200501,-43.846356 172.200518,-43.846492 172.200456,-43.846846 172.200455,-43.847387 172.200633,-43.847691 172.200889,-43.847835 172.201081,-43.847866 172.201176,-43.847981 172.201209,-43.848373 172.201378,-43.848619 172.201661,-43.848985 172.201842,-43.849303 172.201946,-43.849429 172.202085,-43.849458 172.202300,-43.849714 172.202430,-43.849883 172.202515,-43.849993 172.202626,-43.850138 172.202756,-43.850312 172.202973,-43.850471 172.203400,-43.850714 172.203775,-43.850894 172.204042,-43.851236 172.204012,-43.851543 172.204122,-43.851711 172.204171,-43.852048 172.204217,-43.852357 172.204249,-43.852580 172.204181,-43.853269 172.204167,-43.853522 172.204148,-43.853874 172.203963,-43.854117 172.203810,-43.854428 172.203722,-43.854555 172.203734,-43.854722 172.203712,-43.854932 172.203757,-43.855098 172.203742,-43.855244 172.203729,-43.855415 172.203760,-43.855519 172.203785,-43.855705 172.203737,-43.855865 172.203615,-43.856064 172.203280,-43.856308 172.203236,-43.856316 172.202767,-43.856398 172.202471,-43.856401 172.202390,-43.856402 172.202441,-43.856518 172.202476,-43.856763 172.202160,-43.857381 172.202122,-43.857577 172.202739,-43.858213 172.203155,-43.858438 172.203657,-43.858608 172.204024,-43.858861 172.204263,-43.859186 172.204348,-43.859491 172.204304,-43.859916 172.204172,-43.860230 172.204233,-43.860443 172.204472,-43.860740 172.204827,-43.860946 172.205423,-43.861283 172.205691,-43.861340 172.205855,-43.861480 172.206104,-43.861990 172.206137,-43.862360 172.206019,-43.862600 172.205850,-43.862802 172.205949,-43.863024 172.206211,-43.863498 172.206622,-43.864342 172.207028,-43.864968 172.207461,-43.865424 172.207676,-43.865790 172.207768,-43.866599 172.207622,-43.866920 172.207645,-43.867122 172.207656,-43.867156 172.207706,-43.867474 172.208063,-43.867801 172.208617,-43.868032 172.208969,-43.868108 172.209335,-43.868371 172.209850,-43.868545 172.210156,-43.868582 172.210658,-43.868630 172.211128,-43.868643 172.211326,-43.868578 172.211639,-43.868603 172.212015,-43.868640 172.212196,-43.868658 172.212330,-43.868688 172.212381,-43.868653 172.212645,-43.868859 172.212663,-43.868999 172.212648,-43.869035 172.212857,-43.869210 172.212905,-43.869439 172.213102,-43.869599 172.213327,-43.869814 172.213366,-43.869939 172.213404,-43.870059 172.213467,-43.870298 172.213580,-43.870639 172.213595,-43.871192 172.213635,-43.871506 172.213494,-43.871628 172.213492,-43.871792 172.213489,-43.872021 172.213201,-43.872115 172.213205,-43.872327 172.213318,-43.872668 172.213386,-43.873131 172.213360,-43.873402 172.213270,-43.873566 172.213258,-43.873875 172.213322,-43.874056 172.213700,-43.874383 172.213975,-43.874714 172.214084,-43.874800 172.214268,-43.874785 172.214514,-43.875042 172.214695,-43.875283 172.214746,-43.875307 172.214802,-43.875334 172.214982,-43.875437 172.215092,-43.875514 172.215221,-43.875604 172.215586,-43.875791 172.215597,-43.875797 172.215695,-43.875847 172.215748,-43.875876 172.216157,-43.876101 172.216502,-43.876277 172.216705,-43.876419 172.216849,-43.876519 172.216969,-43.876729 172.217215,-43.876935 172.217364,-43.877080 172.217377,-43.877042 172.217267,-43.876734 172.217255,-43.876672 172.217194,-43.876568 172.217172,-43.876530 172.216806,-43.876201 172.216691,-43.876041 172.216553,-43.875788 172.216425,-43.875669 172.216370,-43.875656 172.216205,-43.875616 172.216072,-43.875518 172.215778,-43.875325 172.215470,-43.875028 172.215325,-43.874846 172.215189,-43.874627 172.215132,-43.874625 172.215084,-43.874564 172.214878,-43.874326 172.214806,-43.874204 172.214655,-43.874054 172.214632,-43.873943 172.214524,-43.873735 172.214439,-43.873566 172.214288,-43.873265 172.214250,-43.872829 172.214376,-43.872692 172.214393,-43.872548 172.214458,-43.872660 172.214412,-43.872788 172.214469,-43.872894 172.214467,-43.873048 172.214515,-43.873304 172.214646,-43.873448 172.214899,-43.873705 172.215160,-43.873983 172.215290,-43.874218 172.215359,-43.874511 172.215364,-43.874671 172.215597,-43.874885 172.215598,-43.874886 172.215875,-43.875208 172.216203,-43.875442 172.216484,-43.875559 172.216697,-43.875605 172.216870,-43.875882 172.217191,-43.876205 172.217462,-43.876564 172.217617,-43.876837 172.217674,-43.877021 172.217706,-43.877076 172.217748,-43.877149 172.217807,-43.877251 172.217819,-43.877257 172.217880,-43.877361 172.217908,-43.877409 172.217981,-43.877615 172.218085,-43.877989 172.218073,-43.878179 172.218127,-43.878462 172.218266,-43.878949 172.218794,-43.879424 172.219047,-43.879488 172.219210,-43.879515 172.219426,-43.879551 172.219443,-43.879553 172.219686,-43.879790 172.219842,-43.879950 172.219876,-43.880163 172.219755,-43.880341 172.219714,-43.880402 172.219707,-43.880413 172.219562,-43.880631 172.219537,-43.880668 172.219224,-43.880807 172.219243,-43.881047 172.219242,-43.881115 172.219508,-43.881269 172.219623,-43.881348 172.219801,-43.881470 172.220131,-43.881759 172.220602,-43.882136 172.220970,-43.882302 172.221196,-43.882429 172.221314,-43.882477 172.221487,-43.882548 172.221923,-43.882628 172.222298,-43.882713 172.222569,-43.882731 172.222675,-43.882737 172.222818,-43.882802 172.222923,-43.882850 172.223125,-43.883021 172.223363,-43.883279 172.223558,-43.883401 172.223615,-43.883674 172.223762,-43.883921 172.223807,-43.884139 172.223721,-43.884477 172.223687,-43.884701 172.223658,-43.884877 172.223660,-43.885244 172.223794,-43.885549 172.223937,-43.885802 172.224247,-43.885953 172.224588,-43.886100 172.224857,-43.886177 172.224938,-43.886200 172.225402,-43.886359 172.225812,-43.886548 172.225864,-43.886609 172.225884,-43.886632 172.225979,-43.886744 172.226467,-43.887057 172.226775,-43.887353 172.226901,-43.887684 172.226867,-43.887915 172.226801,-43.888091 172.226778,-43.888173 172.226715,-43.888371 172.226693,-43.888440 172.226926,-43.888562 172.227802,-43.888532 172.227880,-43.888535 172.228152,-43.888544 172.228280,-43.888655 172.228396,-43.888757 172.228421,-43.888779 172.228872,-43.889348 172.228935,-43.889679 172.228918,-43.889952 172.228907,-43.890184 172.228791,-43.890505 172.228476,-43.890741 172.228466,-43.890745 172.228460,-43.890747 172.228124,-43.890860 172.227846,-43.890894 172.227572,-43.890943 172.227440,-43.890987 172.227223,-43.891241 172.227276,-43.891479 172.227505,-43.891921 172.227858,-43.892278 172.228016,-43.892364 172.228024,-43.892433 172.228490,-43.892884 172.229015,-43.892907 172.229223,-43.892963 172.229357,-43.892924 172.229549,-43.892867 172.230070,-43.892721 172.230582,-43.892577 172.230937,-43.892429 172.231150,-43.892402 172.231756,-43.892116 172.232262,-43.891846 172.232467,-43.891717 172.232695,-43.891544 172.232856,-43.891306 172.232906,-43.891284 172.233015,-43.891237 172.233233,-43.891200 172.233394,-43.890967 172.233570,-43.890789 172.233160,-43.890514 172.232847,-43.890267 172.232638,-43.890124 172.232481,-43.890030 172.232662,-43.890032 172.233021,-43.890187 172.233416,-43.890483 172.233782,-43.890670</coordinates>
</LinearRing>
</outerBoundaryIs>
<innerBoundaryIs><LinearRing><tessellate>1</tessellate>
<coordinates> 172.196867,-43.884995 172.196752,-43.884822 172.196242,-43.883980 172.194927,-43.883096 172.194262,-43.882085 172.193519,-43.881838 172.191916,-43.880395 172.190262,-43.878929 172.189190,-43.878211 172.188865,-43.878047 172.188168,-43.877695 172.187821,-43.877599 172.187037,-43.877547 172.186772,-43.877758 172.187445,-43.878354 172.187893,-43.878712 172.188706,-43.879226 172.189396,-43.879835 172.189717,-43.880570 172.189643,-43.881434 172.189635,-43.881528 172.189560,-43.881894 172.189656,-43.882522 172.190013,-43.883211 172.190442,-43.883782 172.191348,-43.884739 172.191406,-43.884855 172.191705,-43.885463 172.191857,-43.885831 172.192062,-43.886187 172.192233,-43.886460 172.192247,-43.886685 172.192261,-43.886969 172.192255,-43.887395 172.192528,-43.887823 172.193449,-43.888089 172.194114,-43.887976 172.194691,-43.887838 172.195179,-43.887912 172.195821,-43.888118 172.196447,-43.888311 172.197141,-43.888588 172.197635,-43.888769 172.198130,-43.888950 172.198564,-43.889154 172.198945,-43.889299 172.199137,-43.889312 172.199278,-43.889195 172.199405,-43.888996 172.199421,-43.888971 172.199460,-43.888604 172.199291,-43.888248 172.199121,-43.887892 172.198813,-43.887417 172.198453,-43.886976 172.198382,-43.886684 172.198370,-43.886633 172.198183,-43.886277 172.197002,-43.885201 172.196867,-43.884995</coordinates>
</LinearRing>
</innerBoundaryIs>
<innerBoundaryIs><LinearRing><tessellate>1</tessellate>
<coordinates> 172.203772,-43.890762 172.202216,-43.889761 172.201911,-43.889035 172.201886,-43.888578 172.200058,-43.887937 172.200190,-43.888651 172.200509,-43.889451 172.200704,-43.890166 172.201074,-43.890615 172.201508,-43.891034 172.202302,-43.891507 172.202832,-43.891841 172.203518,-43.892197 172.204520,-43.892363 172.205423,-43.892880 172.206619,-43.893825 172.206847,-43.894433 172.206858,-43.894774 172.207281,-43.894798 172.207863,-43.894696 172.208145,-43.894783 172.207295,-43.893745 172.206133,-43.892577 172.205548,-43.891742 172.203772,-43.890762</coordinates>
</LinearRing>
</innerBoundaryIs>
<innerBoundaryIs><LinearRing><tessellate>1</tessellate>
<coordinates> 172.200688,-43.891412 172.200367,-43.891474 172.199731,-43.891107 172.198868,-43.890694 172.196830,-43.889412 172.195784,-43.888699 172.195492,-43.888597 172.195023,-43.888748 172.194874,-43.888874 172.194860,-43.888946 172.195032,-43.889110 172.195243,-43.889284 172.195666,-43.889567 172.196195,-43.889969 172.196550,-43.890370 172.196972,-43.890744 172.197207,-43.891144 172.197400,-43.891743 172.197554,-43.892151 172.198081,-43.892698 172.199036,-43.893185 172.200845,-43.893686 172.201527,-43.893564 172.201642,-43.892994 172.201410,-43.892332 172.201055,-43.891895 172.200688,-43.891412</coordinates>
</LinearRing>
</innerBoundaryIs>
<innerBoundaryIs><LinearRing><tessellate>1</tessellate>
<coordinates> 172.189387,-43.882408 172.189383,-43.882328 172.188780,-43.880419 172.188220,-43.879268 172.187438,-43.879049 172.185303,-43.878312 172.184561,-43.877751 172.183956,-43.877558 172.183918,-43.877546 172.183431,-43.877471 172.183099,-43.877481 172.181600,-43.877470 172.180591,-43.877274 172.180655,-43.877686 172.180896,-43.879216 172.181042,-43.880045 172.181075,-43.880343 172.181166,-43.881158 172.181438,-43.881716 172.181885,-43.882204 172.182854,-43.882756 172.183421,-43.882955 172.184052,-43.883178 172.184918,-43.883598 172.185720,-43.883616 172.186736,-43.883407 172.187659,-43.883393 172.188499,-43.883755 172.188804,-43.883886 172.190463,-43.885057 172.189439,-43.883322 172.189387,-43.882408</coordinates>
</LinearRing>
</innerBoundaryIs>
<innerBoundaryIs><LinearRing><tessellate>1</tessellate>
<coordinates> 172.173003,-43.876666 172.173406,-43.876729 172.173582,-43.876836 172.173868,-43.877020 172.174132,-43.877278 172.174516,-43.877530 172.174887,-43.877977 172.175079,-43.878436 172.175143,-43.878874 172.175277,-43.879205 172.176234,-43.879636 172.176908,-43.879722 172.177535,-43.879632 172.178169,-43.879704 172.178982,-43.879729 172.179456,-43.879928 172.179980,-43.880147 172.179524,-43.879812 172.179285,-43.879460 172.179265,-43.879240 172.179235,-43.878913 172.179185,-43.878367 172.178904,-43.877888 172.178378,-43.877435 172.178197,-43.877015 172.177925,-43.876945 172.177638,-43.876933 172.176833,-43.876986 172.176120,-43.876533 172.176116,-43.876528 172.175962,-43.876362 172.175865,-43.876258 172.175886,-43.875790 172.175721,-43.875224 172.175367,-43.874890 172.174580,-43.874660 172.173677,-43.874507 172.172968,-43.874456 172.172553,-43.874330 172.171809,-43.874104 172.171805,-43.874103 172.171626,-43.874049 172.170740,-43.873528 172.170189,-43.873169 172.169802,-43.873121 172.169431,-43.873130 172.169302,-43.873083 172.169413,-43.873325 172.169395,-43.873435 172.169368,-43.873606 172.169339,-43.873810 172.168984,-43.874244 172.168642,-43.874688 172.168823,-43.875175 172.169474,-43.875684 172.169476,-43.875684 172.170141,-43.875864 172.171279,-43.876084 172.171860,-43.876249 172.172254,-43.876361 172.172574,-43.876583 172.172852,-43.876637 172.173003,-43.876666</coordinates>
</LinearRing>
</innerBoundaryIs>
<innerBoundaryIs><LinearRing><tessellate>1</tessellate>
<coordinates> 172.202618,-43.853131 172.202640,-43.853217 172.202636,-43.853476 172.202525,-43.853782 172.202432,-43.853943 172.202378,-43.854036 172.202131,-43.854198 172.201862,-43.854240 172.201787,-43.854224 172.201780,-43.854272 172.201877,-43.854548 172.201854,-43.855018 172.201875,-43.855323 172.201957,-43.855538 172.202250,-43.855729 172.202422,-43.855936 172.202466,-43.856084 172.202564,-43.856147 172.202858,-43.856172 172.203189,-43.856174 172.203214,-43.856158 172.203468,-43.855983 172.203572,-43.855780 172.203592,-43.855647 172.203583,-43.855582 172.203567,-43.855473 172.203545,-43.855374 172.203542,-43.855289 172.203462,-43.854679 172.203555,-43.854396 172.203678,-43.854341 172.203684,-43.854338 172.203715,-43.854236 172.203757,-43.854103 172.203802,-43.853847 172.203925,-43.853475 172.204006,-43.853109 172.203995,-43.852754 172.203906,-43.852099 172.203847,-43.851861 172.203887,-43.851480 172.203916,-43.851269 172.203721,-43.851009 172.203392,-43.850800 172.202735,-43.850422 172.202637,-43.850312 172.202493,-43.850152 172.202188,-43.849689 172.201872,-43.849557 172.201598,-43.849206 172.201293,-43.848767 172.201212,-43.848604 172.201011,-43.848395 172.200903,-43.848404 172.200876,-43.848542 172.200899,-43.848776 172.200858,-43.848965 172.200836,-43.849233 172.200843,-43.849636 172.200893,-43.849792 172.200944,-43.849946 172.201033,-43.850224 172.201047,-43.850551 172.200951,-43.850810 172.200929,-43.851061 172.200947,-43.851187 172.201137,-43.851327 172.201217,-43.851526 172.201341,-43.851656 172.201381,-43.851760 172.201625,-43.851892 172.201720,-43.851892 172.201749,-43.851996 172.201983,-43.852335 172.202090,-43.852353 172.202231,-43.852548 172.202379,-43.852632 172.202469,-43.852784 172.202510,-43.852816 172.202561,-43.852915 172.202581,-43.852988 172.202591,-43.853022 172.202618,-43.853131</coordinates>
</LinearRing>
</innerBoundaryIs>
<innerBoundaryIs><LinearRing><tessellate>1</tessellate>
<coordinates> 172.209223,-43.897764 172.209561,-43.897566 172.209852,-43.897848 172.210305,-43.897892 172.210329,-43.897598 172.210040,-43.897088 172.209300,-43.896362 172.208694,-43.895997 172.208243,-43.895873 172.208183,-43.895953 172.208102,-43.896100 172.208082,-43.896100 172.207790,-43.895884 172.207556,-43.895695 172.207224,-43.895466 172.206714,-43.895262 172.205931,-43.894909 172.205302,-43.894771 172.204789,-43.894821 172.204099,-43.894843 172.204295,-43.894925 172.204726,-43.895168 172.204900,-43.895396 172.204723,-43.895395 172.204291,-43.895272 172.204191,-43.895392 172.204542,-43.895688 172.205522,-43.896069 172.205674,-43.896444 172.205319,-43.896508 172.205023,-43.896560 172.205020,-43.896733 172.205371,-43.897070 172.206094,-43.897475 172.206955,-43.897909 172.206936,-43.898043 172.206690,-43.898070 172.206314,-43.898091 172.206383,-43.898218 172.206691,-43.898440 172.206780,-43.898581 172.207322,-43.898763 172.207716,-43.898817 172.208176,-43.898783 172.208320,-43.898652 172.208602,-43.898575 172.209226,-43.899047 172.210008,-43.899520 172.210482,-43.899456 172.210545,-43.899109 172.209786,-43.898449 172.209337,-43.898085 172.209223,-43.897764</coordinates>
</LinearRing>
</innerBoundaryIs>
<innerBoundaryIs><LinearRing><tessellate>1</tessellate>
<coordinates> 172.168859,-43.870183 172.167045,-43.869614 172.167404,-43.870311 172.167704,-43.870813 172.167944,-43.871232 172.168042,-43.871538 172.168116,-43.872080 172.168663,-43.872556 172.169457,-43.872826 172.170052,-43.872747 172.170242,-43.872318 172.169524,-43.870910 172.169265,-43.870422 172.168859,-43.870183</coordinates>
</LinearRing>
</innerBoundaryIs>
<innerBoundaryIs><LinearRing><tessellate>1</tessellate>
<coordinates> 172.168823,-43.869742 172.170337,-43.870013 172.171516,-43.870238 172.172742,-43.870561 172.172870,-43.870562 172.172398,-43.869984 172.172290,-43.869680 172.172316,-43.869593 172.172424,-43.869226 172.172636,-43.868978 172.172719,-43.868740 172.172837,-43.868297 172.172859,-43.867787 172.172786,-43.867299 172.172440,-43.866906 172.171981,-43.866621 172.171615,-43.866510 172.171343,-43.866508 172.171026,-43.866333 172.170723,-43.866330 172.170482,-43.866372 172.170353,-43.866447 172.169759,-43.866681 172.168785,-43.866674 172.167271,-43.866360 172.167314,-43.866729 172.167867,-43.867188 172.167864,-43.867410 172.167864,-43.867416 172.167435,-43.867250 172.167101,-43.867117 172.167064,-43.867486 172.167171,-43.867844 172.167277,-43.868083 172.167311,-43.868160 172.167399,-43.868691 172.167854,-43.869280 172.168823,-43.869742</coordinates>
</LinearRing>
</innerBoundaryIs>
<innerBoundaryIs><LinearRing><tessellate>1</tessellate>
<coordinates> 172.182763,-43.885078 172.183185,-43.885333 172.183616,-43.885517 172.184295,-43.885713 172.184768,-43.886095 172.185006,-43.886175 172.184395,-43.884886 172.183991,-43.883934 172.183703,-43.883662 172.183253,-43.883569 172.182200,-43.883421 172.182465,-43.884084 172.182453,-43.884428 172.182582,-43.884729 172.182763,-43.885078</coordinates>
</LinearRing>
</innerBoundaryIs>
<innerBoundaryIs><LinearRing><tessellate>1</tessellate>
<coordinates> 172.184755,-43.885080 172.184918,-43.885460 172.186045,-43.886554 172.186640,-43.887123 172.187396,-43.887524 172.188173,-43.887662 172.188669,-43.887593 172.188105,-43.887409 172.187083,-43.887030 172.186211,-43.886087 172.185624,-43.884978 172.185048,-43.884386 172.184564,-43.884160 172.184438,-43.884322 172.184436,-43.884472 172.184469,-43.884640 172.184755,-43.885080</coordinates>
</LinearRing>
</innerBoundaryIs>
<innerBoundaryIs><LinearRing><tessellate>1</tessellate>
<coordinates> 172.187448,-43.886946 172.189117,-43.887496 172.189694,-43.887604 172.189418,-43.886868 172.189282,-43.886506 172.189248,-43.886400 172.189009,-43.885651 172.188931,-43.885409 172.188635,-43.884809 172.188306,-43.884393 172.187973,-43.884205 172.187519,-43.884016 172.186273,-43.883883 172.185297,-43.884021 172.185565,-43.884415 172.185988,-43.884687 172.186197,-43.885019 172.186292,-43.885169 172.186644,-43.885724 172.186757,-43.886344 172.187389,-43.886927 172.187448,-43.886946</coordinates>
</LinearRing>
</innerBoundaryIs>
<innerBoundaryIs><LinearRing><tessellate>1</tessellate>
<coordinates> 172.195876,-43.890836 172.195667,-43.890491 172.195405,-43.890163 172.195208,-43.889926 172.194850,-43.889715 172.194399,-43.889468 172.194041,-43.889329 172.193614,-43.889290 172.193333,-43.889379 172.193233,-43.889813 172.193196,-43.890600 172.193452,-43.891453 172.193887,-43.891827 172.194713,-43.892014 172.195285,-43.892118 172.196230,-43.892378 172.197387,-43.892666 172.196482,-43.891438 172.196125,-43.891200 172.195954,-43.891018 172.195876,-43.890836</coordinates>
</LinearRing>
</innerBoundaryIs>
<innerBoundaryIs><LinearRing><tessellate>1</tessellate>
<coordinates> 172.204125,-43.893137 172.203519,-43.893022 172.202881,-43.892977 172.202158,-43.892660 172.201966,-43.892639 172.201963,-43.892830 172.202033,-43.893173 172.202576,-43.893609 172.203194,-43.894026 172.204185,-43.894254 172.205165,-43.894190 172.206128,-43.894277 172.206088,-43.893905 172.205603,-43.893620 172.204745,-43.893423 172.204125,-43.893137</coordinates>
</LinearRing>
</innerBoundaryIs>
<innerBoundaryIs><LinearRing><tessellate>1</tessellate>
<coordinates> 172.180035,-43.880629 172.179688,-43.880427 172.179312,-43.880334 172.179227,-43.880447 172.179265,-43.880723 172.179449,-43.881037 172.179705,-43.881276 172.180036,-43.881548 172.180659,-43.882515 172.181179,-43.882879 172.180541,-43.881940 172.180259,-43.881080 172.180228,-43.880848 172.180035,-43.880629</coordinates>
</LinearRing>
</innerBoundaryIs>
<innerBoundaryIs><LinearRing><tessellate>1</tessellate>
<coordinates> 172.179444,-43.876462 172.179354,-43.876233 172.179137,-43.875940 172.178672,-43.875992 172.178161,-43.875988 172.177638,-43.875961 172.177094,-43.875784 172.176598,-43.875583 172.176379,-43.875432 172.176273,-43.875557 172.176267,-43.875983 172.176481,-43.876473 172.177316,-43.876581 172.177942,-43.876696 172.178658,-43.877040 172.179336,-43.877533 172.179910,-43.878034 172.179388,-43.877132 172.179380,-43.876872 172.179417,-43.876722 172.179444,-43.876462</coordinates>
</LinearRing>
</innerBoundaryIs>
<innerBoundaryIs><LinearRing><tessellate>1</tessellate>
<coordinates> 172.179966,-43.874561 172.179350,-43.874239 172.178802,-43.874187 172.178667,-43.874400 172.179183,-43.875314 172.180310,-43.876190 172.182028,-43.876878 172.182982,-43.876981 172.182294,-43.876046 172.181885,-43.875422 172.181118,-43.875051 172.179966,-43.874561</coordinates>
</LinearRing>
</innerBoundaryIs>
<innerBoundaryIs><LinearRing><tessellate>1</tessellate>
<coordinates> 172.177379,-43.873446 172.176675,-43.872890 172.175948,-43.872609 172.175581,-43.872634 172.175114,-43.872644 172.175554,-43.873130 172.175632,-43.873392 172.175568,-43.873613 172.175363,-43.873708 172.175075,-43.873981 172.175072,-43.874202 172.175920,-43.874635 172.176545,-43.874998 172.177254,-43.875183 172.177838,-43.875614 172.178709,-43.875814 172.178816,-43.875387 172.178178,-43.874514 172.178166,-43.873921 172.177379,-43.873446</coordinates>
</LinearRing>
</innerBoundaryIs>
<innerBoundaryIs><LinearRing><tessellate>1</tessellate>
<coordinates> 172.171117,-43.872685 172.170993,-43.872809 172.170992,-43.872892 172.170403,-43.872499 172.170235,-43.872859 172.170661,-43.873154 172.171494,-43.873604 172.172227,-43.873873 172.174780,-43.874294 172.173748,-43.873398 172.173159,-43.873074 172.171852,-43.872871 172.171117,-43.872685</coordinates>
</LinearRing>
</innerBoundaryIs>
<innerBoundaryIs><LinearRing><tessellate>1</tessellate>
<coordinates> 172.172225,-43.871012 172.172044,-43.870775 172.171656,-43.870689 172.170410,-43.870500 172.169838,-43.870426 172.170398,-43.871360 172.170921,-43.872072 172.171652,-43.872494 172.172549,-43.872751 172.173266,-43.872742 172.173879,-43.872802 172.172975,-43.871573 172.172772,-43.871391 172.172486,-43.871348 172.172225,-43.871012</coordinates>
</LinearRing>
</innerBoundaryIs>
<innerBoundaryIs><LinearRing><tessellate>1</tessellate>
<coordinates> 172.211895,-43.898343 172.212348,-43.898346 172.212546,-43.898254 172.212570,-43.897987 172.212258,-43.897718 172.211926,-43.897488 172.211220,-43.897190 172.211045,-43.897055 172.210999,-43.897549 172.211172,-43.897911 172.211444,-43.898207 172.211895,-43.898343</coordinates>
</LinearRing>
</innerBoundaryIs>
<innerBoundaryIs><LinearRing><tessellate>1</tessellate>
<coordinates> 172.190320,-43.887005 172.190609,-43.887382 172.191228,-43.887544 172.191573,-43.887570 172.191587,-43.887230 172.191592,-43.886844 172.191476,-43.886486 172.191238,-43.886162 172.191054,-43.885734 172.190791,-43.885404 172.190282,-43.885336 172.189989,-43.885351 172.189935,-43.885468 172.189915,-43.885655 172.189980,-43.886025 172.190320,-43.887005</coordinates>
</LinearRing>
</innerBoundaryIs>
<innerBoundaryIs><LinearRing><tessellate>1</tessellate>
<coordinates> 172.198349,-43.889613 172.198519,-43.889858 172.198916,-43.890124 172.199314,-43.890289 172.199726,-43.890464 172.200019,-43.890539 172.200178,-43.890558 172.199284,-43.889520 172.198791,-43.889453 172.198564,-43.889478 172.198349,-43.889613</coordinates>
</LinearRing>
</innerBoundaryIs>
<innerBoundaryIs><LinearRing><tessellate>1</tessellate>
<coordinates> 172.208980,-43.895224 172.209548,-43.895482 172.209666,-43.895496 172.209513,-43.895201 172.209263,-43.894691 172.209032,-43.894302 172.208915,-43.894221 172.208481,-43.894258 172.208262,-43.894417 172.208219,-43.894684 172.208511,-43.894953 172.208980,-43.895224</coordinates>
</LinearRing>
</innerBoundaryIs>
<innerBoundaryIs><LinearRing><tessellate>1</tessellate>
<coordinates> 172.179839,-43.878191 172.179642,-43.878150 172.179545,-43.878441 172.179470,-43.878795 172.179523,-43.879190 172.179624,-43.879490 172.180072,-43.879848 172.180222,-43.879936 172.180286,-43.879447 172.180099,-43.878721 172.179965,-43.878310 172.179839,-43.878191</coordinates>
</LinearRing>
</innerBoundaryIs>
<innerBoundaryIs><LinearRing><tessellate>1</tessellate>
<coordinates> 172.233659,-43.890865 172.233492,-43.891011 172.233413,-43.891266 172.233375,-43.891299 172.233263,-43.891276 172.233187,-43.891336 172.233013,-43.891356 172.232929,-43.891459 172.233003,-43.891557 172.233214,-43.891526 172.233341,-43.891636 172.233414,-43.891678 172.233585,-43.891668 172.233813,-43.891652 172.233997,-43.891641 172.234298,-43.891582 172.234558,-43.891526 172.234630,-43.891431 172.234249,-43.891212 172.234118,-43.891137 172.233883,-43.891003 172.233659,-43.890865</coordinates>
</LinearRing>
</innerBoundaryIs>
<innerBoundaryIs><LinearRing><tessellate>1</tessellate>
<coordinates> 172.196454,-43.841337 172.196572,-43.841642 172.196683,-43.841863 172.196796,-43.842008 172.197108,-43.842098 172.197382,-43.842095 172.197719,-43.842047 172.197940,-43.842082 172.198113,-43.842238 172.198265,-43.842322 172.198274,-43.842178 172.198216,-43.841929 172.198167,-43.841620 172.197989,-43.841237 172.197742,-43.840899 172.197523,-43.840709 172.197197,-43.840541 172.196979,-43.840341 172.196843,-43.840235 172.196622,-43.840201 172.196534,-43.840487 172.196478,-43.840713 172.196450,-43.841039 172.196454,-43.841337</coordinates>
</LinearRing>
</innerBoundaryIs>
<innerBoundaryIs><LinearRing><tessellate>1</tessellate>
<coordinates> 172.173901,-43.877701 172.173810,-43.877850 172.173840,-43.878009 172.173963,-43.878246 172.174268,-43.878565 172.174428,-43.878857 172.174598,-43.878927 172.174724,-43.878962 172.174614,-43.878203 172.174402,-43.878017 172.174120,-43.877806 172.173901,-43.877701</coordinates>
</LinearRing>
</innerBoundaryIs>
<innerBoundaryIs><LinearRing><tessellate>1</tessellate>
<coordinates> 172.227209,-43.893268 172.227260,-43.893724 172.227285,-43.893786 172.227319,-43.893879 172.227688,-43.893853 172.228118,-43.893794 172.228390,-43.893806 172.228562,-43.893776 172.228616,-43.893694 172.228633,-43.893531 172.228414,-43.893268 172.228245,-43.893117 172.228072,-43.892904 172.227928,-43.892732 172.227889,-43.892654 172.227612,-43.892823 172.227356,-43.892972 172.227214,-43.893157 172.227209,-43.893268</coordinates>
</LinearRing>
</innerBoundaryIs>
</Polygon>
<Polygon><outerBoundaryIs><LinearRing><tessellate>1</tessellate>
<coordinates> 172.165498,-43.859912 172.165842,-43.860410 172.166215,-43.860960 172.166645,-43.861743 172.166973,-43.862231 172.167331,-43.862760 172.167133,-43.862759 172.166560,-43.862352 172.166215,-43.862019 172.165747,-43.861726 172.165497,-43.862148 172.165383,-43.862335 172.165383,-43.859730 172.165498,-43.859912</coordinates>
</LinearRing>
</outerBoundaryIs>
</Polygon>
</MultiGeometry>
</Placemark>
<Placemark><styleUrl>#nz-river-polygons-topo-150kId</styleUrl>
<ExtendedData><SchemaData schemaUrl="#nz-river-polygons-topo-150kId"><SimpleData name="t50_fid">7559271</SimpleData>
</SchemaData>
</ExtendedData>
<Polygon><outerBoundaryIs><LinearRing><tessellate>1</tessellate>
<coordinates> 173.085231,-43.755632 173.085237,-43.755631 173.085563,-43.755520 173.086009,-43.755279 173.086286,-43.755160 173.086506,-43.754970 173.088018,-43.754150 173.089257,-43.753215 173.089567,-43.752978 173.089680,-43.752857 173.090045,-43.752438 173.090844,-43.751522 173.091305,-43.751136 173.091642,-43.750752 173.091938,-43.750214 173.092146,-43.749898 173.092127,-43.749825 173.092531,-43.749345 173.093200,-43.748648 173.094222,-43.747366 173.094924,-43.746529 173.095005,-43.746408 173.095097,-43.746364 173.095096,-43.746205 173.095311,-43.745956 173.095588,-43.745729 173.095897,-43.745637 173.096078,-43.745636 173.096150,-43.745620 173.096270,-43.745580 173.096841,-43.745150 173.097191,-43.744864 173.097904,-43.744635 173.098638,-43.744524 173.099271,-43.744274 173.099281,-43.744289 173.099301,-43.744297 173.098667,-43.744537 173.098277,-43.744767 173.097132,-43.745112 173.096964,-43.745237 173.096548,-43.745543 173.096181,-43.745636 173.095682,-43.745887 173.095252,-43.746294 173.095159,-43.746317 173.094235,-43.747416 173.094275,-43.747584 173.094154,-43.747855 173.092284,-43.749892 173.092191,-43.749915 173.091971,-43.750283 173.092010,-43.750366 173.091800,-43.750953 173.091617,-43.751269 173.090632,-43.752040 173.090234,-43.752538 173.089804,-43.752901 173.089742,-43.752879 173.089475,-43.753093 173.089297,-43.753252 173.089307,-43.753318 173.089313,-43.753332 173.089128,-43.753513 173.087928,-43.754399 173.086509,-43.755173 173.086346,-43.755197 173.085663,-43.755527 173.085252,-43.755666 173.085217,-43.755678 173.084744,-43.755762 173.085231,-43.755632</coordinates>
</LinearRing>
</outerBoundaryIs>
</Polygon>
</Placemark>
<Placemark><styleUrl>#nz-river-polygons-topo-150kId</styleUrl>
<ExtendedData><SchemaData schemaUrl="#nz-river-polygons-topo-150kId"><SimpleData name="t50_fid">7559272</SimpleData>
</SchemaData>
</ExtendedData>
<Polygon><outerBoundaryIs><LinearRing><tessellate>1</tessellate>
<coordinates> 173.056417,-43.691754 173.056417,-43.692011 173.056526,-43.692329 173.056548,-43.692595 173.056554,-43.692666 173.056542,-43.692678 173.056364,-43.692844 173.055712,-43.692983 173.055468,-43.693143 173.055142,-43.693380 173.054734,-43.693560 173.054463,-43.693738 173.054029,-43.693957 173.053812,-43.694155 173.053459,-43.694592 173.053450,-43.694604 173.053187,-43.694969 173.052861,-43.695226 173.052843,-43.695243 173.052291,-43.695703 173.051748,-43.696021 173.051231,-43.696339 173.051210,-43.696347 173.050933,-43.696458 173.050553,-43.696676 173.050309,-43.696974 173.049901,-43.697569 173.049630,-43.697827 173.049666,-43.698067 173.049477,-43.698267 173.049199,-43.698396 173.049196,-43.698269 173.049582,-43.697718 173.049711,-43.697331 173.049956,-43.697013 173.050172,-43.696776 173.050227,-43.696537 173.050553,-43.696280 173.051204,-43.696021 173.051639,-43.695743 173.051710,-43.695694 173.052100,-43.695426 173.052521,-43.695060 173.052535,-43.695048 173.052779,-43.694711 173.052969,-43.694373 173.053376,-43.693937 173.053865,-43.693560 173.054327,-43.693282 173.054679,-43.692984 173.055141,-43.692527 173.055385,-43.692309 173.055711,-43.692031 173.055846,-43.691734 173.056010,-43.691456 173.056136,-43.691290 173.056662,-43.691535 173.056417,-43.691754</coordinates>
</LinearRing>
</outerBoundaryIs>
</Polygon>
</Placemark>
<Placemark><styleUrl>#nz-river-polygons-topo-150kId</styleUrl>
<ExtendedData><SchemaData schemaUrl="#nz-river-polygons-topo-150kId"><SimpleData name="t50_fid">7559273</SimpleData>
</SchemaData>
</ExtendedData>
<Polygon><outerBoundaryIs><LinearRing><tessellate>1</tessellate>
<coordinates> 173.043757,-43.704054 173.044202,-43.703829 173.043877,-43.704140 173.043707,-43.704272 173.043467,-43.704718 173.043105,-43.705755 173.043019,-43.706341 173.042749,-43.707130 173.042566,-43.707469 173.042308,-43.707740 173.042257,-43.707561 173.042409,-43.707267 173.042645,-43.706230 173.043127,-43.704922 173.043248,-43.704652 173.043595,-43.704227 173.043757,-43.704054</coordinates>
</LinearRing>
</outerBoundaryIs>
</Polygon>
</Placemark>
<Placemark><styleUrl>#nz-river-polygons-topo-150kId</styleUrl>
<ExtendedData><SchemaData schemaUrl="#nz-river-polygons-topo-150kId"><SimpleData name="t50_fid">7551973</SimpleData>
</SchemaData>
</ExtendedData>
<Polygon><outerBoundaryIs><LinearRing><tessellate>1</tessellate>
<coordinates> 172.778635,-43.788921 172.778828,-43.788660 172.779152,-43.788416 172.779564,-43.788245 172.779979,-43.788120 172.780271,-43.788032 172.780884,-43.787855 172.781266,-43.787737 172.781970,-43.787446 172.782457,-43.787214 172.782592,-43.787128 172.783356,-43.786641 172.783851,-43.786258 172.784234,-43.785679 172.784326,-43.785164 172.784237,-43.784720 172.784088,-43.783636 172.784168,-43.783015 172.784342,-43.782410 172.784397,-43.782263 172.784203,-43.781879 172.784429,-43.781975 172.784593,-43.782156 172.784826,-43.782162 172.785146,-43.782203 172.785302,-43.782322 172.784998,-43.782321 172.784716,-43.782394 172.784504,-43.782789 172.784346,-43.783495 172.784492,-43.784596 172.784565,-43.785035 172.784534,-43.785317 172.784496,-43.785663 172.784255,-43.786074 172.783715,-43.786609 172.782487,-43.787408 172.781744,-43.787771 172.781467,-43.787878 172.781168,-43.787975 172.780910,-43.788046 172.780614,-43.788137 172.780472,-43.788181 172.779618,-43.788476 172.779298,-43.788631 172.779096,-43.788829 172.778894,-43.789143 172.779028,-43.789315 172.778283,-43.789620 172.778635,-43.788921</coordinates>
</LinearRing>
</outerBoundaryIs>
</Polygon>
</Placemark>
<Placemark><styleUrl>#nz-river-polygons-topo-150kId</styleUrl>
<ExtendedData><SchemaData schemaUrl="#nz-river-polygons-topo-150kId"><SimpleData name="t50_fid">7554276</SimpleData>
</SchemaData>
</ExtendedData>
<Polygon><outerBoundaryIs><LinearRing><tessellate>1</tessellate>
<coordinates> 172.673765,-43.494708 172.673972,-43.494568 172.674205,-43.494512 172.674301,-43.494531 172.674305,-43.494601 172.674366,-43.494656 172.674449,-43.494659 172.674625,-43.494561 172.674722,-43.494510 172.674845,-43.494504 172.675103,-43.494536 172.675248,-43.494585 172.675554,-43.494582 172.675664,-43.494538 172.675822,-43.494564 172.675975,-43.494647 172.676124,-43.494654 172.676281,-43.494738 172.676430,-43.494770 172.676448,-43.494820 172.676478,-43.494904 172.676477,-43.494990 172.676418,-43.495071 172.676333,-43.494968 172.676241,-43.494939 172.676157,-43.494996 172.676052,-43.494967 172.675903,-43.494960 172.675934,-43.494877 172.675904,-43.494791 172.675716,-43.494736 172.675602,-43.494752 172.675484,-43.494716 172.675225,-43.494735 172.675102,-43.494670 172.674878,-43.494746 172.674725,-43.494816 172.674681,-43.494768 172.674414,-43.494790 172.674225,-43.494837 172.674049,-43.494878 172.673865,-43.494826 172.673769,-43.494849 172.673698,-43.494909 172.673585,-43.494874 172.673492,-43.494902 172.673352,-43.494991 172.673216,-43.495026 172.673201,-43.494992 172.673189,-43.494964 172.673265,-43.494876 172.673765,-43.494708</coordinates>
</LinearRing>
</outerBoundaryIs>
</Polygon>
</Placemark>
<Placemark><styleUrl>#nz-river-polygons-topo-150kId</styleUrl>
<ExtendedData><SchemaData schemaUrl="#nz-river-polygons-topo-150kId"><SimpleData name="t50_fid">7554275</SimpleData>
</SchemaData>
</ExtendedData>
<Polygon><outerBoundaryIs><LinearRing><tessellate>1</tessellate>
<coordinates> 172.677886,-43.495744 172.678110,-43.495834 172.678378,-43.496023 172.678626,-43.496287 172.678808,-43.496484 172.678833,-43.496635 172.678964,-43.496832 172.679059,-43.497055 172.679079,-43.497132 172.679053,-43.497295 172.679042,-43.497447 172.679163,-43.497581 172.679122,-43.497662 172.679183,-43.497718 172.679254,-43.497759 172.679299,-43.497900 172.679304,-43.497996 172.679202,-43.498044 172.679166,-43.498109 172.679049,-43.498047 172.679039,-43.497936 172.678948,-43.497876 172.678938,-43.497832 172.678974,-43.497758 172.678904,-43.497584 172.678843,-43.497543 172.678808,-43.497450 172.678742,-43.497372 172.678709,-43.497005 172.678456,-43.496642 172.678477,-43.496560 172.678452,-43.496523 172.678401,-43.496497 172.678387,-43.496345 172.678331,-43.496227 172.678113,-43.496104 172.678073,-43.496033 172.678073,-43.495930 172.678033,-43.495874 172.677880,-43.495851 172.677723,-43.495784 172.677886,-43.495744</coordinates>
</LinearRing>
</outerBoundaryIs>
</Polygon>
</Placemark>
<Placemark><styleUrl>#nz-river-polygons-topo-150kId</styleUrl>
<ExtendedData><SchemaData schemaUrl="#nz-river-polygons-topo-150kId"><SimpleData name="t50_fid">7553178</SimpleData>
</SchemaData>
</ExtendedData>
<Polygon><outerBoundaryIs><LinearRing><tessellate>1</tessellate>
<coordinates> 172.683471,-43.552328 172.683453,-43.552456 172.683397,-43.552568 172.683324,-43.552646 172.683099,-43.552659 172.683020,-43.552703 172.682939,-43.552780 172.682666,-43.552860 172.682345,-43.552963 172.681951,-43.553079 172.681598,-43.553156 172.681288,-43.553146 172.680936,-43.553115 172.680468,-43.553041 172.679595,-43.552998 172.679092,-43.552935 172.678578,-43.552878 172.678302,-43.552869 172.678086,-43.552920 172.677997,-43.553069 172.677957,-43.553247 172.677932,-43.553445 172.677962,-43.553631 172.678100,-43.554097 172.678126,-43.554381 172.677995,-43.554119 172.677840,-43.553631 172.677813,-43.553491 172.677814,-43.553201 172.677877,-43.552978 172.677956,-43.552866 172.678073,-43.552785 172.678278,-43.552726 172.678940,-43.552745 172.679751,-43.552804 172.680296,-43.552885 172.680995,-43.552963 172.681434,-43.553047 172.681656,-43.552990 172.682453,-43.552784 172.683011,-43.552502 172.683371,-43.552306 172.683490,-43.552186 172.683532,-43.552092 172.683522,-43.552027 172.683475,-43.551959 172.683758,-43.552123 172.683471,-43.552328</coordinates>
</LinearRing>
</outerBoundaryIs>
</Polygon>
</Placemark>
<Placemark><styleUrl>#nz-river-polygons-topo-150kId</styleUrl>
<ExtendedData><SchemaData schemaUrl="#nz-river-polygons-topo-150kId"><SimpleData name="t50_fid">7550988</SimpleData>
</SchemaData>
</ExtendedData>
<Polygon><outerBoundaryIs><LinearRing><tessellate>1</tessellate>
<coordinates> 172.698137,-43.558695 172.697886,-43.558585 172.697641,-43.558448 172.697224,-43.558217 172.696927,-43.557957 172.696563,-43.557655 172.696101,-43.557220 172.695581,-43.556793 172.695050,-43.556447 172.694249,-43.555990 172.693595,-43.555534 172.693138,-43.555154 172.692839,-43.554957 172.692592,-43.554822 172.692334,-43.554760 172.691954,-43.554725 172.691569,-43.554728 172.691066,-43.554778 172.690640,-43.554880 172.689696,-43.555078 172.689317,-43.555227 172.688994,-43.555305 172.688541,-43.555337 172.688490,-43.555320 172.688415,-43.555294 172.688146,-43.555180 172.687684,-43.554957 172.686996,-43.554591 172.686354,-43.554189 172.685669,-43.553665 172.685134,-43.553231 172.684674,-43.552818 172.683928,-43.552302 172.683907,-43.552270 172.683880,-43.552195 172.683858,-43.552145 172.683823,-43.552128 172.683758,-43.552123 172.683475,-43.551959 172.683193,-43.551767 172.683038,-43.551594 172.682871,-43.551551 172.682659,-43.551411 172.682202,-43.551127 172.681590,-43.550843 172.681424,-43.550670 172.681154,-43.550569 172.680887,-43.550523 172.680483,-43.550318 172.680196,-43.550071 172.680010,-43.549804 172.679911,-43.549683 172.679836,-43.549594 172.679720,-43.549500 172.679641,-43.549485 172.679562,-43.549439 172.679526,-43.549311 172.679384,-43.549080 172.679217,-43.548713 172.679083,-43.548522 172.678984,-43.548300 172.678910,-43.548026 172.678957,-43.547920 172.678932,-43.547781 172.678908,-43.547720 172.678831,-43.547640 172.678728,-43.547487 172.678596,-43.547436 172.678402,-43.547306 172.678157,-43.547173 172.677841,-43.547101 172.677616,-43.547101 172.677375,-43.547158 172.677083,-43.547231 172.676909,-43.547256 172.676650,-43.547403 172.676379,-43.547577 172.676625,-43.547316 172.676766,-43.547197 172.676910,-43.547108 172.677092,-43.547019 172.677338,-43.546937 172.677385,-43.546891 172.677655,-43.546941 172.677803,-43.546932 172.678120,-43.547004 172.678374,-43.547087 172.678665,-43.547248 172.678837,-43.547387 172.679044,-43.547569 172.679129,-43.547720 172.679152,-43.547926 172.679229,-43.548217 172.679321,-43.548516 172.679337,-43.548674 172.679585,-43.549152 172.679623,-43.549194 172.679686,-43.549207 172.679792,-43.549210 172.679873,-43.549365 172.679908,-43.549501 172.680073,-43.549695 172.680158,-43.549761 172.680261,-43.549806 172.680330,-43.549955 172.680593,-43.550194 172.680707,-43.550299 172.680922,-43.550405 172.681129,-43.550469 172.681319,-43.550563 172.681525,-43.550612 172.681584,-43.550587 172.681637,-43.550601 172.681738,-43.550684 172.682080,-43.550781 172.682298,-43.550923 172.682406,-43.550953 172.682503,-43.551035 172.682638,-43.551073 172.682724,-43.551118 172.683015,-43.551331 172.683515,-43.551529 172.683817,-43.551738 172.683950,-43.551850 172.684098,-43.552007 172.684162,-43.552032 172.684234,-43.552040 172.684915,-43.552543 172.685247,-43.552799 172.686005,-43.553443 172.686354,-43.553709 172.686664,-43.553941 172.687052,-43.554195 172.687426,-43.554422 172.687974,-43.554703 172.688531,-43.554962 172.688726,-43.555013 172.688880,-43.554982 172.689337,-43.554876 172.689853,-43.554745 172.690426,-43.554625 172.690901,-43.554519 172.691168,-43.554533 172.691407,-43.554476 172.691500,-43.554473 172.691808,-43.554402 172.692193,-43.554388 172.692409,-43.554442 172.692767,-43.554581 172.693129,-43.554797 172.693656,-43.555182 172.694331,-43.555630 172.694767,-43.555934 172.695322,-43.556252 172.695858,-43.556586 172.696150,-43.556822 172.696586,-43.557160 172.696933,-43.557479 172.697284,-43.557829 172.697831,-43.558187 172.698281,-43.558398 172.698468,-43.558806 172.698137,-43.558695</coordinates>
</LinearRing>
</outerBoundaryIs>
</Polygon>
</Placemark>
<Placemark><styleUrl>#nz-river-polygons-topo-150kId</styleUrl>
<ExtendedData><SchemaData schemaUrl="#nz-river-polygons-topo-150kId"><SimpleData name="t50_fid">7550328</SimpleData>
</SchemaData>
</ExtendedData>
<Polygon><outerBoundaryIs><LinearRing><tessellate>1</tessellate>
<coordinates> 172.726240,-43.526973 172.725063,-43.527430 172.724996,-43.527457 172.724961,-43.527572 172.724742,-43.527551 172.724408,-43.527575 172.724098,-43.527511 172.723765,-43.527473 172.723563,-43.527464 172.723179,-43.527283 172.722909,-43.527232 172.722765,-43.527152 172.722582,-43.526968 172.722467,-43.526863 172.722531,-43.526708 172.722428,-43.526603 172.722279,-43.526553 172.722164,-43.526599 172.721992,-43.526468 172.721860,-43.526317 172.721832,-43.526196 172.721729,-43.526116 172.721695,-43.525953 172.721879,-43.525874 172.722139,-43.525799 172.722375,-43.525687 172.722553,-43.525649 172.722628,-43.525658 172.722651,-43.525767 172.722616,-43.525905 172.722632,-43.526089 172.722769,-43.526244 172.722666,-43.526294 172.722579,-43.526374 172.722481,-43.526411 172.722486,-43.526474 172.722607,-43.526545 172.722739,-43.526583 172.722894,-43.526584 172.723153,-43.526680 172.723267,-43.526802 172.723485,-43.526882 172.723669,-43.526941 172.723905,-43.526912 172.724124,-43.526867 172.724423,-43.526893 172.724624,-43.526868 172.724707,-43.526791 172.724640,-43.526635 172.724557,-43.526425 172.724512,-43.526263 172.724475,-43.526123 172.724299,-43.525991 172.724162,-43.525891 172.724162,-43.525799 172.724078,-43.525756 172.723957,-43.525774 172.723895,-43.525652 172.723757,-43.525524 172.723623,-43.525475 172.723570,-43.525292 172.723482,-43.525203 172.723294,-43.525148 172.723089,-43.525157 172.722762,-43.525238 172.722326,-43.525295 172.722133,-43.525298 172.721962,-43.525312 172.721547,-43.525363 172.721422,-43.525235 172.721334,-43.525198 172.721326,-43.525168 172.721418,-43.525104 172.721423,-43.525043 172.721327,-43.524915 172.721362,-43.524604 172.721496,-43.524505 172.721485,-43.524499 172.721506,-43.524348 172.721716,-43.524198 172.721736,-43.523997 172.721667,-43.523815 172.721482,-43.523735 172.721392,-43.523637 172.721393,-43.523614 172.721400,-43.523307 172.721496,-43.523270 172.721637,-43.523326 172.721740,-43.523224 172.721830,-43.523019 172.721799,-43.522898 172.721972,-43.522870 172.722146,-43.522671 172.722210,-43.522578 172.722121,-43.522494 172.722108,-43.522410 172.722115,-43.522289 172.722302,-43.522074 172.722211,-43.521940 172.722178,-43.521893 172.722320,-43.521565 172.722321,-43.521443 172.722209,-43.521251 172.722191,-43.521074 172.722258,-43.520903 172.722118,-43.520609 172.721904,-43.520336 172.721661,-43.520158 172.721569,-43.519816 172.721439,-43.519516 172.721449,-43.519270 172.721395,-43.518901 172.721424,-43.518656 172.721575,-43.518520 172.721828,-43.518472 172.722072,-43.518507 172.722296,-43.518603 172.722624,-43.518645 172.723121,-43.518626 172.723459,-43.518545 172.723845,-43.518327 172.724240,-43.518076 172.724494,-43.517926 172.724814,-43.517749 172.724871,-43.517593 172.724881,-43.517470 172.724946,-43.517436 172.725153,-43.517457 172.725265,-43.517539 172.725367,-43.517778 172.725394,-43.517956 172.725257,-43.519266 172.725143,-43.519525 172.724454,-43.520526 172.724123,-43.521072 172.724001,-43.521153 172.723681,-43.521302 172.723446,-43.521432 172.723164,-43.521554 172.723088,-43.521738 172.723110,-43.521905 172.723135,-43.521900 172.723365,-43.521942 172.723377,-43.522040 172.723466,-43.522110 172.723620,-43.522111 172.723825,-43.522060 172.723972,-43.522126 172.724164,-43.522163 172.724484,-43.522122 172.724715,-43.522006 172.724940,-43.521844 172.725308,-43.521805 172.725460,-43.521659 172.725526,-43.521534 172.725536,-43.521404 172.725461,-43.521274 172.725560,-43.521261 172.725714,-43.521265 172.725705,-43.521196 172.725673,-43.521142 172.725847,-43.520989 172.725985,-43.520979 172.725956,-43.520825 172.725890,-43.520702 172.726122,-43.520409 172.726127,-43.520256 172.726062,-43.520170 172.726278,-43.520116 172.726341,-43.519621 172.725996,-43.518469 172.725697,-43.517828 172.725438,-43.517273 172.725170,-43.516653 172.724970,-43.516169 172.724963,-43.515627 172.725035,-43.515253 172.725132,-43.514881 172.725246,-43.514635 172.725374,-43.514402 172.725540,-43.514134 172.726093,-43.513594 172.726188,-43.513446 172.726211,-43.513244 172.726168,-43.513021 172.726035,-43.512618 172.725900,-43.512313 172.725782,-43.512094 172.725563,-43.511840 172.725204,-43.511543 172.724946,-43.511379 172.724450,-43.511222 172.723471,-43.511003 172.723096,-43.510922 172.722744,-43.510788 172.722567,-43.510648 172.722212,-43.510394 172.721768,-43.509967 172.721617,-43.509785 172.721311,-43.509363 172.721150,-43.509190 172.721069,-43.509136 172.720684,-43.508865 172.720313,-43.508614 172.720056,-43.508474 172.719712,-43.508312 172.719414,-43.508200 172.719021,-43.508065 172.718569,-43.507931 172.715281,-43.507141 172.713812,-43.506739 172.713391,-43.506591 172.712647,-43.506364 172.712040,-43.506152 172.711367,-43.505883 172.711097,-43.505764 172.710642,-43.505540 172.710179,-43.505315 172.709801,-43.505082 172.709499,-43.504856 172.708385,-43.504144 172.707914,-43.503777 172.707635,-43.503597 172.707212,-43.503339 172.706033,-43.502628 172.705824,-43.502506 172.705521,-43.502333 172.705365,-43.502249 172.705228,-43.502165 172.704925,-43.502019 172.704604,-43.501859 172.704172,-43.501700 172.703816,-43.501545 172.703280,-43.501401 172.702989,-43.501370 172.702384,-43.501249 172.702101,-43.501160 172.701742,-43.501093 172.701517,-43.501075 172.701319,-43.501032 172.700957,-43.501001 172.700506,-43.501026 172.700193,-43.501013 172.699914,-43.500985 172.699234,-43.501065 172.698466,-43.501172 172.698356,-43.501232 172.698230,-43.501240 172.697966,-43.501331 172.697800,-43.501338 172.697677,-43.501401 172.697348,-43.501439 172.697197,-43.501500 172.697067,-43.501497 172.696647,-43.501606 172.696510,-43.501671 172.696358,-43.501686 172.696109,-43.501767 172.696004,-43.501756 172.695823,-43.501785 172.694898,-43.502042 172.694437,-43.502150 172.694027,-43.502204 172.693290,-43.502287 172.692884,-43.502320 172.692558,-43.502291 172.691968,-43.502238 172.691642,-43.502176 172.691275,-43.502066 172.690695,-43.501819 172.690394,-43.501659 172.690130,-43.501508 172.689778,-43.501342 172.689608,-43.501285 172.689546,-43.501290 172.688998,-43.501068 172.688747,-43.500945 172.688494,-43.500852 172.688314,-43.500754 172.688056,-43.500686 172.687977,-43.500687 172.687669,-43.500606 172.687475,-43.500589 172.687247,-43.500545 172.687076,-43.500532 172.686572,-43.500536 172.686402,-43.500558 172.686137,-43.500563 172.685705,-43.500629 172.685359,-43.500732 172.685065,-43.500866 172.684724,-43.501087 172.684411,-43.501476 172.684213,-43.501899 172.683965,-43.502357 172.683629,-43.503105 172.683493,-43.503575 172.683221,-43.504236 172.683120,-43.504604 172.683098,-43.504929 172.683007,-43.505179 172.682908,-43.505630 172.682970,-43.505697 172.682880,-43.506193 172.682812,-43.506429 172.682790,-43.507792 172.682842,-43.508407 172.682882,-43.508594 172.682911,-43.508711 172.682935,-43.508937 172.682969,-43.509134 172.683025,-43.509325 172.683099,-43.509485 172.683133,-43.509656 172.683245,-43.509854 172.683380,-43.510139 172.683392,-43.510251 172.683547,-43.510694 172.683558,-43.511059 172.683517,-43.511476 172.683521,-43.511601 172.683374,-43.512083 172.683298,-43.512261 172.683218,-43.512569 172.683037,-43.513038 172.682885,-43.513504 172.682783,-43.513584 172.682806,-43.513735 172.682736,-43.513827 172.682665,-43.514030 172.682652,-43.514228 172.682756,-43.514320 172.682775,-43.514442 172.682598,-43.514442 172.682515,-43.514471 172.682417,-43.514586 172.682334,-43.514811 172.682023,-43.515275 172.681787,-43.515859 172.681698,-43.516040 172.681640,-43.516280 172.681541,-43.516412 172.681473,-43.516556 172.681340,-43.516875 172.681238,-43.517043 172.681157,-43.517060 172.680977,-43.517388 172.680960,-43.517489 172.681040,-43.517567 172.681143,-43.517602 172.681219,-43.517626 172.681217,-43.517645 172.681216,-43.517657 172.681152,-43.517678 172.681109,-43.517721 172.680743,-43.517775 172.680307,-43.517803 172.679751,-43.517830 172.679219,-43.517724 172.679551,-43.517634 172.679880,-43.517572 172.680179,-43.517456 172.680440,-43.517234 172.680537,-43.516997 172.680775,-43.516527 172.681231,-43.515628 172.681601,-43.514856 172.681741,-43.514600 172.681922,-43.514174 172.682087,-43.513911 172.682171,-43.513626 172.682484,-43.513046 172.682639,-43.512750 172.682644,-43.512654 172.682708,-43.512539 172.682726,-43.512279 172.682787,-43.512137 172.682800,-43.511939 172.682861,-43.511840 172.682831,-43.511778 172.682836,-43.511688 172.682879,-43.511568 172.682885,-43.511221 172.682879,-43.510658 172.682804,-43.510176 172.682747,-43.509881 172.682681,-43.509655 172.682599,-43.509512 172.682475,-43.509162 172.682425,-43.508992 172.682375,-43.508762 172.682253,-43.507725 172.682204,-43.506865 172.682269,-43.506735 172.682217,-43.506472 172.682290,-43.505520 172.682393,-43.504993 172.682579,-43.504090 172.682721,-43.503550 172.682935,-43.503094 172.682887,-43.502929 172.683095,-43.502634 172.683217,-43.502402 172.683417,-43.502029 172.683583,-43.501701 172.683816,-43.501300 172.684006,-43.501071 172.684289,-43.500835 172.684537,-43.500686 172.685050,-43.500429 172.685286,-43.500317 172.685545,-43.500253 172.686419,-43.500226 172.687122,-43.500241 172.687571,-43.500262 172.688167,-43.500379 172.688451,-43.500519 172.688496,-43.500548 172.688593,-43.500610 172.688721,-43.500713 172.688850,-43.500762 172.689016,-43.500791 172.690068,-43.501221 172.690569,-43.501479 172.691642,-43.501915 172.692065,-43.502015 172.692386,-43.502058 172.692580,-43.502061 172.693198,-43.502031 172.693995,-43.502001 172.694304,-43.501947 172.694789,-43.501830 172.695284,-43.501722 172.695901,-43.501583 172.696189,-43.501478 172.696400,-43.501357 172.696458,-43.501237 172.696483,-43.501071 172.696527,-43.501051 172.696590,-43.501057 172.696661,-43.501046 172.696953,-43.501037 172.697062,-43.500976 172.697405,-43.500972 172.697484,-43.500943 172.697701,-43.500983 172.697755,-43.500947 172.697874,-43.500931 172.697914,-43.500965 172.698311,-43.500951 172.698719,-43.500831 172.699103,-43.500767 172.699612,-43.500718 172.699826,-43.500728 172.700186,-43.500745 172.700661,-43.500707 172.701269,-43.500756 172.701510,-43.500727 172.701576,-43.500731 172.701741,-43.500792 172.701957,-43.500844 172.702423,-43.500891 172.702664,-43.501039 172.703269,-43.501156 172.703994,-43.501372 172.704777,-43.501671 172.705399,-43.501976 172.706586,-43.502645 172.706745,-43.502706 172.706961,-43.502837 172.707547,-43.503188 172.707845,-43.503421 172.708462,-43.503811 172.709749,-43.504666 172.710882,-43.505361 172.711566,-43.505678 172.712894,-43.506189 172.713832,-43.506420 172.714370,-43.506593 172.715996,-43.507005 172.717453,-43.507387 172.718438,-43.507610 172.719026,-43.507756 172.719747,-43.507979 172.720232,-43.508178 172.720557,-43.508361 172.720928,-43.508636 172.721293,-43.508922 172.721429,-43.509055 172.721856,-43.509521 172.722148,-43.509854 172.722417,-43.510134 172.722839,-43.510436 172.723063,-43.510548 172.723686,-43.510666 172.724042,-43.510748 172.724488,-43.510852 172.724916,-43.510962 172.725240,-43.511085 172.725455,-43.511202 172.725687,-43.511370 172.725943,-43.511590 172.726255,-43.511892 172.726571,-43.512577 172.726671,-43.513009 172.726732,-43.513346 172.726716,-43.513467 172.726515,-43.513809 172.726391,-43.513982 172.726305,-43.514125 172.725846,-43.514673 172.725698,-43.514973 172.725671,-43.515168 172.725783,-43.515408 172.725807,-43.515739 172.725846,-43.515802 172.725924,-43.515834 172.726049,-43.515843 172.726214,-43.515831 172.726370,-43.515822 172.726474,-43.515838 172.726552,-43.515879 172.726590,-43.515999 172.726771,-43.516198 172.726883,-43.516416 172.727198,-43.516555 172.727354,-43.516697 172.727517,-43.516944 172.727832,-43.517152 172.728059,-43.517369 172.728229,-43.517497 172.728332,-43.517630 172.728505,-43.517743 172.728522,-43.517825 172.728509,-43.517933 172.728603,-43.518030 172.728621,-43.518156 172.728506,-43.518192 172.728496,-43.518282 172.728582,-43.518465 172.728647,-43.518770 172.728651,-43.519035 172.728696,-43.519251 172.728788,-43.519367 172.728813,-43.519529 172.728843,-43.519651 172.729002,-43.519719 172.728869,-43.519831 172.728766,-43.520100 172.728798,-43.520179 172.728874,-43.520194 172.728791,-43.520287 172.728830,-43.520400 172.728670,-43.520481 172.728449,-43.520611 172.728495,-43.520690 172.728326,-43.520809 172.728085,-43.520857 172.727757,-43.520744 172.727481,-43.520620 172.727238,-43.520665 172.727199,-43.520715 172.727216,-43.520761 172.727339,-43.520790 172.727356,-43.520925 172.727292,-43.521053 172.727152,-43.521017 172.726955,-43.521052 172.726696,-43.521414 172.726589,-43.521499 172.726426,-43.521627 172.726252,-43.521876 172.726245,-43.521932 172.726308,-43.521984 172.726114,-43.522211 172.725927,-43.522323 172.725632,-43.522670 172.724953,-43.523162 172.724890,-43.523338 172.724859,-43.523427 172.724344,-43.523754 172.724343,-43.523807 172.724293,-43.523837 172.724286,-43.523919 172.724161,-43.523889 172.723979,-43.523995 172.723906,-43.524270 172.723956,-43.524302 172.723921,-43.524386 172.723902,-43.524484 172.723967,-43.524602 172.724055,-43.524657 172.724132,-43.524714 172.724169,-43.524889 172.724128,-43.524964 172.724156,-43.525064 172.724377,-43.525254 172.724577,-43.525286 172.724686,-43.525339 172.724701,-43.525445 172.724804,-43.525491 172.724911,-43.525522 172.725168,-43.525595 172.725958,-43.526191 172.726268,-43.526525 172.726585,-43.526840 172.726240,-43.526973</coordinates>
</LinearRing>
</outerBoundaryIs>
<innerBoundaryIs><LinearRing><tessellate>1</tessellate>
<coordinates> 172.728195,-43.519733 172.728274,-43.519597 172.728203,-43.519519 172.728235,-43.518954 172.728157,-43.518405 172.727534,-43.517528 172.727285,-43.517303 172.726447,-43.516742 172.726168,-43.516630 172.725921,-43.516631 172.725859,-43.516788 172.726109,-43.517284 172.726172,-43.517577 172.726735,-43.518724 172.726894,-43.519444 172.727081,-43.519804 172.727298,-43.519938 172.727608,-43.519938 172.728195,-43.519733</coordinates>
</LinearRing>
</innerBoundaryIs>
<innerBoundaryIs><LinearRing><tessellate>1</tessellate>
<coordinates> 172.724510,-43.519057 172.724538,-43.519163 172.724625,-43.519263 172.724813,-43.519285 172.724987,-43.519264 172.725002,-43.519122 172.724909,-43.518942 172.724844,-43.518910 172.724706,-43.518894 172.724532,-43.518962 172.724510,-43.519057</coordinates>
</LinearRing>
</innerBoundaryIs>
</Polygon>
</Placemark>
<Schema id="nz-river-polygons-topo-150kId" name="nz-river-polygons-topo-150k"><SimpleField name="t50_fid" type="int"><displayName><![CDATA[t50_fid]]></displayName>
</SimpleField>
</Schema>
<Style id="nz-river-polygons-topo-150kId"><IconStyle><color>ff993300</color>
<scale>0.2</scale>
<Icon><href>http://maps.google.com/mapfiles/kml/pal2/icon18.png</href>
</Icon>
</IconStyle>
<LineStyle><color>ff993300</color>
<width>2</width>
</LineStyle>
<PolyStyle><color>7f993300</color>
</PolyStyle>
<BalloonStyle><text><![CDATA[
<html>
<head>
    <style type="text/css">
        table {
            width: 100%;
            border-width: 1px 0 1px 0;
            border-style: solid;
            margin-bottom: 10px;
        }

        th, td {
            text-align: left;
        }

        th {
            width:auto;
        }
    </style>
</head>
<body>
    <base href="https://data.linz.govt.nz/" />

    <h2>NZ River Polygons (Topo, 1:50k)</h2>

    <table>
        <tbody>
            
                <tr><th>$[nz-river-polygons-topo-150k/t50_fid/displayName]</th><td>$[nz-river-polygons-topo-150k/t50_fid]</th></tr>
            
        </tbody>
    </table>

    <div>Source: <a href="https://data.linz.govt.nz/layer/50328-nz-river-polygons-topo-150k/" onclick="window.open('about:blank'); window.open(this.href); return false;">NZ River Polygons (Topo, 1:50k)</a></div>
    
        <div>License: <a href="https://data.linz.govt.nz/license/attribution-4-0-international/" onclick="window.open('about:blank'); window.open(this.href); return false;">Creative Commons Attribution 4.0 International</a></div>
    
    <div>Data last updated: 23 Apr 2026</div>
    <div>Downloaded from <a href="https://data.linz.govt.nz/" onclick="window.open('about:blank'); window.open(this.href); return false;">LINZ Data Service</a> on 21 Jul 2026</div>
</body>
</html>
]]></text>
</BalloonStyle>
</Style>
</Document>
</kml>
