<?xml version="1.0" encoding="utf-8" ?><kml xmlns="http://www.opengis.net/kml/2.2" xmlns:xsi="http://www.w3.org/2001/XMLSchema-instance" xsi:schemaLocation="http://www.opengis.net/kml/2.2 http://schemas.opengis.net/kml/2.2.0/ogckml22.xsd"><Document><name>NZ Lake Polygons (Topo, 1:50k)</name>
<description><![CDATA[
<style>
	.heading {
		font-size: 12px;
		font-weight: bold;
	}
</style>
<base href="https://data.linz.govt.nz/" />


    <div class="heading">Description</div>
    <hr>
<p>Any standing body of fresh inland water.</p>
<p>Data Dictionary for lake_poly: <a href="https://docs.topo.linz.govt.nz/data-dictionary/tdd-class-lake_poly.html">docs.topo.linz.govt.nz/data-dictionary/tdd-class-l...</a></p>
<p>This layer is a component of the Topo50 map series. The Topo50 map series provides topographic mapping for the New Zealand mainland, Chatham and New Zealand's offshore islands, at 1:50,000 scale.</p>
<p>Further information on Topo50:<br>
<a href="http://www.linz.govt.nz/topography/topo-maps/topo50">www.linz.govt.nz/topography/topo-maps/topo50</a></p>
<hr>
<p><strong>APIs and web services</strong></p>
<p>This dataset is available via ArcGIS Online and ArcGIS REST services, as well as our standard APIs.<br>
<a href="https://data.linz.govt.nz/layer/50293-nz-lake-polygons-topo-150k/services/" target="_self">LDS APIs and OGC web services</a><br>
<a href="https://linz.maps.arcgis.com/home/item.html?id=f7e67340a0d442d1b71b1ad9374262a2">ArcGIS Online map services</a></p>
<hr>



	<div class="heading">License</div>
	<hr>
	License: <a href="https://data.linz.govt.nz/license/attribution-4-0-international/" onclick="window.open('about:blank'); window.open(this.href); return false;">Creative Commons Attribution 4.0 International</a>


<hr>



<div class="footer">Source: <a href="https://data.linz.govt.nz/layer/50293-nz-lake-polygons-topo-150k/" onclick="window.open('about:blank'); window.open(this.href); return false;">NZ Lake Polygons (Topo, 1:50k)</a></div>
<div class="footer">Data last updated: 23 Apr 2026</div>
<div class="footer">Downloaded from <a href="https://data.linz.govt.nz/" onclick="window.open('about:blank'); window.open(this.href); return false;">LINZ Data Service</a> on 21 Jul 2026</div>
]]></description>
<Placemark><name />
<styleUrl>#nz-lake-polygons-topo-150kId</styleUrl>
<ExtendedData><SchemaData schemaUrl="#nz-lake-polygons-topo-150kId"><SimpleData name="t50_fid">5008542</SimpleData>
<SimpleData name="elevation">0</SimpleData>
<SimpleData name="grp_ascii" />
<SimpleData name="grp_name" />
<SimpleData name="perennial" />
<SimpleData name="temperatur" />
<SimpleData name="lake_use" />
<SimpleData name="name_ascii" />
<SimpleData name="macronated">N</SimpleData>
<SimpleData name="name" />
<SimpleData name="grp_macron">N</SimpleData>
</SchemaData>
</ExtendedData>
<Polygon><outerBoundaryIs><LinearRing><tessellate>1</tessellate>
<coordinates> 173.984542,-39.543662 173.984468,-39.543578 173.984466,-39.543443 173.984484,-39.543190 173.984438,-39.543039 173.984428,-39.542831 173.984317,-39.542703 173.984358,-39.542506 173.984195,-39.542265 173.984184,-39.541962 173.984310,-39.541829 173.984312,-39.541826 173.984423,-39.541971 173.984454,-39.542095 173.984477,-39.542207 173.984610,-39.542357 173.984830,-39.542524 173.984870,-39.542754 173.984787,-39.543036 173.984715,-39.543082 173.984703,-39.543250 173.984799,-39.543413 173.984846,-39.543637 173.984757,-39.543740 173.984638,-39.543722 173.984542,-39.543662</coordinates>
</LinearRing>
</outerBoundaryIs>
</Polygon>
</Placemark>
<Placemark><name />
<styleUrl>#nz-lake-polygons-topo-150kId</styleUrl>
<ExtendedData><SchemaData schemaUrl="#nz-lake-polygons-topo-150kId"><SimpleData name="t50_fid">5008544</SimpleData>
<SimpleData name="elevation">0</SimpleData>
<SimpleData name="grp_ascii" />
<SimpleData name="grp_name" />
<SimpleData name="perennial" />
<SimpleData name="temperatur" />
<SimpleData name="lake_use" />
<SimpleData name="name_ascii" />
<SimpleData name="macronated">N</SimpleData>
<SimpleData name="name" />
<SimpleData name="grp_macron">N</SimpleData>
</SchemaData>
</ExtendedData>
<Polygon><outerBoundaryIs><LinearRing><tessellate>1</tessellate>
<coordinates> 173.973690,-39.524365 173.973546,-39.524379 173.973452,-39.524534 173.973302,-39.524666 173.973209,-39.524834 173.973052,-39.525033 173.973045,-39.525144 173.972958,-39.525195 173.972750,-39.525159 173.972629,-39.525117 173.972619,-39.524956 173.972545,-39.524808 173.972686,-39.524603 173.972684,-39.524460 173.972778,-39.524348 173.972816,-39.524156 173.972902,-39.524063 173.973030,-39.524062 173.973007,-39.524155 173.972938,-39.524328 173.972995,-39.524433 173.973156,-39.524481 173.973410,-39.524349 173.973528,-39.524212 173.973664,-39.524242 173.973833,-39.524358 173.973690,-39.524365</coordinates>
</LinearRing>
</outerBoundaryIs>
</Polygon>
</Placemark>
<Placemark><name />
<styleUrl>#nz-lake-polygons-topo-150kId</styleUrl>
<ExtendedData><SchemaData schemaUrl="#nz-lake-polygons-topo-150kId"><SimpleData name="t50_fid">5037005</SimpleData>
<SimpleData name="elevation">0</SimpleData>
<SimpleData name="grp_ascii" />
<SimpleData name="grp_name" />
<SimpleData name="perennial" />
<SimpleData name="temperatur" />
<SimpleData name="lake_use" />
<SimpleData name="name_ascii" />
<SimpleData name="macronated">N</SimpleData>
<SimpleData name="name" />
<SimpleData name="grp_macron">N</SimpleData>
</SchemaData>
</ExtendedData>
<Polygon><outerBoundaryIs><LinearRing><tessellate>1</tessellate>
<coordinates> 173.973451,-39.514285 173.973607,-39.514115 173.974043,-39.513890 173.974141,-39.513859 173.974220,-39.513971 173.974003,-39.514050 173.973925,-39.514173 173.973788,-39.514313 173.973522,-39.514430 173.973451,-39.514285</coordinates>
</LinearRing>
</outerBoundaryIs>
</Polygon>
</Placemark>
<Placemark><name />
<styleUrl>#nz-lake-polygons-topo-150kId</styleUrl>
<ExtendedData><SchemaData schemaUrl="#nz-lake-polygons-topo-150kId"><SimpleData name="t50_fid">5008546</SimpleData>
<SimpleData name="elevation">0</SimpleData>
<SimpleData name="grp_ascii" />
<SimpleData name="grp_name" />
<SimpleData name="perennial" />
<SimpleData name="temperatur" />
<SimpleData name="lake_use" />
<SimpleData name="name_ascii" />
<SimpleData name="macronated">N</SimpleData>
<SimpleData name="name" />
<SimpleData name="grp_macron">N</SimpleData>
</SchemaData>
</ExtendedData>
<Polygon><outerBoundaryIs><LinearRing><tessellate>1</tessellate>
<coordinates> 173.981009,-39.514896 173.980963,-39.515060 173.981013,-39.515163 173.980967,-39.515349 173.980894,-39.515609 173.980734,-39.515818 173.980381,-39.515959 173.980368,-39.515666 173.980528,-39.515434 173.980823,-39.515306 173.980782,-39.515113 173.980827,-39.514920 173.980949,-39.514755 173.981009,-39.514896</coordinates>
</LinearRing>
</outerBoundaryIs>
</Polygon>
</Placemark>
<Placemark><name />
<styleUrl>#nz-lake-polygons-topo-150kId</styleUrl>
<ExtendedData><SchemaData schemaUrl="#nz-lake-polygons-topo-150kId"><SimpleData name="t50_fid">5008545</SimpleData>
<SimpleData name="elevation">0</SimpleData>
<SimpleData name="grp_ascii" />
<SimpleData name="grp_name" />
<SimpleData name="perennial" />
<SimpleData name="temperatur" />
<SimpleData name="lake_use" />
<SimpleData name="name_ascii" />
<SimpleData name="macronated">N</SimpleData>
<SimpleData name="name" />
<SimpleData name="grp_macron">N</SimpleData>
</SchemaData>
</ExtendedData>
<Polygon><outerBoundaryIs><LinearRing><tessellate>1</tessellate>
<coordinates> 173.941991,-39.518122 173.942457,-39.517990 173.942704,-39.517717 173.942963,-39.517623 173.943283,-39.517597 173.943688,-39.517699 173.943577,-39.517779 173.943287,-39.517769 173.943072,-39.517847 173.942834,-39.517886 173.942631,-39.518156 173.942381,-39.518271 173.942099,-39.518375 173.941945,-39.518330 173.941991,-39.518122</coordinates>
</LinearRing>
</outerBoundaryIs>
</Polygon>
</Placemark>
<Placemark><name />
<styleUrl>#nz-lake-polygons-topo-150kId</styleUrl>
<ExtendedData><SchemaData schemaUrl="#nz-lake-polygons-topo-150kId"><SimpleData name="t50_fid">7653131</SimpleData>
<SimpleData name="elevation">0</SimpleData>
<SimpleData name="grp_ascii" />
<SimpleData name="grp_name" />
<SimpleData name="perennial" />
<SimpleData name="temperatur" />
<SimpleData name="lake_use" />
<SimpleData name="name_ascii" />
<SimpleData name="macronated">N</SimpleData>
<SimpleData name="name" />
<SimpleData name="grp_macron">N</SimpleData>
</SchemaData>
</ExtendedData>
<Polygon><outerBoundaryIs><LinearRing><tessellate>1</tessellate>
<coordinates> 173.924776,-39.510291 173.924752,-39.510198 173.924729,-39.510123 173.924747,-39.510087 173.924791,-39.510056 173.924853,-39.510057 173.924912,-39.510111 173.924947,-39.510162 173.924982,-39.510158 173.924998,-39.510129 173.924992,-39.510070 173.924941,-39.510018 173.924907,-39.509960 173.924906,-39.509917 173.924879,-39.509883 173.924896,-39.509805 173.925019,-39.509692 173.925123,-39.509642 173.925261,-39.509576 173.925347,-39.509537 173.925427,-39.509510 173.925452,-39.509530 173.925429,-39.509572 173.925297,-39.509657 173.925165,-39.509721 173.925061,-39.509781 173.924994,-39.509840 173.924986,-39.509909 173.925038,-39.509973 173.925075,-39.510048 173.925085,-39.510124 173.925059,-39.510196 173.925015,-39.510251 173.924963,-39.510304 173.924887,-39.510366 173.924825,-39.510371 173.924776,-39.510291</coordinates>
</LinearRing>
</outerBoundaryIs>
</Polygon>
</Placemark>
<Placemark><name />
<styleUrl>#nz-lake-polygons-topo-150kId</styleUrl>
<ExtendedData><SchemaData schemaUrl="#nz-lake-polygons-topo-150kId"><SimpleData name="t50_fid">7653132</SimpleData>
<SimpleData name="elevation">0</SimpleData>
<SimpleData name="grp_ascii" />
<SimpleData name="grp_name" />
<SimpleData name="perennial" />
<SimpleData name="temperatur" />
<SimpleData name="lake_use" />
<SimpleData name="name_ascii" />
<SimpleData name="macronated">N</SimpleData>
<SimpleData name="name" />
<SimpleData name="grp_macron">N</SimpleData>
</SchemaData>
</ExtendedData>
<Polygon><outerBoundaryIs><LinearRing><tessellate>1</tessellate>
<coordinates> 173.926720,-39.508447 173.926735,-39.508502 173.926713,-39.508565 173.926724,-39.508620 173.926744,-39.508634 173.926794,-39.508643 173.926976,-39.508704 173.927017,-39.508747 173.927006,-39.508816 173.926950,-39.508890 173.926880,-39.508951 173.926809,-39.509002 173.926782,-39.509042 173.926733,-39.509133 173.926698,-39.509178 173.926643,-39.509177 173.926582,-39.509136 173.926578,-39.509074 173.926591,-39.508982 173.926588,-39.508916 173.926635,-39.508876 173.926708,-39.508823 173.926707,-39.508758 173.926668,-39.508681 173.926649,-39.508578 173.926634,-39.508508 173.926628,-39.508470 173.926640,-39.508435 173.926692,-39.508432 173.926720,-39.508447</coordinates>
</LinearRing>
</outerBoundaryIs>
</Polygon>
</Placemark>
<Placemark><name />
<styleUrl>#nz-lake-polygons-topo-150kId</styleUrl>
<ExtendedData><SchemaData schemaUrl="#nz-lake-polygons-topo-150kId"><SimpleData name="t50_fid">5005029</SimpleData>
<SimpleData name="elevation">0</SimpleData>
<SimpleData name="grp_ascii" />
<SimpleData name="grp_name" />
<SimpleData name="perennial" />
<SimpleData name="temperatur" />
<SimpleData name="lake_use" />
<SimpleData name="name_ascii" />
<SimpleData name="macronated">N</SimpleData>
<SimpleData name="name" />
<SimpleData name="grp_macron">N</SimpleData>
</SchemaData>
</ExtendedData>
<Polygon><outerBoundaryIs><LinearRing><tessellate>1</tessellate>
<coordinates> 173.967014,-39.528691 173.967044,-39.528585 173.967211,-39.528516 173.967339,-39.528515 173.967402,-39.528428 173.967480,-39.528309 173.967647,-39.528271 173.967824,-39.528325 173.967841,-39.528418 173.967874,-39.528467 173.967961,-39.528429 173.968079,-39.528298 173.968260,-39.528086 173.968523,-39.528004 173.968641,-39.527885 173.968784,-39.527853 173.968830,-39.527717 173.968901,-39.527623 173.969249,-39.527354 173.969414,-39.527198 173.969771,-39.527009 173.969913,-39.526866 173.970024,-39.526785 173.970168,-39.526808 173.970360,-39.526831 173.970503,-39.526743 173.970644,-39.526538 173.970689,-39.526377 173.970576,-39.526273 173.970566,-39.526093 173.970668,-39.526006 173.970844,-39.526010 173.970934,-39.526146 173.970912,-39.526270 173.970915,-39.526517 173.970766,-39.526741 173.970625,-39.526940 173.970356,-39.527085 173.970212,-39.527074 173.970028,-39.527088 173.969773,-39.527139 173.969592,-39.527308 173.969489,-39.527420 173.969275,-39.527509 173.968998,-39.527734 173.968928,-39.527877 173.968889,-39.527951 173.968747,-39.528020 173.968652,-39.528108 173.968509,-39.528202 173.968335,-39.528278 173.968075,-39.528540 173.968003,-39.528584 173.967964,-39.528652 173.967719,-39.528809 173.967330,-39.529004 173.967216,-39.528953 173.967072,-39.528851 173.967014,-39.528691</coordinates>
</LinearRing>
</outerBoundaryIs>
</Polygon>
</Placemark>
<Placemark><name />
<styleUrl>#nz-lake-polygons-topo-150kId</styleUrl>
<ExtendedData><SchemaData schemaUrl="#nz-lake-polygons-topo-150kId"><SimpleData name="t50_fid">7653024</SimpleData>
<SimpleData name="elevation">0</SimpleData>
<SimpleData name="grp_ascii" />
<SimpleData name="grp_name" />
<SimpleData name="perennial" />
<SimpleData name="temperatur" />
<SimpleData name="lake_use" />
<SimpleData name="name_ascii" />
<SimpleData name="macronated">N</SimpleData>
<SimpleData name="name" />
<SimpleData name="grp_macron">N</SimpleData>
</SchemaData>
</ExtendedData>
<Polygon><outerBoundaryIs><LinearRing><tessellate>1</tessellate>
<coordinates> 173.897312,-39.499093 173.897411,-39.499117 173.897483,-39.499141 173.897747,-39.499263 173.898015,-39.499379 173.898230,-39.499476 173.898466,-39.499590 173.898673,-39.499671 173.898896,-39.499758 173.899055,-39.499788 173.899147,-39.499772 173.899232,-39.499776 173.899330,-39.499815 173.899432,-39.499887 173.899472,-39.499960 173.899516,-39.500003 173.899495,-39.500049 173.899413,-39.500051 173.899363,-39.499980 173.899280,-39.499938 173.899124,-39.499902 173.899020,-39.499897 173.898910,-39.499872 173.898823,-39.499860 173.898720,-39.499850 173.898625,-39.499818 173.898543,-39.499763 173.898421,-39.499726 173.898321,-39.499668 173.898259,-39.499643 173.898144,-39.499598 173.898073,-39.499562 173.897923,-39.499509 173.897850,-39.499495 173.897767,-39.499428 173.897644,-39.499387 173.897529,-39.499310 173.897406,-39.499267 173.897324,-39.499229 173.897300,-39.499174 173.897268,-39.499126 173.897285,-39.499098 173.897312,-39.499093</coordinates>
</LinearRing>
</outerBoundaryIs>
</Polygon>
</Placemark>
<Placemark><name />
<styleUrl>#nz-lake-polygons-topo-150kId</styleUrl>
<ExtendedData><SchemaData schemaUrl="#nz-lake-polygons-topo-150kId"><SimpleData name="t50_fid">7653133</SimpleData>
<SimpleData name="elevation">0</SimpleData>
<SimpleData name="grp_ascii" />
<SimpleData name="grp_name" />
<SimpleData name="perennial" />
<SimpleData name="temperatur" />
<SimpleData name="lake_use" />
<SimpleData name="name_ascii" />
<SimpleData name="macronated">N</SimpleData>
<SimpleData name="name" />
<SimpleData name="grp_macron">N</SimpleData>
</SchemaData>
</ExtendedData>
<Polygon><outerBoundaryIs><LinearRing><tessellate>1</tessellate>
<coordinates> 173.895195,-39.493617 173.895281,-39.493666 173.895431,-39.493778 173.895536,-39.493931 173.895534,-39.494050 173.895411,-39.494111 173.895297,-39.494085 173.895143,-39.494003 173.895064,-39.493916 173.895027,-39.493828 173.895037,-39.493767 173.895061,-39.493698 173.895117,-39.493643 173.895159,-39.493620 173.895195,-39.493617</coordinates>
</LinearRing>
</outerBoundaryIs>
</Polygon>
</Placemark>
<Placemark><name />
<styleUrl>#nz-lake-polygons-topo-150kId</styleUrl>
<ExtendedData><SchemaData schemaUrl="#nz-lake-polygons-topo-150kId"><SimpleData name="t50_fid">5008543</SimpleData>
<SimpleData name="elevation">0</SimpleData>
<SimpleData name="grp_ascii" />
<SimpleData name="grp_name" />
<SimpleData name="perennial" />
<SimpleData name="temperatur" />
<SimpleData name="lake_use" />
<SimpleData name="name_ascii" />
<SimpleData name="macronated">N</SimpleData>
<SimpleData name="name" />
<SimpleData name="grp_macron">N</SimpleData>
</SchemaData>
</ExtendedData>
<Polygon><outerBoundaryIs><LinearRing><tessellate>1</tessellate>
<coordinates> 173.893063,-39.490407 173.893259,-39.490222 173.893447,-39.490181 173.893673,-39.490199 173.894249,-39.490068 173.894437,-39.490057 173.894626,-39.490124 173.894841,-39.490287 173.894968,-39.490393 173.895298,-39.490663 173.895358,-39.490773 173.895388,-39.490828 173.895407,-39.490843 173.895642,-39.491020 173.895686,-39.491133 173.895706,-39.491185 173.895684,-39.491399 173.895447,-39.491547 173.895287,-39.491570 173.894946,-39.491619 173.894319,-39.491605 173.894294,-39.491604 173.894193,-39.491625 173.893968,-39.491556 173.893853,-39.491520 173.893712,-39.491307 173.893257,-39.491068 173.893157,-39.491078 173.893030,-39.490972 173.892966,-39.490817 173.892999,-39.490467 173.893063,-39.490407</coordinates>
</LinearRing>
</outerBoundaryIs>
</Polygon>
</Placemark>
<Placemark><name />
<styleUrl>#nz-lake-polygons-topo-150kId</styleUrl>
<ExtendedData><SchemaData schemaUrl="#nz-lake-polygons-topo-150kId"><SimpleData name="t50_fid">5037112</SimpleData>
<SimpleData name="elevation">0</SimpleData>
<SimpleData name="grp_ascii" />
<SimpleData name="grp_name" />
<SimpleData name="perennial" />
<SimpleData name="temperatur" />
<SimpleData name="lake_use" />
<SimpleData name="name_ascii" />
<SimpleData name="macronated">N</SimpleData>
<SimpleData name="name" />
<SimpleData name="grp_macron">N</SimpleData>
</SchemaData>
</ExtendedData>
<Polygon><outerBoundaryIs><LinearRing><tessellate>1</tessellate>
<coordinates> 174.207215,-39.582489 174.207334,-39.582641 174.207494,-39.582793 174.207449,-39.582852 174.207321,-39.582872 174.207275,-39.582931 174.207279,-39.583152 174.207251,-39.583220 174.207127,-39.583126 174.207125,-39.583004 174.207028,-39.582811 174.206928,-39.582754 174.206864,-39.582768 174.206775,-39.582674 174.206981,-39.582456 174.207215,-39.582489</coordinates>
</LinearRing>
</outerBoundaryIs>
</Polygon>
</Placemark>
<Placemark><name />
<styleUrl>#nz-lake-polygons-topo-150kId</styleUrl>
<ExtendedData><SchemaData schemaUrl="#nz-lake-polygons-topo-150kId"><SimpleData name="t50_fid">5037113</SimpleData>
<SimpleData name="elevation">0</SimpleData>
<SimpleData name="grp_ascii" />
<SimpleData name="grp_name" />
<SimpleData name="perennial" />
<SimpleData name="temperatur" />
<SimpleData name="lake_use" />
<SimpleData name="name_ascii" />
<SimpleData name="macronated">N</SimpleData>
<SimpleData name="name" />
<SimpleData name="grp_macron">N</SimpleData>
</SchemaData>
</ExtendedData>
<Polygon><outerBoundaryIs><LinearRing><tessellate>1</tessellate>
<coordinates> 174.209860,-39.581731 174.209991,-39.581860 174.210108,-39.581909 174.210399,-39.582212 174.210616,-39.582282 174.210629,-39.582327 174.210531,-39.582428 174.210292,-39.582403 174.210209,-39.582336 174.210133,-39.582351 174.210123,-39.582414 174.210019,-39.582465 174.209940,-39.582312 174.209997,-39.582230 174.209914,-39.582127 174.209676,-39.581882 174.209674,-39.581755 174.209732,-39.581735 174.209860,-39.581731</coordinates>
</LinearRing>
</outerBoundaryIs>
</Polygon>
</Placemark>
<Placemark><name />
<styleUrl>#nz-lake-polygons-topo-150kId</styleUrl>
<ExtendedData><SchemaData schemaUrl="#nz-lake-polygons-topo-150kId"><SimpleData name="t50_fid">5008561</SimpleData>
<SimpleData name="elevation">0</SimpleData>
<SimpleData name="grp_ascii" />
<SimpleData name="grp_name" />
<SimpleData name="perennial" />
<SimpleData name="temperatur" />
<SimpleData name="lake_use" />
<SimpleData name="name_ascii" />
<SimpleData name="macronated">N</SimpleData>
<SimpleData name="name" />
<SimpleData name="grp_macron">N</SimpleData>
</SchemaData>
</ExtendedData>
<Polygon><outerBoundaryIs><LinearRing><tessellate>1</tessellate>
<coordinates> 174.208165,-39.573980 174.208340,-39.573919 174.208440,-39.573989 174.208646,-39.574040 174.209039,-39.574283 174.209692,-39.574583 174.210150,-39.574684 174.210609,-39.574792 174.210922,-39.574812 174.211261,-39.575038 174.211157,-39.575210 174.210730,-39.575586 174.210354,-39.575873 174.210023,-39.576095 174.209666,-39.575745 174.209327,-39.575495 174.208785,-39.574993 174.208168,-39.574558 174.207906,-39.574366 174.208165,-39.573980</coordinates>
</LinearRing>
</outerBoundaryIs>
</Polygon>
</Placemark>
<Placemark><name />
<styleUrl>#nz-lake-polygons-topo-150kId</styleUrl>
<ExtendedData><SchemaData schemaUrl="#nz-lake-polygons-topo-150kId"><SimpleData name="t50_fid">5037114</SimpleData>
<SimpleData name="elevation">0</SimpleData>
<SimpleData name="grp_ascii" />
<SimpleData name="grp_name" />
<SimpleData name="perennial" />
<SimpleData name="temperatur" />
<SimpleData name="lake_use" />
<SimpleData name="name_ascii" />
<SimpleData name="macronated">N</SimpleData>
<SimpleData name="name" />
<SimpleData name="grp_macron">N</SimpleData>
</SchemaData>
</ExtendedData>
<Polygon><outerBoundaryIs><LinearRing><tessellate>1</tessellate>
<coordinates> 174.202646,-39.574687 174.202338,-39.574775 174.201936,-39.574891 174.201960,-39.574758 174.202130,-39.574655 174.202390,-39.574599 174.202664,-39.574554 174.202646,-39.574687</coordinates>
</LinearRing>
</outerBoundaryIs>
</Polygon>
</Placemark>
<Placemark><name />
<styleUrl>#nz-lake-polygons-topo-150kId</styleUrl>
<ExtendedData><SchemaData schemaUrl="#nz-lake-polygons-topo-150kId"><SimpleData name="t50_fid">5037110</SimpleData>
<SimpleData name="elevation">0</SimpleData>
<SimpleData name="grp_ascii" />
<SimpleData name="grp_name" />
<SimpleData name="perennial" />
<SimpleData name="temperatur" />
<SimpleData name="lake_use" />
<SimpleData name="name_ascii" />
<SimpleData name="macronated">N</SimpleData>
<SimpleData name="name" />
<SimpleData name="grp_macron">N</SimpleData>
</SchemaData>
</ExtendedData>
<Polygon><outerBoundaryIs><LinearRing><tessellate>1</tessellate>
<coordinates> 174.182453,-39.570848 174.182482,-39.570751 174.182507,-39.570712 174.182756,-39.570681 174.182988,-39.570683 174.183100,-39.570702 174.182971,-39.570814 174.182815,-39.570825 174.182585,-39.570939 174.182466,-39.570926 174.182453,-39.570848</coordinates>
</LinearRing>
</outerBoundaryIs>
</Polygon>
</Placemark>
<Placemark><name />
<styleUrl>#nz-lake-polygons-topo-150kId</styleUrl>
<ExtendedData><SchemaData schemaUrl="#nz-lake-polygons-topo-150kId"><SimpleData name="t50_fid">5008559</SimpleData>
<SimpleData name="elevation">0</SimpleData>
<SimpleData name="grp_ascii" />
<SimpleData name="grp_name" />
<SimpleData name="perennial" />
<SimpleData name="temperatur" />
<SimpleData name="lake_use" />
<SimpleData name="name_ascii" />
<SimpleData name="macronated">N</SimpleData>
<SimpleData name="name" />
<SimpleData name="grp_macron">N</SimpleData>
</SchemaData>
</ExtendedData>
<Polygon><outerBoundaryIs><LinearRing><tessellate>1</tessellate>
<coordinates> 174.179668,-39.584643 174.179589,-39.584607 174.179540,-39.584537 174.179543,-39.584464 174.179647,-39.584340 174.179815,-39.584226 174.179838,-39.584149 174.179724,-39.583982 174.179644,-39.583931 174.179515,-39.583746 174.179514,-39.583688 174.179560,-39.583632 174.179547,-39.583547 174.179450,-39.583441 174.179414,-39.583380 174.179436,-39.583306 174.179614,-39.583191 174.179736,-39.583028 174.179788,-39.583098 174.179787,-39.583239 174.179741,-39.583315 174.179651,-39.583365 174.179639,-39.583402 174.179688,-39.583475 174.179760,-39.583548 174.179769,-39.583615 174.179739,-39.583698 174.179808,-39.583789 174.179904,-39.583849 174.179972,-39.583894 174.180033,-39.584016 174.180172,-39.584075 174.180351,-39.584119 174.180480,-39.584057 174.180670,-39.584055 174.180722,-39.584128 174.180729,-39.584293 174.180708,-39.584434 174.180578,-39.584496 174.180439,-39.584436 174.180355,-39.584339 174.180291,-39.584337 174.180146,-39.584387 174.180080,-39.584440 174.179999,-39.584594 174.179905,-39.584641 174.179779,-39.584642 174.179668,-39.584643</coordinates>
</LinearRing>
</outerBoundaryIs>
</Polygon>
</Placemark>
<Placemark><name />
<styleUrl>#nz-lake-polygons-topo-150kId</styleUrl>
<ExtendedData><SchemaData schemaUrl="#nz-lake-polygons-topo-150kId"><SimpleData name="t50_fid">5037377</SimpleData>
<SimpleData name="elevation">0</SimpleData>
<SimpleData name="grp_ascii" />
<SimpleData name="grp_name" />
<SimpleData name="perennial" />
<SimpleData name="temperatur" />
<SimpleData name="lake_use" />
<SimpleData name="name_ascii" />
<SimpleData name="macronated">N</SimpleData>
<SimpleData name="name" />
<SimpleData name="grp_macron">N</SimpleData>
</SchemaData>
</ExtendedData>
<Polygon><outerBoundaryIs><LinearRing><tessellate>1</tessellate>
<coordinates> 173.895274,-39.225801 173.895555,-39.225844 173.895620,-39.225937 173.895616,-39.226050 173.895536,-39.226084 173.895298,-39.226035 173.895098,-39.225957 173.894682,-39.225889 173.894606,-39.225827 173.894594,-39.225743 173.894739,-39.225705 173.894917,-39.225716 173.895077,-39.225742 173.895274,-39.225801</coordinates>
</LinearRing>
</outerBoundaryIs>
</Polygon>
</Placemark>
<Placemark><name />
<styleUrl>#nz-lake-polygons-topo-150kId</styleUrl>
<ExtendedData><SchemaData schemaUrl="#nz-lake-polygons-topo-150kId"><SimpleData name="t50_fid">5037375</SimpleData>
<SimpleData name="elevation">0</SimpleData>
<SimpleData name="grp_ascii" />
<SimpleData name="grp_name" />
<SimpleData name="perennial" />
<SimpleData name="temperatur" />
<SimpleData name="lake_use" />
<SimpleData name="name_ascii" />
<SimpleData name="macronated">N</SimpleData>
<SimpleData name="name" />
<SimpleData name="grp_macron">N</SimpleData>
</SchemaData>
</ExtendedData>
<Polygon><outerBoundaryIs><LinearRing><tessellate>1</tessellate>
<coordinates> 173.914987,-39.228235 173.914844,-39.228418 173.914635,-39.228655 173.914460,-39.228935 173.914398,-39.228935 173.914063,-39.228512 173.914009,-39.228242 173.913990,-39.227924 173.914005,-39.227850 173.914406,-39.227785 173.914570,-39.227780 173.914736,-39.227809 173.914792,-39.227843 173.914889,-39.227916 173.914987,-39.228235</coordinates>
</LinearRing>
</outerBoundaryIs>
</Polygon>
</Placemark>
<Placemark><name />
<styleUrl>#nz-lake-polygons-topo-150kId</styleUrl>
<ExtendedData><SchemaData schemaUrl="#nz-lake-polygons-topo-150kId"><SimpleData name="t50_fid">5008598</SimpleData>
<SimpleData name="elevation">0</SimpleData>
<SimpleData name="grp_ascii" />
<SimpleData name="grp_name" />
<SimpleData name="perennial" />
<SimpleData name="temperatur" />
<SimpleData name="lake_use" />
<SimpleData name="name_ascii" />
<SimpleData name="macronated">N</SimpleData>
<SimpleData name="name" />
<SimpleData name="grp_macron">N</SimpleData>
</SchemaData>
</ExtendedData>
<Polygon><outerBoundaryIs><LinearRing><tessellate>1</tessellate>
<coordinates> 173.909616,-39.200603 173.909592,-39.200462 173.909607,-39.200321 173.909571,-39.200154 173.909445,-39.200066 173.909291,-39.199971 173.909311,-39.199768 173.909280,-39.199548 173.909125,-39.199382 173.909065,-39.199144 173.909166,-39.199060 173.909262,-39.199064 173.909314,-39.199147 173.909345,-39.199310 173.909488,-39.199458 173.909542,-39.199674 173.909550,-39.199889 173.909700,-39.200051 173.909831,-39.200187 173.909805,-39.200297 173.909863,-39.200442 173.909915,-39.200547 173.909896,-39.200634 173.909840,-39.200655 173.909616,-39.200603</coordinates>
</LinearRing>
</outerBoundaryIs>
</Polygon>
</Placemark>
<Placemark><name />
<styleUrl>#nz-lake-polygons-topo-150kId</styleUrl>
<ExtendedData><SchemaData schemaUrl="#nz-lake-polygons-topo-150kId"><SimpleData name="t50_fid">5008596</SimpleData>
<SimpleData name="elevation">0</SimpleData>
<SimpleData name="grp_ascii" />
<SimpleData name="grp_name" />
<SimpleData name="perennial" />
<SimpleData name="temperatur" />
<SimpleData name="lake_use" />
<SimpleData name="name_ascii" />
<SimpleData name="macronated">N</SimpleData>
<SimpleData name="name" />
<SimpleData name="grp_macron">N</SimpleData>
</SchemaData>
</ExtendedData>
<Polygon><outerBoundaryIs><LinearRing><tessellate>1</tessellate>
<coordinates> 173.906536,-39.213418 173.906453,-39.213303 173.906224,-39.213197 173.905933,-39.213044 173.905875,-39.212854 173.905859,-39.212688 173.905803,-39.212604 173.905624,-39.212333 173.905416,-39.212127 173.905449,-39.211981 173.905407,-39.211749 173.905475,-39.211769 173.905528,-39.211784 173.905609,-39.211935 173.905664,-39.212038 173.905887,-39.212297 173.905998,-39.212529 173.906139,-39.212576 173.906236,-39.212864 173.906327,-39.213040 173.906518,-39.213151 173.906561,-39.213267 173.906697,-39.213410 173.906536,-39.213418</coordinates>
</LinearRing>
</outerBoundaryIs>
</Polygon>
</Placemark>
<Placemark><name />
<styleUrl>#nz-lake-polygons-topo-150kId</styleUrl>
<ExtendedData><SchemaData schemaUrl="#nz-lake-polygons-topo-150kId"><SimpleData name="t50_fid">5008599</SimpleData>
<SimpleData name="elevation">0</SimpleData>
<SimpleData name="grp_ascii" />
<SimpleData name="grp_name" />
<SimpleData name="perennial" />
<SimpleData name="temperatur" />
<SimpleData name="lake_use" />
<SimpleData name="name_ascii" />
<SimpleData name="macronated">N</SimpleData>
<SimpleData name="name" />
<SimpleData name="grp_macron">N</SimpleData>
</SchemaData>
</ExtendedData>
<Polygon><outerBoundaryIs><LinearRing><tessellate>1</tessellate>
<coordinates> 173.901690,-39.189236 173.901841,-39.189115 173.901985,-39.189102 173.902220,-39.189213 173.902416,-39.189405 173.902333,-39.189614 173.902530,-39.189880 173.902534,-39.190132 173.902512,-39.190321 173.902451,-39.190533 173.902350,-39.190493 173.902279,-39.190297 173.902407,-39.190126 173.902410,-39.189952 173.902394,-39.189847 173.902163,-39.189611 173.902099,-39.189420 173.902063,-39.189310 173.901961,-39.189288 173.901814,-39.189293 173.901552,-39.189444 173.901690,-39.189236</coordinates>
</LinearRing>
</outerBoundaryIs>
</Polygon>
</Placemark>
<Placemark><name />
<styleUrl>#nz-lake-polygons-topo-150kId</styleUrl>
<ExtendedData><SchemaData schemaUrl="#nz-lake-polygons-topo-150kId"><SimpleData name="t50_fid">7966239</SimpleData>
<SimpleData name="elevation">0</SimpleData>
<SimpleData name="grp_ascii" />
<SimpleData name="grp_name" />
<SimpleData name="perennial" />
<SimpleData name="temperatur" />
<SimpleData name="lake_use" />
<SimpleData name="name_ascii" />
<SimpleData name="macronated">N</SimpleData>
<SimpleData name="name" />
<SimpleData name="grp_macron">N</SimpleData>
</SchemaData>
</ExtendedData>
<Polygon><outerBoundaryIs><LinearRing><tessellate>1</tessellate>
<coordinates> 173.907567,-39.195254 173.907518,-39.195195 173.907506,-39.195144 173.907516,-39.195126 173.907570,-39.195105 173.907648,-39.195120 173.907714,-39.195178 173.907734,-39.195269 173.907728,-39.195284 173.907692,-39.195366 173.907654,-39.195427 173.907598,-39.195388 173.907593,-39.195317 173.907583,-39.195294 173.907567,-39.195254</coordinates>
</LinearRing>
</outerBoundaryIs>
</Polygon>
</Placemark>
<Placemark><name />
<styleUrl>#nz-lake-polygons-topo-150kId</styleUrl>
<ExtendedData><SchemaData schemaUrl="#nz-lake-polygons-topo-150kId"><SimpleData name="t50_fid">7966244</SimpleData>
<SimpleData name="elevation">0</SimpleData>
<SimpleData name="grp_ascii" />
<SimpleData name="grp_name" />
<SimpleData name="perennial" />
<SimpleData name="temperatur" />
<SimpleData name="lake_use" />
<SimpleData name="name_ascii" />
<SimpleData name="macronated">N</SimpleData>
<SimpleData name="name" />
<SimpleData name="grp_macron">N</SimpleData>
</SchemaData>
</ExtendedData>
<Polygon><outerBoundaryIs><LinearRing><tessellate>1</tessellate>
<coordinates> 173.949411,-39.197360 173.949374,-39.197264 173.949355,-39.197127 173.949331,-39.197007 173.949424,-39.196879 173.949590,-39.196850 173.949758,-39.196930 173.949894,-39.197046 173.949895,-39.197120 173.949826,-39.197113 173.949711,-39.197116 173.949686,-39.197165 173.949687,-39.197277 173.949669,-39.197340 173.949578,-39.197367 173.949499,-39.197380 173.949447,-39.197383 173.949411,-39.197360</coordinates>
</LinearRing>
</outerBoundaryIs>
</Polygon>
</Placemark>
<Placemark><name />
<styleUrl>#nz-lake-polygons-topo-150kId</styleUrl>
<ExtendedData><SchemaData schemaUrl="#nz-lake-polygons-topo-150kId"><SimpleData name="t50_fid">7966243</SimpleData>
<SimpleData name="elevation">0</SimpleData>
<SimpleData name="grp_ascii" />
<SimpleData name="grp_name" />
<SimpleData name="perennial" />
<SimpleData name="temperatur" />
<SimpleData name="lake_use" />
<SimpleData name="name_ascii" />
<SimpleData name="macronated">N</SimpleData>
<SimpleData name="name" />
<SimpleData name="grp_macron">N</SimpleData>
</SchemaData>
</ExtendedData>
<Polygon><outerBoundaryIs><LinearRing><tessellate>1</tessellate>
<coordinates> 173.920495,-39.194429 173.920574,-39.194404 173.920676,-39.194375 173.920800,-39.194437 173.920930,-39.194603 173.920933,-39.194635 173.920922,-39.194659 173.920901,-39.194670 173.920872,-39.194673 173.920851,-39.194661 173.920798,-39.194610 173.920692,-39.194550 173.920583,-39.194503 173.920463,-39.194506 173.920432,-39.194496 173.920424,-39.194481 173.920435,-39.194457 173.920495,-39.194429</coordinates>
</LinearRing>
</outerBoundaryIs>
</Polygon>
</Placemark>
<Placemark><name />
<styleUrl>#nz-lake-polygons-topo-150kId</styleUrl>
<ExtendedData><SchemaData schemaUrl="#nz-lake-polygons-topo-150kId"><SimpleData name="t50_fid">5008600</SimpleData>
<SimpleData name="elevation">0</SimpleData>
<SimpleData name="grp_ascii" />
<SimpleData name="grp_name" />
<SimpleData name="perennial" />
<SimpleData name="temperatur" />
<SimpleData name="lake_use" />
<SimpleData name="name_ascii" />
<SimpleData name="macronated">N</SimpleData>
<SimpleData name="name" />
<SimpleData name="grp_macron">N</SimpleData>
</SchemaData>
</ExtendedData>
<Polygon><outerBoundaryIs><LinearRing><tessellate>1</tessellate>
<coordinates> 173.926726,-39.199054 173.926846,-39.199105 173.926971,-39.199086 173.927087,-39.199090 173.927136,-39.199193 173.927194,-39.199240 173.927287,-39.199295 173.927344,-39.199236 173.927476,-39.199289 173.927584,-39.199401 173.927718,-39.199484 173.927764,-39.199598 173.927789,-39.199677 173.927850,-39.199697 173.927938,-39.199662 173.927978,-39.199724 173.927912,-39.199834 173.927760,-39.199799 173.927630,-39.199681 173.927535,-39.199581 173.927505,-39.199550 173.927357,-39.199577 173.927289,-39.199617 173.927226,-39.199654 173.927210,-39.199704 173.927202,-39.199750 173.927089,-39.199741 173.927102,-39.199656 173.927080,-39.199593 173.926981,-39.199530 173.926906,-39.199528 173.926545,-39.199513 173.926399,-39.199482 173.926330,-39.199454 173.926309,-39.199374 173.926422,-39.199231 173.926640,-39.199054 173.926726,-39.199054</coordinates>
</LinearRing>
</outerBoundaryIs>
</Polygon>
</Placemark>
<Placemark><name />
<styleUrl>#nz-lake-polygons-topo-150kId</styleUrl>
<ExtendedData><SchemaData schemaUrl="#nz-lake-polygons-topo-150kId"><SimpleData name="t50_fid">5037383</SimpleData>
<SimpleData name="elevation">0</SimpleData>
<SimpleData name="grp_ascii" />
<SimpleData name="grp_name" />
<SimpleData name="perennial" />
<SimpleData name="temperatur" />
<SimpleData name="lake_use" />
<SimpleData name="name_ascii" />
<SimpleData name="macronated">N</SimpleData>
<SimpleData name="name" />
<SimpleData name="grp_macron">N</SimpleData>
</SchemaData>
</ExtendedData>
<Polygon><outerBoundaryIs><LinearRing><tessellate>1</tessellate>
<coordinates> 173.935961,-39.193537 173.935857,-39.193536 173.935759,-39.193564 173.935471,-39.193559 173.935317,-39.193430 173.935039,-39.193247 173.934921,-39.193217 173.934881,-39.193165 173.934892,-39.193089 173.934962,-39.193016 173.935073,-39.192969 173.935203,-39.192962 173.935427,-39.193055 173.935510,-39.193243 173.935551,-39.193323 173.935685,-39.193383 173.935844,-39.193400 173.935995,-39.193473 173.936074,-39.193530 173.936063,-39.193564 173.935961,-39.193537</coordinates>
</LinearRing>
</outerBoundaryIs>
</Polygon>
</Placemark>
<Placemark><name />
<styleUrl>#nz-lake-polygons-topo-150kId</styleUrl>
<ExtendedData><SchemaData schemaUrl="#nz-lake-polygons-topo-150kId"><SimpleData name="t50_fid">5037379</SimpleData>
<SimpleData name="elevation">0</SimpleData>
<SimpleData name="grp_ascii" />
<SimpleData name="grp_name" />
<SimpleData name="perennial" />
<SimpleData name="temperatur" />
<SimpleData name="lake_use" />
<SimpleData name="name_ascii" />
<SimpleData name="macronated">N</SimpleData>
<SimpleData name="name" />
<SimpleData name="grp_macron">N</SimpleData>
</SchemaData>
</ExtendedData>
<Polygon><outerBoundaryIs><LinearRing><tessellate>1</tessellate>
<coordinates> 173.932554,-39.232826 173.932271,-39.232772 173.932286,-39.232652 173.932405,-39.232489 173.932401,-39.232268 173.932407,-39.232056 173.932486,-39.231955 173.932673,-39.232048 173.932860,-39.232197 173.933018,-39.232546 173.932892,-39.232792 173.932554,-39.232826</coordinates>
</LinearRing>
</outerBoundaryIs>
</Polygon>
</Placemark>
<Placemark><name />
<styleUrl>#nz-lake-polygons-topo-150kId</styleUrl>
<ExtendedData><SchemaData schemaUrl="#nz-lake-polygons-topo-150kId"><SimpleData name="t50_fid">5037020</SimpleData>
<SimpleData name="elevation">0</SimpleData>
<SimpleData name="grp_ascii" />
<SimpleData name="grp_name" />
<SimpleData name="perennial" />
<SimpleData name="temperatur" />
<SimpleData name="lake_use" />
<SimpleData name="name_ascii" />
<SimpleData name="macronated">N</SimpleData>
<SimpleData name="name" />
<SimpleData name="grp_macron">N</SimpleData>
</SchemaData>
</ExtendedData>
<Polygon><outerBoundaryIs><LinearRing><tessellate>1</tessellate>
<coordinates> 173.901133,-39.419057 173.901175,-39.419104 173.901179,-39.419393 173.901165,-39.419573 173.901073,-39.419598 173.900977,-39.419563 173.900951,-39.419470 173.900941,-39.419348 173.900952,-39.419163 173.901020,-39.419056 173.901133,-39.419057</coordinates>
</LinearRing>
</outerBoundaryIs>
</Polygon>
</Placemark>
<Placemark><name />
<styleUrl>#nz-lake-polygons-topo-150kId</styleUrl>
<ExtendedData><SchemaData schemaUrl="#nz-lake-polygons-topo-150kId"><SimpleData name="t50_fid">5037034</SimpleData>
<SimpleData name="elevation">0</SimpleData>
<SimpleData name="grp_ascii" />
<SimpleData name="grp_name" />
<SimpleData name="perennial" />
<SimpleData name="temperatur" />
<SimpleData name="lake_use" />
<SimpleData name="name_ascii" />
<SimpleData name="macronated">N</SimpleData>
<SimpleData name="name" />
<SimpleData name="grp_macron">N</SimpleData>
</SchemaData>
</ExtendedData>
<Polygon><outerBoundaryIs><LinearRing><tessellate>1</tessellate>
<coordinates> 173.918992,-39.371312 173.919087,-39.371451 173.919050,-39.371704 173.918964,-39.371720 173.918904,-39.371716 173.918721,-39.371505 173.918612,-39.371304 173.918778,-39.371241 173.918877,-39.371204 173.918992,-39.371312</coordinates>
</LinearRing>
</outerBoundaryIs>
</Polygon>
</Placemark>
<Placemark><name />
<styleUrl>#nz-lake-polygons-topo-150kId</styleUrl>
<ExtendedData><SchemaData schemaUrl="#nz-lake-polygons-topo-150kId"><SimpleData name="t50_fid">5037033</SimpleData>
<SimpleData name="elevation">0</SimpleData>
<SimpleData name="grp_ascii" />
<SimpleData name="grp_name" />
<SimpleData name="perennial" />
<SimpleData name="temperatur" />
<SimpleData name="lake_use" />
<SimpleData name="name_ascii" />
<SimpleData name="macronated">N</SimpleData>
<SimpleData name="name" />
<SimpleData name="grp_macron">N</SimpleData>
</SchemaData>
</ExtendedData>
<Polygon><outerBoundaryIs><LinearRing><tessellate>1</tessellate>
<coordinates> 173.919202,-39.372252 173.919294,-39.372312 173.919275,-39.372432 173.919169,-39.372466 173.919091,-39.372373 173.919047,-39.372281 173.919068,-39.372253 173.919202,-39.372252</coordinates>
</LinearRing>
</outerBoundaryIs>
</Polygon>
</Placemark>
<Placemark><name />
<styleUrl>#nz-lake-polygons-topo-150kId</styleUrl>
<ExtendedData><SchemaData schemaUrl="#nz-lake-polygons-topo-150kId"><SimpleData name="t50_fid">5008552</SimpleData>
<SimpleData name="elevation">0</SimpleData>
<SimpleData name="grp_ascii" />
<SimpleData name="grp_name" />
<SimpleData name="perennial" />
<SimpleData name="temperatur" />
<SimpleData name="lake_use" />
<SimpleData name="name_ascii" />
<SimpleData name="macronated">N</SimpleData>
<SimpleData name="name" />
<SimpleData name="grp_macron">N</SimpleData>
</SchemaData>
</ExtendedData>
<Polygon><outerBoundaryIs><LinearRing><tessellate>1</tessellate>
<coordinates> 173.921351,-39.370942 173.921205,-39.371186 173.920917,-39.371362 173.920605,-39.371423 173.920402,-39.371303 173.920169,-39.371120 173.920244,-39.370826 173.920374,-39.370572 173.920839,-39.370455 173.921165,-39.370437 173.921434,-39.370636 173.921351,-39.370942</coordinates>
</LinearRing>
</outerBoundaryIs>
</Polygon>
</Placemark>
<Placemark><name />
<styleUrl>#nz-lake-polygons-topo-150kId</styleUrl>
<ExtendedData><SchemaData schemaUrl="#nz-lake-polygons-topo-150kId"><SimpleData name="t50_fid">5037035</SimpleData>
<SimpleData name="elevation">0</SimpleData>
<SimpleData name="grp_ascii" />
<SimpleData name="grp_name" />
<SimpleData name="perennial" />
<SimpleData name="temperatur" />
<SimpleData name="lake_use" />
<SimpleData name="name_ascii" />
<SimpleData name="macronated">N</SimpleData>
<SimpleData name="name" />
<SimpleData name="grp_macron">N</SimpleData>
</SchemaData>
</ExtendedData>
<Polygon><outerBoundaryIs><LinearRing><tessellate>1</tessellate>
<coordinates> 173.918063,-39.370823 173.917893,-39.370748 173.917914,-39.370720 173.918068,-39.370670 173.918153,-39.370686 173.918329,-39.370712 173.918316,-39.370810 173.918282,-39.370865 173.918119,-39.370834 173.918063,-39.370823</coordinates>
</LinearRing>
</outerBoundaryIs>
</Polygon>
</Placemark>
<Placemark><name />
<styleUrl>#nz-lake-polygons-topo-150kId</styleUrl>
<ExtendedData><SchemaData schemaUrl="#nz-lake-polygons-topo-150kId"><SimpleData name="t50_fid">5037032</SimpleData>
<SimpleData name="elevation">0</SimpleData>
<SimpleData name="grp_ascii" />
<SimpleData name="grp_name" />
<SimpleData name="perennial" />
<SimpleData name="temperatur" />
<SimpleData name="lake_use" />
<SimpleData name="name_ascii" />
<SimpleData name="macronated">N</SimpleData>
<SimpleData name="name" />
<SimpleData name="grp_macron">N</SimpleData>
</SchemaData>
</ExtendedData>
<Polygon><outerBoundaryIs><LinearRing><tessellate>1</tessellate>
<coordinates> 173.916640,-39.359997 173.916579,-39.360127 173.916388,-39.360239 173.916102,-39.360283 173.915845,-39.360171 173.915905,-39.360002 173.916095,-39.359753 173.916563,-39.359855 173.916640,-39.359997</coordinates>
</LinearRing>
</outerBoundaryIs>
</Polygon>
</Placemark>
<Placemark><name />
<styleUrl>#nz-lake-polygons-topo-150kId</styleUrl>
<ExtendedData><SchemaData schemaUrl="#nz-lake-polygons-topo-150kId"><SimpleData name="t50_fid">5008550</SimpleData>
<SimpleData name="elevation">0</SimpleData>
<SimpleData name="grp_ascii" />
<SimpleData name="grp_name" />
<SimpleData name="perennial" />
<SimpleData name="temperatur" />
<SimpleData name="lake_use" />
<SimpleData name="name_ascii" />
<SimpleData name="macronated">N</SimpleData>
<SimpleData name="name" />
<SimpleData name="grp_macron">N</SimpleData>
</SchemaData>
</ExtendedData>
<Polygon><outerBoundaryIs><LinearRing><tessellate>1</tessellate>
<coordinates> 173.916505,-39.359631 173.916644,-39.359279 173.916865,-39.358878 173.917162,-39.358994 173.917643,-39.359347 173.917691,-39.359486 173.917592,-39.359689 173.917280,-39.360015 173.917153,-39.360230 173.917106,-39.360457 173.916977,-39.360520 173.916849,-39.360618 173.916494,-39.360676 173.916212,-39.360680 173.916248,-39.360404 173.916617,-39.360252 173.916780,-39.359992 173.916658,-39.359796 173.916505,-39.359631</coordinates>
</LinearRing>
</outerBoundaryIs>
</Polygon>
</Placemark>
<Placemark><name />
<styleUrl>#nz-lake-polygons-topo-150kId</styleUrl>
<ExtendedData><SchemaData schemaUrl="#nz-lake-polygons-topo-150kId"><SimpleData name="t50_fid">5008551</SimpleData>
<SimpleData name="elevation">0</SimpleData>
<SimpleData name="grp_ascii" />
<SimpleData name="grp_name" />
<SimpleData name="perennial" />
<SimpleData name="temperatur" />
<SimpleData name="lake_use" />
<SimpleData name="name_ascii" />
<SimpleData name="macronated">N</SimpleData>
<SimpleData name="name" />
<SimpleData name="grp_macron">N</SimpleData>
</SchemaData>
</ExtendedData>
<Polygon><outerBoundaryIs><LinearRing><tessellate>1</tessellate>
<coordinates> 173.918093,-39.356807 173.917259,-39.356554 173.916780,-39.356558 173.916502,-39.356686 173.916158,-39.356626 173.915898,-39.356789 173.915727,-39.356797 173.915644,-39.356686 173.915930,-39.356452 173.916288,-39.356190 173.916600,-39.355935 173.916970,-39.355890 173.917395,-39.355957 173.917623,-39.356067 173.918013,-39.356211 173.918331,-39.356363 173.918093,-39.356807</coordinates>
</LinearRing>
</outerBoundaryIs>
</Polygon>
</Placemark>
<Placemark><name />
<styleUrl>#nz-lake-polygons-topo-150kId</styleUrl>
<ExtendedData><SchemaData schemaUrl="#nz-lake-polygons-topo-150kId"><SimpleData name="t50_fid">5008548</SimpleData>
<SimpleData name="elevation">0</SimpleData>
<SimpleData name="grp_ascii" />
<SimpleData name="grp_name" />
<SimpleData name="perennial" />
<SimpleData name="temperatur" />
<SimpleData name="lake_use" />
<SimpleData name="name_ascii" />
<SimpleData name="macronated">N</SimpleData>
<SimpleData name="name" />
<SimpleData name="grp_macron">N</SimpleData>
</SchemaData>
</ExtendedData>
<Polygon><outerBoundaryIs><LinearRing><tessellate>1</tessellate>
<coordinates> 173.911950,-39.362480 173.912251,-39.362379 173.912739,-39.362312 173.912831,-39.362354 173.912832,-39.362431 173.912917,-39.362518 173.913158,-39.362502 173.913185,-39.362578 173.913106,-39.362670 173.913150,-39.362732 173.913376,-39.362653 173.913476,-39.362508 173.913364,-39.362344 173.913152,-39.362272 173.913043,-39.362273 173.912998,-39.362207 173.913069,-39.362071 173.913301,-39.362015 173.913590,-39.362112 173.914252,-39.362661 173.914278,-39.362826 173.914092,-39.363171 173.913801,-39.363411 173.913685,-39.363442 173.913416,-39.363381 173.913365,-39.363285 173.913248,-39.363259 173.913105,-39.363299 173.912901,-39.363168 173.912881,-39.363105 173.912689,-39.362920 173.912419,-39.362784 173.911956,-39.362618 173.911950,-39.362480</coordinates>
</LinearRing>
</outerBoundaryIs>
</Polygon>
</Placemark>
<Placemark><name />
<styleUrl>#nz-lake-polygons-topo-150kId</styleUrl>
<ExtendedData><SchemaData schemaUrl="#nz-lake-polygons-topo-150kId"><SimpleData name="t50_fid">5037031</SimpleData>
<SimpleData name="elevation">0</SimpleData>
<SimpleData name="grp_ascii" />
<SimpleData name="grp_name" />
<SimpleData name="perennial" />
<SimpleData name="temperatur" />
<SimpleData name="lake_use" />
<SimpleData name="name_ascii" />
<SimpleData name="macronated">N</SimpleData>
<SimpleData name="name" />
<SimpleData name="grp_macron">N</SimpleData>
</SchemaData>
</ExtendedData>
<Polygon><outerBoundaryIs><LinearRing><tessellate>1</tessellate>
<coordinates> 173.899627,-39.338263 173.899757,-39.338420 173.899536,-39.338415 173.899287,-39.338239 173.899201,-39.338154 173.899199,-39.338153 173.899039,-39.338116 173.898944,-39.337985 173.898951,-39.337859 173.899139,-39.337917 173.899429,-39.338060 173.899522,-39.338155 173.899627,-39.338263</coordinates>
</LinearRing>
</outerBoundaryIs>
</Polygon>
</Placemark>
<Placemark><name />
<styleUrl>#nz-lake-polygons-topo-150kId</styleUrl>
<ExtendedData><SchemaData schemaUrl="#nz-lake-polygons-topo-150kId"><SimpleData name="t50_fid">5037043</SimpleData>
<SimpleData name="elevation">0</SimpleData>
<SimpleData name="grp_ascii" />
<SimpleData name="grp_name" />
<SimpleData name="perennial" />
<SimpleData name="temperatur" />
<SimpleData name="lake_use" />
<SimpleData name="name_ascii" />
<SimpleData name="macronated">N</SimpleData>
<SimpleData name="name" />
<SimpleData name="grp_macron">N</SimpleData>
</SchemaData>
</ExtendedData>
<Polygon><outerBoundaryIs><LinearRing><tessellate>1</tessellate>
<coordinates> 173.892021,-39.284744 173.891860,-39.284764 173.891676,-39.284891 173.891562,-39.284816 173.891552,-39.284647 173.891632,-39.284571 173.891825,-39.284557 173.892076,-39.284599 173.892021,-39.284744</coordinates>
</LinearRing>
</outerBoundaryIs>
</Polygon>
</Placemark>
<Placemark><name />
<styleUrl>#nz-lake-polygons-topo-150kId</styleUrl>
<ExtendedData><SchemaData schemaUrl="#nz-lake-polygons-topo-150kId"><SimpleData name="t50_fid">5037042</SimpleData>
<SimpleData name="elevation">0</SimpleData>
<SimpleData name="grp_ascii" />
<SimpleData name="grp_name" />
<SimpleData name="perennial" />
<SimpleData name="temperatur" />
<SimpleData name="lake_use" />
<SimpleData name="name_ascii" />
<SimpleData name="macronated">N</SimpleData>
<SimpleData name="name" />
<SimpleData name="grp_macron">N</SimpleData>
</SchemaData>
</ExtendedData>
<Polygon><outerBoundaryIs><LinearRing><tessellate>1</tessellate>
<coordinates> 173.889741,-39.286830 173.889679,-39.287050 173.889673,-39.287194 173.889642,-39.287351 173.889442,-39.287422 173.889425,-39.287359 173.889399,-39.287234 173.889277,-39.287185 173.889508,-39.286926 173.889651,-39.286737 173.889741,-39.286830</coordinates>
</LinearRing>
</outerBoundaryIs>
</Polygon>
</Placemark>
<Placemark><name />
<styleUrl>#nz-lake-polygons-topo-150kId</styleUrl>
<ExtendedData><SchemaData schemaUrl="#nz-lake-polygons-topo-150kId"><SimpleData name="t50_fid">5037376</SimpleData>
<SimpleData name="elevation">0</SimpleData>
<SimpleData name="grp_ascii" />
<SimpleData name="grp_name" />
<SimpleData name="perennial" />
<SimpleData name="temperatur" />
<SimpleData name="lake_use" />
<SimpleData name="name_ascii" />
<SimpleData name="macronated">N</SimpleData>
<SimpleData name="name" />
<SimpleData name="grp_macron">N</SimpleData>
</SchemaData>
</ExtendedData>
<Polygon><outerBoundaryIs><LinearRing><tessellate>1</tessellate>
<coordinates> 173.854324,-39.259252 173.854253,-39.259280 173.854210,-39.259220 173.854237,-39.259115 173.854258,-39.259059 173.854379,-39.259097 173.854474,-39.259098 173.854528,-39.259135 173.854508,-39.259184 173.854416,-39.259257 173.854324,-39.259252</coordinates>
</LinearRing>
</outerBoundaryIs>
</Polygon>
</Placemark>
<Placemark><name />
<styleUrl>#nz-lake-polygons-topo-150kId</styleUrl>
<ExtendedData><SchemaData schemaUrl="#nz-lake-polygons-topo-150kId"><SimpleData name="t50_fid">5037378</SimpleData>
<SimpleData name="elevation">0</SimpleData>
<SimpleData name="grp_ascii" />
<SimpleData name="grp_name" />
<SimpleData name="perennial" />
<SimpleData name="temperatur" />
<SimpleData name="lake_use" />
<SimpleData name="name_ascii" />
<SimpleData name="macronated">N</SimpleData>
<SimpleData name="name" />
<SimpleData name="grp_macron">N</SimpleData>
</SchemaData>
</ExtendedData>
<Polygon><outerBoundaryIs><LinearRing><tessellate>1</tessellate>
<coordinates> 173.928753,-39.249192 173.928917,-39.249233 173.929008,-39.249232 173.929046,-39.249317 173.928857,-39.249467 173.928720,-39.249461 173.928621,-39.249233 173.928753,-39.249192</coordinates>
</LinearRing>
</outerBoundaryIs>
</Polygon>
</Placemark>
<Placemark><name />
<styleUrl>#nz-lake-polygons-topo-150kId</styleUrl>
<ExtendedData><SchemaData schemaUrl="#nz-lake-polygons-topo-150kId"><SimpleData name="t50_fid">5037044</SimpleData>
<SimpleData name="elevation">0</SimpleData>
<SimpleData name="grp_ascii" />
<SimpleData name="grp_name" />
<SimpleData name="perennial" />
<SimpleData name="temperatur" />
<SimpleData name="lake_use" />
<SimpleData name="name_ascii" />
<SimpleData name="macronated">N</SimpleData>
<SimpleData name="name" />
<SimpleData name="grp_macron">N</SimpleData>
</SchemaData>
</ExtendedData>
<Polygon><outerBoundaryIs><LinearRing><tessellate>1</tessellate>
<coordinates> 173.920858,-39.269516 173.920848,-39.269688 173.920782,-39.269893 173.920983,-39.270065 173.920879,-39.270176 173.920704,-39.270374 173.920472,-39.270378 173.920266,-39.270268 173.920361,-39.269997 173.920490,-39.269895 173.920391,-39.269763 173.920365,-39.269662 173.920537,-39.269408 173.920858,-39.269516</coordinates>
</LinearRing>
</outerBoundaryIs>
</Polygon>
</Placemark>
<Placemark><name />
<styleUrl>#nz-lake-polygons-topo-150kId</styleUrl>
<ExtendedData><SchemaData schemaUrl="#nz-lake-polygons-topo-150kId"><SimpleData name="t50_fid">5037045</SimpleData>
<SimpleData name="elevation">0</SimpleData>
<SimpleData name="grp_ascii" />
<SimpleData name="grp_name" />
<SimpleData name="perennial" />
<SimpleData name="temperatur" />
<SimpleData name="lake_use" />
<SimpleData name="name_ascii" />
<SimpleData name="macronated">N</SimpleData>
<SimpleData name="name" />
<SimpleData name="grp_macron">N</SimpleData>
</SchemaData>
</ExtendedData>
<Polygon><outerBoundaryIs><LinearRing><tessellate>1</tessellate>
<coordinates> 173.936682,-39.271058 173.936868,-39.271023 173.936977,-39.271242 173.937085,-39.271420 173.937079,-39.271613 173.937019,-39.271792 173.936917,-39.271692 173.936840,-39.271615 173.936847,-39.271456 173.936810,-39.271340 173.936695,-39.271354 173.936705,-39.271464 173.936708,-39.271636 173.936567,-39.271727 173.936460,-39.271700 173.936344,-39.271584 173.936193,-39.271523 173.936264,-39.271469 173.936368,-39.271391 173.936375,-39.271260 173.936506,-39.271094 173.936682,-39.271058</coordinates>
</LinearRing>
</outerBoundaryIs>
</Polygon>
</Placemark>
<Placemark><name />
<styleUrl>#nz-lake-polygons-topo-150kId</styleUrl>
<ExtendedData><SchemaData schemaUrl="#nz-lake-polygons-topo-150kId"><SimpleData name="t50_fid">5037620</SimpleData>
<SimpleData name="elevation">0</SimpleData>
<SimpleData name="grp_ascii" />
<SimpleData name="grp_name" />
<SimpleData name="perennial" />
<SimpleData name="temperatur" />
<SimpleData name="lake_use" />
<SimpleData name="name_ascii" />
<SimpleData name="macronated">N</SimpleData>
<SimpleData name="name" />
<SimpleData name="grp_macron">N</SimpleData>
</SchemaData>
</ExtendedData>
<Polygon><outerBoundaryIs><LinearRing><tessellate>1</tessellate>
<coordinates> 174.245695,-39.016072 174.245895,-39.016133 174.246159,-39.016243 174.246356,-39.016372 174.246380,-39.016453 174.246308,-39.016482 174.246127,-39.016438 174.245972,-39.016386 174.245914,-39.016426 174.245920,-39.016511 174.245766,-39.016502 174.245550,-39.016345 174.245389,-39.016167 174.245446,-39.016064 174.245695,-39.016072</coordinates>
</LinearRing>
</outerBoundaryIs>
</Polygon>
</Placemark>
<Placemark><name />
<styleUrl>#nz-lake-polygons-topo-150kId</styleUrl>
<ExtendedData><SchemaData schemaUrl="#nz-lake-polygons-topo-150kId"><SimpleData name="t50_fid">5005051</SimpleData>
<SimpleData name="elevation">0</SimpleData>
<SimpleData name="grp_ascii" />
<SimpleData name="grp_name" />
<SimpleData name="perennial" />
<SimpleData name="temperatur" />
<SimpleData name="lake_use" />
<SimpleData name="name_ascii" />
<SimpleData name="macronated">N</SimpleData>
<SimpleData name="name" />
<SimpleData name="grp_macron">N</SimpleData>
</SchemaData>
</ExtendedData>
<Polygon><outerBoundaryIs><LinearRing><tessellate>1</tessellate>
<coordinates> 174.242991,-39.010436 174.243191,-39.010481 174.243263,-39.010627 174.243314,-39.010699 174.243396,-39.010812 174.243658,-39.011027 174.243936,-39.011138 174.244292,-39.011423 174.244692,-39.011582 174.244984,-39.011773 174.245217,-39.011995 174.245259,-39.012150 174.245528,-39.012202 174.245731,-39.012409 174.245664,-39.012557 174.245696,-39.012696 174.245848,-39.012866 174.245801,-39.012998 174.245664,-39.013108 174.245691,-39.013199 174.245839,-39.013486 174.245902,-39.013649 174.245838,-39.013983 174.245563,-39.014188 174.245300,-39.014462 174.245015,-39.014675 174.244728,-39.014779 174.244487,-39.014634 174.244050,-39.014095 174.243684,-39.013649 174.243632,-39.013502 174.243698,-39.013300 174.243454,-39.013007 174.243369,-39.012714 174.243253,-39.012335 174.242922,-39.011585 174.242756,-39.011184 174.242730,-39.010850 174.242803,-39.010485 174.242991,-39.010436</coordinates>
</LinearRing>
</outerBoundaryIs>
</Polygon>
</Placemark>
<Placemark><name />
<styleUrl>#nz-lake-polygons-topo-150kId</styleUrl>
<ExtendedData><SchemaData schemaUrl="#nz-lake-polygons-topo-150kId"><SimpleData name="t50_fid">5003700</SimpleData>
<SimpleData name="elevation">0</SimpleData>
<SimpleData name="grp_ascii" />
<SimpleData name="grp_name" />
<SimpleData name="perennial" />
<SimpleData name="temperatur" />
<SimpleData name="lake_use" />
<SimpleData name="name_ascii" />
<SimpleData name="macronated">N</SimpleData>
<SimpleData name="name" />
<SimpleData name="grp_macron">N</SimpleData>
</SchemaData>
</ExtendedData>
<Polygon><outerBoundaryIs><LinearRing><tessellate>1</tessellate>
<coordinates> 174.234527,-39.013094 174.234358,-39.012903 174.234243,-39.012711 174.234174,-39.012481 174.234171,-39.012334 174.234080,-39.012156 174.233767,-39.011810 174.233576,-39.011655 174.233281,-39.011309 174.232994,-39.011064 174.232825,-39.010850 174.232793,-39.010698 174.232815,-39.010606 174.233032,-39.010530 174.233287,-39.010499 174.233440,-39.010613 174.233708,-39.010771 174.234388,-39.011215 174.234667,-39.011368 174.235114,-39.011612 174.235382,-39.011788 174.235684,-39.011849 174.236019,-39.011832 174.236251,-39.011926 174.236674,-39.011914 174.236832,-39.011927 174.237617,-39.011962 174.238299,-39.011993 174.238850,-39.012076 174.239427,-39.012370 174.240130,-39.013047 174.240360,-39.013349 174.240499,-39.013698 174.240762,-39.013974 174.240861,-39.014167 174.240777,-39.014460 174.240563,-39.014903 174.240260,-39.015147 174.239643,-39.015491 174.239241,-39.015768 174.239046,-39.015789 174.238901,-39.015804 174.238758,-39.015709 174.237728,-39.014485 174.237093,-39.013945 174.236594,-39.013371 174.236351,-39.013295 174.236076,-39.013395 174.235716,-39.013456 174.235359,-39.013447 174.235082,-39.013314 174.234930,-39.013251 174.234676,-39.013207 174.234527,-39.013094</coordinates>
</LinearRing>
</outerBoundaryIs>
<innerBoundaryIs><LinearRing><tessellate>1</tessellate>
<coordinates> 174.239304,-39.014616 174.239407,-39.014507 174.239405,-39.014382 174.239306,-39.014191 174.239126,-39.013926 174.238957,-39.013764 174.238824,-39.013742 174.238686,-39.013778 174.238613,-39.013816 174.238546,-39.013890 174.238531,-39.013957 174.238546,-39.014041 174.238624,-39.014259 174.238773,-39.014432 174.238936,-39.014649 174.239055,-39.014682 174.239304,-39.014616</coordinates>
</LinearRing>
</innerBoundaryIs>
</Polygon>
</Placemark>
<Placemark><name />
<styleUrl>#nz-lake-polygons-topo-150kId</styleUrl>
<ExtendedData><SchemaData schemaUrl="#nz-lake-polygons-topo-150kId"><SimpleData name="t50_fid">5008640</SimpleData>
<SimpleData name="elevation">0</SimpleData>
<SimpleData name="grp_ascii" />
<SimpleData name="grp_name" />
<SimpleData name="perennial" />
<SimpleData name="temperatur" />
<SimpleData name="lake_use" />
<SimpleData name="name_ascii" />
<SimpleData name="macronated">N</SimpleData>
<SimpleData name="name" />
<SimpleData name="grp_macron">N</SimpleData>
</SchemaData>
</ExtendedData>
<Polygon><outerBoundaryIs><LinearRing><tessellate>1</tessellate>
<coordinates> 174.229289,-39.042676 174.229377,-39.042675 174.229470,-39.042754 174.229707,-39.042827 174.229920,-39.042828 174.230095,-39.042823 174.230276,-39.042846 174.230484,-39.042844 174.230448,-39.042916 174.230380,-39.042985 174.230246,-39.042983 174.229982,-39.042925 174.229797,-39.042916 174.229287,-39.042842 174.229230,-39.042774 174.229289,-39.042676</coordinates>
</LinearRing>
</outerBoundaryIs>
</Polygon>
</Placemark>
<Placemark><name />
<styleUrl>#nz-lake-polygons-topo-150kId</styleUrl>
<ExtendedData><SchemaData schemaUrl="#nz-lake-polygons-topo-150kId"><SimpleData name="t50_fid">5037621</SimpleData>
<SimpleData name="elevation">0</SimpleData>
<SimpleData name="grp_ascii" />
<SimpleData name="grp_name" />
<SimpleData name="perennial" />
<SimpleData name="temperatur" />
<SimpleData name="lake_use" />
<SimpleData name="name_ascii" />
<SimpleData name="macronated">N</SimpleData>
<SimpleData name="name" />
<SimpleData name="grp_macron">N</SimpleData>
</SchemaData>
</ExtendedData>
<Polygon><outerBoundaryIs><LinearRing><tessellate>1</tessellate>
<coordinates> 174.221666,-39.000299 174.221646,-39.000203 174.221587,-39.000107 174.221639,-38.999997 174.221825,-38.999943 174.221987,-38.999918 174.222074,-38.999951 174.222103,-38.999999 174.222048,-39.000136 174.222038,-39.000351 174.221959,-39.000466 174.221874,-39.000508 174.221760,-39.000505 174.221603,-39.000459 174.221666,-39.000299</coordinates>
</LinearRing>
</outerBoundaryIs>
</Polygon>
</Placemark>
<Placemark><name />
<styleUrl>#nz-lake-polygons-topo-150kId</styleUrl>
<ExtendedData><SchemaData schemaUrl="#nz-lake-polygons-topo-150kId"><SimpleData name="t50_fid">5008639</SimpleData>
<SimpleData name="elevation">0</SimpleData>
<SimpleData name="grp_ascii" />
<SimpleData name="grp_name" />
<SimpleData name="perennial" />
<SimpleData name="temperatur" />
<SimpleData name="lake_use" />
<SimpleData name="name_ascii" />
<SimpleData name="macronated">N</SimpleData>
<SimpleData name="name" />
<SimpleData name="grp_macron">N</SimpleData>
</SchemaData>
</ExtendedData>
<Polygon><outerBoundaryIs><LinearRing><tessellate>1</tessellate>
<coordinates> 174.210660,-39.023338 174.210523,-39.023336 174.210403,-39.023252 174.210096,-39.023145 174.209836,-39.023148 174.209521,-39.023183 174.209260,-39.023100 174.209144,-39.022995 174.209202,-39.022923 174.209369,-39.022821 174.209633,-39.022758 174.209793,-39.022785 174.209989,-39.022779 174.210172,-39.022806 174.210282,-39.022910 174.210363,-39.023007 174.210528,-39.023051 174.210571,-39.023168 174.210686,-39.023260 174.210660,-39.023338</coordinates>
</LinearRing>
</outerBoundaryIs>
</Polygon>
</Placemark>
<Placemark><name />
<styleUrl>#nz-lake-polygons-topo-150kId</styleUrl>
<ExtendedData><SchemaData schemaUrl="#nz-lake-polygons-topo-150kId"><SimpleData name="t50_fid">5037619</SimpleData>
<SimpleData name="elevation">0</SimpleData>
<SimpleData name="grp_ascii" />
<SimpleData name="grp_name" />
<SimpleData name="perennial" />
<SimpleData name="temperatur" />
<SimpleData name="lake_use" />
<SimpleData name="name_ascii" />
<SimpleData name="macronated">N</SimpleData>
<SimpleData name="name" />
<SimpleData name="grp_macron">N</SimpleData>
</SchemaData>
</ExtendedData>
<Polygon><outerBoundaryIs><LinearRing><tessellate>1</tessellate>
<coordinates> 174.208768,-39.023166 174.208909,-39.023122 174.209050,-39.023120 174.209271,-39.023228 174.209511,-39.023379 174.209650,-39.023481 174.209655,-39.023552 174.209574,-39.023574 174.209421,-39.023490 174.209206,-39.023432 174.209060,-39.023448 174.208969,-39.023459 174.208817,-39.023368 174.208760,-39.023241 174.208768,-39.023166</coordinates>
</LinearRing>
</outerBoundaryIs>
</Polygon>
</Placemark>
<Placemark><name />
<styleUrl>#nz-lake-polygons-topo-150kId</styleUrl>
<ExtendedData><SchemaData schemaUrl="#nz-lake-polygons-topo-150kId"><SimpleData name="t50_fid">7966254</SimpleData>
<SimpleData name="elevation">0</SimpleData>
<SimpleData name="grp_ascii" />
<SimpleData name="grp_name" />
<SimpleData name="perennial" />
<SimpleData name="temperatur" />
<SimpleData name="lake_use" />
<SimpleData name="name_ascii" />
<SimpleData name="macronated">N</SimpleData>
<SimpleData name="name" />
<SimpleData name="grp_macron">N</SimpleData>
</SchemaData>
</ExtendedData>
<Polygon><outerBoundaryIs><LinearRing><tessellate>1</tessellate>
<coordinates> 174.386198,-38.992921 174.386205,-38.992953 174.386175,-38.993012 174.386089,-38.993113 174.385956,-38.993205 174.385793,-38.993293 174.385663,-38.993348 174.385536,-38.993405 174.385418,-38.993433 174.385319,-38.993425 174.385273,-38.993368 174.385332,-38.993297 174.385452,-38.993201 174.385617,-38.993049 174.385700,-38.992974 174.385788,-38.992920 174.385931,-38.992859 174.386012,-38.992839 174.386082,-38.992846 174.386158,-38.992875 174.386198,-38.992921</coordinates>
</LinearRing>
</outerBoundaryIs>
</Polygon>
</Placemark>
<Placemark><name />
<styleUrl>#nz-lake-polygons-topo-150kId</styleUrl>
<ExtendedData><SchemaData schemaUrl="#nz-lake-polygons-topo-150kId"><SimpleData name="t50_fid">7966253</SimpleData>
<SimpleData name="elevation">0</SimpleData>
<SimpleData name="grp_ascii" />
<SimpleData name="grp_name" />
<SimpleData name="perennial" />
<SimpleData name="temperatur" />
<SimpleData name="lake_use" />
<SimpleData name="name_ascii" />
<SimpleData name="macronated">N</SimpleData>
<SimpleData name="name" />
<SimpleData name="grp_macron">N</SimpleData>
</SchemaData>
</ExtendedData>
<Polygon><outerBoundaryIs><LinearRing><tessellate>1</tessellate>
<coordinates> 174.377586,-38.989957 174.377690,-38.990102 174.377703,-38.990210 174.377640,-38.990273 174.377545,-38.990333 174.377541,-38.990404 174.377688,-38.990535 174.377812,-38.990634 174.377890,-38.990767 174.377935,-38.990879 174.377899,-38.990958 174.377823,-38.990909 174.377750,-38.990727 174.377582,-38.990612 174.377393,-38.990510 174.377231,-38.990399 174.377191,-38.990287 174.377238,-38.990195 174.377342,-38.990081 174.377437,-38.990001 174.377500,-38.989966 174.377586,-38.989957</coordinates>
</LinearRing>
</outerBoundaryIs>
</Polygon>
</Placemark>
<Placemark><name />
<styleUrl>#nz-lake-polygons-topo-150kId</styleUrl>
<ExtendedData><SchemaData schemaUrl="#nz-lake-polygons-topo-150kId"><SimpleData name="t50_fid">5005043</SimpleData>
<SimpleData name="elevation">0</SimpleData>
<SimpleData name="grp_ascii" />
<SimpleData name="grp_name" />
<SimpleData name="perennial" />
<SimpleData name="temperatur" />
<SimpleData name="lake_use" />
<SimpleData name="name_ascii">Rotokare/Barrett Lagoon</SimpleData>
<SimpleData name="macronated">N</SimpleData>
<SimpleData name="name">Rotokare/Barrett Lagoon</SimpleData>
<SimpleData name="grp_macron">N</SimpleData>
</SchemaData>
</ExtendedData>
<Polygon><outerBoundaryIs><LinearRing><tessellate>1</tessellate>
<coordinates> 174.039960,-39.090417 174.040097,-39.090361 174.040428,-39.090256 174.040806,-39.090139 174.041125,-39.090157 174.041292,-39.090247 174.041578,-39.090369 174.041849,-39.090452 174.042057,-39.090456 174.042161,-39.090476 174.042147,-39.090715 174.042275,-39.091056 174.042244,-39.091265 174.041884,-39.091531 174.041986,-39.091697 174.042294,-39.091843 174.042477,-39.092136 174.042687,-39.092235 174.042773,-39.092418 174.042748,-39.092629 174.042654,-39.092797 174.042433,-39.092847 174.042176,-39.092774 174.041862,-39.092583 174.041625,-39.092483 174.041489,-39.092225 174.041156,-39.092142 174.040735,-39.092216 174.040466,-39.092262 174.040319,-39.092182 174.040310,-39.092058 174.040321,-39.091826 174.040190,-39.091418 174.040093,-39.091337 174.039744,-39.091350 174.039537,-39.091251 174.039425,-39.091171 174.039423,-39.091058 174.039331,-39.090908 174.039440,-39.090702 174.039528,-39.090578 174.039586,-39.090413 174.039682,-39.090360 174.039960,-39.090417</coordinates>
</LinearRing>
</outerBoundaryIs>
</Polygon>
</Placemark>
<Placemark><name />
<styleUrl>#nz-lake-polygons-topo-150kId</styleUrl>
<ExtendedData><SchemaData schemaUrl="#nz-lake-polygons-topo-150kId"><SimpleData name="t50_fid">5037420</SimpleData>
<SimpleData name="elevation">0</SimpleData>
<SimpleData name="grp_ascii" />
<SimpleData name="grp_name" />
<SimpleData name="perennial" />
<SimpleData name="temperatur" />
<SimpleData name="lake_use" />
<SimpleData name="name_ascii" />
<SimpleData name="macronated">N</SimpleData>
<SimpleData name="name" />
<SimpleData name="grp_macron">N</SimpleData>
</SchemaData>
</ExtendedData>
<Polygon><outerBoundaryIs><LinearRing><tessellate>1</tessellate>
<coordinates> 174.038125,-39.078167 174.037971,-39.078229 174.037848,-39.078184 174.037667,-39.078163 174.037523,-39.078164 174.037489,-39.078118 174.037551,-39.078060 174.037676,-39.078021 174.037771,-39.077963 174.037963,-39.077975 174.038145,-39.077985 174.038205,-39.078054 174.038125,-39.078167</coordinates>
</LinearRing>
</outerBoundaryIs>
</Polygon>
</Placemark>
<Placemark><name />
<styleUrl>#nz-lake-polygons-topo-150kId</styleUrl>
<ExtendedData><SchemaData schemaUrl="#nz-lake-polygons-topo-150kId"><SimpleData name="t50_fid">5037417</SimpleData>
<SimpleData name="elevation">0</SimpleData>
<SimpleData name="grp_ascii" />
<SimpleData name="grp_name" />
<SimpleData name="perennial" />
<SimpleData name="temperatur" />
<SimpleData name="lake_use" />
<SimpleData name="name_ascii" />
<SimpleData name="macronated">N</SimpleData>
<SimpleData name="name" />
<SimpleData name="grp_macron">N</SimpleData>
</SchemaData>
</ExtendedData>
<Polygon><outerBoundaryIs><LinearRing><tessellate>1</tessellate>
<coordinates> 174.023268,-39.095695 174.023045,-39.095787 174.022917,-39.095906 174.022809,-39.095902 174.022705,-39.095745 174.022697,-39.095655 174.022882,-39.095485 174.023268,-39.095695</coordinates>
</LinearRing>
</outerBoundaryIs>
</Polygon>
</Placemark>
<Placemark><name />
<styleUrl>#nz-lake-polygons-topo-150kId</styleUrl>
<ExtendedData><SchemaData schemaUrl="#nz-lake-polygons-topo-150kId"><SimpleData name="t50_fid">5005042</SimpleData>
<SimpleData name="elevation">0</SimpleData>
<SimpleData name="grp_ascii" />
<SimpleData name="grp_name" />
<SimpleData name="perennial" />
<SimpleData name="temperatur" />
<SimpleData name="lake_use" />
<SimpleData name="name_ascii" />
<SimpleData name="macronated">N</SimpleData>
<SimpleData name="name" />
<SimpleData name="grp_macron">N</SimpleData>
</SchemaData>
</ExtendedData>
<Polygon><outerBoundaryIs><LinearRing><tessellate>1</tessellate>
<coordinates> 174.011280,-39.094044 174.011315,-39.093834 174.011217,-39.093692 174.011263,-39.093549 174.011445,-39.093450 174.011656,-39.093425 174.012002,-39.093347 174.012328,-39.093254 174.012602,-39.093259 174.012868,-39.093272 174.013261,-39.093171 174.013654,-39.093040 174.014085,-39.092856 174.014124,-39.092871 174.014213,-39.092998 174.014340,-39.093177 174.014603,-39.093347 174.014816,-39.093390 174.015028,-39.093404 174.015365,-39.093446 174.015636,-39.093518 174.015744,-39.093623 174.015678,-39.093743 174.015437,-39.093760 174.015313,-39.093814 174.015170,-39.093943 174.014979,-39.094027 174.014756,-39.093969 174.014438,-39.093964 174.014200,-39.094109 174.014061,-39.094486 174.013910,-39.094605 174.013810,-39.094503 174.013798,-39.094330 174.013853,-39.094142 174.014005,-39.093998 174.014022,-39.093803 174.013914,-39.093676 174.013912,-39.093533 174.013842,-39.093324 174.013580,-39.093251 174.013301,-39.093238 174.013177,-39.093352 174.013083,-39.093511 174.012836,-39.093753 174.012744,-39.094047 174.012739,-39.094362 174.012493,-39.094496 174.012336,-39.094463 174.012305,-39.094366 174.012312,-39.094140 174.012299,-39.093915 174.012075,-39.093715 174.011670,-39.093696 174.011555,-39.093787 174.011510,-39.094012 174.011340,-39.094145 174.011280,-39.094044</coordinates>
</LinearRing>
</outerBoundaryIs>
</Polygon>
</Placemark>
<Placemark><name />
<styleUrl>#nz-lake-polygons-topo-150kId</styleUrl>
<ExtendedData><SchemaData schemaUrl="#nz-lake-polygons-topo-150kId"><SimpleData name="t50_fid">5037416</SimpleData>
<SimpleData name="elevation">0</SimpleData>
<SimpleData name="grp_ascii" />
<SimpleData name="grp_name" />
<SimpleData name="perennial" />
<SimpleData name="temperatur" />
<SimpleData name="lake_use" />
<SimpleData name="name_ascii" />
<SimpleData name="macronated">N</SimpleData>
<SimpleData name="name" />
<SimpleData name="grp_macron">N</SimpleData>
</SchemaData>
</ExtendedData>
<Polygon><outerBoundaryIs><LinearRing><tessellate>1</tessellate>
<coordinates> 174.014434,-39.079102 174.014275,-39.079240 174.014168,-39.079464 174.013952,-39.079791 174.013914,-39.079936 174.013991,-39.080084 174.013927,-39.080131 174.013760,-39.080066 174.013658,-39.079914 174.013535,-39.079759 174.013727,-39.079159 174.013783,-39.078932 174.013949,-39.078858 174.014180,-39.078852 174.014391,-39.078900 174.014623,-39.078991 174.014434,-39.079102</coordinates>
</LinearRing>
</outerBoundaryIs>
</Polygon>
</Placemark>
<Placemark><name />
<styleUrl>#nz-lake-polygons-topo-150kId</styleUrl>
<ExtendedData><SchemaData schemaUrl="#nz-lake-polygons-topo-150kId"><SimpleData name="t50_fid">5037419</SimpleData>
<SimpleData name="elevation">0</SimpleData>
<SimpleData name="grp_ascii" />
<SimpleData name="grp_name" />
<SimpleData name="perennial" />
<SimpleData name="temperatur" />
<SimpleData name="lake_use" />
<SimpleData name="name_ascii" />
<SimpleData name="macronated">N</SimpleData>
<SimpleData name="name" />
<SimpleData name="grp_macron">N</SimpleData>
</SchemaData>
</ExtendedData>
<Polygon><outerBoundaryIs><LinearRing><tessellate>1</tessellate>
<coordinates> 174.018754,-39.077256 174.018616,-39.077217 174.018240,-39.077004 174.018283,-39.076926 174.018390,-39.076893 174.018497,-39.076889 174.018828,-39.077079 174.018907,-39.077148 174.018883,-39.077249 174.018754,-39.077256</coordinates>
</LinearRing>
</outerBoundaryIs>
</Polygon>
</Placemark>
<Placemark><name />
<styleUrl>#nz-lake-polygons-topo-150kId</styleUrl>
<ExtendedData><SchemaData schemaUrl="#nz-lake-polygons-topo-150kId"><SimpleData name="t50_fid">5037410</SimpleData>
<SimpleData name="elevation">0</SimpleData>
<SimpleData name="grp_ascii" />
<SimpleData name="grp_name" />
<SimpleData name="perennial" />
<SimpleData name="temperatur" />
<SimpleData name="lake_use" />
<SimpleData name="name_ascii" />
<SimpleData name="macronated">N</SimpleData>
<SimpleData name="name" />
<SimpleData name="grp_macron">N</SimpleData>
</SchemaData>
</ExtendedData>
<Polygon><outerBoundaryIs><LinearRing><tessellate>1</tessellate>
<coordinates> 174.080591,-39.101521 174.080433,-39.101544 174.080229,-39.101564 174.080051,-39.101481 174.079998,-39.101255 174.080036,-39.101050 174.080287,-39.100917 174.080445,-39.100902 174.080451,-39.100965 174.080357,-39.101044 174.080255,-39.101151 174.080234,-39.101274 174.080290,-39.101376 174.080417,-39.101403 174.080584,-39.101395 174.080716,-39.101394 174.080724,-39.101506 174.080591,-39.101521</coordinates>
</LinearRing>
</outerBoundaryIs>
</Polygon>
</Placemark>
<Placemark><name />
<styleUrl>#nz-lake-polygons-topo-150kId</styleUrl>
<ExtendedData><SchemaData schemaUrl="#nz-lake-polygons-topo-150kId"><SimpleData name="t50_fid">5037409</SimpleData>
<SimpleData name="elevation">0</SimpleData>
<SimpleData name="grp_ascii" />
<SimpleData name="grp_name" />
<SimpleData name="perennial" />
<SimpleData name="temperatur" />
<SimpleData name="lake_use" />
<SimpleData name="name_ascii" />
<SimpleData name="macronated">N</SimpleData>
<SimpleData name="name" />
<SimpleData name="grp_macron">N</SimpleData>
</SchemaData>
</ExtendedData>
<Polygon><outerBoundaryIs><LinearRing><tessellate>1</tessellate>
<coordinates> 174.077781,-39.103098 174.077736,-39.103177 174.077709,-39.103228 174.077710,-39.103325 174.077596,-39.103431 174.077356,-39.103448 174.077110,-39.103389 174.076901,-39.103380 174.076863,-39.103304 174.077006,-39.103271 174.077384,-39.103173 174.077601,-39.103096 174.077753,-39.103047 174.077781,-39.103098</coordinates>
</LinearRing>
</outerBoundaryIs>
</Polygon>
</Placemark>
<Placemark><name />
<styleUrl>#nz-lake-polygons-topo-150kId</styleUrl>
<ExtendedData><SchemaData schemaUrl="#nz-lake-polygons-topo-150kId"><SimpleData name="t50_fid">5037408</SimpleData>
<SimpleData name="elevation">0</SimpleData>
<SimpleData name="grp_ascii" />
<SimpleData name="grp_name" />
<SimpleData name="perennial" />
<SimpleData name="temperatur" />
<SimpleData name="lake_use" />
<SimpleData name="name_ascii" />
<SimpleData name="macronated">N</SimpleData>
<SimpleData name="name" />
<SimpleData name="grp_macron">N</SimpleData>
</SchemaData>
</ExtendedData>
<Polygon><outerBoundaryIs><LinearRing><tessellate>1</tessellate>
<coordinates> 174.066874,-39.114881 174.066873,-39.114830 174.066956,-39.114778 174.067025,-39.114657 174.067245,-39.114610 174.067447,-39.114601 174.067530,-39.114511 174.067625,-39.114401 174.067791,-39.114344 174.067964,-39.114418 174.067952,-39.114487 174.067807,-39.114526 174.067774,-39.114612 174.067885,-39.114694 174.067961,-39.114786 174.067872,-39.114858 174.067742,-39.114870 174.067605,-39.114833 174.067551,-39.114734 174.067326,-39.114736 174.067137,-39.114783 174.067077,-39.114907 174.066939,-39.114944 174.066874,-39.114881</coordinates>
</LinearRing>
</outerBoundaryIs>
</Polygon>
</Placemark>
<Placemark><name />
<styleUrl>#nz-lake-polygons-topo-150kId</styleUrl>
<ExtendedData><SchemaData schemaUrl="#nz-lake-polygons-topo-150kId"><SimpleData name="t50_fid">5037407</SimpleData>
<SimpleData name="elevation">0</SimpleData>
<SimpleData name="grp_ascii" />
<SimpleData name="grp_name" />
<SimpleData name="perennial" />
<SimpleData name="temperatur" />
<SimpleData name="lake_use" />
<SimpleData name="name_ascii" />
<SimpleData name="macronated">N</SimpleData>
<SimpleData name="name" />
<SimpleData name="grp_macron">N</SimpleData>
</SchemaData>
</ExtendedData>
<Polygon><outerBoundaryIs><LinearRing><tessellate>1</tessellate>
<coordinates> 174.062555,-39.116198 174.062647,-39.116152 174.062881,-39.116157 174.062998,-39.116022 174.063190,-39.115917 174.063315,-39.115717 174.063446,-39.115745 174.063555,-39.115866 174.063552,-39.115959 174.063464,-39.115977 174.063319,-39.115981 174.063145,-39.116110 174.062983,-39.116235 174.062751,-39.116299 174.062499,-39.116282 174.062555,-39.116198</coordinates>
</LinearRing>
</outerBoundaryIs>
</Polygon>
</Placemark>
<Placemark><name />
<styleUrl>#nz-lake-polygons-topo-150kId</styleUrl>
<ExtendedData><SchemaData schemaUrl="#nz-lake-polygons-topo-150kId"><SimpleData name="t50_fid">5037404</SimpleData>
<SimpleData name="elevation">0</SimpleData>
<SimpleData name="grp_ascii" />
<SimpleData name="grp_name" />
<SimpleData name="perennial" />
<SimpleData name="temperatur" />
<SimpleData name="lake_use" />
<SimpleData name="name_ascii" />
<SimpleData name="macronated">N</SimpleData>
<SimpleData name="name" />
<SimpleData name="grp_macron">N</SimpleData>
</SchemaData>
</ExtendedData>
<Polygon><outerBoundaryIs><LinearRing><tessellate>1</tessellate>
<coordinates> 174.044164,-39.109820 174.044052,-39.109917 174.043903,-39.109911 174.043762,-39.109865 174.043769,-39.109790 174.043847,-39.109734 174.043961,-39.109692 174.044118,-39.109691 174.044198,-39.109751 174.044164,-39.109820</coordinates>
</LinearRing>
</outerBoundaryIs>
</Polygon>
</Placemark>
<Placemark><name />
<styleUrl>#nz-lake-polygons-topo-150kId</styleUrl>
<ExtendedData><SchemaData schemaUrl="#nz-lake-polygons-topo-150kId"><SimpleData name="t50_fid">5037403</SimpleData>
<SimpleData name="elevation">0</SimpleData>
<SimpleData name="grp_ascii" />
<SimpleData name="grp_name" />
<SimpleData name="perennial" />
<SimpleData name="temperatur" />
<SimpleData name="lake_use" />
<SimpleData name="name_ascii" />
<SimpleData name="macronated">N</SimpleData>
<SimpleData name="name" />
<SimpleData name="grp_macron">N</SimpleData>
</SchemaData>
</ExtendedData>
<Polygon><outerBoundaryIs><LinearRing><tessellate>1</tessellate>
<coordinates> 174.036821,-39.109962 174.036845,-39.109866 174.036957,-39.109708 174.037061,-39.109653 174.037149,-39.109693 174.037202,-39.109720 174.037203,-39.109767 174.037169,-39.109815 174.037100,-39.109878 174.036988,-39.109995 174.036936,-39.110064 174.036831,-39.110051 174.036821,-39.109962</coordinates>
</LinearRing>
</outerBoundaryIs>
</Polygon>
</Placemark>
<Placemark><name />
<styleUrl>#nz-lake-polygons-topo-150kId</styleUrl>
<ExtendedData><SchemaData schemaUrl="#nz-lake-polygons-topo-150kId"><SimpleData name="t50_fid">5008604</SimpleData>
<SimpleData name="elevation">0</SimpleData>
<SimpleData name="grp_ascii" />
<SimpleData name="grp_name" />
<SimpleData name="perennial" />
<SimpleData name="temperatur" />
<SimpleData name="lake_use" />
<SimpleData name="name_ascii" />
<SimpleData name="macronated">N</SimpleData>
<SimpleData name="name" />
<SimpleData name="grp_macron">N</SimpleData>
</SchemaData>
</ExtendedData>
<Polygon><outerBoundaryIs><LinearRing><tessellate>1</tessellate>
<coordinates> 174.016834,-39.099925 174.016757,-39.099876 174.016622,-39.099870 174.016580,-39.099721 174.016613,-39.099671 174.016707,-39.099637 174.016848,-39.099649 174.016906,-39.099535 174.017058,-39.099461 174.017187,-39.099359 174.017184,-39.099178 174.017211,-39.099097 174.017469,-39.098948 174.017586,-39.098968 174.017743,-39.099051 174.017859,-39.099069 174.017857,-39.099150 174.017771,-39.099212 174.017649,-39.099266 174.017563,-39.099573 174.017472,-39.099668 174.017381,-39.099671 174.017271,-39.099732 174.017200,-39.099858 174.017044,-39.099982 174.016941,-39.100032 174.016813,-39.100031 174.016834,-39.099925</coordinates>
</LinearRing>
</outerBoundaryIs>
</Polygon>
</Placemark>
<Placemark><name />
<styleUrl>#nz-lake-polygons-topo-150kId</styleUrl>
<ExtendedData><SchemaData schemaUrl="#nz-lake-polygons-topo-150kId"><SimpleData name="t50_fid">5005041</SimpleData>
<SimpleData name="elevation">0</SimpleData>
<SimpleData name="grp_ascii" />
<SimpleData name="grp_name" />
<SimpleData name="perennial" />
<SimpleData name="temperatur" />
<SimpleData name="lake_use" />
<SimpleData name="name_ascii" />
<SimpleData name="macronated">N</SimpleData>
<SimpleData name="name" />
<SimpleData name="grp_macron">N</SimpleData>
</SchemaData>
</ExtendedData>
<Polygon><outerBoundaryIs><LinearRing><tessellate>1</tessellate>
<coordinates> 173.818350,-39.178843 173.818611,-39.178540 173.818828,-39.178306 173.819093,-39.178304 173.819428,-39.178016 173.819515,-39.177890 173.819528,-39.177787 173.819487,-39.177648 173.819545,-39.177236 173.819719,-39.176983 173.819910,-39.176607 173.820040,-39.176408 173.820152,-39.176327 173.820243,-39.176192 173.820235,-39.175940 173.820271,-39.175711 173.820359,-39.175653 173.820511,-39.175660 173.820590,-39.175709 173.820729,-39.175887 173.820855,-39.176100 173.820843,-39.176707 173.820756,-39.177204 173.820734,-39.177425 173.820600,-39.177686 173.820311,-39.177743 173.819798,-39.178250 173.819463,-39.178458 173.819234,-39.178834 173.819144,-39.178868 173.819136,-39.179043 173.818960,-39.179049 173.818832,-39.178966 173.818572,-39.178985 173.818314,-39.178959 173.818350,-39.178843</coordinates>
</LinearRing>
</outerBoundaryIs>
</Polygon>
</Placemark>
<Placemark><name />
<styleUrl>#nz-lake-polygons-topo-150kId</styleUrl>
<ExtendedData><SchemaData schemaUrl="#nz-lake-polygons-topo-150kId"><SimpleData name="t50_fid">5037015</SimpleData>
<SimpleData name="elevation">0</SimpleData>
<SimpleData name="grp_ascii" />
<SimpleData name="grp_name" />
<SimpleData name="perennial" />
<SimpleData name="temperatur" />
<SimpleData name="lake_use" />
<SimpleData name="name_ascii" />
<SimpleData name="macronated">N</SimpleData>
<SimpleData name="name" />
<SimpleData name="grp_macron">N</SimpleData>
</SchemaData>
</ExtendedData>
<Polygon><outerBoundaryIs><LinearRing><tessellate>1</tessellate>
<coordinates> 173.814280,-39.309567 173.814050,-39.309492 173.813861,-39.309468 173.813754,-39.309393 173.813744,-39.309291 173.813908,-39.309245 173.814046,-39.309174 173.814103,-39.309085 173.814201,-39.309116 173.814186,-39.309173 173.814138,-39.309282 173.814220,-39.309351 173.814368,-39.309376 173.814484,-39.309457 173.814485,-39.309572 173.814454,-39.309725 173.814280,-39.309567</coordinates>
</LinearRing>
</outerBoundaryIs>
</Polygon>
</Placemark>
<Placemark><name />
<styleUrl>#nz-lake-polygons-topo-150kId</styleUrl>
<ExtendedData><SchemaData schemaUrl="#nz-lake-polygons-topo-150kId"><SimpleData name="t50_fid">5037017</SimpleData>
<SimpleData name="elevation">0</SimpleData>
<SimpleData name="grp_ascii" />
<SimpleData name="grp_name" />
<SimpleData name="perennial" />
<SimpleData name="temperatur" />
<SimpleData name="lake_use" />
<SimpleData name="name_ascii" />
<SimpleData name="macronated">N</SimpleData>
<SimpleData name="name" />
<SimpleData name="grp_macron">N</SimpleData>
</SchemaData>
</ExtendedData>
<Polygon><outerBoundaryIs><LinearRing><tessellate>1</tessellate>
<coordinates> 173.808937,-39.283297 173.809039,-39.283302 173.809188,-39.283277 173.809336,-39.283246 173.809438,-39.283251 173.809432,-39.283348 173.809330,-39.283380 173.808970,-39.283413 173.808907,-39.283364 173.808937,-39.283297</coordinates>
</LinearRing>
</outerBoundaryIs>
</Polygon>
</Placemark>
<Placemark><name />
<styleUrl>#nz-lake-polygons-topo-150kId</styleUrl>
<ExtendedData><SchemaData schemaUrl="#nz-lake-polygons-topo-150kId"><SimpleData name="t50_fid">8075146</SimpleData>
<SimpleData name="elevation">0</SimpleData>
<SimpleData name="grp_ascii" />
<SimpleData name="grp_name" />
<SimpleData name="perennial" />
<SimpleData name="temperatur" />
<SimpleData name="lake_use" />
<SimpleData name="name_ascii" />
<SimpleData name="macronated">N</SimpleData>
<SimpleData name="name" />
<SimpleData name="grp_macron">N</SimpleData>
</SchemaData>
</ExtendedData>
<Polygon><outerBoundaryIs><LinearRing><tessellate>1</tessellate>
<coordinates> 174.273757,-39.444626 174.273753,-39.444796 174.273729,-39.444821 174.273705,-39.444824 174.273620,-39.444787 174.273363,-39.444447 174.273352,-39.444377 174.273740,-39.444286 174.273757,-39.444626</coordinates>
</LinearRing>
</outerBoundaryIs>
</Polygon>
</Placemark>
<Placemark><name />
<styleUrl>#nz-lake-polygons-topo-150kId</styleUrl>
<ExtendedData><SchemaData schemaUrl="#nz-lake-polygons-topo-150kId"><SimpleData name="t50_fid">8075155</SimpleData>
<SimpleData name="elevation">0</SimpleData>
<SimpleData name="grp_ascii" />
<SimpleData name="grp_name" />
<SimpleData name="perennial" />
<SimpleData name="temperatur" />
<SimpleData name="lake_use" />
<SimpleData name="name_ascii" />
<SimpleData name="macronated">N</SimpleData>
<SimpleData name="name" />
<SimpleData name="grp_macron">N</SimpleData>
</SchemaData>
</ExtendedData>
<Polygon><outerBoundaryIs><LinearRing><tessellate>1</tessellate>
<coordinates> 174.275704,-39.418759 174.275779,-39.418724 174.275881,-39.418756 174.275988,-39.418830 174.276003,-39.418912 174.275967,-39.418960 174.275753,-39.418867 174.275704,-39.418845 174.275674,-39.418831 174.275670,-39.418802 174.275704,-39.418759</coordinates>
</LinearRing>
</outerBoundaryIs>
</Polygon>
</Placemark>
<Placemark><name />
<styleUrl>#nz-lake-polygons-topo-150kId</styleUrl>
<ExtendedData><SchemaData schemaUrl="#nz-lake-polygons-topo-150kId"><SimpleData name="t50_fid">8075156</SimpleData>
<SimpleData name="elevation">0</SimpleData>
<SimpleData name="grp_ascii" />
<SimpleData name="grp_name" />
<SimpleData name="perennial" />
<SimpleData name="temperatur" />
<SimpleData name="lake_use" />
<SimpleData name="name_ascii" />
<SimpleData name="macronated">N</SimpleData>
<SimpleData name="name" />
<SimpleData name="grp_macron">N</SimpleData>
</SchemaData>
</ExtendedData>
<Polygon><outerBoundaryIs><LinearRing><tessellate>1</tessellate>
<coordinates> 174.276142,-39.418871 174.276216,-39.418852 174.276274,-39.418824 174.276351,-39.418807 174.276433,-39.418815 174.276422,-39.418837 174.276459,-39.418857 174.276467,-39.418870 174.276480,-39.418909 174.276451,-39.418943 174.276442,-39.418960 174.276317,-39.418985 174.276162,-39.418984 174.276126,-39.418968 174.276107,-39.418948 174.276102,-39.418932 174.276142,-39.418871</coordinates>
</LinearRing>
</outerBoundaryIs>
</Polygon>
</Placemark>
<Placemark><name />
<styleUrl>#nz-lake-polygons-topo-150kId</styleUrl>
<ExtendedData><SchemaData schemaUrl="#nz-lake-polygons-topo-150kId"><SimpleData name="t50_fid">8075154</SimpleData>
<SimpleData name="elevation">0</SimpleData>
<SimpleData name="grp_ascii" />
<SimpleData name="grp_name" />
<SimpleData name="perennial" />
<SimpleData name="temperatur" />
<SimpleData name="lake_use" />
<SimpleData name="name_ascii" />
<SimpleData name="macronated">N</SimpleData>
<SimpleData name="name" />
<SimpleData name="grp_macron">N</SimpleData>
</SchemaData>
</ExtendedData>
<Polygon><outerBoundaryIs><LinearRing><tessellate>1</tessellate>
<coordinates> 174.275614,-39.418649 174.275660,-39.418711 174.275649,-39.418736 174.275630,-39.418753 174.275576,-39.418758 174.275504,-39.418694 174.275548,-39.418646 174.275614,-39.418649</coordinates>
</LinearRing>
</outerBoundaryIs>
</Polygon>
</Placemark>
<Placemark><name />
<styleUrl>#nz-lake-polygons-topo-150kId</styleUrl>
<ExtendedData><SchemaData schemaUrl="#nz-lake-polygons-topo-150kId"><SimpleData name="t50_fid">5037245</SimpleData>
<SimpleData name="elevation">0</SimpleData>
<SimpleData name="grp_ascii" />
<SimpleData name="grp_name" />
<SimpleData name="perennial" />
<SimpleData name="temperatur" />
<SimpleData name="lake_use" />
<SimpleData name="name_ascii" />
<SimpleData name="macronated">N</SimpleData>
<SimpleData name="name" />
<SimpleData name="grp_macron">N</SimpleData>
</SchemaData>
</ExtendedData>
<Polygon><outerBoundaryIs><LinearRing><tessellate>1</tessellate>
<coordinates> 174.225515,-39.464273 174.225338,-39.464163 174.225306,-39.464051 174.225449,-39.463935 174.225536,-39.463957 174.225774,-39.464178 174.225690,-39.464270 174.225515,-39.464273</coordinates>
</LinearRing>
</outerBoundaryIs>
</Polygon>
</Placemark>
<Placemark><name />
<styleUrl>#nz-lake-polygons-topo-150kId</styleUrl>
<ExtendedData><SchemaData schemaUrl="#nz-lake-polygons-topo-150kId"><SimpleData name="t50_fid">5037243</SimpleData>
<SimpleData name="elevation">0</SimpleData>
<SimpleData name="grp_ascii" />
<SimpleData name="grp_name" />
<SimpleData name="perennial" />
<SimpleData name="temperatur" />
<SimpleData name="lake_use" />
<SimpleData name="name_ascii" />
<SimpleData name="macronated">N</SimpleData>
<SimpleData name="name" />
<SimpleData name="grp_macron">N</SimpleData>
</SchemaData>
</ExtendedData>
<Polygon><outerBoundaryIs><LinearRing><tessellate>1</tessellate>
<coordinates> 174.230904,-39.471068 174.230821,-39.470826 174.231202,-39.470728 174.231294,-39.471010 174.230904,-39.471068</coordinates>
</LinearRing>
</outerBoundaryIs>
</Polygon>
</Placemark>
<Placemark><name />
<styleUrl>#nz-lake-polygons-topo-150kId</styleUrl>
<ExtendedData><SchemaData schemaUrl="#nz-lake-polygons-topo-150kId"><SimpleData name="t50_fid">5008566</SimpleData>
<SimpleData name="elevation">0</SimpleData>
<SimpleData name="grp_ascii" />
<SimpleData name="grp_name" />
<SimpleData name="perennial" />
<SimpleData name="temperatur" />
<SimpleData name="lake_use" />
<SimpleData name="name_ascii" />
<SimpleData name="macronated">N</SimpleData>
<SimpleData name="name" />
<SimpleData name="grp_macron">N</SimpleData>
</SchemaData>
</ExtendedData>
<Polygon><outerBoundaryIs><LinearRing><tessellate>1</tessellate>
<coordinates> 174.215750,-39.509618 174.215972,-39.509234 174.216131,-39.508950 174.216405,-39.508699 174.216424,-39.508572 174.216377,-39.508323 174.216410,-39.507931 174.216510,-39.507813 174.216565,-39.508084 174.216598,-39.508338 174.216595,-39.508570 174.216604,-39.508686 174.216474,-39.509013 174.216228,-39.509231 174.215987,-39.509715 174.215780,-39.509689 174.215750,-39.509618</coordinates>
</LinearRing>
</outerBoundaryIs>
</Polygon>
</Placemark>
<Placemark><name />
<styleUrl>#nz-lake-polygons-topo-150kId</styleUrl>
<ExtendedData><SchemaData schemaUrl="#nz-lake-polygons-topo-150kId"><SimpleData name="t50_fid">5037118</SimpleData>
<SimpleData name="elevation">0</SimpleData>
<SimpleData name="grp_ascii" />
<SimpleData name="grp_name" />
<SimpleData name="perennial" />
<SimpleData name="temperatur" />
<SimpleData name="lake_use" />
<SimpleData name="name_ascii" />
<SimpleData name="macronated">N</SimpleData>
<SimpleData name="name" />
<SimpleData name="grp_macron">N</SimpleData>
</SchemaData>
</ExtendedData>
<Polygon><outerBoundaryIs><LinearRing><tessellate>1</tessellate>
<coordinates> 174.235583,-39.557402 174.235440,-39.557426 174.234880,-39.557368 174.234712,-39.557183 174.234748,-39.557080 174.234810,-39.556991 174.235053,-39.557035 174.235124,-39.557047 174.235312,-39.556986 174.235395,-39.557034 174.235227,-39.557242 174.235533,-39.557298 174.235583,-39.557402</coordinates>
</LinearRing>
</outerBoundaryIs>
</Polygon>
</Placemark>
<Placemark><name />
<styleUrl>#nz-lake-polygons-topo-150kId</styleUrl>
<ExtendedData><SchemaData schemaUrl="#nz-lake-polygons-topo-150kId"><SimpleData name="t50_fid">5037127</SimpleData>
<SimpleData name="elevation">0</SimpleData>
<SimpleData name="grp_ascii" />
<SimpleData name="grp_name" />
<SimpleData name="perennial" />
<SimpleData name="temperatur" />
<SimpleData name="lake_use" />
<SimpleData name="name_ascii" />
<SimpleData name="macronated">N</SimpleData>
<SimpleData name="name" />
<SimpleData name="grp_macron">N</SimpleData>
</SchemaData>
</ExtendedData>
<Polygon><outerBoundaryIs><LinearRing><tessellate>1</tessellate>
<coordinates> 174.287151,-39.570127 174.287352,-39.569918 174.287501,-39.569991 174.287225,-39.570143 174.287151,-39.570127</coordinates>
</LinearRing>
</outerBoundaryIs>
</Polygon>
</Placemark>
<Placemark><name />
<styleUrl>#nz-lake-polygons-topo-150kId</styleUrl>
<ExtendedData><SchemaData schemaUrl="#nz-lake-polygons-topo-150kId"><SimpleData name="t50_fid">5037072</SimpleData>
<SimpleData name="elevation">0</SimpleData>
<SimpleData name="grp_ascii" />
<SimpleData name="grp_name" />
<SimpleData name="perennial" />
<SimpleData name="temperatur" />
<SimpleData name="lake_use" />
<SimpleData name="name_ascii" />
<SimpleData name="macronated">N</SimpleData>
<SimpleData name="name" />
<SimpleData name="grp_macron">N</SimpleData>
</SchemaData>
</ExtendedData>
<Polygon><outerBoundaryIs><LinearRing><tessellate>1</tessellate>
<coordinates> 174.293056,-39.591300 174.292998,-39.591293 174.292901,-39.591251 174.292715,-39.591083 174.292534,-39.591050 174.292483,-39.591005 174.292511,-39.590933 174.292524,-39.590723 174.292522,-39.590408 174.292573,-39.590450 174.292640,-39.590634 174.292735,-39.590795 174.292880,-39.590929 174.293004,-39.591087 174.293132,-39.591228 174.293109,-39.591306 174.293056,-39.591300</coordinates>
</LinearRing>
</outerBoundaryIs>
</Polygon>
</Placemark>
<Placemark><name />
<styleUrl>#nz-lake-polygons-topo-150kId</styleUrl>
<ExtendedData><SchemaData schemaUrl="#nz-lake-polygons-topo-150kId"><SimpleData name="t50_fid">5008558</SimpleData>
<SimpleData name="elevation">0</SimpleData>
<SimpleData name="grp_ascii" />
<SimpleData name="grp_name" />
<SimpleData name="perennial" />
<SimpleData name="temperatur" />
<SimpleData name="lake_use" />
<SimpleData name="name_ascii" />
<SimpleData name="macronated">N</SimpleData>
<SimpleData name="name" />
<SimpleData name="grp_macron">N</SimpleData>
</SchemaData>
</ExtendedData>
<Polygon><outerBoundaryIs><LinearRing><tessellate>1</tessellate>
<coordinates> 174.296001,-39.598071 174.296105,-39.598030 174.296329,-39.598012 174.296563,-39.598012 174.296681,-39.598101 174.296730,-39.598154 174.296802,-39.598153 174.296822,-39.598125 174.296958,-39.598107 174.296993,-39.598054 174.297078,-39.598050 174.297168,-39.598121 174.297403,-39.598053 174.297476,-39.598036 174.297525,-39.598123 174.297571,-39.598175 174.297492,-39.598263 174.297473,-39.598344 174.297429,-39.598332 174.297383,-39.598236 174.297218,-39.598251 174.297077,-39.598231 174.296784,-39.598256 174.296636,-39.598304 174.296542,-39.598190 174.296353,-39.598173 174.296236,-39.598178 174.296135,-39.598160 174.296068,-39.598211 174.296015,-39.598205 174.296014,-39.598146 174.296001,-39.598071</coordinates>
</LinearRing>
</outerBoundaryIs>
</Polygon>
</Placemark>
<Placemark><name />
<styleUrl>#nz-lake-polygons-topo-150kId</styleUrl>
<ExtendedData><SchemaData schemaUrl="#nz-lake-polygons-topo-150kId"><SimpleData name="t50_fid">8352150</SimpleData>
<SimpleData name="elevation">0</SimpleData>
<SimpleData name="grp_ascii" />
<SimpleData name="grp_name" />
<SimpleData name="perennial" />
<SimpleData name="temperatur" />
<SimpleData name="lake_use" />
<SimpleData name="name_ascii" />
<SimpleData name="macronated">N</SimpleData>
<SimpleData name="name" />
<SimpleData name="grp_macron">N</SimpleData>
</SchemaData>
</ExtendedData>
<Polygon><outerBoundaryIs><LinearRing><tessellate>1</tessellate>
<coordinates> 174.294863,-39.581929 174.294931,-39.581957 174.294966,-39.581973 174.294976,-39.581992 174.294985,-39.582038 174.294928,-39.582100 174.294881,-39.582118 174.294786,-39.582147 174.294718,-39.582200 174.294670,-39.582269 174.294636,-39.582302 174.294597,-39.582305 174.294532,-39.582283 174.294524,-39.582228 174.294534,-39.582187 174.294588,-39.582101 174.294591,-39.582095 174.294634,-39.582017 174.294697,-39.581955 174.294785,-39.581928 174.294842,-39.581929 174.294863,-39.581929</coordinates>
</LinearRing>
</outerBoundaryIs>
</Polygon>
</Placemark>
<Placemark><name />
<styleUrl>#nz-lake-polygons-topo-150kId</styleUrl>
<ExtendedData><SchemaData schemaUrl="#nz-lake-polygons-topo-150kId"><SimpleData name="t50_fid">5037126</SimpleData>
<SimpleData name="elevation">0</SimpleData>
<SimpleData name="grp_ascii" />
<SimpleData name="grp_name" />
<SimpleData name="perennial" />
<SimpleData name="temperatur" />
<SimpleData name="lake_use" />
<SimpleData name="name_ascii" />
<SimpleData name="macronated">N</SimpleData>
<SimpleData name="name" />
<SimpleData name="grp_macron">N</SimpleData>
</SchemaData>
</ExtendedData>
<Polygon><outerBoundaryIs><LinearRing><tessellate>1</tessellate>
<coordinates> 174.294706,-39.576558 174.294450,-39.576473 174.294246,-39.576185 174.294170,-39.575901 174.294174,-39.575899 174.294466,-39.575815 174.294588,-39.575907 174.294683,-39.576092 174.294941,-39.576221 174.294799,-39.576425 174.294706,-39.576558</coordinates>
</LinearRing>
</outerBoundaryIs>
</Polygon>
</Placemark>
<Placemark><name />
<styleUrl>#nz-lake-polygons-topo-150kId</styleUrl>
<ExtendedData><SchemaData schemaUrl="#nz-lake-polygons-topo-150kId"><SimpleData name="t50_fid">8352151</SimpleData>
<SimpleData name="elevation">0</SimpleData>
<SimpleData name="grp_ascii" />
<SimpleData name="grp_name" />
<SimpleData name="perennial" />
<SimpleData name="temperatur" />
<SimpleData name="lake_use" />
<SimpleData name="name_ascii" />
<SimpleData name="macronated">N</SimpleData>
<SimpleData name="name" />
<SimpleData name="grp_macron">N</SimpleData>
</SchemaData>
</ExtendedData>
<Polygon><outerBoundaryIs><LinearRing><tessellate>1</tessellate>
<coordinates> 174.296477,-39.568592 174.296535,-39.568583 174.296599,-39.568622 174.296674,-39.568716 174.296693,-39.568802 174.296610,-39.568933 174.296482,-39.569022 174.296350,-39.569133 174.296170,-39.569252 174.296102,-39.569290 174.296048,-39.569253 174.296043,-39.569231 174.296032,-39.569183 174.296002,-39.569044 174.296132,-39.568933 174.296312,-39.568807 174.296394,-39.568734 174.296425,-39.568681 174.296438,-39.568618 174.296445,-39.568614 174.296477,-39.568592</coordinates>
</LinearRing>
</outerBoundaryIs>
</Polygon>
</Placemark>
<Placemark><name />
<styleUrl>#nz-lake-polygons-topo-150kId</styleUrl>
<ExtendedData><SchemaData schemaUrl="#nz-lake-polygons-topo-150kId"><SimpleData name="t50_fid">5037134</SimpleData>
<SimpleData name="elevation">0</SimpleData>
<SimpleData name="grp_ascii" />
<SimpleData name="grp_name" />
<SimpleData name="perennial" />
<SimpleData name="temperatur" />
<SimpleData name="lake_use" />
<SimpleData name="name_ascii" />
<SimpleData name="macronated">N</SimpleData>
<SimpleData name="name" />
<SimpleData name="grp_macron">N</SimpleData>
</SchemaData>
</ExtendedData>
<Polygon><outerBoundaryIs><LinearRing><tessellate>1</tessellate>
<coordinates> 174.297435,-39.573821 174.297429,-39.573796 174.297485,-39.573698 174.297489,-39.573613 174.297498,-39.573528 174.297454,-39.573447 174.297543,-39.573417 174.297622,-39.573437 174.297681,-39.573497 174.297688,-39.573586 174.297642,-39.573676 174.297612,-39.573750 174.297598,-39.573823 174.297498,-39.573836 174.297435,-39.573821</coordinates>
</LinearRing>
</outerBoundaryIs>
</Polygon>
</Placemark>
<Placemark><name />
<styleUrl>#nz-lake-polygons-topo-150kId</styleUrl>
<ExtendedData><SchemaData schemaUrl="#nz-lake-polygons-topo-150kId"><SimpleData name="t50_fid">5037078</SimpleData>
<SimpleData name="elevation">0</SimpleData>
<SimpleData name="grp_ascii" />
<SimpleData name="grp_name" />
<SimpleData name="perennial" />
<SimpleData name="temperatur" />
<SimpleData name="lake_use" />
<SimpleData name="name_ascii" />
<SimpleData name="macronated">N</SimpleData>
<SimpleData name="name" />
<SimpleData name="grp_macron">N</SimpleData>
</SchemaData>
</ExtendedData>
<Polygon><outerBoundaryIs><LinearRing><tessellate>1</tessellate>
<coordinates> 174.304947,-39.599813 174.304964,-39.599717 174.305088,-39.599720 174.305264,-39.599713 174.305348,-39.599657 174.305432,-39.599606 174.305462,-39.599494 174.305467,-39.599383 174.305445,-39.599258 174.305632,-39.599165 174.305683,-39.599083 174.305680,-39.598967 174.305711,-39.598856 174.305709,-39.598765 174.305800,-39.598729 174.305898,-39.598763 174.305926,-39.598869 174.305895,-39.598950 174.305873,-39.599182 174.305816,-39.599269 174.305721,-39.599411 174.305678,-39.599537 174.305615,-39.599659 174.305500,-39.599771 174.305352,-39.599904 174.305010,-39.599944 174.304947,-39.599813</coordinates>
</LinearRing>
</outerBoundaryIs>
</Polygon>
</Placemark>
<Placemark><name />
<styleUrl>#nz-lake-polygons-topo-150kId</styleUrl>
<ExtendedData><SchemaData schemaUrl="#nz-lake-polygons-topo-150kId"><SimpleData name="t50_fid">5037234</SimpleData>
<SimpleData name="elevation">0</SimpleData>
<SimpleData name="grp_ascii" />
<SimpleData name="grp_name" />
<SimpleData name="perennial" />
<SimpleData name="temperatur" />
<SimpleData name="lake_use" />
<SimpleData name="name_ascii" />
<SimpleData name="macronated">N</SimpleData>
<SimpleData name="name" />
<SimpleData name="grp_macron">N</SimpleData>
</SchemaData>
</ExtendedData>
<Polygon><outerBoundaryIs><LinearRing><tessellate>1</tessellate>
<coordinates> 174.420348,-39.495187 174.420438,-39.495253 174.420471,-39.495410 174.420385,-39.495479 174.420240,-39.495482 174.420093,-39.495394 174.420090,-39.495304 174.420145,-39.495213 174.420348,-39.495187</coordinates>
</LinearRing>
</outerBoundaryIs>
</Polygon>
</Placemark>
<Placemark><name />
<styleUrl>#nz-lake-polygons-topo-150kId</styleUrl>
<ExtendedData><SchemaData schemaUrl="#nz-lake-polygons-topo-150kId"><SimpleData name="t50_fid">5037232</SimpleData>
<SimpleData name="elevation">0</SimpleData>
<SimpleData name="grp_ascii" />
<SimpleData name="grp_name" />
<SimpleData name="perennial" />
<SimpleData name="temperatur" />
<SimpleData name="lake_use" />
<SimpleData name="name_ascii" />
<SimpleData name="macronated">N</SimpleData>
<SimpleData name="name" />
<SimpleData name="grp_macron">N</SimpleData>
</SchemaData>
</ExtendedData>
<Polygon><outerBoundaryIs><LinearRing><tessellate>1</tessellate>
<coordinates> 174.418373,-39.496259 174.418551,-39.496391 174.418585,-39.496526 174.418416,-39.496709 174.418270,-39.496690 174.418150,-39.496578 174.418115,-39.496399 174.418227,-39.496262 174.418373,-39.496259</coordinates>
</LinearRing>
</outerBoundaryIs>
</Polygon>
</Placemark>
<Placemark><name />
<styleUrl>#nz-lake-polygons-topo-150kId</styleUrl>
<ExtendedData><SchemaData schemaUrl="#nz-lake-polygons-topo-150kId"><SimpleData name="t50_fid">5037233</SimpleData>
<SimpleData name="elevation">0</SimpleData>
<SimpleData name="grp_ascii" />
<SimpleData name="grp_name" />
<SimpleData name="perennial" />
<SimpleData name="temperatur" />
<SimpleData name="lake_use" />
<SimpleData name="name_ascii" />
<SimpleData name="macronated">N</SimpleData>
<SimpleData name="name" />
<SimpleData name="grp_macron">N</SimpleData>
</SchemaData>
</ExtendedData>
<Polygon><outerBoundaryIs><LinearRing><tessellate>1</tessellate>
<coordinates> 174.419351,-39.496002 174.419188,-39.496077 174.418930,-39.496135 174.418833,-39.495991 174.418948,-39.495880 174.419088,-39.495805 174.419298,-39.495748 174.419465,-39.495855 174.419351,-39.496002</coordinates>
</LinearRing>
</outerBoundaryIs>
</Polygon>
</Placemark>
<Placemark><name />
<styleUrl>#nz-lake-polygons-topo-150kId</styleUrl>
<ExtendedData><SchemaData schemaUrl="#nz-lake-polygons-topo-150kId"><SimpleData name="t50_fid">5008582</SimpleData>
<SimpleData name="elevation">0</SimpleData>
<SimpleData name="grp_ascii" />
<SimpleData name="grp_name" />
<SimpleData name="perennial" />
<SimpleData name="temperatur" />
<SimpleData name="lake_use" />
<SimpleData name="name_ascii" />
<SimpleData name="macronated">N</SimpleData>
<SimpleData name="name" />
<SimpleData name="grp_macron">N</SimpleData>
</SchemaData>
</ExtendedData>
<Polygon><outerBoundaryIs><LinearRing><tessellate>1</tessellate>
<coordinates> 174.418017,-39.493747 174.417795,-39.493453 174.417851,-39.493281 174.418087,-39.493515 174.418064,-39.493740 174.418218,-39.494008 174.418192,-39.494077 174.418047,-39.494102 174.417767,-39.494298 174.418017,-39.493747</coordinates>
</LinearRing>
</outerBoundaryIs>
</Polygon>
</Placemark>
<Placemark><name />
<styleUrl>#nz-lake-polygons-topo-150kId</styleUrl>
<ExtendedData><SchemaData schemaUrl="#nz-lake-polygons-topo-150kId"><SimpleData name="t50_fid">5037231</SimpleData>
<SimpleData name="elevation">0</SimpleData>
<SimpleData name="grp_ascii" />
<SimpleData name="grp_name" />
<SimpleData name="perennial" />
<SimpleData name="temperatur" />
<SimpleData name="lake_use" />
<SimpleData name="name_ascii" />
<SimpleData name="macronated">N</SimpleData>
<SimpleData name="name" />
<SimpleData name="grp_macron">N</SimpleData>
</SchemaData>
</ExtendedData>
<Polygon><outerBoundaryIs><LinearRing><tessellate>1</tessellate>
<coordinates> 174.414915,-39.494428 174.414975,-39.494495 174.414950,-39.494630 174.414808,-39.494746 174.414507,-39.494790 174.414915,-39.494428</coordinates>
</LinearRing>
</outerBoundaryIs>
</Polygon>
</Placemark>
<Placemark><name />
<styleUrl>#nz-lake-polygons-topo-150kId</styleUrl>
<ExtendedData><SchemaData schemaUrl="#nz-lake-polygons-topo-150kId"><SimpleData name="t50_fid">5037230</SimpleData>
<SimpleData name="elevation">0</SimpleData>
<SimpleData name="grp_ascii" />
<SimpleData name="grp_name" />
<SimpleData name="perennial" />
<SimpleData name="temperatur" />
<SimpleData name="lake_use" />
<SimpleData name="name_ascii" />
<SimpleData name="macronated">N</SimpleData>
<SimpleData name="name" />
<SimpleData name="grp_macron">N</SimpleData>
</SchemaData>
</ExtendedData>
<Polygon><outerBoundaryIs><LinearRing><tessellate>1</tessellate>
<coordinates> 174.411833,-39.499328 174.411921,-39.499372 174.411604,-39.499493 174.411833,-39.499328</coordinates>
</LinearRing>
</outerBoundaryIs>
</Polygon>
</Placemark>
<Placemark><name />
<styleUrl>#nz-lake-polygons-topo-150kId</styleUrl>
<ExtendedData><SchemaData schemaUrl="#nz-lake-polygons-topo-150kId"><SimpleData name="t50_fid">5037178</SimpleData>
<SimpleData name="elevation">0</SimpleData>
<SimpleData name="grp_ascii" />
<SimpleData name="grp_name" />
<SimpleData name="perennial" />
<SimpleData name="temperatur" />
<SimpleData name="lake_use" />
<SimpleData name="name_ascii" />
<SimpleData name="macronated">N</SimpleData>
<SimpleData name="name" />
<SimpleData name="grp_macron">N</SimpleData>
</SchemaData>
</ExtendedData>
<Polygon><outerBoundaryIs><LinearRing><tessellate>1</tessellate>
<coordinates> 174.406837,-39.500567 174.406076,-39.500376 174.406190,-39.500286 174.406451,-39.500281 174.407253,-39.500522 174.406837,-39.500567</coordinates>
</LinearRing>
</outerBoundaryIs>
</Polygon>
</Placemark>
<Placemark><name />
<styleUrl>#nz-lake-polygons-topo-150kId</styleUrl>
<ExtendedData><SchemaData schemaUrl="#nz-lake-polygons-topo-150kId"><SimpleData name="t50_fid">5037174</SimpleData>
<SimpleData name="elevation">0</SimpleData>
<SimpleData name="grp_ascii" />
<SimpleData name="grp_name" />
<SimpleData name="perennial" />
<SimpleData name="temperatur" />
<SimpleData name="lake_use" />
<SimpleData name="name_ascii" />
<SimpleData name="macronated">N</SimpleData>
<SimpleData name="name" />
<SimpleData name="grp_macron">N</SimpleData>
</SchemaData>
</ExtendedData>
<Polygon><outerBoundaryIs><LinearRing><tessellate>1</tessellate>
<coordinates> 174.368921,-39.518951 174.369060,-39.518772 174.369068,-39.519038 174.368921,-39.518951</coordinates>
</LinearRing>
</outerBoundaryIs>
</Polygon>
</Placemark>
<Placemark><name />
<styleUrl>#nz-lake-polygons-topo-150kId</styleUrl>
<ExtendedData><SchemaData schemaUrl="#nz-lake-polygons-topo-150kId"><SimpleData name="t50_fid">5037171</SimpleData>
<SimpleData name="elevation">0</SimpleData>
<SimpleData name="grp_ascii" />
<SimpleData name="grp_name" />
<SimpleData name="perennial" />
<SimpleData name="temperatur" />
<SimpleData name="lake_use" />
<SimpleData name="name_ascii" />
<SimpleData name="macronated">N</SimpleData>
<SimpleData name="name" />
<SimpleData name="grp_macron">N</SimpleData>
</SchemaData>
</ExtendedData>
<Polygon><outerBoundaryIs><LinearRing><tessellate>1</tessellate>
<coordinates> 174.357410,-39.505338 174.357240,-39.505476 174.357124,-39.505478 174.357091,-39.505366 174.357175,-39.505275 174.357378,-39.505248 174.357410,-39.505338</coordinates>
</LinearRing>
</outerBoundaryIs>
</Polygon>
</Placemark>
<Placemark><name />
<styleUrl>#nz-lake-polygons-topo-150kId</styleUrl>
<ExtendedData><SchemaData schemaUrl="#nz-lake-polygons-topo-150kId"><SimpleData name="t50_fid">5037170</SimpleData>
<SimpleData name="elevation">0</SimpleData>
<SimpleData name="grp_ascii" />
<SimpleData name="grp_name" />
<SimpleData name="perennial" />
<SimpleData name="temperatur" />
<SimpleData name="lake_use" />
<SimpleData name="name_ascii" />
<SimpleData name="macronated">N</SimpleData>
<SimpleData name="name" />
<SimpleData name="grp_macron">N</SimpleData>
</SchemaData>
</ExtendedData>
<Polygon><outerBoundaryIs><LinearRing><tessellate>1</tessellate>
<coordinates> 174.353700,-39.516828 174.353779,-39.517051 174.353409,-39.516810 174.353338,-39.516607 174.353700,-39.516828</coordinates>
</LinearRing>
</outerBoundaryIs>
</Polygon>
</Placemark>
<Placemark><name />
<styleUrl>#nz-lake-polygons-topo-150kId</styleUrl>
<ExtendedData><SchemaData schemaUrl="#nz-lake-polygons-topo-150kId"><SimpleData name="t50_fid">5037175</SimpleData>
<SimpleData name="elevation">0</SimpleData>
<SimpleData name="grp_ascii" />
<SimpleData name="grp_name" />
<SimpleData name="perennial" />
<SimpleData name="temperatur" />
<SimpleData name="lake_use" />
<SimpleData name="name_ascii" />
<SimpleData name="macronated">N</SimpleData>
<SimpleData name="name" />
<SimpleData name="grp_macron">N</SimpleData>
</SchemaData>
</ExtendedData>
<Polygon><outerBoundaryIs><LinearRing><tessellate>1</tessellate>
<coordinates> 174.388074,-39.503469 174.388107,-39.503604 174.387809,-39.503434 174.388074,-39.503469</coordinates>
</LinearRing>
</outerBoundaryIs>
</Polygon>
</Placemark>
<Placemark><name />
<styleUrl>#nz-lake-polygons-topo-150kId</styleUrl>
<ExtendedData><SchemaData schemaUrl="#nz-lake-polygons-topo-150kId"><SimpleData name="t50_fid">5037228</SimpleData>
<SimpleData name="elevation">0</SimpleData>
<SimpleData name="grp_ascii" />
<SimpleData name="grp_name" />
<SimpleData name="perennial" />
<SimpleData name="temperatur" />
<SimpleData name="lake_use" />
<SimpleData name="name_ascii" />
<SimpleData name="macronated">N</SimpleData>
<SimpleData name="name" />
<SimpleData name="grp_macron">N</SimpleData>
</SchemaData>
</ExtendedData>
<Polygon><outerBoundaryIs><LinearRing><tessellate>1</tessellate>
<coordinates> 174.425680,-39.534234 174.425859,-39.534389 174.425913,-39.534577 174.425689,-39.534550 174.425452,-39.534396 174.425271,-39.534164 174.425680,-39.534234</coordinates>
</LinearRing>
</outerBoundaryIs>
</Polygon>
</Placemark>
<Placemark><name />
<styleUrl>#nz-lake-polygons-topo-150kId</styleUrl>
<ExtendedData><SchemaData schemaUrl="#nz-lake-polygons-topo-150kId"><SimpleData name="t50_fid">5037158</SimpleData>
<SimpleData name="elevation">0</SimpleData>
<SimpleData name="grp_ascii" />
<SimpleData name="grp_name" />
<SimpleData name="perennial" />
<SimpleData name="temperatur" />
<SimpleData name="lake_use" />
<SimpleData name="name_ascii" />
<SimpleData name="macronated">N</SimpleData>
<SimpleData name="name" />
<SimpleData name="grp_macron">N</SimpleData>
</SchemaData>
</ExtendedData>
<Polygon><outerBoundaryIs><LinearRing><tessellate>1</tessellate>
<coordinates> 174.408886,-39.553805 174.409102,-39.553847 174.409405,-39.553851 174.409183,-39.554005 174.408988,-39.554038 174.408782,-39.553995 174.408838,-39.553892 174.408886,-39.553805</coordinates>
</LinearRing>
</outerBoundaryIs>
</Polygon>
</Placemark>
<Placemark><name />
<styleUrl>#nz-lake-polygons-topo-150kId</styleUrl>
<ExtendedData><SchemaData schemaUrl="#nz-lake-polygons-topo-150kId"><SimpleData name="t50_fid">5037151</SimpleData>
<SimpleData name="elevation">0</SimpleData>
<SimpleData name="grp_ascii" />
<SimpleData name="grp_name" />
<SimpleData name="perennial" />
<SimpleData name="temperatur" />
<SimpleData name="lake_use" />
<SimpleData name="name_ascii" />
<SimpleData name="macronated">N</SimpleData>
<SimpleData name="name" />
<SimpleData name="grp_macron">N</SimpleData>
</SchemaData>
</ExtendedData>
<Polygon><outerBoundaryIs><LinearRing><tessellate>1</tessellate>
<coordinates> 174.355284,-39.545700 174.355282,-39.545588 174.355239,-39.545444 174.355324,-39.545377 174.355486,-39.545529 174.355557,-39.545759 174.355504,-39.545790 174.355394,-39.545742 174.355284,-39.545700</coordinates>
</LinearRing>
</outerBoundaryIs>
</Polygon>
</Placemark>
<Placemark><name />
<styleUrl>#nz-lake-polygons-topo-150kId</styleUrl>
<ExtendedData><SchemaData schemaUrl="#nz-lake-polygons-topo-150kId"><SimpleData name="t50_fid">5037153</SimpleData>
<SimpleData name="elevation">0</SimpleData>
<SimpleData name="grp_ascii" />
<SimpleData name="grp_name" />
<SimpleData name="perennial" />
<SimpleData name="temperatur" />
<SimpleData name="lake_use" />
<SimpleData name="name_ascii" />
<SimpleData name="macronated">N</SimpleData>
<SimpleData name="name" />
<SimpleData name="grp_macron">N</SimpleData>
</SchemaData>
</ExtendedData>
<Polygon><outerBoundaryIs><LinearRing><tessellate>1</tessellate>
<coordinates> 174.357436,-39.543263 174.357258,-39.543153 174.357280,-39.542928 174.357426,-39.542925 174.357604,-39.543057 174.357688,-39.543291 174.357436,-39.543263</coordinates>
</LinearRing>
</outerBoundaryIs>
</Polygon>
</Placemark>
<Placemark><name />
<styleUrl>#nz-lake-polygons-topo-150kId</styleUrl>
<ExtendedData><SchemaData schemaUrl="#nz-lake-polygons-topo-150kId"><SimpleData name="t50_fid">5008570</SimpleData>
<SimpleData name="elevation">0</SimpleData>
<SimpleData name="grp_ascii" />
<SimpleData name="grp_name" />
<SimpleData name="perennial" />
<SimpleData name="temperatur" />
<SimpleData name="lake_use" />
<SimpleData name="name_ascii" />
<SimpleData name="macronated">N</SimpleData>
<SimpleData name="name" />
<SimpleData name="grp_macron">N</SimpleData>
</SchemaData>
</ExtendedData>
<Polygon><outerBoundaryIs><LinearRing><tessellate>1</tessellate>
<coordinates> 174.383117,-39.561707 174.382957,-39.561664 174.382873,-39.561697 174.382783,-39.561690 174.382725,-39.561695 174.382670,-39.561638 174.382538,-39.561636 174.382479,-39.561641 174.382452,-39.561604 174.382309,-39.561606 174.382256,-39.561610 174.382160,-39.561599 174.382106,-39.561546 174.382043,-39.561584 174.382011,-39.561585 174.381957,-39.561532 174.381771,-39.561497 174.381740,-39.561538 174.381098,-39.561534 174.381048,-39.561411 174.381110,-39.561345 174.381291,-39.561363 174.381530,-39.561389 174.381753,-39.561403 174.381911,-39.561364 174.382098,-39.561403 174.382280,-39.561470 174.382365,-39.561474 174.382513,-39.561468 174.382828,-39.561567 174.382997,-39.561544 174.383036,-39.561634 174.383217,-39.561656 174.383256,-39.561718 174.383257,-39.561767 174.383117,-39.561707</coordinates>
</LinearRing>
</outerBoundaryIs>
</Polygon>
</Placemark>
<Placemark><name />
<styleUrl>#nz-lake-polygons-topo-150kId</styleUrl>
<ExtendedData><SchemaData schemaUrl="#nz-lake-polygons-topo-150kId"><SimpleData name="t50_fid">5037157</SimpleData>
<SimpleData name="elevation">0</SimpleData>
<SimpleData name="grp_ascii" />
<SimpleData name="grp_name" />
<SimpleData name="perennial" />
<SimpleData name="temperatur" />
<SimpleData name="lake_use" />
<SimpleData name="name_ascii" />
<SimpleData name="macronated">N</SimpleData>
<SimpleData name="name" />
<SimpleData name="grp_macron">N</SimpleData>
</SchemaData>
</ExtendedData>
<Polygon><outerBoundaryIs><LinearRing><tessellate>1</tessellate>
<coordinates> 174.389375,-39.552356 174.389425,-39.552360 174.389635,-39.552377 174.389656,-39.552379 174.389857,-39.552417 174.389833,-39.552554 174.389871,-39.552653 174.389679,-39.552655 174.389539,-39.552621 174.389389,-39.552623 174.389205,-39.552533 174.389290,-39.552397 174.389319,-39.552381 174.389368,-39.552355 174.389375,-39.552356</coordinates>
</LinearRing>
</outerBoundaryIs>
</Polygon>
</Placemark>
<Placemark><name />
<styleUrl>#nz-lake-polygons-topo-150kId</styleUrl>
<ExtendedData><SchemaData schemaUrl="#nz-lake-polygons-topo-150kId"><SimpleData name="t50_fid">8352154</SimpleData>
<SimpleData name="elevation">0</SimpleData>
<SimpleData name="grp_ascii" />
<SimpleData name="grp_name" />
<SimpleData name="perennial" />
<SimpleData name="temperatur" />
<SimpleData name="lake_use" />
<SimpleData name="name_ascii" />
<SimpleData name="macronated">N</SimpleData>
<SimpleData name="name" />
<SimpleData name="grp_macron">N</SimpleData>
</SchemaData>
</ExtendedData>
<Polygon><outerBoundaryIs><LinearRing><tessellate>1</tessellate>
<coordinates> 174.398777,-39.572573 174.398840,-39.572586 174.398841,-39.572623 174.398811,-39.572677 174.398736,-39.572695 174.398614,-39.572669 174.398570,-39.572636 174.398504,-39.572608 174.398394,-39.572550 174.398464,-39.572497 174.398537,-39.572496 174.398573,-39.572525 174.398711,-39.572576 174.398752,-39.572574 174.398777,-39.572573</coordinates>
</LinearRing>
</outerBoundaryIs>
</Polygon>
</Placemark>
<Placemark><name />
<styleUrl>#nz-lake-polygons-topo-150kId</styleUrl>
<ExtendedData><SchemaData schemaUrl="#nz-lake-polygons-topo-150kId"><SimpleData name="t50_fid">5037154</SimpleData>
<SimpleData name="elevation">0</SimpleData>
<SimpleData name="grp_ascii" />
<SimpleData name="grp_name" />
<SimpleData name="perennial" />
<SimpleData name="temperatur" />
<SimpleData name="lake_use" />
<SimpleData name="name_ascii" />
<SimpleData name="macronated">N</SimpleData>
<SimpleData name="name" />
<SimpleData name="grp_macron">N</SimpleData>
</SchemaData>
</ExtendedData>
<Polygon><outerBoundaryIs><LinearRing><tessellate>1</tessellate>
<coordinates> 174.378910,-39.571361 174.379143,-39.571222 174.379253,-39.571218 174.379404,-39.571212 174.379481,-39.571276 174.379415,-39.571381 174.379140,-39.571482 174.378938,-39.571485 174.378910,-39.571361</coordinates>
</LinearRing>
</outerBoundaryIs>
</Polygon>
</Placemark>
<Placemark><name />
<styleUrl>#nz-lake-polygons-topo-150kId</styleUrl>
<ExtendedData><SchemaData schemaUrl="#nz-lake-polygons-topo-150kId"><SimpleData name="t50_fid">5037223</SimpleData>
<SimpleData name="elevation">0</SimpleData>
<SimpleData name="grp_ascii" />
<SimpleData name="grp_name" />
<SimpleData name="perennial" />
<SimpleData name="temperatur" />
<SimpleData name="lake_use" />
<SimpleData name="name_ascii" />
<SimpleData name="macronated">N</SimpleData>
<SimpleData name="name" />
<SimpleData name="grp_macron">N</SimpleData>
</SchemaData>
</ExtendedData>
<Polygon><outerBoundaryIs><LinearRing><tessellate>1</tessellate>
<coordinates> 174.488850,-39.616044 174.488834,-39.615972 174.489030,-39.615837 174.489399,-39.615758 174.489446,-39.615803 174.489601,-39.615826 174.489654,-39.615927 174.489836,-39.615983 174.489826,-39.616090 174.489773,-39.616110 174.489536,-39.616199 174.488792,-39.616236 174.488659,-39.616092 174.488850,-39.616044</coordinates>
</LinearRing>
</outerBoundaryIs>
</Polygon>
</Placemark>
<Placemark><name />
<styleUrl>#nz-lake-polygons-topo-150kId</styleUrl>
<ExtendedData><SchemaData schemaUrl="#nz-lake-polygons-topo-150kId"><SimpleData name="t50_fid">5037229</SimpleData>
<SimpleData name="elevation">0</SimpleData>
<SimpleData name="grp_ascii" />
<SimpleData name="grp_name" />
<SimpleData name="perennial" />
<SimpleData name="temperatur" />
<SimpleData name="lake_use" />
<SimpleData name="name_ascii" />
<SimpleData name="macronated">N</SimpleData>
<SimpleData name="name" />
<SimpleData name="grp_macron">N</SimpleData>
</SchemaData>
</ExtendedData>
<Polygon><outerBoundaryIs><LinearRing><tessellate>1</tessellate>
<coordinates> 174.448754,-39.560204 174.448956,-39.560103 174.449021,-39.560218 174.449040,-39.560270 174.448997,-39.560348 174.448875,-39.560353 174.448732,-39.560250 174.448754,-39.560204</coordinates>
</LinearRing>
</outerBoundaryIs>
</Polygon>
</Placemark>
<Placemark><name />
<styleUrl>#nz-lake-polygons-topo-150kId</styleUrl>
<ExtendedData><SchemaData schemaUrl="#nz-lake-polygons-topo-150kId"><SimpleData name="t50_fid">8352139</SimpleData>
<SimpleData name="elevation">0</SimpleData>
<SimpleData name="grp_ascii" />
<SimpleData name="grp_name" />
<SimpleData name="perennial" />
<SimpleData name="temperatur" />
<SimpleData name="lake_use" />
<SimpleData name="name_ascii" />
<SimpleData name="macronated">N</SimpleData>
<SimpleData name="name" />
<SimpleData name="grp_macron">N</SimpleData>
</SchemaData>
</ExtendedData>
<Polygon><outerBoundaryIs><LinearRing><tessellate>1</tessellate>
<coordinates> 174.403163,-39.622375 174.403219,-39.622396 174.403325,-39.622403 174.403383,-39.622449 174.403340,-39.622459 174.403292,-39.622462 174.403229,-39.622463 174.403122,-39.622482 174.402920,-39.622504 174.402888,-39.622475 174.402887,-39.622425 174.402902,-39.622405 174.403163,-39.622375</coordinates>
</LinearRing>
</outerBoundaryIs>
</Polygon>
</Placemark>
<Placemark><name />
<styleUrl>#nz-lake-polygons-topo-150kId</styleUrl>
<ExtendedData><SchemaData schemaUrl="#nz-lake-polygons-topo-150kId"><SimpleData name="t50_fid">8352140</SimpleData>
<SimpleData name="elevation">0</SimpleData>
<SimpleData name="grp_ascii" />
<SimpleData name="grp_name" />
<SimpleData name="perennial" />
<SimpleData name="temperatur" />
<SimpleData name="lake_use" />
<SimpleData name="name_ascii" />
<SimpleData name="macronated">N</SimpleData>
<SimpleData name="name" />
<SimpleData name="grp_macron">N</SimpleData>
</SchemaData>
</ExtendedData>
<Polygon><outerBoundaryIs><LinearRing><tessellate>1</tessellate>
<coordinates> 174.403606,-39.622276 174.403631,-39.622272 174.403684,-39.622263 174.403816,-39.622242 174.403861,-39.622286 174.403874,-39.622299 174.403911,-39.622410 174.403881,-39.622442 174.403670,-39.622465 174.403613,-39.622454 174.403588,-39.622350 174.403600,-39.622301 174.403606,-39.622276</coordinates>
</LinearRing>
</outerBoundaryIs>
</Polygon>
</Placemark>
<Placemark><name />
<styleUrl>#nz-lake-polygons-topo-150kId</styleUrl>
<ExtendedData><SchemaData schemaUrl="#nz-lake-polygons-topo-150kId"><SimpleData name="t50_fid">5037213</SimpleData>
<SimpleData name="elevation">0</SimpleData>
<SimpleData name="grp_ascii" />
<SimpleData name="grp_name" />
<SimpleData name="perennial" />
<SimpleData name="temperatur" />
<SimpleData name="lake_use" />
<SimpleData name="name_ascii" />
<SimpleData name="macronated">N</SimpleData>
<SimpleData name="name" />
<SimpleData name="grp_macron">N</SimpleData>
</SchemaData>
</ExtendedData>
<Polygon><outerBoundaryIs><LinearRing><tessellate>1</tessellate>
<coordinates> 174.424002,-39.618779 174.423923,-39.618896 174.423850,-39.618903 174.423777,-39.618864 174.423737,-39.618809 174.423748,-39.618709 174.423807,-39.618685 174.423945,-39.618695 174.424002,-39.618779</coordinates>
</LinearRing>
</outerBoundaryIs>
</Polygon>
</Placemark>
<Placemark><name />
<styleUrl>#nz-lake-polygons-topo-150kId</styleUrl>
<ExtendedData><SchemaData schemaUrl="#nz-lake-polygons-topo-150kId"><SimpleData name="t50_fid">5037212</SimpleData>
<SimpleData name="elevation">0</SimpleData>
<SimpleData name="grp_ascii" />
<SimpleData name="grp_name" />
<SimpleData name="perennial" />
<SimpleData name="temperatur" />
<SimpleData name="lake_use" />
<SimpleData name="name_ascii" />
<SimpleData name="macronated">N</SimpleData>
<SimpleData name="name" />
<SimpleData name="grp_macron">N</SimpleData>
</SchemaData>
</ExtendedData>
<Polygon><outerBoundaryIs><LinearRing><tessellate>1</tessellate>
<coordinates> 174.423014,-39.624345 174.423059,-39.624287 174.423057,-39.624198 174.423073,-39.624116 174.423138,-39.624089 174.423171,-39.624130 174.423172,-39.624201 174.423169,-39.624355 174.423196,-39.624396 174.423319,-39.624377 174.423460,-39.624391 174.423557,-39.624368 174.423644,-39.624391 174.423833,-39.624380 174.423859,-39.624406 174.423848,-39.624435 174.423729,-39.624490 174.423502,-39.624488 174.423434,-39.624505 174.423233,-39.624511 174.422944,-39.624491 174.422912,-39.624420 174.423014,-39.624345</coordinates>
</LinearRing>
</outerBoundaryIs>
</Polygon>
</Placemark>
<Placemark><name />
<styleUrl>#nz-lake-polygons-topo-150kId</styleUrl>
<ExtendedData><SchemaData schemaUrl="#nz-lake-polygons-topo-150kId"><SimpleData name="t50_fid">5037216</SimpleData>
<SimpleData name="elevation">0</SimpleData>
<SimpleData name="grp_ascii" />
<SimpleData name="grp_name" />
<SimpleData name="perennial" />
<SimpleData name="temperatur" />
<SimpleData name="lake_use" />
<SimpleData name="name_ascii" />
<SimpleData name="macronated">N</SimpleData>
<SimpleData name="name" />
<SimpleData name="grp_macron">N</SimpleData>
</SchemaData>
</ExtendedData>
<Polygon><outerBoundaryIs><LinearRing><tessellate>1</tessellate>
<coordinates> 174.445741,-39.623184 174.446222,-39.623326 174.445717,-39.623420 174.445677,-39.623277 174.445741,-39.623184</coordinates>
</LinearRing>
</outerBoundaryIs>
</Polygon>
</Placemark>
<Placemark><name />
<styleUrl>#nz-lake-polygons-topo-150kId</styleUrl>
<ExtendedData><SchemaData schemaUrl="#nz-lake-polygons-topo-150kId"><SimpleData name="t50_fid">5037598</SimpleData>
<SimpleData name="elevation">0</SimpleData>
<SimpleData name="grp_ascii" />
<SimpleData name="grp_name" />
<SimpleData name="perennial" />
<SimpleData name="temperatur" />
<SimpleData name="lake_use" />
<SimpleData name="name_ascii" />
<SimpleData name="macronated">N</SimpleData>
<SimpleData name="name" />
<SimpleData name="grp_macron">N</SimpleData>
</SchemaData>
</ExtendedData>
<Polygon><outerBoundaryIs><LinearRing><tessellate>1</tessellate>
<coordinates> 174.488910,-39.128477 174.489013,-39.128421 174.489079,-39.128386 174.489495,-39.128349 174.489258,-39.128608 174.489000,-39.128636 174.488888,-39.128525 174.488910,-39.128477</coordinates>
</LinearRing>
</outerBoundaryIs>
</Polygon>
</Placemark>
<Placemark><name />
<styleUrl>#nz-lake-polygons-topo-150kId</styleUrl>
<ExtendedData><SchemaData schemaUrl="#nz-lake-polygons-topo-150kId"><SimpleData name="t50_fid">5008623</SimpleData>
<SimpleData name="elevation">0</SimpleData>
<SimpleData name="grp_ascii" />
<SimpleData name="grp_name" />
<SimpleData name="perennial" />
<SimpleData name="temperatur" />
<SimpleData name="lake_use" />
<SimpleData name="name_ascii" />
<SimpleData name="macronated">N</SimpleData>
<SimpleData name="name" />
<SimpleData name="grp_macron">N</SimpleData>
</SchemaData>
</ExtendedData>
<Polygon><outerBoundaryIs><LinearRing><tessellate>1</tessellate>
<coordinates> 174.160094,-39.060168 174.159989,-39.060255 174.159865,-39.060351 174.159799,-39.060450 174.159568,-39.060546 174.159187,-39.060607 174.158683,-39.060547 174.158342,-39.060438 174.158273,-39.060318 174.158289,-39.060125 174.158300,-39.059936 174.158516,-39.059836 174.158841,-39.059886 174.159230,-39.059972 174.159495,-39.059947 174.159907,-39.059947 174.160095,-39.059945 174.160126,-39.060043 174.160094,-39.060168</coordinates>
</LinearRing>
</outerBoundaryIs>
</Polygon>
</Placemark>
<Placemark><name />
<styleUrl>#nz-lake-polygons-topo-150kId</styleUrl>
<ExtendedData><SchemaData schemaUrl="#nz-lake-polygons-topo-150kId"><SimpleData name="t50_fid">5037495</SimpleData>
<SimpleData name="elevation">0</SimpleData>
<SimpleData name="grp_ascii" />
<SimpleData name="grp_name" />
<SimpleData name="perennial" />
<SimpleData name="temperatur" />
<SimpleData name="lake_use" />
<SimpleData name="name_ascii" />
<SimpleData name="macronated">N</SimpleData>
<SimpleData name="name" />
<SimpleData name="grp_macron">N</SimpleData>
</SchemaData>
</ExtendedData>
<Polygon><outerBoundaryIs><LinearRing><tessellate>1</tessellate>
<coordinates> 174.162974,-39.061738 174.163195,-39.061940 174.163298,-39.062014 174.163372,-39.062115 174.163341,-39.062236 174.163274,-39.062293 174.163158,-39.062306 174.163128,-39.062269 174.163060,-39.062254 174.162954,-39.062251 174.162930,-39.062304 174.162927,-39.062421 174.162828,-39.062539 174.162665,-39.062631 174.162515,-39.062625 174.162420,-39.062475 174.162359,-39.062272 174.162316,-39.062043 174.162328,-39.061843 174.162484,-39.061664 174.162575,-39.061610 174.162754,-39.061608 174.162974,-39.061738</coordinates>
</LinearRing>
</outerBoundaryIs>
</Polygon>
</Placemark>
<Placemark><name />
<styleUrl>#nz-lake-polygons-topo-150kId</styleUrl>
<ExtendedData><SchemaData schemaUrl="#nz-lake-polygons-topo-150kId"><SimpleData name="t50_fid">5037503</SimpleData>
<SimpleData name="elevation">0</SimpleData>
<SimpleData name="grp_ascii" />
<SimpleData name="grp_name" />
<SimpleData name="perennial" />
<SimpleData name="temperatur" />
<SimpleData name="lake_use" />
<SimpleData name="name_ascii" />
<SimpleData name="macronated">N</SimpleData>
<SimpleData name="name" />
<SimpleData name="grp_macron">N</SimpleData>
</SchemaData>
</ExtendedData>
<Polygon><outerBoundaryIs><LinearRing><tessellate>1</tessellate>
<coordinates> 174.162148,-39.060615 174.162323,-39.060662 174.162484,-39.060725 174.162563,-39.060871 174.162557,-39.061075 174.162520,-39.061203 174.162322,-39.061217 174.162238,-39.061093 174.162177,-39.060886 174.162044,-39.060763 174.161940,-39.060643 174.162003,-39.060601 174.162148,-39.060615</coordinates>
</LinearRing>
</outerBoundaryIs>
</Polygon>
</Placemark>
<Placemark><name />
<styleUrl>#nz-lake-polygons-topo-150kId</styleUrl>
<ExtendedData><SchemaData schemaUrl="#nz-lake-polygons-topo-150kId"><SimpleData name="t50_fid">5037496</SimpleData>
<SimpleData name="elevation">0</SimpleData>
<SimpleData name="grp_ascii" />
<SimpleData name="grp_name" />
<SimpleData name="perennial" />
<SimpleData name="temperatur" />
<SimpleData name="lake_use" />
<SimpleData name="name_ascii" />
<SimpleData name="macronated">N</SimpleData>
<SimpleData name="name" />
<SimpleData name="grp_macron">N</SimpleData>
</SchemaData>
</ExtendedData>
<Polygon><outerBoundaryIs><LinearRing><tessellate>1</tessellate>
<coordinates> 174.161588,-39.060573 174.161427,-39.060676 174.161270,-39.060781 174.160802,-39.060858 174.160444,-39.060881 174.160271,-39.060774 174.160030,-39.060700 174.160018,-39.060572 174.160083,-39.060416 174.160198,-39.060293 174.160314,-39.060236 174.160664,-39.060197 174.161054,-39.060158 174.161314,-39.060190 174.161552,-39.060391 174.161588,-39.060573</coordinates>
</LinearRing>
</outerBoundaryIs>
</Polygon>
</Placemark>
<Placemark><name />
<styleUrl>#nz-lake-polygons-topo-150kId</styleUrl>
<ExtendedData><SchemaData schemaUrl="#nz-lake-polygons-topo-150kId"><SimpleData name="t50_fid">5037502</SimpleData>
<SimpleData name="elevation">0</SimpleData>
<SimpleData name="grp_ascii" />
<SimpleData name="grp_name" />
<SimpleData name="perennial" />
<SimpleData name="temperatur" />
<SimpleData name="lake_use" />
<SimpleData name="name_ascii" />
<SimpleData name="macronated">N</SimpleData>
<SimpleData name="name" />
<SimpleData name="grp_macron">N</SimpleData>
</SchemaData>
</ExtendedData>
<Polygon><outerBoundaryIs><LinearRing><tessellate>1</tessellate>
<coordinates> 174.161112,-39.062349 174.161055,-39.062417 174.160963,-39.062407 174.160639,-39.062406 174.160469,-39.062386 174.160478,-39.062329 174.160501,-39.062242 174.160563,-39.062219 174.160834,-39.062190 174.161075,-39.062153 174.161129,-39.062198 174.161112,-39.062349</coordinates>
</LinearRing>
</outerBoundaryIs>
</Polygon>
</Placemark>
<Placemark><name />
<styleUrl>#nz-lake-polygons-topo-150kId</styleUrl>
<ExtendedData><SchemaData schemaUrl="#nz-lake-polygons-topo-150kId"><SimpleData name="t50_fid">5037506</SimpleData>
<SimpleData name="elevation">0</SimpleData>
<SimpleData name="grp_ascii" />
<SimpleData name="grp_name" />
<SimpleData name="perennial" />
<SimpleData name="temperatur" />
<SimpleData name="lake_use" />
<SimpleData name="name_ascii" />
<SimpleData name="macronated">N</SimpleData>
<SimpleData name="name" />
<SimpleData name="grp_macron">N</SimpleData>
</SchemaData>
</ExtendedData>
<Polygon><outerBoundaryIs><LinearRing><tessellate>1</tessellate>
<coordinates> 174.165958,-39.061060 174.166003,-39.061470 174.166078,-39.061598 174.166051,-39.061704 174.165960,-39.061757 174.165789,-39.061680 174.165764,-39.061597 174.165234,-39.061184 174.165204,-39.061086 174.165539,-39.060853 174.165958,-39.061060</coordinates>
</LinearRing>
</outerBoundaryIs>
</Polygon>
</Placemark>
<Placemark><name />
<styleUrl>#nz-lake-polygons-topo-150kId</styleUrl>
<ExtendedData><SchemaData schemaUrl="#nz-lake-polygons-topo-150kId"><SimpleData name="t50_fid">5008622</SimpleData>
<SimpleData name="elevation">0</SimpleData>
<SimpleData name="grp_ascii" />
<SimpleData name="grp_name" />
<SimpleData name="perennial" />
<SimpleData name="temperatur" />
<SimpleData name="lake_use" />
<SimpleData name="name_ascii" />
<SimpleData name="macronated">N</SimpleData>
<SimpleData name="name" />
<SimpleData name="grp_macron">N</SimpleData>
</SchemaData>
</ExtendedData>
<Polygon><outerBoundaryIs><LinearRing><tessellate>1</tessellate>
<coordinates> 174.129098,-39.060959 174.129192,-39.060780 174.129424,-39.060670 174.129730,-39.060624 174.129947,-39.060649 174.130204,-39.060810 174.130354,-39.060866 174.130497,-39.060855 174.130697,-39.060818 174.130788,-39.060914 174.130800,-39.061023 174.130797,-39.061105 174.130141,-39.061073 174.130019,-39.061100 174.129888,-39.061295 174.129786,-39.061328 174.129427,-39.061312 174.129292,-39.061363 174.129192,-39.061245 174.129098,-39.060959</coordinates>
</LinearRing>
</outerBoundaryIs>
</Polygon>
</Placemark>
<Placemark><name />
<styleUrl>#nz-lake-polygons-topo-150kId</styleUrl>
<ExtendedData><SchemaData schemaUrl="#nz-lake-polygons-topo-150kId"><SimpleData name="t50_fid">5008606</SimpleData>
<SimpleData name="elevation">0</SimpleData>
<SimpleData name="grp_ascii" />
<SimpleData name="grp_name" />
<SimpleData name="perennial" />
<SimpleData name="temperatur" />
<SimpleData name="lake_use" />
<SimpleData name="name_ascii" />
<SimpleData name="macronated">N</SimpleData>
<SimpleData name="name" />
<SimpleData name="grp_macron">N</SimpleData>
</SchemaData>
</ExtendedData>
<Polygon><outerBoundaryIs><LinearRing><tessellate>1</tessellate>
<coordinates> 174.121032,-39.065058 174.121022,-39.064928 174.120968,-39.064871 174.120780,-39.064876 174.120557,-39.064907 174.120390,-39.064937 174.120320,-39.064871 174.120522,-39.064761 174.120867,-39.064659 174.121195,-39.064526 174.121303,-39.064410 174.121449,-39.064387 174.121646,-39.064455 174.121659,-39.064531 174.121579,-39.064633 174.121506,-39.064653 174.121375,-39.064613 174.121328,-39.064747 174.121322,-39.064864 174.121295,-39.064973 174.121285,-39.065106 174.121099,-39.065165 174.121099,-39.065165 174.121032,-39.065058</coordinates>
</LinearRing>
</outerBoundaryIs>
</Polygon>
</Placemark>
<Placemark><name />
<styleUrl>#nz-lake-polygons-topo-150kId</styleUrl>
<ExtendedData><SchemaData schemaUrl="#nz-lake-polygons-topo-150kId"><SimpleData name="t50_fid">5037509</SimpleData>
<SimpleData name="elevation">0</SimpleData>
<SimpleData name="grp_ascii" />
<SimpleData name="grp_name" />
<SimpleData name="perennial" />
<SimpleData name="temperatur" />
<SimpleData name="lake_use" />
<SimpleData name="name_ascii" />
<SimpleData name="macronated">N</SimpleData>
<SimpleData name="name" />
<SimpleData name="grp_macron">N</SimpleData>
</SchemaData>
</ExtendedData>
<Polygon><outerBoundaryIs><LinearRing><tessellate>1</tessellate>
<coordinates> 174.148823,-39.052698 174.148948,-39.052780 174.149121,-39.052957 174.149234,-39.053043 174.149136,-39.053136 174.148924,-39.053120 174.148718,-39.053149 174.148578,-39.053210 174.148482,-39.053129 174.148463,-39.053028 174.148519,-39.052834 174.148688,-39.052736 174.148823,-39.052698</coordinates>
</LinearRing>
</outerBoundaryIs>
</Polygon>
</Placemark>
<Placemark><name />
<styleUrl>#nz-lake-polygons-topo-150kId</styleUrl>
<ExtendedData><SchemaData schemaUrl="#nz-lake-polygons-topo-150kId"><SimpleData name="t50_fid">5037500</SimpleData>
<SimpleData name="elevation">0</SimpleData>
<SimpleData name="grp_ascii" />
<SimpleData name="grp_name" />
<SimpleData name="perennial" />
<SimpleData name="temperatur" />
<SimpleData name="lake_use" />
<SimpleData name="name_ascii" />
<SimpleData name="macronated">N</SimpleData>
<SimpleData name="name" />
<SimpleData name="grp_macron">N</SimpleData>
</SchemaData>
</ExtendedData>
<Polygon><outerBoundaryIs><LinearRing><tessellate>1</tessellate>
<coordinates> 174.148815,-39.065153 174.148746,-39.065273 174.148784,-39.065441 174.148667,-39.065456 174.148515,-39.065485 174.148345,-39.065478 174.148296,-39.065369 174.148464,-39.065257 174.148562,-39.065105 174.148607,-39.064995 174.148623,-39.064917 174.148728,-39.064875 174.148793,-39.064979 174.148815,-39.065153</coordinates>
</LinearRing>
</outerBoundaryIs>
</Polygon>
</Placemark>
<Placemark><name />
<styleUrl>#nz-lake-polygons-topo-150kId</styleUrl>
<ExtendedData><SchemaData schemaUrl="#nz-lake-polygons-topo-150kId"><SimpleData name="t50_fid">5008620</SimpleData>
<SimpleData name="elevation">0</SimpleData>
<SimpleData name="grp_ascii" />
<SimpleData name="grp_name" />
<SimpleData name="perennial" />
<SimpleData name="temperatur" />
<SimpleData name="lake_use" />
<SimpleData name="name_ascii" />
<SimpleData name="macronated">N</SimpleData>
<SimpleData name="name" />
<SimpleData name="grp_macron">N</SimpleData>
</SchemaData>
</ExtendedData>
<Polygon><outerBoundaryIs><LinearRing><tessellate>1</tessellate>
<coordinates> 174.147183,-39.067475 174.147277,-39.067397 174.147418,-39.067301 174.147529,-39.067131 174.147736,-39.067029 174.147786,-39.066926 174.147791,-39.066605 174.147770,-39.066440 174.147790,-39.066114 174.147827,-39.065945 174.147906,-39.065844 174.148023,-39.065831 174.148120,-39.065884 174.148140,-39.065973 174.148080,-39.066108 174.147964,-39.066226 174.147997,-39.066395 174.148039,-39.066517 174.147973,-39.066761 174.147956,-39.067038 174.147829,-39.067122 174.147616,-39.067273 174.147410,-39.067484 174.147195,-39.067524 174.147183,-39.067475</coordinates>
</LinearRing>
</outerBoundaryIs>
</Polygon>
</Placemark>
<Placemark><name />
<styleUrl>#nz-lake-polygons-topo-150kId</styleUrl>
<ExtendedData><SchemaData schemaUrl="#nz-lake-polygons-topo-150kId"><SimpleData name="t50_fid">5037508</SimpleData>
<SimpleData name="elevation">0</SimpleData>
<SimpleData name="grp_ascii" />
<SimpleData name="grp_name" />
<SimpleData name="perennial" />
<SimpleData name="temperatur" />
<SimpleData name="lake_use" />
<SimpleData name="name_ascii" />
<SimpleData name="macronated">N</SimpleData>
<SimpleData name="name" />
<SimpleData name="grp_macron">N</SimpleData>
</SchemaData>
</ExtendedData>
<Polygon><outerBoundaryIs><LinearRing><tessellate>1</tessellate>
<coordinates> 174.138709,-39.055591 174.138813,-39.055476 174.138917,-39.055367 174.139128,-39.055352 174.139321,-39.055236 174.139424,-39.055115 174.139539,-39.055164 174.139380,-39.055400 174.139272,-39.055488 174.139206,-39.055662 174.139145,-39.055842 174.138986,-39.055867 174.138707,-39.055682 174.138709,-39.055591</coordinates>
</LinearRing>
</outerBoundaryIs>
</Polygon>
</Placemark>
<Placemark><name />
<styleUrl>#nz-lake-polygons-topo-150kId</styleUrl>
<ExtendedData><SchemaData schemaUrl="#nz-lake-polygons-topo-150kId"><SimpleData name="t50_fid">5037507</SimpleData>
<SimpleData name="elevation">0</SimpleData>
<SimpleData name="grp_ascii" />
<SimpleData name="grp_name" />
<SimpleData name="perennial" />
<SimpleData name="temperatur" />
<SimpleData name="lake_use" />
<SimpleData name="name_ascii" />
<SimpleData name="macronated">N</SimpleData>
<SimpleData name="name" />
<SimpleData name="grp_macron">N</SimpleData>
</SchemaData>
</ExtendedData>
<Polygon><outerBoundaryIs><LinearRing><tessellate>1</tessellate>
<coordinates> 174.135877,-39.057242 174.135703,-39.057155 174.135654,-39.057012 174.135761,-39.056931 174.135875,-39.056918 174.135975,-39.056965 174.136077,-39.057049 174.136138,-39.057098 174.136307,-39.057249 174.136360,-39.057373 174.136242,-39.057418 174.136142,-39.057386 174.135877,-39.057242</coordinates>
</LinearRing>
</outerBoundaryIs>
</Polygon>
</Placemark>
<Placemark><name />
<styleUrl>#nz-lake-polygons-topo-150kId</styleUrl>
<ExtendedData><SchemaData schemaUrl="#nz-lake-polygons-topo-150kId"><SimpleData name="t50_fid">5037499</SimpleData>
<SimpleData name="elevation">0</SimpleData>
<SimpleData name="grp_ascii" />
<SimpleData name="grp_name" />
<SimpleData name="perennial" />
<SimpleData name="temperatur" />
<SimpleData name="lake_use" />
<SimpleData name="name_ascii" />
<SimpleData name="macronated">N</SimpleData>
<SimpleData name="name" />
<SimpleData name="grp_macron">N</SimpleData>
</SchemaData>
</ExtendedData>
<Polygon><outerBoundaryIs><LinearRing><tessellate>1</tessellate>
<coordinates> 174.133379,-39.061619 174.133477,-39.061549 174.133654,-39.061510 174.133745,-39.061611 174.133824,-39.061655 174.134107,-39.061734 174.134197,-39.061831 174.134011,-39.061959 174.133797,-39.061946 174.133660,-39.061877 174.133562,-39.061926 174.133492,-39.062118 174.133383,-39.062156 174.133267,-39.062096 174.133311,-39.061913 174.133157,-39.061759 174.133170,-39.061631 174.133379,-39.061619</coordinates>
</LinearRing>
</outerBoundaryIs>
</Polygon>
</Placemark>
<Placemark><name />
<styleUrl>#nz-lake-polygons-topo-150kId</styleUrl>
<ExtendedData><SchemaData schemaUrl="#nz-lake-polygons-topo-150kId"><SimpleData name="t50_fid">5037240</SimpleData>
<SimpleData name="elevation">0</SimpleData>
<SimpleData name="grp_ascii" />
<SimpleData name="grp_name" />
<SimpleData name="perennial" />
<SimpleData name="temperatur" />
<SimpleData name="lake_use" />
<SimpleData name="name_ascii" />
<SimpleData name="macronated">N</SimpleData>
<SimpleData name="name" />
<SimpleData name="grp_macron">N</SimpleData>
</SchemaData>
</ExtendedData>
<Polygon><outerBoundaryIs><LinearRing><tessellate>1</tessellate>
<coordinates> 174.188518,-39.456834 174.188817,-39.456799 174.188827,-39.456735 174.189096,-39.456772 174.189160,-39.456900 174.189131,-39.456980 174.188884,-39.457063 174.188478,-39.456923 174.188518,-39.456834</coordinates>
</LinearRing>
</outerBoundaryIs>
</Polygon>
</Placemark>
<Placemark><name />
<styleUrl>#nz-lake-polygons-topo-150kId</styleUrl>
<ExtendedData><SchemaData schemaUrl="#nz-lake-polygons-topo-150kId"><SimpleData name="t50_fid">5037244</SimpleData>
<SimpleData name="elevation">0</SimpleData>
<SimpleData name="grp_ascii" />
<SimpleData name="grp_name" />
<SimpleData name="perennial" />
<SimpleData name="temperatur" />
<SimpleData name="lake_use" />
<SimpleData name="name_ascii" />
<SimpleData name="macronated">N</SimpleData>
<SimpleData name="name" />
<SimpleData name="grp_macron">N</SimpleData>
</SchemaData>
</ExtendedData>
<Polygon><outerBoundaryIs><LinearRing><tessellate>1</tessellate>
<coordinates> 174.199821,-39.453817 174.199862,-39.453395 174.199838,-39.453052 174.199830,-39.452948 174.199958,-39.452959 174.200052,-39.453300 174.200054,-39.453852 174.199917,-39.453831 174.199821,-39.453817</coordinates>
</LinearRing>
</outerBoundaryIs>
</Polygon>
</Placemark>
<Placemark><name />
<styleUrl>#nz-lake-polygons-topo-150kId</styleUrl>
<ExtendedData><SchemaData schemaUrl="#nz-lake-polygons-topo-150kId"><SimpleData name="t50_fid">7889961</SimpleData>
<SimpleData name="elevation">0</SimpleData>
<SimpleData name="grp_ascii" />
<SimpleData name="grp_name" />
<SimpleData name="perennial" />
<SimpleData name="temperatur" />
<SimpleData name="lake_use" />
<SimpleData name="name_ascii" />
<SimpleData name="macronated">N</SimpleData>
<SimpleData name="name" />
<SimpleData name="grp_macron">N</SimpleData>
</SchemaData>
</ExtendedData>
<Polygon><outerBoundaryIs><LinearRing><tessellate>1</tessellate>
<coordinates> 174.190816,-39.427483 174.190694,-39.427440 174.190677,-39.427393 174.190715,-39.427346 174.190720,-39.427249 174.190675,-39.427186 174.190655,-39.427119 174.190660,-39.427085 174.190708,-39.427098 174.190744,-39.427107 174.190810,-39.427198 174.190919,-39.427263 174.190974,-39.427330 174.191010,-39.427409 174.191026,-39.427493 174.190946,-39.427509 174.190932,-39.427506 174.190816,-39.427483</coordinates>
</LinearRing>
</outerBoundaryIs>
</Polygon>
</Placemark>
<Placemark><name />
<styleUrl>#nz-lake-polygons-topo-150kId</styleUrl>
<ExtendedData><SchemaData schemaUrl="#nz-lake-polygons-topo-150kId"><SimpleData name="t50_fid">5037241</SimpleData>
<SimpleData name="elevation">0</SimpleData>
<SimpleData name="grp_ascii" />
<SimpleData name="grp_name" />
<SimpleData name="perennial" />
<SimpleData name="temperatur" />
<SimpleData name="lake_use" />
<SimpleData name="name_ascii" />
<SimpleData name="macronated">N</SimpleData>
<SimpleData name="name" />
<SimpleData name="grp_macron">N</SimpleData>
</SchemaData>
</ExtendedData>
<Polygon><outerBoundaryIs><LinearRing><tessellate>1</tessellate>
<coordinates> 174.181792,-39.443466 174.181798,-39.443676 174.181944,-39.443833 174.181642,-39.443827 174.181567,-39.443724 174.181592,-39.443566 174.181692,-39.443516 174.181792,-39.443466</coordinates>
</LinearRing>
</outerBoundaryIs>
</Polygon>
</Placemark>
<Placemark><name />
<styleUrl>#nz-lake-polygons-topo-150kId</styleUrl>
<ExtendedData><SchemaData schemaUrl="#nz-lake-polygons-topo-150kId"><SimpleData name="t50_fid">5037239</SimpleData>
<SimpleData name="elevation">0</SimpleData>
<SimpleData name="grp_ascii" />
<SimpleData name="grp_name" />
<SimpleData name="perennial" />
<SimpleData name="temperatur" />
<SimpleData name="lake_use" />
<SimpleData name="name_ascii" />
<SimpleData name="macronated">N</SimpleData>
<SimpleData name="name" />
<SimpleData name="grp_macron">N</SimpleData>
</SchemaData>
</ExtendedData>
<Polygon><outerBoundaryIs><LinearRing><tessellate>1</tessellate>
<coordinates> 174.161452,-39.471691 174.161498,-39.471574 174.161525,-39.471490 174.161507,-39.471368 174.161457,-39.471302 174.161447,-39.471183 174.161514,-39.471092 174.161571,-39.471123 174.161613,-39.471172 174.161670,-39.471261 174.161747,-39.471453 174.161738,-39.471657 174.161654,-39.471708 174.161578,-39.471709 174.161452,-39.471691</coordinates>
</LinearRing>
</outerBoundaryIs>
</Polygon>
</Placemark>
<Placemark><name />
<styleUrl>#nz-lake-polygons-topo-150kId</styleUrl>
<ExtendedData><SchemaData schemaUrl="#nz-lake-polygons-topo-150kId"><SimpleData name="t50_fid">8352155</SimpleData>
<SimpleData name="elevation">0</SimpleData>
<SimpleData name="grp_ascii" />
<SimpleData name="grp_name" />
<SimpleData name="perennial" />
<SimpleData name="temperatur" />
<SimpleData name="lake_use" />
<SimpleData name="name_ascii" />
<SimpleData name="macronated">N</SimpleData>
<SimpleData name="name" />
<SimpleData name="grp_macron">N</SimpleData>
</SchemaData>
</ExtendedData>
<Polygon><outerBoundaryIs><LinearRing><tessellate>1</tessellate>
<coordinates> 174.139513,-39.460795 174.139555,-39.460824 174.139728,-39.461088 174.139729,-39.461110 174.139708,-39.461145 174.139563,-39.461307 174.139532,-39.461319 174.139496,-39.461318 174.139454,-39.461304 174.139227,-39.460920 174.139232,-39.460890 174.139262,-39.460861 174.139474,-39.460789 174.139513,-39.460795</coordinates>
</LinearRing>
</outerBoundaryIs>
</Polygon>
</Placemark>
<Placemark><name />
<styleUrl>#nz-lake-polygons-topo-150kId</styleUrl>
<ExtendedData><SchemaData schemaUrl="#nz-lake-polygons-topo-150kId"><SimpleData name="t50_fid">5037025</SimpleData>
<SimpleData name="elevation">0</SimpleData>
<SimpleData name="grp_ascii" />
<SimpleData name="grp_name" />
<SimpleData name="perennial" />
<SimpleData name="temperatur" />
<SimpleData name="lake_use" />
<SimpleData name="name_ascii" />
<SimpleData name="macronated">N</SimpleData>
<SimpleData name="name" />
<SimpleData name="grp_macron">N</SimpleData>
</SchemaData>
</ExtendedData>
<Polygon><outerBoundaryIs><LinearRing><tessellate>1</tessellate>
<coordinates> 174.078699,-39.466606 174.078734,-39.466921 174.078757,-39.467102 174.078711,-39.467394 174.078463,-39.467358 174.078414,-39.467255 174.078480,-39.466915 174.078435,-39.466632 174.078599,-39.466597 174.078699,-39.466606</coordinates>
</LinearRing>
</outerBoundaryIs>
</Polygon>
</Placemark>
<Placemark><name />
<styleUrl>#nz-lake-polygons-topo-150kId</styleUrl>
<ExtendedData><SchemaData schemaUrl="#nz-lake-polygons-topo-150kId"><SimpleData name="t50_fid">7889959</SimpleData>
<SimpleData name="elevation">0</SimpleData>
<SimpleData name="grp_ascii" />
<SimpleData name="grp_name" />
<SimpleData name="perennial" />
<SimpleData name="temperatur" />
<SimpleData name="lake_use" />
<SimpleData name="name_ascii" />
<SimpleData name="macronated">N</SimpleData>
<SimpleData name="name" />
<SimpleData name="grp_macron">N</SimpleData>
</SchemaData>
</ExtendedData>
<Polygon><outerBoundaryIs><LinearRing><tessellate>1</tessellate>
<coordinates> 174.010553,-39.472188 174.010674,-39.472120 174.010784,-39.472137 174.010879,-39.472241 174.010811,-39.472316 174.010714,-39.472334 174.010674,-39.472381 174.010720,-39.472435 174.010713,-39.472485 174.010588,-39.472517 174.010539,-39.472563 174.010471,-39.472578 174.010455,-39.472573 174.010318,-39.472535 174.010271,-39.472491 174.010257,-39.472404 174.010341,-39.472287 174.010474,-39.472255 174.010481,-39.472249 174.010553,-39.472188</coordinates>
</LinearRing>
</outerBoundaryIs>
</Polygon>
</Placemark>
<Placemark><name />
<styleUrl>#nz-lake-polygons-topo-150kId</styleUrl>
<ExtendedData><SchemaData schemaUrl="#nz-lake-polygons-topo-150kId"><SimpleData name="t50_fid">7889958</SimpleData>
<SimpleData name="elevation">0</SimpleData>
<SimpleData name="grp_ascii" />
<SimpleData name="grp_name" />
<SimpleData name="perennial" />
<SimpleData name="temperatur" />
<SimpleData name="lake_use" />
<SimpleData name="name_ascii" />
<SimpleData name="macronated">N</SimpleData>
<SimpleData name="name" />
<SimpleData name="grp_macron">N</SimpleData>
</SchemaData>
</ExtendedData>
<Polygon><outerBoundaryIs><LinearRing><tessellate>1</tessellate>
<coordinates> 173.983622,-39.464158 173.983534,-39.464191 173.983504,-39.464215 173.983509,-39.464247 173.983531,-39.464312 173.983512,-39.464390 173.983445,-39.464446 173.983374,-39.464496 173.983287,-39.464509 173.983198,-39.464555 173.983149,-39.464580 173.983102,-39.464581 173.983059,-39.464529 173.983031,-39.464495 173.983023,-39.464452 173.983100,-39.464403 173.983138,-39.464349 173.983182,-39.464294 173.983261,-39.464255 173.983342,-39.464208 173.983422,-39.464143 173.983480,-39.464104 173.983566,-39.464093 173.983653,-39.464095 173.983693,-39.464110 173.983717,-39.464130 173.983684,-39.464143 173.983668,-39.464147 173.983622,-39.464158</coordinates>
</LinearRing>
</outerBoundaryIs>
</Polygon>
</Placemark>
<Placemark><name />
<styleUrl>#nz-lake-polygons-topo-150kId</styleUrl>
<ExtendedData><SchemaData schemaUrl="#nz-lake-polygons-topo-150kId"><SimpleData name="t50_fid">5037018</SimpleData>
<SimpleData name="elevation">0</SimpleData>
<SimpleData name="grp_ascii" />
<SimpleData name="grp_name" />
<SimpleData name="perennial" />
<SimpleData name="temperatur" />
<SimpleData name="lake_use" />
<SimpleData name="name_ascii" />
<SimpleData name="macronated">N</SimpleData>
<SimpleData name="name" />
<SimpleData name="grp_macron">N</SimpleData>
</SchemaData>
</ExtendedData>
<Polygon><outerBoundaryIs><LinearRing><tessellate>1</tessellate>
<coordinates> 173.967723,-39.464511 173.967764,-39.464634 173.967471,-39.464675 173.967408,-39.464566 173.967371,-39.464431 173.967677,-39.464367 173.967723,-39.464511</coordinates>
</LinearRing>
</outerBoundaryIs>
</Polygon>
</Placemark>
<Placemark><name />
<styleUrl>#nz-lake-polygons-topo-150kId</styleUrl>
<ExtendedData><SchemaData schemaUrl="#nz-lake-polygons-topo-150kId"><SimpleData name="t50_fid">5008547</SimpleData>
<SimpleData name="elevation">0</SimpleData>
<SimpleData name="grp_ascii" />
<SimpleData name="grp_name" />
<SimpleData name="perennial" />
<SimpleData name="temperatur" />
<SimpleData name="lake_use" />
<SimpleData name="name_ascii" />
<SimpleData name="macronated">N</SimpleData>
<SimpleData name="name" />
<SimpleData name="grp_macron">N</SimpleData>
</SchemaData>
</ExtendedData>
<Polygon><outerBoundaryIs><LinearRing><tessellate>1</tessellate>
<coordinates> 173.947096,-39.473149 173.946918,-39.473533 173.946641,-39.473805 173.946380,-39.473814 173.946023,-39.473870 173.945752,-39.473902 173.945652,-39.473685 173.945825,-39.473590 173.946059,-39.473587 173.946111,-39.473600 173.946135,-39.473606 173.946395,-39.473544 173.946664,-39.473392 173.946873,-39.473083 173.946997,-39.472985 173.947096,-39.473149</coordinates>
</LinearRing>
</outerBoundaryIs>
</Polygon>
</Placemark>
<Placemark><name />
<styleUrl>#nz-lake-polygons-topo-150kId</styleUrl>
<ExtendedData><SchemaData schemaUrl="#nz-lake-polygons-topo-150kId"><SimpleData name="t50_fid">5037279</SimpleData>
<SimpleData name="elevation">0</SimpleData>
<SimpleData name="grp_ascii" />
<SimpleData name="grp_name" />
<SimpleData name="perennial" />
<SimpleData name="temperatur" />
<SimpleData name="lake_use" />
<SimpleData name="name_ascii" />
<SimpleData name="macronated">N</SimpleData>
<SimpleData name="name" />
<SimpleData name="grp_macron">N</SimpleData>
</SchemaData>
</ExtendedData>
<Polygon><outerBoundaryIs><LinearRing><tessellate>1</tessellate>
<coordinates> 174.195467,-39.289098 174.195442,-39.289150 174.195289,-39.289147 174.195036,-39.289039 174.194978,-39.288968 174.194966,-39.288827 174.195429,-39.288935 174.195467,-39.289098</coordinates>
</LinearRing>
</outerBoundaryIs>
</Polygon>
</Placemark>
<Placemark><name />
<styleUrl>#nz-lake-polygons-topo-150kId</styleUrl>
<ExtendedData><SchemaData schemaUrl="#nz-lake-polygons-topo-150kId"><SimpleData name="t50_fid">5037432</SimpleData>
<SimpleData name="elevation">0</SimpleData>
<SimpleData name="grp_ascii" />
<SimpleData name="grp_name" />
<SimpleData name="perennial" />
<SimpleData name="temperatur" />
<SimpleData name="lake_use" />
<SimpleData name="name_ascii" />
<SimpleData name="macronated">N</SimpleData>
<SimpleData name="name" />
<SimpleData name="grp_macron">N</SimpleData>
</SchemaData>
</ExtendedData>
<Polygon><outerBoundaryIs><LinearRing><tessellate>1</tessellate>
<coordinates> 174.176069,-39.241057 174.175819,-39.241268 174.175639,-39.241462 174.175533,-39.241463 174.175529,-39.241227 174.175517,-39.240975 174.175635,-39.240826 174.175914,-39.240961 174.176069,-39.241057</coordinates>
</LinearRing>
</outerBoundaryIs>
</Polygon>
</Placemark>
<Placemark><name />
<styleUrl>#nz-lake-polygons-topo-150kId</styleUrl>
<ExtendedData><SchemaData schemaUrl="#nz-lake-polygons-topo-150kId"><SimpleData name="t50_fid">8352540</SimpleData>
<SimpleData name="elevation">0</SimpleData>
<SimpleData name="grp_ascii" />
<SimpleData name="grp_name" />
<SimpleData name="perennial" />
<SimpleData name="temperatur" />
<SimpleData name="lake_use" />
<SimpleData name="name_ascii" />
<SimpleData name="macronated">N</SimpleData>
<SimpleData name="name" />
<SimpleData name="grp_macron">N</SimpleData>
</SchemaData>
</ExtendedData>
<Polygon><outerBoundaryIs><LinearRing><tessellate>1</tessellate>
<coordinates> 174.197691,-39.253759 174.197694,-39.253701 174.197694,-39.253688 174.197684,-39.253607 174.197738,-39.253588 174.197821,-39.253593 174.198007,-39.253578 174.198135,-39.253583 174.198210,-39.253602 174.198260,-39.253614 174.198266,-39.253614 174.198339,-39.253614 174.198393,-39.253636 174.198406,-39.253697 174.198374,-39.253752 174.198297,-39.253823 174.198290,-39.253881 174.198253,-39.253898 174.198083,-39.253912 174.197959,-39.253920 174.197835,-39.253944 174.197801,-39.253915 174.197772,-39.253877 174.197705,-39.253858 174.197662,-39.253850 174.197626,-39.253843 174.197626,-39.253817 174.197670,-39.253777 174.197691,-39.253759</coordinates>
</LinearRing>
</outerBoundaryIs>
</Polygon>
</Placemark>
<Placemark><name />
<styleUrl>#nz-lake-polygons-topo-150kId</styleUrl>
<ExtendedData><SchemaData schemaUrl="#nz-lake-polygons-topo-150kId"><SimpleData name="t50_fid">5037479</SimpleData>
<SimpleData name="elevation">0</SimpleData>
<SimpleData name="grp_ascii" />
<SimpleData name="grp_name" />
<SimpleData name="perennial" />
<SimpleData name="temperatur" />
<SimpleData name="lake_use" />
<SimpleData name="name_ascii" />
<SimpleData name="macronated">N</SimpleData>
<SimpleData name="name" />
<SimpleData name="grp_macron">N</SimpleData>
</SchemaData>
</ExtendedData>
<Polygon><outerBoundaryIs><LinearRing><tessellate>1</tessellate>
<coordinates> 174.181847,-39.152256 174.181838,-39.152304 174.181569,-39.152451 174.180862,-39.152699 174.180784,-39.152661 174.180715,-39.152570 174.180850,-39.152526 174.180961,-39.152544 174.181173,-39.152462 174.181270,-39.152353 174.181454,-39.152231 174.181643,-39.152211 174.181847,-39.152256</coordinates>
</LinearRing>
</outerBoundaryIs>
</Polygon>
</Placemark>
<Placemark><name />
<styleUrl>#nz-lake-polygons-topo-150kId</styleUrl>
<ExtendedData><SchemaData schemaUrl="#nz-lake-polygons-topo-150kId"><SimpleData name="t50_fid">5008612</SimpleData>
<SimpleData name="elevation">0</SimpleData>
<SimpleData name="grp_ascii" />
<SimpleData name="grp_name" />
<SimpleData name="perennial" />
<SimpleData name="temperatur" />
<SimpleData name="lake_use" />
<SimpleData name="name_ascii" />
<SimpleData name="macronated">N</SimpleData>
<SimpleData name="name" />
<SimpleData name="grp_macron">N</SimpleData>
</SchemaData>
</ExtendedData>
<Polygon><outerBoundaryIs><LinearRing><tessellate>1</tessellate>
<coordinates> 174.180787,-39.123889 174.180521,-39.123778 174.180183,-39.123567 174.179977,-39.123237 174.179877,-39.123024 174.179933,-39.122851 174.180111,-39.122832 174.180209,-39.122903 174.180222,-39.123004 174.180295,-39.123175 174.180465,-39.123379 174.180603,-39.123538 174.180778,-39.123683 174.181011,-39.123739 174.181131,-39.123831 174.181187,-39.123977 174.181366,-39.123992 174.181505,-39.123911 174.181603,-39.123994 174.181569,-39.124196 174.181428,-39.124193 174.181239,-39.124178 174.181037,-39.124033 174.180787,-39.123889</coordinates>
</LinearRing>
</outerBoundaryIs>
</Polygon>
</Placemark>
<Placemark><name />
<styleUrl>#nz-lake-polygons-topo-150kId</styleUrl>
<ExtendedData><SchemaData schemaUrl="#nz-lake-polygons-topo-150kId"><SimpleData name="t50_fid">8075273</SimpleData>
<SimpleData name="elevation">0</SimpleData>
<SimpleData name="grp_ascii" />
<SimpleData name="grp_name" />
<SimpleData name="perennial" />
<SimpleData name="temperatur" />
<SimpleData name="lake_use" />
<SimpleData name="name_ascii" />
<SimpleData name="macronated">N</SimpleData>
<SimpleData name="name" />
<SimpleData name="grp_macron">N</SimpleData>
</SchemaData>
</ExtendedData>
<Polygon><outerBoundaryIs><LinearRing><tessellate>1</tessellate>
<coordinates> 174.163852,-39.157618 174.163914,-39.157817 174.164009,-39.157955 174.164113,-39.158052 174.164253,-39.158052 174.164384,-39.158040 174.164418,-39.158135 174.164322,-39.158304 174.164318,-39.158463 174.164289,-39.158620 174.164138,-39.158692 174.163866,-39.158629 174.163669,-39.158533 174.163486,-39.158419 174.163516,-39.158269 174.163567,-39.158037 174.163608,-39.157864 174.163661,-39.157690 174.163715,-39.157590 174.163852,-39.157618</coordinates>
</LinearRing>
</outerBoundaryIs>
</Polygon>
</Placemark>
<Placemark><name />
<styleUrl>#nz-lake-polygons-topo-150kId</styleUrl>
<ExtendedData><SchemaData schemaUrl="#nz-lake-polygons-topo-150kId"><SimpleData name="t50_fid">5037476</SimpleData>
<SimpleData name="elevation">0</SimpleData>
<SimpleData name="grp_ascii" />
<SimpleData name="grp_name" />
<SimpleData name="perennial" />
<SimpleData name="temperatur" />
<SimpleData name="lake_use" />
<SimpleData name="name_ascii" />
<SimpleData name="macronated">N</SimpleData>
<SimpleData name="name" />
<SimpleData name="grp_macron">N</SimpleData>
</SchemaData>
</ExtendedData>
<Polygon><outerBoundaryIs><LinearRing><tessellate>1</tessellate>
<coordinates> 174.153410,-39.129317 174.153324,-39.129433 174.153307,-39.129503 174.153216,-39.129715 174.153093,-39.129790 174.153032,-39.129657 174.152941,-39.129525 174.152798,-39.129475 174.152832,-39.129378 174.152876,-39.129180 174.153130,-39.129187 174.153368,-39.129253 174.153410,-39.129317</coordinates>
</LinearRing>
</outerBoundaryIs>
</Polygon>
</Placemark>
<Placemark><name />
<styleUrl>#nz-lake-polygons-topo-150kId</styleUrl>
<ExtendedData><SchemaData schemaUrl="#nz-lake-polygons-topo-150kId"><SimpleData name="t50_fid">5008610</SimpleData>
<SimpleData name="elevation">0</SimpleData>
<SimpleData name="grp_ascii" />
<SimpleData name="grp_name" />
<SimpleData name="perennial" />
<SimpleData name="temperatur" />
<SimpleData name="lake_use" />
<SimpleData name="name_ascii" />
<SimpleData name="macronated">N</SimpleData>
<SimpleData name="name" />
<SimpleData name="grp_macron">N</SimpleData>
</SchemaData>
</ExtendedData>
<Polygon><outerBoundaryIs><LinearRing><tessellate>1</tessellate>
<coordinates> 174.133379,-39.146234 174.133316,-39.146168 174.133190,-39.146048 174.133056,-39.145959 174.132905,-39.146012 174.132875,-39.146073 174.132912,-39.146200 174.132874,-39.146236 174.132779,-39.146161 174.132719,-39.146050 174.132780,-39.145983 174.132900,-39.145933 174.132957,-39.145866 174.132835,-39.145764 174.132869,-39.145476 174.133042,-39.145353 174.133201,-39.145318 174.133352,-39.145292 174.133381,-39.145192 174.133376,-39.145095 174.133233,-39.144921 174.133000,-39.144711 174.133006,-39.144620 174.133146,-39.144610 174.133389,-39.144737 174.133552,-39.144927 174.133711,-39.145137 174.133830,-39.145263 174.134228,-39.145356 174.134362,-39.145445 174.134689,-39.145681 174.134588,-39.145698 174.134286,-39.145552 174.134198,-39.145447 174.134101,-39.145421 174.134007,-39.145419 174.133896,-39.145496 174.133851,-39.145623 174.134036,-39.145758 174.134182,-39.145856 174.134120,-39.145887 174.133854,-39.145769 174.133571,-39.145596 174.133467,-39.145445 174.133335,-39.145435 174.133203,-39.145448 174.133021,-39.145535 174.132978,-39.145705 174.133093,-39.145831 174.133305,-39.145953 174.133401,-39.146140 174.133520,-39.146251 174.133485,-39.146285 174.133379,-39.146234</coordinates>
</LinearRing>
</outerBoundaryIs>
</Polygon>
</Placemark>
<Placemark><name />
<styleUrl>#nz-lake-polygons-topo-150kId</styleUrl>
<ExtendedData><SchemaData schemaUrl="#nz-lake-polygons-topo-150kId"><SimpleData name="t50_fid">5037436</SimpleData>
<SimpleData name="elevation">0</SimpleData>
<SimpleData name="grp_ascii" />
<SimpleData name="grp_name" />
<SimpleData name="perennial" />
<SimpleData name="temperatur" />
<SimpleData name="lake_use" />
<SimpleData name="name_ascii" />
<SimpleData name="macronated">N</SimpleData>
<SimpleData name="name" />
<SimpleData name="grp_macron">N</SimpleData>
</SchemaData>
</ExtendedData>
<Polygon><outerBoundaryIs><LinearRing><tessellate>1</tessellate>
<coordinates> 174.134175,-39.187988 174.134234,-39.188077 174.134213,-39.188185 174.134087,-39.188263 174.134048,-39.188358 174.133910,-39.188431 174.133770,-39.188361 174.133734,-39.188244 174.133761,-39.188113 174.133834,-39.188005 174.133885,-39.187928 174.134001,-39.187940 174.134175,-39.187988</coordinates>
</LinearRing>
</outerBoundaryIs>
</Polygon>
</Placemark>
<Placemark><name />
<styleUrl>#nz-lake-polygons-topo-150kId</styleUrl>
<ExtendedData><SchemaData schemaUrl="#nz-lake-polygons-topo-150kId"><SimpleData name="t50_fid">5037431</SimpleData>
<SimpleData name="elevation">0</SimpleData>
<SimpleData name="grp_ascii" />
<SimpleData name="grp_name" />
<SimpleData name="perennial" />
<SimpleData name="temperatur" />
<SimpleData name="lake_use" />
<SimpleData name="name_ascii" />
<SimpleData name="macronated">N</SimpleData>
<SimpleData name="name" />
<SimpleData name="grp_macron">N</SimpleData>
</SchemaData>
</ExtendedData>
<Polygon><outerBoundaryIs><LinearRing><tessellate>1</tessellate>
<coordinates> 174.135565,-39.224169 174.135224,-39.224130 174.134786,-39.223935 174.134782,-39.223777 174.134865,-39.223663 174.135040,-39.223705 174.135277,-39.223904 174.135689,-39.224050 174.135565,-39.224169</coordinates>
</LinearRing>
</outerBoundaryIs>
</Polygon>
</Placemark>
<Placemark><name />
<styleUrl>#nz-lake-polygons-topo-150kId</styleUrl>
<ExtendedData><SchemaData schemaUrl="#nz-lake-polygons-topo-150kId"><SimpleData name="t50_fid">5003242</SimpleData>
<SimpleData name="elevation">0</SimpleData>
<SimpleData name="grp_ascii" />
<SimpleData name="grp_name" />
<SimpleData name="perennial" />
<SimpleData name="temperatur" />
<SimpleData name="lake_use" />
<SimpleData name="name_ascii">Lake Mangamahoe</SimpleData>
<SimpleData name="macronated">N</SimpleData>
<SimpleData name="name">Lake Mangamahoe</SimpleData>
<SimpleData name="grp_macron">N</SimpleData>
</SchemaData>
</ExtendedData>
<Polygon><outerBoundaryIs><LinearRing><tessellate>1</tessellate>
<coordinates> 174.124391,-39.118121 174.124429,-39.118274 174.124416,-39.118441 174.124466,-39.118590 174.124508,-39.118709 174.124623,-39.118854 174.124867,-39.119295 174.124850,-39.119565 174.124742,-39.119749 174.124748,-39.119884 174.124955,-39.120183 174.125210,-39.120236 174.125694,-39.119794 174.125721,-39.119656 174.125733,-39.119476 174.125795,-39.119363 174.126011,-39.119195 174.126105,-39.119163 174.126577,-39.119216 174.127009,-39.119239 174.127524,-39.119145 174.127825,-39.119038 174.128197,-39.119034 174.128237,-39.119181 174.128459,-39.119264 174.128635,-39.119421 174.128624,-39.119608 174.128592,-39.119788 174.128312,-39.119938 174.128108,-39.119776 174.127765,-39.119728 174.127567,-39.119780 174.127466,-39.119965 174.127486,-39.120090 174.127517,-39.120256 174.127439,-39.120440 174.127219,-39.120767 174.127105,-39.120951 174.127114,-39.121111 174.127245,-39.121172 174.127799,-39.121220 174.127813,-39.121313 174.127627,-39.121343 174.127535,-39.121450 174.127408,-39.121714 174.127274,-39.121929 174.127172,-39.122020 174.127192,-39.122122 174.127375,-39.122160 174.127339,-39.122358 174.127443,-39.122418 174.127624,-39.122544 174.127654,-39.122710 174.127546,-39.122773 174.127355,-39.122600 174.127180,-39.122524 174.126773,-39.122077 174.126578,-39.122025 174.126458,-39.122044 174.126249,-39.122180 174.126079,-39.122298 174.126023,-39.122392 174.126021,-39.122602 174.125908,-39.122652 174.125852,-39.122724 174.125830,-39.122827 174.125752,-39.122903 174.125514,-39.122952 174.125378,-39.123011 174.125327,-39.123175 174.125334,-39.123233 174.125420,-39.123245 174.125855,-39.123241 174.126066,-39.123212 174.126462,-39.122972 174.126588,-39.122830 174.126730,-39.122800 174.126818,-39.122842 174.126881,-39.122914 174.126983,-39.123078 174.127011,-39.123242 174.127038,-39.123421 174.127045,-39.123549 174.126943,-39.123655 174.126777,-39.123797 174.126785,-39.123874 174.126805,-39.123995 174.126563,-39.124031 174.126416,-39.123938 174.126322,-39.123783 174.126247,-39.123734 174.126092,-39.123749 174.125939,-39.123818 174.125852,-39.123951 174.125527,-39.124017 174.125425,-39.124076 174.125426,-39.124183 174.125519,-39.124240 174.125651,-39.124256 174.125715,-39.124300 174.125682,-39.124381 174.125525,-39.124451 174.125345,-39.124460 174.125243,-39.124510 174.125199,-39.124626 174.125208,-39.124782 174.125312,-39.124857 174.125301,-39.124915 174.125182,-39.124934 174.125020,-39.124873 174.124864,-39.124781 174.124728,-39.124858 174.124576,-39.125007 174.124550,-39.125137 174.124660,-39.125234 174.124918,-39.125271 174.124919,-39.125325 174.124863,-39.125374 174.124680,-39.125358 174.124530,-39.125329 174.124379,-39.125156 174.124371,-39.125032 174.124491,-39.124709 174.124533,-39.124473 174.124572,-39.124387 174.124816,-39.124305 174.124871,-39.124179 174.124863,-39.124023 174.124758,-39.123922 174.124563,-39.123866 174.124415,-39.123899 174.124336,-39.123993 174.124246,-39.124135 174.124016,-39.124359 174.123858,-39.124638 174.123898,-39.124948 174.123772,-39.125201 174.123711,-39.125303 174.123840,-39.125478 174.123703,-39.125594 174.123688,-39.125812 174.123801,-39.125893 174.123625,-39.126171 174.123615,-39.126292 174.123709,-39.126359 174.124040,-39.126448 174.124105,-39.126568 174.124043,-39.126622 174.123834,-39.126562 174.123602,-39.126573 174.123513,-39.126738 174.123495,-39.127012 174.123453,-39.127216 174.123250,-39.127307 174.123111,-39.127507 174.122880,-39.127638 174.122845,-39.127823 174.122959,-39.127955 174.123272,-39.128015 174.123426,-39.128004 174.123543,-39.127861 174.123750,-39.128077 174.123839,-39.128257 174.123884,-39.128455 174.123858,-39.128622 174.123799,-39.128890 174.123711,-39.129076 174.123682,-39.129230 174.123635,-39.129432 174.123622,-39.129591 174.123544,-39.129759 174.123410,-39.129903 174.123243,-39.129948 174.123164,-39.130067 174.123044,-39.130111 174.122888,-39.130202 174.122819,-39.130292 174.122768,-39.130391 174.122588,-39.130407 174.122444,-39.130451 174.122404,-39.130378 174.122487,-39.130308 174.122553,-39.130225 174.122468,-39.130153 174.122469,-39.130030 174.122431,-39.129917 174.122402,-39.129770 174.122513,-39.129687 174.122632,-39.129739 174.122615,-39.129831 174.122625,-39.129923 174.122708,-39.129945 174.122922,-39.129923 174.123093,-39.129830 174.123119,-39.129695 174.122996,-39.129492 174.122973,-39.129420 174.123036,-39.129359 174.123170,-39.129151 174.123168,-39.129045 174.123093,-39.128942 174.123038,-39.128767 174.122970,-39.128615 174.122860,-39.128575 174.122756,-39.128661 174.122652,-39.128709 174.122588,-39.128598 174.122733,-39.128505 174.122811,-39.128456 174.122760,-39.128390 174.122692,-39.128365 174.122521,-39.128350 174.122219,-39.128223 174.121967,-39.128070 174.121825,-39.127881 174.121834,-39.127809 174.121900,-39.127694 174.122005,-39.127607 174.122143,-39.127559 174.122221,-39.127497 174.122343,-39.127321 174.122476,-39.127194 174.122600,-39.127154 174.122631,-39.127084 174.122613,-39.126893 174.122668,-39.126781 174.122681,-39.126692 174.122658,-39.126607 174.122552,-39.126490 174.122473,-39.126334 174.122497,-39.126237 174.122685,-39.126097 174.122939,-39.125993 174.123112,-39.125741 174.123095,-39.125517 174.122767,-39.125091 174.122483,-39.124926 174.122053,-39.124649 174.121965,-39.124466 174.121973,-39.124175 174.121912,-39.124018 174.121889,-39.123809 174.121982,-39.123497 174.122532,-39.123063 174.122844,-39.122907 174.123570,-39.122654 174.123762,-39.122743 174.124195,-39.122662 174.124382,-39.122570 174.124423,-39.122492 174.124390,-39.122226 174.124410,-39.122126 174.124472,-39.121807 174.124405,-39.121619 174.124417,-39.121472 174.124462,-39.121391 174.124554,-39.121379 174.124810,-39.121391 174.124957,-39.121386 174.125031,-39.121360 174.125055,-39.121327 174.125065,-39.121282 174.125078,-39.121191 174.125034,-39.121130 174.124858,-39.121048 174.124546,-39.120916 174.124311,-39.120847 174.124144,-39.120896 174.123931,-39.120926 174.123843,-39.120828 174.123921,-39.120657 174.123873,-39.120507 174.123619,-39.120497 174.123535,-39.120343 174.123553,-39.120209 174.123635,-39.120208 174.123729,-39.120088 174.123710,-39.119859 174.123627,-39.119729 174.123474,-39.119675 174.123447,-39.119584 174.123568,-39.119531 174.123700,-39.119526 174.123724,-39.119427 174.123732,-39.119316 174.123874,-39.119302 174.123988,-39.119424 174.124060,-39.119520 174.124124,-39.119544 174.124213,-39.119511 174.124257,-39.119415 174.124215,-39.119336 174.124020,-39.119191 174.124047,-39.119114 174.124266,-39.119010 174.124356,-39.118783 174.124343,-39.118705 174.124229,-39.118603 174.124274,-39.118367 174.124204,-39.118041 174.124299,-39.117942 174.124391,-39.118121</coordinates>
</LinearRing>
</outerBoundaryIs>
<innerBoundaryIs><LinearRing><tessellate>1</tessellate>
<coordinates> 174.123151,-39.124393 174.123107,-39.124424 174.123071,-39.124478 174.123058,-39.124561 174.123068,-39.124656 174.123125,-39.124827 174.123188,-39.124887 174.123254,-39.124887 174.123303,-39.124791 174.123362,-39.124677 174.123372,-39.124608 174.123348,-39.124504 174.123308,-39.124426 174.123217,-39.124388 174.123151,-39.124393</coordinates>
</LinearRing>
</innerBoundaryIs>
<innerBoundaryIs><LinearRing><tessellate>1</tessellate>
<coordinates> 174.123052,-39.123706 174.123205,-39.123702 174.123243,-39.123658 174.123262,-39.123573 174.123202,-39.123511 174.123126,-39.123486 174.123040,-39.123491 174.122994,-39.123511 174.122946,-39.123550 174.122956,-39.123622 174.122982,-39.123693 174.123052,-39.123706</coordinates>
</LinearRing>
</innerBoundaryIs>
<innerBoundaryIs><LinearRing><tessellate>1</tessellate>
<coordinates> 174.123620,-39.122814 174.123413,-39.122907 174.123333,-39.122991 174.123350,-39.123074 174.123503,-39.123204 174.123598,-39.123171 174.123672,-39.123059 174.123738,-39.122924 174.123702,-39.122833 174.123620,-39.122814</coordinates>
</LinearRing>
</innerBoundaryIs>
</Polygon>
</Placemark>
<Placemark><name />
<styleUrl>#nz-lake-polygons-topo-150kId</styleUrl>
<ExtendedData><SchemaData schemaUrl="#nz-lake-polygons-topo-150kId"><SimpleData name="t50_fid">5037380</SimpleData>
<SimpleData name="elevation">0</SimpleData>
<SimpleData name="grp_ascii" />
<SimpleData name="grp_name" />
<SimpleData name="perennial" />
<SimpleData name="temperatur" />
<SimpleData name="lake_use" />
<SimpleData name="name_ascii" />
<SimpleData name="macronated">N</SimpleData>
<SimpleData name="name" />
<SimpleData name="grp_macron">N</SimpleData>
</SchemaData>
</ExtendedData>
<Polygon><outerBoundaryIs><LinearRing><tessellate>1</tessellate>
<coordinates> 173.954647,-39.228638 173.954664,-39.228785 173.954514,-39.228851 173.954317,-39.228823 173.954218,-39.228795 173.954201,-39.228636 173.954244,-39.228448 173.954280,-39.228318 173.954218,-39.228183 173.954262,-39.228148 173.954407,-39.228199 173.954514,-39.228287 173.954727,-39.228403 173.954728,-39.228502 173.954728,-39.228504 173.954647,-39.228638</coordinates>
</LinearRing>
</outerBoundaryIs>
</Polygon>
</Placemark>
<Placemark><name />
<styleUrl>#nz-lake-polygons-topo-150kId</styleUrl>
<ExtendedData><SchemaData schemaUrl="#nz-lake-polygons-topo-150kId"><SimpleData name="t50_fid">5037400</SimpleData>
<SimpleData name="elevation">0</SimpleData>
<SimpleData name="grp_ascii" />
<SimpleData name="grp_name" />
<SimpleData name="perennial" />
<SimpleData name="temperatur" />
<SimpleData name="lake_use" />
<SimpleData name="name_ascii" />
<SimpleData name="macronated">N</SimpleData>
<SimpleData name="name" />
<SimpleData name="grp_macron">N</SimpleData>
</SchemaData>
</ExtendedData>
<Polygon><outerBoundaryIs><LinearRing><tessellate>1</tessellate>
<coordinates> 174.042595,-39.126386 174.042628,-39.126671 174.042911,-39.126954 174.043110,-39.126993 174.043428,-39.127023 174.043434,-39.127093 174.043459,-39.127247 174.043378,-39.127264 174.043202,-39.127230 174.042822,-39.127100 174.042584,-39.126788 174.042466,-39.126615 174.042458,-39.126384 174.042595,-39.126386</coordinates>
</LinearRing>
</outerBoundaryIs>
</Polygon>
</Placemark>
<Placemark><name />
<styleUrl>#nz-lake-polygons-topo-150kId</styleUrl>
<ExtendedData><SchemaData schemaUrl="#nz-lake-polygons-topo-150kId"><SimpleData name="t50_fid">5037406</SimpleData>
<SimpleData name="elevation">0</SimpleData>
<SimpleData name="grp_ascii" />
<SimpleData name="grp_name" />
<SimpleData name="perennial" />
<SimpleData name="temperatur" />
<SimpleData name="lake_use" />
<SimpleData name="name_ascii" />
<SimpleData name="macronated">N</SimpleData>
<SimpleData name="name" />
<SimpleData name="grp_macron">N</SimpleData>
</SchemaData>
</ExtendedData>
<Polygon><outerBoundaryIs><LinearRing><tessellate>1</tessellate>
<coordinates> 174.058947,-39.142170 174.058881,-39.142022 174.058869,-39.141920 174.058875,-39.141858 174.058991,-39.141755 174.059043,-39.141697 174.059065,-39.141584 174.059195,-39.141536 174.059303,-39.141566 174.059321,-39.141642 174.059239,-39.141765 174.059241,-39.141893 174.059417,-39.142032 174.059358,-39.142085 174.059224,-39.142079 174.059172,-39.142178 174.059066,-39.142297 174.058947,-39.142170</coordinates>
</LinearRing>
</outerBoundaryIs>
</Polygon>
</Placemark>
<Placemark><name />
<styleUrl>#nz-lake-polygons-topo-150kId</styleUrl>
<ExtendedData><SchemaData schemaUrl="#nz-lake-polygons-topo-150kId"><SimpleData name="t50_fid">5037389</SimpleData>
<SimpleData name="elevation">0</SimpleData>
<SimpleData name="grp_ascii" />
<SimpleData name="grp_name" />
<SimpleData name="perennial" />
<SimpleData name="temperatur" />
<SimpleData name="lake_use" />
<SimpleData name="name_ascii" />
<SimpleData name="macronated">N</SimpleData>
<SimpleData name="name" />
<SimpleData name="grp_macron">N</SimpleData>
</SchemaData>
</ExtendedData>
<Polygon><outerBoundaryIs><LinearRing><tessellate>1</tessellate>
<coordinates> 174.047400,-39.233442 174.047373,-39.233510 174.047257,-39.233511 174.047198,-39.233467 174.047282,-39.233353 174.047400,-39.233442</coordinates>
</LinearRing>
</outerBoundaryIs>
</Polygon>
</Placemark>
<Placemark><name />
<styleUrl>#nz-lake-polygons-topo-150kId</styleUrl>
<ExtendedData><SchemaData schemaUrl="#nz-lake-polygons-topo-150kId"><SimpleData name="t50_fid">5037388</SimpleData>
<SimpleData name="elevation">0</SimpleData>
<SimpleData name="grp_ascii" />
<SimpleData name="grp_name" />
<SimpleData name="perennial" />
<SimpleData name="temperatur" />
<SimpleData name="lake_use" />
<SimpleData name="name_ascii" />
<SimpleData name="macronated">N</SimpleData>
<SimpleData name="name" />
<SimpleData name="grp_macron">N</SimpleData>
</SchemaData>
</ExtendedData>
<Polygon><outerBoundaryIs><LinearRing><tessellate>1</tessellate>
<coordinates> 174.047240,-39.233817 174.047329,-39.233906 174.047275,-39.234042 174.047130,-39.234021 174.047126,-39.233864 174.047153,-39.233818 174.047240,-39.233817</coordinates>
</LinearRing>
</outerBoundaryIs>
</Polygon>
</Placemark>
<Placemark><name />
<styleUrl>#nz-lake-polygons-topo-150kId</styleUrl>
<ExtendedData><SchemaData schemaUrl="#nz-lake-polygons-topo-150kId"><SimpleData name="t50_fid">5037391</SimpleData>
<SimpleData name="elevation">0</SimpleData>
<SimpleData name="grp_ascii" />
<SimpleData name="grp_name" />
<SimpleData name="perennial" />
<SimpleData name="temperatur" />
<SimpleData name="lake_use" />
<SimpleData name="name_ascii" />
<SimpleData name="macronated">N</SimpleData>
<SimpleData name="name" />
<SimpleData name="grp_macron">N</SimpleData>
</SchemaData>
</ExtendedData>
<Polygon><outerBoundaryIs><LinearRing><tessellate>1</tessellate>
<coordinates> 174.094613,-39.183214 174.094598,-39.183293 174.094607,-39.183407 174.094568,-39.183492 174.094402,-39.183588 174.094261,-39.183597 174.094273,-39.183530 174.094362,-39.183485 174.094414,-39.183404 174.094445,-39.183260 174.094458,-39.183090 174.094497,-39.183002 174.094629,-39.182961 174.094769,-39.182979 174.094832,-39.183036 174.094855,-39.183124 174.094613,-39.183214</coordinates>
</LinearRing>
</outerBoundaryIs>
</Polygon>
</Placemark>
<Placemark><name />
<styleUrl>#nz-lake-polygons-topo-150kId</styleUrl>
<ExtendedData><SchemaData schemaUrl="#nz-lake-polygons-topo-150kId"><SimpleData name="t50_fid">5037414</SimpleData>
<SimpleData name="elevation">0</SimpleData>
<SimpleData name="grp_ascii" />
<SimpleData name="grp_name" />
<SimpleData name="perennial" />
<SimpleData name="temperatur" />
<SimpleData name="lake_use" />
<SimpleData name="name_ascii" />
<SimpleData name="macronated">N</SimpleData>
<SimpleData name="name" />
<SimpleData name="grp_macron">N</SimpleData>
</SchemaData>
</ExtendedData>
<Polygon><outerBoundaryIs><LinearRing><tessellate>1</tessellate>
<coordinates> 174.095871,-39.128057 174.095781,-39.128191 174.095579,-39.128246 174.095470,-39.128341 174.095355,-39.128533 174.095365,-39.128666 174.095352,-39.128749 174.095230,-39.128731 174.095175,-39.128604 174.095166,-39.128466 174.095245,-39.128296 174.095360,-39.128145 174.095473,-39.128069 174.095528,-39.127989 174.095631,-39.127932 174.095863,-39.127985 174.095871,-39.128057</coordinates>
</LinearRing>
</outerBoundaryIs>
</Polygon>
</Placemark>
<Placemark><name />
<styleUrl>#nz-lake-polygons-topo-150kId</styleUrl>
<ExtendedData><SchemaData schemaUrl="#nz-lake-polygons-topo-150kId"><SimpleData name="t50_fid">5037412</SimpleData>
<SimpleData name="elevation">0</SimpleData>
<SimpleData name="grp_ascii" />
<SimpleData name="grp_name" />
<SimpleData name="perennial" />
<SimpleData name="temperatur" />
<SimpleData name="lake_use" />
<SimpleData name="name_ascii" />
<SimpleData name="macronated">N</SimpleData>
<SimpleData name="name" />
<SimpleData name="grp_macron">N</SimpleData>
</SchemaData>
</ExtendedData>
<Polygon><outerBoundaryIs><LinearRing><tessellate>1</tessellate>
<coordinates> 174.100452,-39.146381 174.100418,-39.146341 174.100446,-39.146248 174.100434,-39.146158 174.100338,-39.146106 174.100175,-39.146088 174.100138,-39.146014 174.100255,-39.145931 174.100392,-39.145872 174.100530,-39.145846 174.100632,-39.145918 174.100715,-39.145954 174.100756,-39.145994 174.100630,-39.146045 174.100603,-39.146111 174.100612,-39.146255 174.100621,-39.146373 174.100516,-39.146407 174.100452,-39.146381</coordinates>
</LinearRing>
</outerBoundaryIs>
</Polygon>
</Placemark>
<Placemark><name />
<styleUrl>#nz-lake-polygons-topo-150kId</styleUrl>
<ExtendedData><SchemaData schemaUrl="#nz-lake-polygons-topo-150kId"><SimpleData name="t50_fid">8075277</SimpleData>
<SimpleData name="elevation">0</SimpleData>
<SimpleData name="grp_ascii" />
<SimpleData name="grp_name" />
<SimpleData name="perennial" />
<SimpleData name="temperatur" />
<SimpleData name="lake_use" />
<SimpleData name="name_ascii" />
<SimpleData name="macronated">N</SimpleData>
<SimpleData name="name" />
<SimpleData name="grp_macron">N</SimpleData>
</SchemaData>
</ExtendedData>
<Polygon><outerBoundaryIs><LinearRing><tessellate>1</tessellate>
<coordinates> 174.107057,-39.147358 174.107097,-39.147348 174.107189,-39.147353 174.107338,-39.147413 174.107415,-39.147506 174.107443,-39.147595 174.107451,-39.147699 174.107411,-39.147743 174.107327,-39.147730 174.107208,-39.147645 174.107124,-39.147561 174.107059,-39.147491 174.107034,-39.147418 174.107031,-39.147371 174.107057,-39.147358</coordinates>
</LinearRing>
</outerBoundaryIs>
</Polygon>
</Placemark>
<Placemark><name />
<styleUrl>#nz-lake-polygons-topo-150kId</styleUrl>
<ExtendedData><SchemaData schemaUrl="#nz-lake-polygons-topo-150kId"><SimpleData name="t50_fid">5037411</SimpleData>
<SimpleData name="elevation">0</SimpleData>
<SimpleData name="grp_ascii" />
<SimpleData name="grp_name" />
<SimpleData name="perennial" />
<SimpleData name="temperatur" />
<SimpleData name="lake_use" />
<SimpleData name="name_ascii" />
<SimpleData name="macronated">N</SimpleData>
<SimpleData name="name" />
<SimpleData name="grp_macron">N</SimpleData>
</SchemaData>
</ExtendedData>
<Polygon><outerBoundaryIs><LinearRing><tessellate>1</tessellate>
<coordinates> 174.103531,-39.149536 174.103609,-39.149525 174.103667,-39.149535 174.103708,-39.149593 174.103641,-39.149746 174.103563,-39.149816 174.103451,-39.149859 174.103246,-39.149946 174.103170,-39.149915 174.103159,-39.149863 174.103184,-39.149728 174.103239,-39.149652 174.103531,-39.149536</coordinates>
</LinearRing>
</outerBoundaryIs>
</Polygon>
</Placemark>
<Placemark><name />
<styleUrl>#nz-lake-polygons-topo-150kId</styleUrl>
<ExtendedData><SchemaData schemaUrl="#nz-lake-polygons-topo-150kId"><SimpleData name="t50_fid">5037392</SimpleData>
<SimpleData name="elevation">0</SimpleData>
<SimpleData name="grp_ascii" />
<SimpleData name="grp_name" />
<SimpleData name="perennial" />
<SimpleData name="temperatur" />
<SimpleData name="lake_use" />
<SimpleData name="name_ascii" />
<SimpleData name="macronated">N</SimpleData>
<SimpleData name="name" />
<SimpleData name="grp_macron">N</SimpleData>
</SchemaData>
</ExtendedData>
<Polygon><outerBoundaryIs><LinearRing><tessellate>1</tessellate>
<coordinates> 174.100132,-39.177651 174.100183,-39.177818 174.100080,-39.177972 174.099788,-39.178097 174.099650,-39.178114 174.099523,-39.178033 174.099571,-39.177959 174.099707,-39.177893 174.099867,-39.177844 174.099869,-39.177624 174.099992,-39.177567 174.100132,-39.177651</coordinates>
</LinearRing>
</outerBoundaryIs>
</Polygon>
</Placemark>
<Placemark><name />
<styleUrl>#nz-lake-polygons-topo-150kId</styleUrl>
<ExtendedData><SchemaData schemaUrl="#nz-lake-polygons-topo-150kId"><SimpleData name="t50_fid">8075271</SimpleData>
<SimpleData name="elevation">0</SimpleData>
<SimpleData name="grp_ascii" />
<SimpleData name="grp_name" />
<SimpleData name="perennial" />
<SimpleData name="temperatur" />
<SimpleData name="lake_use" />
<SimpleData name="name_ascii" />
<SimpleData name="macronated">N</SimpleData>
<SimpleData name="name" />
<SimpleData name="grp_macron">N</SimpleData>
</SchemaData>
</ExtendedData>
<Polygon><outerBoundaryIs><LinearRing><tessellate>1</tessellate>
<coordinates> 174.098574,-39.190833 174.098724,-39.190939 174.098804,-39.191088 174.098783,-39.191166 174.098607,-39.191286 174.098457,-39.191417 174.098349,-39.191430 174.098214,-39.191327 174.098157,-39.191201 174.098121,-39.191089 174.098072,-39.191011 174.098097,-39.190968 174.098208,-39.190967 174.098294,-39.190986 174.098353,-39.190977 174.098386,-39.190925 174.098403,-39.190846 174.098510,-39.190817 174.098574,-39.190833</coordinates>
</LinearRing>
</outerBoundaryIs>
</Polygon>
</Placemark>
<Placemark><name />
<styleUrl>#nz-lake-polygons-topo-150kId</styleUrl>
<ExtendedData><SchemaData schemaUrl="#nz-lake-polygons-topo-150kId"><SimpleData name="t50_fid">5037156</SimpleData>
<SimpleData name="elevation">0</SimpleData>
<SimpleData name="grp_ascii" />
<SimpleData name="grp_name" />
<SimpleData name="perennial" />
<SimpleData name="temperatur" />
<SimpleData name="lake_use" />
<SimpleData name="name_ascii" />
<SimpleData name="macronated">N</SimpleData>
<SimpleData name="name" />
<SimpleData name="grp_macron">N</SimpleData>
</SchemaData>
</ExtendedData>
<Polygon><outerBoundaryIs><LinearRing><tessellate>1</tessellate>
<coordinates> 174.403612,-39.565281 174.403935,-39.565268 174.403955,-39.565312 174.403949,-39.565374 174.403798,-39.565406 174.403670,-39.565446 174.403564,-39.565501 174.403388,-39.565508 174.403344,-39.565461 174.403345,-39.565391 174.403612,-39.565281</coordinates>
</LinearRing>
</outerBoundaryIs>
</Polygon>
</Placemark>
<Placemark><name />
<styleUrl>#nz-lake-polygons-topo-150kId</styleUrl>
<ExtendedData><SchemaData schemaUrl="#nz-lake-polygons-topo-150kId"><SimpleData name="t50_fid">5037155</SimpleData>
<SimpleData name="elevation">0</SimpleData>
<SimpleData name="grp_ascii" />
<SimpleData name="grp_name" />
<SimpleData name="perennial" />
<SimpleData name="temperatur" />
<SimpleData name="lake_use" />
<SimpleData name="name_ascii" />
<SimpleData name="macronated">N</SimpleData>
<SimpleData name="name" />
<SimpleData name="grp_macron">N</SimpleData>
</SchemaData>
</ExtendedData>
<Polygon><outerBoundaryIs><LinearRing><tessellate>1</tessellate>
<coordinates> 174.403610,-39.571552 174.403647,-39.571466 174.403718,-39.571435 174.403868,-39.571452 174.403988,-39.571432 174.404056,-39.571498 174.403909,-39.571589 174.403804,-39.571613 174.403776,-39.571680 174.403542,-39.571735 174.403497,-39.571635 174.403610,-39.571552</coordinates>
</LinearRing>
</outerBoundaryIs>
</Polygon>
</Placemark>
<Placemark><name />
<styleUrl>#nz-lake-polygons-topo-150kId</styleUrl>
<ExtendedData><SchemaData schemaUrl="#nz-lake-polygons-topo-150kId"><SimpleData name="t50_fid">5037225</SimpleData>
<SimpleData name="elevation">0</SimpleData>
<SimpleData name="grp_ascii" />
<SimpleData name="grp_name" />
<SimpleData name="perennial" />
<SimpleData name="temperatur" />
<SimpleData name="lake_use" />
<SimpleData name="name_ascii" />
<SimpleData name="macronated">N</SimpleData>
<SimpleData name="name" />
<SimpleData name="grp_macron">N</SimpleData>
</SchemaData>
</ExtendedData>
<Polygon><outerBoundaryIs><LinearRing><tessellate>1</tessellate>
<coordinates> 174.425125,-39.566167 174.425346,-39.566422 174.425307,-39.566597 174.425111,-39.566704 174.425062,-39.566688 174.425083,-39.566509 174.424849,-39.566265 174.424956,-39.566152 174.425125,-39.566167</coordinates>
</LinearRing>
</outerBoundaryIs>
</Polygon>
</Placemark>
<Placemark><name />
<styleUrl>#nz-lake-polygons-topo-150kId</styleUrl>
<ExtendedData><SchemaData schemaUrl="#nz-lake-polygons-topo-150kId"><SimpleData name="t50_fid">5037226</SimpleData>
<SimpleData name="elevation">0</SimpleData>
<SimpleData name="grp_ascii" />
<SimpleData name="grp_name" />
<SimpleData name="perennial" />
<SimpleData name="temperatur" />
<SimpleData name="lake_use" />
<SimpleData name="name_ascii" />
<SimpleData name="macronated">N</SimpleData>
<SimpleData name="name" />
<SimpleData name="grp_macron">N</SimpleData>
</SchemaData>
</ExtendedData>
<Polygon><outerBoundaryIs><LinearRing><tessellate>1</tessellate>
<coordinates> 174.432316,-39.580210 174.432320,-39.580059 174.432338,-39.579994 174.432448,-39.579992 174.432501,-39.580052 174.432516,-39.580127 174.432512,-39.580243 174.432434,-39.580254 174.432316,-39.580210</coordinates>
</LinearRing>
</outerBoundaryIs>
</Polygon>
</Placemark>
<Placemark><name />
<styleUrl>#nz-lake-polygons-topo-150kId</styleUrl>
<ExtendedData><SchemaData schemaUrl="#nz-lake-polygons-topo-150kId"><SimpleData name="t50_fid">5037227</SimpleData>
<SimpleData name="elevation">0</SimpleData>
<SimpleData name="grp_ascii" />
<SimpleData name="grp_name" />
<SimpleData name="perennial" />
<SimpleData name="temperatur" />
<SimpleData name="lake_use" />
<SimpleData name="name_ascii" />
<SimpleData name="macronated">N</SimpleData>
<SimpleData name="name" />
<SimpleData name="grp_macron">N</SimpleData>
</SchemaData>
</ExtendedData>
<Polygon><outerBoundaryIs><LinearRing><tessellate>1</tessellate>
<coordinates> 174.447685,-39.574530 174.447810,-39.574397 174.447914,-39.574388 174.447946,-39.574421 174.447967,-39.574442 174.447931,-39.574538 174.447829,-39.574601 174.447743,-39.574588 174.447685,-39.574530</coordinates>
</LinearRing>
</outerBoundaryIs>
</Polygon>
</Placemark>
<Placemark><name />
<styleUrl>#nz-lake-polygons-topo-150kId</styleUrl>
<ExtendedData><SchemaData schemaUrl="#nz-lake-polygons-topo-150kId"><SimpleData name="t50_fid">5037219</SimpleData>
<SimpleData name="elevation">0</SimpleData>
<SimpleData name="grp_ascii" />
<SimpleData name="grp_name" />
<SimpleData name="perennial" />
<SimpleData name="temperatur" />
<SimpleData name="lake_use" />
<SimpleData name="name_ascii" />
<SimpleData name="macronated">N</SimpleData>
<SimpleData name="name" />
<SimpleData name="grp_macron">N</SimpleData>
</SchemaData>
</ExtendedData>
<Polygon><outerBoundaryIs><LinearRing><tessellate>1</tessellate>
<coordinates> 174.440988,-39.601828 174.441042,-39.601746 174.441097,-39.601712 174.441133,-39.601681 174.441192,-39.601692 174.441224,-39.601759 174.441204,-39.601816 174.441177,-39.601845 174.441150,-39.601905 174.441110,-39.601910 174.441069,-39.601844 174.440988,-39.601828</coordinates>
</LinearRing>
</outerBoundaryIs>
</Polygon>
</Placemark>
<Placemark><name />
<styleUrl>#nz-lake-polygons-topo-150kId</styleUrl>
<ExtendedData><SchemaData schemaUrl="#nz-lake-polygons-topo-150kId"><SimpleData name="t50_fid">5037130</SimpleData>
<SimpleData name="elevation">0</SimpleData>
<SimpleData name="grp_ascii" />
<SimpleData name="grp_name" />
<SimpleData name="perennial" />
<SimpleData name="temperatur" />
<SimpleData name="lake_use" />
<SimpleData name="name_ascii" />
<SimpleData name="macronated">N</SimpleData>
<SimpleData name="name" />
<SimpleData name="grp_macron">N</SimpleData>
</SchemaData>
</ExtendedData>
<Polygon><outerBoundaryIs><LinearRing><tessellate>1</tessellate>
<coordinates> 174.321959,-39.583557 174.322073,-39.583582 174.322207,-39.583697 174.322124,-39.583763 174.322257,-39.583885 174.322431,-39.584088 174.322506,-39.584136 174.322461,-39.584211 174.322415,-39.584289 174.322246,-39.584141 174.322166,-39.584024 174.321984,-39.583815 174.321758,-39.583767 174.321814,-39.583695 174.321859,-39.583636 174.321830,-39.583571 174.321959,-39.583557</coordinates>
</LinearRing>
</outerBoundaryIs>
</Polygon>
</Placemark>
<Placemark><name />
<styleUrl>#nz-lake-polygons-topo-150kId</styleUrl>
<ExtendedData><SchemaData schemaUrl="#nz-lake-polygons-topo-150kId"><SimpleData name="t50_fid">5005035</SimpleData>
<SimpleData name="elevation">0</SimpleData>
<SimpleData name="grp_ascii" />
<SimpleData name="grp_name" />
<SimpleData name="perennial" />
<SimpleData name="temperatur" />
<SimpleData name="lake_use" />
<SimpleData name="name_ascii" />
<SimpleData name="macronated">N</SimpleData>
<SimpleData name="name" />
<SimpleData name="grp_macron">N</SimpleData>
</SchemaData>
</ExtendedData>
<Polygon><outerBoundaryIs><LinearRing><tessellate>1</tessellate>
<coordinates> 174.328758,-39.588097 174.328894,-39.588216 174.328949,-39.588359 174.329092,-39.588461 174.329213,-39.588586 174.329383,-39.588555 174.329645,-39.588650 174.329715,-39.588821 174.329628,-39.588908 174.329497,-39.589071 174.329520,-39.589122 174.329508,-39.589237 174.329586,-39.589416 174.329774,-39.589585 174.329888,-39.589721 174.329865,-39.590072 174.330009,-39.590214 174.330056,-39.590346 174.330260,-39.590533 174.330308,-39.590682 174.330495,-39.590743 174.330496,-39.590840 174.330397,-39.590842 174.330392,-39.590842 174.330229,-39.590844 174.330080,-39.590811 174.329992,-39.590863 174.329896,-39.590922 174.329858,-39.590854 174.329825,-39.590705 174.329734,-39.590596 174.329401,-39.590233 174.329376,-39.590124 174.329424,-39.589928 174.329327,-39.589854 174.329220,-39.589746 174.329263,-39.589642 174.329277,-39.589585 174.329153,-39.589333 174.329056,-39.589277 174.329028,-39.589024 174.328871,-39.588940 174.328794,-39.588797 174.328845,-39.588734 174.328834,-39.588550 174.328735,-39.588453 174.328747,-39.588298 174.328658,-39.588270 174.328640,-39.588150 174.328758,-39.588097</coordinates>
</LinearRing>
</outerBoundaryIs>
</Polygon>
</Placemark>
<Placemark><name />
<styleUrl>#nz-lake-polygons-topo-150kId</styleUrl>
<ExtendedData><SchemaData schemaUrl="#nz-lake-polygons-topo-150kId"><SimpleData name="t50_fid">5037129</SimpleData>
<SimpleData name="elevation">0</SimpleData>
<SimpleData name="grp_ascii" />
<SimpleData name="grp_name" />
<SimpleData name="perennial" />
<SimpleData name="temperatur" />
<SimpleData name="lake_use" />
<SimpleData name="name_ascii" />
<SimpleData name="macronated">N</SimpleData>
<SimpleData name="name" />
<SimpleData name="grp_macron">N</SimpleData>
</SchemaData>
</ExtendedData>
<Polygon><outerBoundaryIs><LinearRing><tessellate>1</tessellate>
<coordinates> 174.327592,-39.587160 174.327454,-39.587208 174.327298,-39.587116 174.327343,-39.587043 174.327362,-39.586964 174.327353,-39.586840 174.327278,-39.586794 174.327197,-39.586789 174.327176,-39.586737 174.327262,-39.586726 174.327351,-39.586715 174.327447,-39.586802 174.327496,-39.586921 174.327612,-39.587034 174.327708,-39.587101 174.327592,-39.587160</coordinates>
</LinearRing>
</outerBoundaryIs>
</Polygon>
</Placemark>
<Placemark><name />
<styleUrl>#nz-lake-polygons-topo-150kId</styleUrl>
<ExtendedData><SchemaData schemaUrl="#nz-lake-polygons-topo-150kId"><SimpleData name="t50_fid">5005036</SimpleData>
<SimpleData name="elevation">0</SimpleData>
<SimpleData name="grp_ascii" />
<SimpleData name="grp_name" />
<SimpleData name="perennial" />
<SimpleData name="temperatur" />
<SimpleData name="lake_use" />
<SimpleData name="name_ascii" />
<SimpleData name="macronated">N</SimpleData>
<SimpleData name="name" />
<SimpleData name="grp_macron">N</SimpleData>
</SchemaData>
</ExtendedData>
<Polygon><outerBoundaryIs><LinearRing><tessellate>1</tessellate>
<coordinates> 174.324199,-39.585648 174.324119,-39.585709 174.323844,-39.585556 174.323522,-39.585378 174.323236,-39.585092 174.323089,-39.584782 174.322982,-39.584565 174.322866,-39.584378 174.322864,-39.584289 174.323079,-39.584216 174.323076,-39.584079 174.322933,-39.583957 174.322921,-39.583798 174.323039,-39.583637 174.323209,-39.583693 174.323268,-39.583808 174.323430,-39.583995 174.323445,-39.584248 174.323439,-39.584444 174.323511,-39.584791 174.323713,-39.585035 174.323864,-39.585106 174.324101,-39.585285 174.324337,-39.585355 174.324467,-39.585446 174.324301,-39.585571 174.324199,-39.585648</coordinates>
</LinearRing>
</outerBoundaryIs>
</Polygon>
</Placemark>
<Placemark><name />
<styleUrl>#nz-lake-polygons-topo-150kId</styleUrl>
<ExtendedData><SchemaData schemaUrl="#nz-lake-polygons-topo-150kId"><SimpleData name="t50_fid">5037133</SimpleData>
<SimpleData name="elevation">0</SimpleData>
<SimpleData name="grp_ascii" />
<SimpleData name="grp_name" />
<SimpleData name="perennial" />
<SimpleData name="temperatur" />
<SimpleData name="lake_use" />
<SimpleData name="name_ascii" />
<SimpleData name="macronated">N</SimpleData>
<SimpleData name="name" />
<SimpleData name="grp_macron">N</SimpleData>
</SchemaData>
</ExtendedData>
<Polygon><outerBoundaryIs><LinearRing><tessellate>1</tessellate>
<coordinates> 174.327963,-39.579242 174.327356,-39.579215 174.327035,-39.578966 174.326993,-39.578934 174.327078,-39.578892 174.327485,-39.579030 174.327896,-39.578950 174.328029,-39.578954 174.327988,-39.579133 174.327963,-39.579242</coordinates>
</LinearRing>
</outerBoundaryIs>
</Polygon>
</Placemark>
<Placemark><name />
<styleUrl>#nz-lake-polygons-topo-150kId</styleUrl>
<ExtendedData><SchemaData schemaUrl="#nz-lake-polygons-topo-150kId"><SimpleData name="t50_fid">5037131</SimpleData>
<SimpleData name="elevation">0</SimpleData>
<SimpleData name="grp_ascii" />
<SimpleData name="grp_name" />
<SimpleData name="perennial" />
<SimpleData name="temperatur" />
<SimpleData name="lake_use" />
<SimpleData name="name_ascii" />
<SimpleData name="macronated">N</SimpleData>
<SimpleData name="name" />
<SimpleData name="grp_macron">N</SimpleData>
</SchemaData>
</ExtendedData>
<Polygon><outerBoundaryIs><LinearRing><tessellate>1</tessellate>
<coordinates> 174.319952,-39.582800 174.319846,-39.582765 174.319718,-39.582695 174.319690,-39.582624 174.319756,-39.582591 174.319915,-39.582585 174.320075,-39.582764 174.319952,-39.582800</coordinates>
</LinearRing>
</outerBoundaryIs>
</Polygon>
</Placemark>
<Placemark><name />
<styleUrl>#nz-lake-polygons-topo-150kId</styleUrl>
<ExtendedData><SchemaData schemaUrl="#nz-lake-polygons-topo-150kId"><SimpleData name="t50_fid">5037132</SimpleData>
<SimpleData name="elevation">0</SimpleData>
<SimpleData name="grp_ascii" />
<SimpleData name="grp_name" />
<SimpleData name="perennial" />
<SimpleData name="temperatur" />
<SimpleData name="lake_use" />
<SimpleData name="name_ascii" />
<SimpleData name="macronated">N</SimpleData>
<SimpleData name="name" />
<SimpleData name="grp_macron">N</SimpleData>
</SchemaData>
</ExtendedData>
<Polygon><outerBoundaryIs><LinearRing><tessellate>1</tessellate>
<coordinates> 174.317312,-39.580528 174.317342,-39.580603 174.317391,-39.580727 174.317567,-39.580876 174.317465,-39.580907 174.317354,-39.580941 174.316998,-39.580510 174.317134,-39.580351 174.317312,-39.580528</coordinates>
</LinearRing>
</outerBoundaryIs>
</Polygon>
</Placemark>
<Placemark><name />
<styleUrl>#nz-lake-polygons-topo-150kId</styleUrl>
<ExtendedData><SchemaData schemaUrl="#nz-lake-polygons-topo-150kId"><SimpleData name="t50_fid">5037128</SimpleData>
<SimpleData name="elevation">0</SimpleData>
<SimpleData name="grp_ascii" />
<SimpleData name="grp_name" />
<SimpleData name="perennial" />
<SimpleData name="temperatur" />
<SimpleData name="lake_use" />
<SimpleData name="name_ascii" />
<SimpleData name="macronated">N</SimpleData>
<SimpleData name="name" />
<SimpleData name="grp_macron">N</SimpleData>
</SchemaData>
</ExtendedData>
<Polygon><outerBoundaryIs><LinearRing><tessellate>1</tessellate>
<coordinates> 174.307539,-39.581446 174.307558,-39.581656 174.307533,-39.581693 174.307460,-39.581660 174.307373,-39.581655 174.307376,-39.581428 174.307488,-39.581393 174.307539,-39.581446</coordinates>
</LinearRing>
</outerBoundaryIs>
</Polygon>
</Placemark>
<Placemark><name />
<styleUrl>#nz-lake-polygons-topo-150kId</styleUrl>
<ExtendedData><SchemaData schemaUrl="#nz-lake-polygons-topo-150kId"><SimpleData name="t50_fid">5037106</SimpleData>
<SimpleData name="elevation">0</SimpleData>
<SimpleData name="grp_ascii" />
<SimpleData name="grp_name" />
<SimpleData name="perennial" />
<SimpleData name="temperatur" />
<SimpleData name="lake_use" />
<SimpleData name="name_ascii" />
<SimpleData name="macronated">N</SimpleData>
<SimpleData name="name" />
<SimpleData name="grp_macron">N</SimpleData>
</SchemaData>
</ExtendedData>
<Polygon><outerBoundaryIs><LinearRing><tessellate>1</tessellate>
<coordinates> 174.390445,-39.604075 174.390339,-39.603869 174.390177,-39.603755 174.390165,-39.603747 174.390049,-39.603615 174.390394,-39.603682 174.390590,-39.603829 174.390777,-39.604038 174.390720,-39.604110 174.390445,-39.604075</coordinates>
</LinearRing>
</outerBoundaryIs>
</Polygon>
</Placemark>
<Placemark><name />
<styleUrl>#nz-lake-polygons-topo-150kId</styleUrl>
<ExtendedData><SchemaData schemaUrl="#nz-lake-polygons-topo-150kId"><SimpleData name="t50_fid">5037102</SimpleData>
<SimpleData name="elevation">0</SimpleData>
<SimpleData name="grp_ascii" />
<SimpleData name="grp_name" />
<SimpleData name="perennial" />
<SimpleData name="temperatur" />
<SimpleData name="lake_use" />
<SimpleData name="name_ascii" />
<SimpleData name="macronated">N</SimpleData>
<SimpleData name="name" />
<SimpleData name="grp_macron">N</SimpleData>
</SchemaData>
</ExtendedData>
<Polygon><outerBoundaryIs><LinearRing><tessellate>1</tessellate>
<coordinates> 174.362867,-39.612253 174.362967,-39.612385 174.363095,-39.612401 174.363119,-39.612476 174.363045,-39.612529 174.362978,-39.612570 174.362988,-39.612686 174.362862,-39.612740 174.362749,-39.612712 174.362812,-39.612497 174.362758,-39.612417 174.362800,-39.612254 174.362867,-39.612253</coordinates>
</LinearRing>
</outerBoundaryIs>
</Polygon>
</Placemark>
<Placemark><name />
<styleUrl>#nz-lake-polygons-topo-150kId</styleUrl>
<ExtendedData><SchemaData schemaUrl="#nz-lake-polygons-topo-150kId"><SimpleData name="t50_fid">5037104</SimpleData>
<SimpleData name="elevation">0</SimpleData>
<SimpleData name="grp_ascii" />
<SimpleData name="grp_name" />
<SimpleData name="perennial" />
<SimpleData name="temperatur" />
<SimpleData name="lake_use" />
<SimpleData name="name_ascii" />
<SimpleData name="macronated">N</SimpleData>
<SimpleData name="name" />
<SimpleData name="grp_macron">N</SimpleData>
</SchemaData>
</ExtendedData>
<Polygon><outerBoundaryIs><LinearRing><tessellate>1</tessellate>
<coordinates> 174.373962,-39.608018 174.373921,-39.608111 174.373880,-39.608251 174.373855,-39.608357 174.373719,-39.608392 174.373610,-39.608393 174.373420,-39.608438 174.373389,-39.608497 174.373239,-39.608642 174.373283,-39.608684 174.373258,-39.608760 174.373303,-39.608853 174.373243,-39.608866 174.373181,-39.608723 174.373087,-39.608686 174.373011,-39.608675 174.373014,-39.608586 174.373121,-39.608471 174.373241,-39.608448 174.373287,-39.608334 174.373439,-39.608277 174.373744,-39.608295 174.373759,-39.608198 174.373884,-39.607987 174.373962,-39.608018</coordinates>
</LinearRing>
</outerBoundaryIs>
</Polygon>
</Placemark>
<Placemark><name />
<styleUrl>#nz-lake-polygons-topo-150kId</styleUrl>
<ExtendedData><SchemaData schemaUrl="#nz-lake-polygons-topo-150kId"><SimpleData name="t50_fid">5037103</SimpleData>
<SimpleData name="elevation">0</SimpleData>
<SimpleData name="grp_ascii" />
<SimpleData name="grp_name" />
<SimpleData name="perennial" />
<SimpleData name="temperatur" />
<SimpleData name="lake_use" />
<SimpleData name="name_ascii" />
<SimpleData name="macronated">N</SimpleData>
<SimpleData name="name" />
<SimpleData name="grp_macron">N</SimpleData>
</SchemaData>
</ExtendedData>
<Polygon><outerBoundaryIs><LinearRing><tessellate>1</tessellate>
<coordinates> 174.367372,-39.603249 174.367164,-39.603220 174.367040,-39.603020 174.366980,-39.602872 174.366994,-39.602776 174.367114,-39.602815 174.367403,-39.602988 174.367511,-39.603192 174.367372,-39.603249</coordinates>
</LinearRing>
</outerBoundaryIs>
</Polygon>
</Placemark>
<Placemark><name />
<styleUrl>#nz-lake-polygons-topo-150kId</styleUrl>
<ExtendedData><SchemaData schemaUrl="#nz-lake-polygons-topo-150kId"><SimpleData name="t50_fid">5008571</SimpleData>
<SimpleData name="elevation">0</SimpleData>
<SimpleData name="grp_ascii" />
<SimpleData name="grp_name" />
<SimpleData name="perennial" />
<SimpleData name="temperatur" />
<SimpleData name="lake_use" />
<SimpleData name="name_ascii" />
<SimpleData name="macronated">N</SimpleData>
<SimpleData name="name" />
<SimpleData name="grp_macron">N</SimpleData>
</SchemaData>
</ExtendedData>
<Polygon><outerBoundaryIs><LinearRing><tessellate>1</tessellate>
<coordinates> 174.372991,-39.583886 174.373045,-39.583918 174.373090,-39.583945 174.373088,-39.583951 174.373086,-39.583955 174.373056,-39.584021 174.373011,-39.584113 174.372910,-39.584202 174.372872,-39.584402 174.372862,-39.584654 174.372820,-39.584902 174.372818,-39.585054 174.372589,-39.585192 174.372004,-39.585103 174.371992,-39.585003 174.372072,-39.584904 174.372133,-39.584830 174.372372,-39.584915 174.372505,-39.584894 174.372556,-39.584845 174.372542,-39.584634 174.372636,-39.584425 174.372700,-39.584280 174.372700,-39.584276 174.372708,-39.584173 174.372855,-39.584055 174.372899,-39.583927 174.372975,-39.583893 174.372991,-39.583886</coordinates>
</LinearRing>
</outerBoundaryIs>
</Polygon>
</Placemark>
<Placemark><name />
<styleUrl>#nz-lake-polygons-topo-150kId</styleUrl>
<ExtendedData><SchemaData schemaUrl="#nz-lake-polygons-topo-150kId"><SimpleData name="t50_fid">5037143</SimpleData>
<SimpleData name="elevation">0</SimpleData>
<SimpleData name="grp_ascii" />
<SimpleData name="grp_name" />
<SimpleData name="perennial" />
<SimpleData name="temperatur" />
<SimpleData name="lake_use" />
<SimpleData name="name_ascii" />
<SimpleData name="macronated">N</SimpleData>
<SimpleData name="name" />
<SimpleData name="grp_macron">N</SimpleData>
</SchemaData>
</ExtendedData>
<Polygon><outerBoundaryIs><LinearRing><tessellate>1</tessellate>
<coordinates> 174.376833,-39.574994 174.376701,-39.574978 174.376678,-39.575009 174.376632,-39.575048 174.376389,-39.575130 174.376334,-39.575213 174.376214,-39.575215 174.376088,-39.575198 174.375825,-39.575145 174.375504,-39.575153 174.375487,-39.575123 174.375337,-39.575091 174.375158,-39.574924 174.375225,-39.574931 174.375372,-39.574986 174.375427,-39.574962 174.375448,-39.575008 174.375579,-39.575070 174.375721,-39.575053 174.375760,-39.575017 174.375794,-39.575040 174.375874,-39.575062 174.375923,-39.575072 174.376039,-39.575052 174.376212,-39.575063 174.376604,-39.574938 174.376700,-39.574929 174.376862,-39.574945 174.376944,-39.574988 174.376833,-39.574994</coordinates>
</LinearRing>
</outerBoundaryIs>
</Polygon>
</Placemark>
<Placemark><name />
<styleUrl>#nz-lake-polygons-topo-150kId</styleUrl>
<ExtendedData><SchemaData schemaUrl="#nz-lake-polygons-topo-150kId"><SimpleData name="t50_fid">5037097</SimpleData>
<SimpleData name="elevation">0</SimpleData>
<SimpleData name="grp_ascii" />
<SimpleData name="grp_name" />
<SimpleData name="perennial" />
<SimpleData name="temperatur" />
<SimpleData name="lake_use" />
<SimpleData name="name_ascii" />
<SimpleData name="macronated">N</SimpleData>
<SimpleData name="name" />
<SimpleData name="grp_macron">N</SimpleData>
</SchemaData>
</ExtendedData>
<Polygon><outerBoundaryIs><LinearRing><tessellate>1</tessellate>
<coordinates> 174.361270,-39.589767 174.361372,-39.589730 174.361459,-39.589677 174.361540,-39.589676 174.361576,-39.589703 174.361609,-39.589744 174.361505,-39.589854 174.361379,-39.589910 174.361328,-39.589854 174.361270,-39.589767</coordinates>
</LinearRing>
</outerBoundaryIs>
</Polygon>
</Placemark>
<Placemark><name />
<styleUrl>#nz-lake-polygons-topo-150kId</styleUrl>
<ExtendedData><SchemaData schemaUrl="#nz-lake-polygons-topo-150kId"><SimpleData name="t50_fid">5037145</SimpleData>
<SimpleData name="elevation">0</SimpleData>
<SimpleData name="grp_ascii" />
<SimpleData name="grp_name" />
<SimpleData name="perennial" />
<SimpleData name="temperatur" />
<SimpleData name="lake_use" />
<SimpleData name="name_ascii" />
<SimpleData name="macronated">N</SimpleData>
<SimpleData name="name" />
<SimpleData name="grp_macron">N</SimpleData>
</SchemaData>
</ExtendedData>
<Polygon><outerBoundaryIs><LinearRing><tessellate>1</tessellate>
<coordinates> 174.354699,-39.575082 174.354810,-39.575061 174.354931,-39.575108 174.355191,-39.575074 174.355193,-39.575192 174.355031,-39.575251 174.354816,-39.575225 174.354693,-39.575224 174.354638,-39.575187 174.354668,-39.575134 174.354699,-39.575082</coordinates>
</LinearRing>
</outerBoundaryIs>
</Polygon>
</Placemark>
<Placemark><name />
<styleUrl>#nz-lake-polygons-topo-150kId</styleUrl>
<ExtendedData><SchemaData schemaUrl="#nz-lake-polygons-topo-150kId"><SimpleData name="t50_fid">5037146</SimpleData>
<SimpleData name="elevation">0</SimpleData>
<SimpleData name="grp_ascii" />
<SimpleData name="grp_name" />
<SimpleData name="perennial" />
<SimpleData name="temperatur" />
<SimpleData name="lake_use" />
<SimpleData name="name_ascii" />
<SimpleData name="macronated">N</SimpleData>
<SimpleData name="name" />
<SimpleData name="grp_macron">N</SimpleData>
</SchemaData>
</ExtendedData>
<Polygon><outerBoundaryIs><LinearRing><tessellate>1</tessellate>
<coordinates> 174.349118,-39.566078 174.349122,-39.566014 174.349400,-39.565813 174.349599,-39.565752 174.349695,-39.565687 174.349838,-39.565745 174.349783,-39.565834 174.349716,-39.565878 174.349565,-39.565977 174.349509,-39.566105 174.349291,-39.566090 174.349118,-39.566078</coordinates>
</LinearRing>
</outerBoundaryIs>
</Polygon>
</Placemark>
<Placemark><name />
<styleUrl>#nz-lake-polygons-topo-150kId</styleUrl>
<ExtendedData><SchemaData schemaUrl="#nz-lake-polygons-topo-150kId"><SimpleData name="t50_fid">5037144</SimpleData>
<SimpleData name="elevation">0</SimpleData>
<SimpleData name="grp_ascii" />
<SimpleData name="grp_name" />
<SimpleData name="perennial" />
<SimpleData name="temperatur" />
<SimpleData name="lake_use" />
<SimpleData name="name_ascii" />
<SimpleData name="macronated">N</SimpleData>
<SimpleData name="name" />
<SimpleData name="grp_macron">N</SimpleData>
</SchemaData>
</ExtendedData>
<Polygon><outerBoundaryIs><LinearRing><tessellate>1</tessellate>
<coordinates> 174.347357,-39.576144 174.347415,-39.576142 174.347429,-39.576177 174.347458,-39.576250 174.347453,-39.576314 174.347447,-39.576391 174.347355,-39.576394 174.347353,-39.576395 174.347237,-39.576397 174.347148,-39.576331 174.347116,-39.576264 174.347171,-39.576150 174.347357,-39.576144</coordinates>
</LinearRing>
</outerBoundaryIs>
</Polygon>
</Placemark>
<Placemark><name />
<styleUrl>#nz-lake-polygons-topo-150kId</styleUrl>
<ExtendedData><SchemaData schemaUrl="#nz-lake-polygons-topo-150kId"><SimpleData name="t50_fid">5037096</SimpleData>
<SimpleData name="elevation">0</SimpleData>
<SimpleData name="grp_ascii" />
<SimpleData name="grp_name" />
<SimpleData name="perennial" />
<SimpleData name="temperatur" />
<SimpleData name="lake_use" />
<SimpleData name="name_ascii" />
<SimpleData name="macronated">N</SimpleData>
<SimpleData name="name" />
<SimpleData name="grp_macron">N</SimpleData>
</SchemaData>
</ExtendedData>
<Polygon><outerBoundaryIs><LinearRing><tessellate>1</tessellate>
<coordinates> 174.351877,-39.602810 174.351877,-39.602958 174.351856,-39.603107 174.351789,-39.603159 174.351683,-39.603119 174.351644,-39.602994 174.351667,-39.602922 174.351667,-39.602811 174.351739,-39.602737 174.351843,-39.602759 174.351877,-39.602810</coordinates>
</LinearRing>
</outerBoundaryIs>
</Polygon>
</Placemark>
<Placemark><name />
<styleUrl>#nz-lake-polygons-topo-150kId</styleUrl>
<ExtendedData><SchemaData schemaUrl="#nz-lake-polygons-topo-150kId"><SimpleData name="t50_fid">5037138</SimpleData>
<SimpleData name="elevation">0</SimpleData>
<SimpleData name="grp_ascii" />
<SimpleData name="grp_name" />
<SimpleData name="perennial" />
<SimpleData name="temperatur" />
<SimpleData name="lake_use" />
<SimpleData name="name_ascii" />
<SimpleData name="macronated">N</SimpleData>
<SimpleData name="name" />
<SimpleData name="grp_macron">N</SimpleData>
</SchemaData>
</ExtendedData>
<Polygon><outerBoundaryIs><LinearRing><tessellate>1</tessellate>
<coordinates> 174.332642,-39.581707 174.332390,-39.581699 174.332305,-39.581635 174.331864,-39.581624 174.331856,-39.581570 174.332302,-39.581516 174.332594,-39.581488 174.332619,-39.581604 174.332642,-39.581707</coordinates>
</LinearRing>
</outerBoundaryIs>
</Polygon>
</Placemark>
<Placemark><name />
<styleUrl>#nz-lake-polygons-topo-150kId</styleUrl>
<ExtendedData><SchemaData schemaUrl="#nz-lake-polygons-topo-150kId"><SimpleData name="t50_fid">5037084</SimpleData>
<SimpleData name="elevation">0</SimpleData>
<SimpleData name="grp_ascii" />
<SimpleData name="grp_name" />
<SimpleData name="perennial" />
<SimpleData name="temperatur" />
<SimpleData name="lake_use" />
<SimpleData name="name_ascii" />
<SimpleData name="macronated">N</SimpleData>
<SimpleData name="name" />
<SimpleData name="grp_macron">N</SimpleData>
</SchemaData>
</ExtendedData>
<Polygon><outerBoundaryIs><LinearRing><tessellate>1</tessellate>
<coordinates> 174.332593,-39.593332 174.332686,-39.593423 174.332821,-39.593719 174.332702,-39.593763 174.332546,-39.593744 174.332437,-39.593355 174.332529,-39.593341 174.332593,-39.593332</coordinates>
</LinearRing>
</outerBoundaryIs>
</Polygon>
</Placemark>
<Placemark><name />
<styleUrl>#nz-lake-polygons-topo-150kId</styleUrl>
<ExtendedData><SchemaData schemaUrl="#nz-lake-polygons-topo-150kId"><SimpleData name="t50_fid">5037083</SimpleData>
<SimpleData name="elevation">0</SimpleData>
<SimpleData name="grp_ascii" />
<SimpleData name="grp_name" />
<SimpleData name="perennial" />
<SimpleData name="temperatur" />
<SimpleData name="lake_use" />
<SimpleData name="name_ascii" />
<SimpleData name="macronated">N</SimpleData>
<SimpleData name="name" />
<SimpleData name="grp_macron">N</SimpleData>
</SchemaData>
</ExtendedData>
<Polygon><outerBoundaryIs><LinearRing><tessellate>1</tessellate>
<coordinates> 174.334705,-39.598556 174.334727,-39.598441 174.334625,-39.598369 174.334476,-39.598329 174.334197,-39.598323 174.334190,-39.598282 174.334367,-39.598220 174.334394,-39.598105 174.334375,-39.598055 174.334374,-39.597954 174.334444,-39.597926 174.334471,-39.598081 174.334550,-39.598172 174.334722,-39.598170 174.334897,-39.598026 174.334929,-39.597828 174.335016,-39.597726 174.335069,-39.597749 174.335065,-39.597845 174.335114,-39.597881 174.335225,-39.597834 174.335272,-39.597769 174.335430,-39.597680 174.335472,-39.597730 174.335444,-39.597809 174.335380,-39.597851 174.335369,-39.597920 174.335358,-39.597970 174.335270,-39.597980 174.335087,-39.598065 174.334959,-39.598177 174.334914,-39.598306 174.335005,-39.598396 174.335001,-39.598497 174.334949,-39.598571 174.334950,-39.598636 174.334861,-39.598655 174.334705,-39.598556</coordinates>
</LinearRing>
</outerBoundaryIs>
</Polygon>
</Placemark>
<Placemark><name />
<styleUrl>#nz-lake-polygons-topo-150kId</styleUrl>
<ExtendedData><SchemaData schemaUrl="#nz-lake-polygons-topo-150kId"><SimpleData name="t50_fid">5037085</SimpleData>
<SimpleData name="elevation">0</SimpleData>
<SimpleData name="grp_ascii" />
<SimpleData name="grp_name" />
<SimpleData name="perennial" />
<SimpleData name="temperatur" />
<SimpleData name="lake_use" />
<SimpleData name="name_ascii" />
<SimpleData name="macronated">N</SimpleData>
<SimpleData name="name" />
<SimpleData name="grp_macron">N</SimpleData>
</SchemaData>
</ExtendedData>
<Polygon><outerBoundaryIs><LinearRing><tessellate>1</tessellate>
<coordinates> 174.341393,-39.592562 174.341473,-39.592653 174.341475,-39.592753 174.341342,-39.592824 174.341253,-39.592894 174.341123,-39.592835 174.341143,-39.592730 174.341221,-39.592699 174.341310,-39.592659 174.341298,-39.592607 174.341308,-39.592563 174.341393,-39.592562</coordinates>
</LinearRing>
</outerBoundaryIs>
</Polygon>
</Placemark>
<Placemark><name />
<styleUrl>#nz-lake-polygons-topo-150kId</styleUrl>
<ExtendedData><SchemaData schemaUrl="#nz-lake-polygons-topo-150kId"><SimpleData name="t50_fid">5037082</SimpleData>
<SimpleData name="elevation">0</SimpleData>
<SimpleData name="grp_ascii" />
<SimpleData name="grp_name" />
<SimpleData name="perennial" />
<SimpleData name="temperatur" />
<SimpleData name="lake_use" />
<SimpleData name="name_ascii" />
<SimpleData name="macronated">N</SimpleData>
<SimpleData name="name" />
<SimpleData name="grp_macron">N</SimpleData>
</SchemaData>
</ExtendedData>
<Polygon><outerBoundaryIs><LinearRing><tessellate>1</tessellate>
<coordinates> 174.339471,-39.604888 174.339390,-39.604912 174.339233,-39.604977 174.339163,-39.605025 174.339083,-39.605113 174.339008,-39.605165 174.338917,-39.605237 174.338888,-39.605289 174.338849,-39.605368 174.338794,-39.605444 174.338738,-39.605448 174.338742,-39.605373 174.338780,-39.605258 174.338870,-39.605175 174.338895,-39.605119 174.339070,-39.604975 174.339110,-39.604923 174.339196,-39.604903 174.339252,-39.604882 174.339440,-39.604833 174.339471,-39.604888</coordinates>
</LinearRing>
</outerBoundaryIs>
</Polygon>
</Placemark>
<Placemark><name />
<styleUrl>#nz-lake-polygons-topo-150kId</styleUrl>
<ExtendedData><SchemaData schemaUrl="#nz-lake-polygons-topo-150kId"><SimpleData name="t50_fid">5037051</SimpleData>
<SimpleData name="elevation">0</SimpleData>
<SimpleData name="grp_ascii" />
<SimpleData name="grp_name" />
<SimpleData name="perennial" />
<SimpleData name="temperatur" />
<SimpleData name="lake_use" />
<SimpleData name="name_ascii" />
<SimpleData name="macronated">N</SimpleData>
<SimpleData name="name" />
<SimpleData name="grp_macron">N</SimpleData>
</SchemaData>
</ExtendedData>
<Polygon><outerBoundaryIs><LinearRing><tessellate>1</tessellate>
<coordinates> 174.030813,-39.274871 174.030892,-39.274868 174.030932,-39.274923 174.030924,-39.274979 174.030819,-39.274982 174.030748,-39.274948 174.030747,-39.274909 174.030813,-39.274871</coordinates>
</LinearRing>
</outerBoundaryIs>
</Polygon>
</Placemark>
<Placemark><name />
<styleUrl>#nz-lake-polygons-topo-150kId</styleUrl>
<ExtendedData><SchemaData schemaUrl="#nz-lake-polygons-topo-150kId"><SimpleData name="t50_fid">5037050</SimpleData>
<SimpleData name="elevation">0</SimpleData>
<SimpleData name="grp_ascii" />
<SimpleData name="grp_name" />
<SimpleData name="perennial" />
<SimpleData name="temperatur" />
<SimpleData name="lake_use" />
<SimpleData name="name_ascii" />
<SimpleData name="macronated">N</SimpleData>
<SimpleData name="name" />
<SimpleData name="grp_macron">N</SimpleData>
</SchemaData>
</ExtendedData>
<Polygon><outerBoundaryIs><LinearRing><tessellate>1</tessellate>
<coordinates> 174.030723,-39.275208 174.030840,-39.275208 174.030880,-39.275246 174.030867,-39.275299 174.030782,-39.275329 174.030675,-39.275290 174.030644,-39.275239 174.030723,-39.275208</coordinates>
</LinearRing>
</outerBoundaryIs>
</Polygon>
</Placemark>
<Placemark><name />
<styleUrl>#nz-lake-polygons-topo-150kId</styleUrl>
<ExtendedData><SchemaData schemaUrl="#nz-lake-polygons-topo-150kId"><SimpleData name="t50_fid">5037384</SimpleData>
<SimpleData name="elevation">0</SimpleData>
<SimpleData name="grp_ascii" />
<SimpleData name="grp_name" />
<SimpleData name="perennial" />
<SimpleData name="temperatur" />
<SimpleData name="lake_use" />
<SimpleData name="name_ascii" />
<SimpleData name="macronated">N</SimpleData>
<SimpleData name="name" />
<SimpleData name="grp_macron">N</SimpleData>
</SchemaData>
</ExtendedData>
<Polygon><outerBoundaryIs><LinearRing><tessellate>1</tessellate>
<coordinates> 174.048562,-39.249303 174.048672,-39.249175 174.048897,-39.249120 174.049068,-39.248966 174.049214,-39.248918 174.049289,-39.248988 174.049139,-39.249155 174.049106,-39.249192 174.049029,-39.249213 174.048873,-39.249258 174.048709,-39.249350 174.048575,-39.249323 174.048549,-39.249318 174.048562,-39.249303</coordinates>
</LinearRing>
</outerBoundaryIs>
</Polygon>
</Placemark>
<Placemark><name />
<styleUrl>#nz-lake-polygons-topo-150kId</styleUrl>
<ExtendedData><SchemaData schemaUrl="#nz-lake-polygons-topo-150kId"><SimpleData name="t50_fid">5037385</SimpleData>
<SimpleData name="elevation">0</SimpleData>
<SimpleData name="grp_ascii" />
<SimpleData name="grp_name" />
<SimpleData name="perennial" />
<SimpleData name="temperatur" />
<SimpleData name="lake_use" />
<SimpleData name="name_ascii" />
<SimpleData name="macronated">N</SimpleData>
<SimpleData name="name" />
<SimpleData name="grp_macron">N</SimpleData>
</SchemaData>
</ExtendedData>
<Polygon><outerBoundaryIs><LinearRing><tessellate>1</tessellate>
<coordinates> 174.050323,-39.249145 174.050377,-39.249296 174.050455,-39.249388 174.050460,-39.249461 174.050341,-39.249478 174.050191,-39.249430 174.050084,-39.249342 174.050095,-39.249269 174.050243,-39.249152 174.050323,-39.249145</coordinates>
</LinearRing>
</outerBoundaryIs>
</Polygon>
</Placemark>
<Placemark><name />
<styleUrl>#nz-lake-polygons-topo-150kId</styleUrl>
<ExtendedData><SchemaData schemaUrl="#nz-lake-polygons-topo-150kId"><SimpleData name="t50_fid">5037387</SimpleData>
<SimpleData name="elevation">0</SimpleData>
<SimpleData name="grp_ascii" />
<SimpleData name="grp_name" />
<SimpleData name="perennial" />
<SimpleData name="temperatur" />
<SimpleData name="lake_use" />
<SimpleData name="name_ascii" />
<SimpleData name="macronated">N</SimpleData>
<SimpleData name="name" />
<SimpleData name="grp_macron">N</SimpleData>
</SchemaData>
</ExtendedData>
<Polygon><outerBoundaryIs><LinearRing><tessellate>1</tessellate>
<coordinates> 174.053023,-39.248518 174.052974,-39.248641 174.052886,-39.248721 174.052758,-39.248706 174.052685,-39.248621 174.052743,-39.248511 174.052984,-39.248459 174.053023,-39.248518</coordinates>
</LinearRing>
</outerBoundaryIs>
</Polygon>
</Placemark>
<Placemark><name />
<styleUrl>#nz-lake-polygons-topo-150kId</styleUrl>
<ExtendedData><SchemaData schemaUrl="#nz-lake-polygons-topo-150kId"><SimpleData name="t50_fid">5037390</SimpleData>
<SimpleData name="elevation">0</SimpleData>
<SimpleData name="grp_ascii" />
<SimpleData name="grp_name" />
<SimpleData name="perennial" />
<SimpleData name="temperatur" />
<SimpleData name="lake_use" />
<SimpleData name="name_ascii" />
<SimpleData name="macronated">N</SimpleData>
<SimpleData name="name" />
<SimpleData name="grp_macron">N</SimpleData>
</SchemaData>
</ExtendedData>
<Polygon><outerBoundaryIs><LinearRing><tessellate>1</tessellate>
<coordinates> 174.055453,-39.247974 174.055420,-39.248072 174.055316,-39.248146 174.055286,-39.248220 174.055250,-39.248350 174.055206,-39.248440 174.055250,-39.248621 174.055409,-39.248723 174.055494,-39.248865 174.055517,-39.248973 174.055357,-39.248997 174.055164,-39.248912 174.055139,-39.248833 174.055186,-39.248762 174.055164,-39.248671 174.055013,-39.248596 174.055004,-39.248450 174.055062,-39.248346 174.055035,-39.248184 174.055036,-39.248059 174.055174,-39.247977 174.055331,-39.247940 174.055424,-39.247918 174.055453,-39.247974</coordinates>
</LinearRing>
</outerBoundaryIs>
</Polygon>
</Placemark>
<Placemark><name />
<styleUrl>#nz-lake-polygons-topo-150kId</styleUrl>
<ExtendedData><SchemaData schemaUrl="#nz-lake-polygons-topo-150kId"><SimpleData name="t50_fid">5037386</SimpleData>
<SimpleData name="elevation">0</SimpleData>
<SimpleData name="grp_ascii" />
<SimpleData name="grp_name" />
<SimpleData name="perennial" />
<SimpleData name="temperatur" />
<SimpleData name="lake_use" />
<SimpleData name="name_ascii" />
<SimpleData name="macronated">N</SimpleData>
<SimpleData name="name" />
<SimpleData name="grp_macron">N</SimpleData>
</SchemaData>
</ExtendedData>
<Polygon><outerBoundaryIs><LinearRing><tessellate>1</tessellate>
<coordinates> 174.053886,-39.249575 174.053986,-39.249590 174.053987,-39.249652 174.054051,-39.249732 174.054048,-39.249824 174.053865,-39.249822 174.053709,-39.249712 174.053703,-39.249598 174.053886,-39.249575</coordinates>
</LinearRing>
</outerBoundaryIs>
</Polygon>
</Placemark>
<Placemark><name />
<styleUrl>#nz-lake-polygons-topo-150kId</styleUrl>
<ExtendedData><SchemaData schemaUrl="#nz-lake-polygons-topo-150kId"><SimpleData name="t50_fid">5037016</SimpleData>
<SimpleData name="elevation">0</SimpleData>
<SimpleData name="grp_ascii" />
<SimpleData name="grp_name" />
<SimpleData name="perennial" />
<SimpleData name="temperatur" />
<SimpleData name="lake_use" />
<SimpleData name="name_ascii" />
<SimpleData name="macronated">N</SimpleData>
<SimpleData name="name" />
<SimpleData name="grp_macron">N</SimpleData>
</SchemaData>
</ExtendedData>
<Polygon><outerBoundaryIs><LinearRing><tessellate>1</tessellate>
<coordinates> 173.822043,-39.312597 173.822048,-39.312686 173.821980,-39.312873 173.821977,-39.312988 173.821927,-39.313057 173.821804,-39.313030 173.821714,-39.312915 173.821768,-39.312507 173.822043,-39.312597</coordinates>
</LinearRing>
</outerBoundaryIs>
</Polygon>
</Placemark>
<Placemark><name />
<styleUrl>#nz-lake-polygons-topo-150kId</styleUrl>
<ExtendedData><SchemaData schemaUrl="#nz-lake-polygons-topo-150kId"><SimpleData name="t50_fid">5037012</SimpleData>
<SimpleData name="elevation">0</SimpleData>
<SimpleData name="grp_ascii" />
<SimpleData name="grp_name" />
<SimpleData name="perennial" />
<SimpleData name="temperatur" />
<SimpleData name="lake_use" />
<SimpleData name="name_ascii" />
<SimpleData name="macronated">N</SimpleData>
<SimpleData name="name" />
<SimpleData name="grp_macron">N</SimpleData>
</SchemaData>
</ExtendedData>
<Polygon><outerBoundaryIs><LinearRing><tessellate>1</tessellate>
<coordinates> 173.824223,-39.337049 173.824256,-39.337143 173.824323,-39.337287 173.824267,-39.337389 173.824333,-39.337495 173.824528,-39.337494 173.824561,-39.337538 173.824465,-39.337652 173.824327,-39.337665 173.824278,-39.337609 173.824222,-39.337679 173.824159,-39.337818 173.824029,-39.337819 173.824043,-39.337680 173.823945,-39.337555 173.823911,-39.337448 173.823999,-39.337365 173.824078,-39.337207 173.824125,-39.337018 173.824223,-39.337049</coordinates>
</LinearRing>
</outerBoundaryIs>
</Polygon>
</Placemark>
<Placemark><name />
<styleUrl>#nz-lake-polygons-topo-150kId</styleUrl>
<ExtendedData><SchemaData schemaUrl="#nz-lake-polygons-topo-150kId"><SimpleData name="t50_fid">5037009</SimpleData>
<SimpleData name="elevation">0</SimpleData>
<SimpleData name="grp_ascii" />
<SimpleData name="grp_name" />
<SimpleData name="perennial" />
<SimpleData name="temperatur" />
<SimpleData name="lake_use" />
<SimpleData name="name_ascii" />
<SimpleData name="macronated">N</SimpleData>
<SimpleData name="name" />
<SimpleData name="grp_macron">N</SimpleData>
</SchemaData>
</ExtendedData>
<Polygon><outerBoundaryIs><LinearRing><tessellate>1</tessellate>
<coordinates> 173.788325,-39.388735 173.788701,-39.388650 173.788856,-39.388823 173.788458,-39.388981 173.788281,-39.388939 173.788325,-39.388735</coordinates>
</LinearRing>
</outerBoundaryIs>
</Polygon>
</Placemark>
<Placemark><name />
<styleUrl>#nz-lake-polygons-topo-150kId</styleUrl>
<ExtendedData><SchemaData schemaUrl="#nz-lake-polygons-topo-150kId"><SimpleData name="t50_fid">5037010</SimpleData>
<SimpleData name="elevation">0</SimpleData>
<SimpleData name="grp_ascii" />
<SimpleData name="grp_name" />
<SimpleData name="perennial" />
<SimpleData name="temperatur" />
<SimpleData name="lake_use" />
<SimpleData name="name_ascii" />
<SimpleData name="macronated">N</SimpleData>
<SimpleData name="name" />
<SimpleData name="grp_macron">N</SimpleData>
</SchemaData>
</ExtendedData>
<Polygon><outerBoundaryIs><LinearRing><tessellate>1</tessellate>
<coordinates> 173.788841,-39.388494 173.789029,-39.388474 173.789196,-39.388629 173.788926,-39.388759 173.788785,-39.388646 173.788746,-39.388614 173.788677,-39.388559 173.788841,-39.388494</coordinates>
</LinearRing>
</outerBoundaryIs>
</Polygon>
</Placemark>
<Placemark><name />
<styleUrl>#nz-lake-polygons-topo-150kId</styleUrl>
<ExtendedData><SchemaData schemaUrl="#nz-lake-polygons-topo-150kId"><SimpleData name="t50_fid">5037014</SimpleData>
<SimpleData name="elevation">0</SimpleData>
<SimpleData name="grp_ascii" />
<SimpleData name="grp_name" />
<SimpleData name="perennial" />
<SimpleData name="temperatur" />
<SimpleData name="lake_use" />
<SimpleData name="name_ascii" />
<SimpleData name="macronated">N</SimpleData>
<SimpleData name="name" />
<SimpleData name="grp_macron">N</SimpleData>
</SchemaData>
</ExtendedData>
<Polygon><outerBoundaryIs><LinearRing><tessellate>1</tessellate>
<coordinates> 173.787452,-39.305259 173.787355,-39.305343 173.787350,-39.305348 173.787199,-39.305313 173.786996,-39.305361 173.786974,-39.305245 173.787090,-39.305178 173.787245,-39.305116 173.787352,-39.305092 173.787483,-39.305077 173.787559,-39.305124 173.787452,-39.305259</coordinates>
</LinearRing>
</outerBoundaryIs>
</Polygon>
</Placemark>
<Placemark><name />
<styleUrl>#nz-lake-polygons-topo-150kId</styleUrl>
<ExtendedData><SchemaData schemaUrl="#nz-lake-polygons-topo-150kId"><SimpleData name="t50_fid">7653025</SimpleData>
<SimpleData name="elevation">0</SimpleData>
<SimpleData name="grp_ascii" />
<SimpleData name="grp_name" />
<SimpleData name="perennial" />
<SimpleData name="temperatur" />
<SimpleData name="lake_use" />
<SimpleData name="name_ascii" />
<SimpleData name="macronated">N</SimpleData>
<SimpleData name="name" />
<SimpleData name="grp_macron">N</SimpleData>
</SchemaData>
</ExtendedData>
<Polygon><outerBoundaryIs><LinearRing><tessellate>1</tessellate>
<coordinates> 173.759672,-39.288019 173.759645,-39.288023 173.759622,-39.288010 173.759556,-39.287956 173.759375,-39.287749 173.759275,-39.287594 173.759243,-39.287455 173.759213,-39.287360 173.759157,-39.287318 173.759006,-39.287270 173.758893,-39.287264 173.758732,-39.287276 173.758670,-39.287302 173.758588,-39.287367 173.758528,-39.287420 173.758461,-39.287456 173.758387,-39.287493 173.758360,-39.287539 173.758334,-39.287659 173.758317,-39.287767 173.758341,-39.287818 173.758386,-39.287892 173.758430,-39.287928 173.758581,-39.287980 173.758705,-39.288031 173.758804,-39.288099 173.758886,-39.288162 173.758996,-39.288235 173.759117,-39.288267 173.759221,-39.288261 173.759336,-39.288215 173.759422,-39.288179 173.759485,-39.288152 173.759529,-39.288125 173.759578,-39.288096 173.759593,-39.288095 173.759609,-39.288124 173.759599,-39.288154 173.759494,-39.288190 173.759392,-39.288231 173.759284,-39.288285 173.759192,-39.288334 173.759074,-39.288353 173.758999,-39.288339 173.758892,-39.288282 173.758744,-39.288220 173.758660,-39.288211 173.758560,-39.288166 173.758463,-39.288111 173.758296,-39.288038 173.758106,-39.287948 173.757926,-39.287880 173.757797,-39.287839 173.757660,-39.287776 173.757561,-39.287710 173.757533,-39.287634 173.757588,-39.287584 173.757634,-39.287573 173.757708,-39.287580 173.757820,-39.287577 173.757939,-39.287551 173.758108,-39.287499 173.758253,-39.287452 173.758367,-39.287405 173.758468,-39.287352 173.758550,-39.287286 173.758695,-39.287213 173.758777,-39.287172 173.758907,-39.287163 173.759020,-39.287181 173.759149,-39.287226 173.759258,-39.287271 173.759323,-39.287322 173.759386,-39.287420 173.759428,-39.287500 173.759473,-39.287611 173.759538,-39.287700 173.759622,-39.287765 173.759666,-39.287815 173.759672,-39.287876 173.759682,-39.287916 173.759698,-39.287959 173.759692,-39.287997 173.759672,-39.288019</coordinates>
</LinearRing>
</outerBoundaryIs>
</Polygon>
</Placemark>
<Placemark><name />
<styleUrl>#nz-lake-polygons-topo-150kId</styleUrl>
<ExtendedData><SchemaData schemaUrl="#nz-lake-polygons-topo-150kId"><SimpleData name="t50_fid">5037013</SimpleData>
<SimpleData name="elevation">0</SimpleData>
<SimpleData name="grp_ascii" />
<SimpleData name="grp_name" />
<SimpleData name="perennial" />
<SimpleData name="temperatur" />
<SimpleData name="lake_use" />
<SimpleData name="name_ascii" />
<SimpleData name="macronated">N</SimpleData>
<SimpleData name="name" />
<SimpleData name="grp_macron">N</SimpleData>
</SchemaData>
</ExtendedData>
<Polygon><outerBoundaryIs><LinearRing><tessellate>1</tessellate>
<coordinates> 173.759907,-39.270084 173.759744,-39.270174 173.759499,-39.270297 173.759147,-39.270357 173.758958,-39.270294 173.759006,-39.270160 173.759128,-39.270121 173.759326,-39.270190 173.759514,-39.270163 173.759644,-39.270067 173.759602,-39.269978 173.759329,-39.269725 173.759469,-39.269768 173.759617,-39.269850 173.759856,-39.269970 173.759907,-39.270084</coordinates>
</LinearRing>
</outerBoundaryIs>
</Polygon>
</Placemark>
<Placemark><name />
<styleUrl>#nz-lake-polygons-topo-150kId</styleUrl>
<ExtendedData><SchemaData schemaUrl="#nz-lake-polygons-topo-150kId"><SimpleData name="t50_fid">5008613</SimpleData>
<SimpleData name="elevation">0</SimpleData>
<SimpleData name="grp_ascii" />
<SimpleData name="grp_name" />
<SimpleData name="perennial" />
<SimpleData name="temperatur" />
<SimpleData name="lake_use" />
<SimpleData name="name_ascii" />
<SimpleData name="macronated">N</SimpleData>
<SimpleData name="name" />
<SimpleData name="grp_macron">N</SimpleData>
</SchemaData>
</ExtendedData>
<Polygon><outerBoundaryIs><LinearRing><tessellate>1</tessellate>
<coordinates> 174.170505,-39.106125 174.170010,-39.106647 174.169566,-39.106745 174.169168,-39.106923 174.169093,-39.106875 174.169020,-39.106829 174.169103,-39.106670 174.169389,-39.106553 174.169757,-39.106254 174.169978,-39.106082 174.170130,-39.105955 174.170199,-39.105598 174.170289,-39.105512 174.170772,-39.105659 174.170716,-39.105762 174.170505,-39.106125</coordinates>
</LinearRing>
</outerBoundaryIs>
</Polygon>
</Placemark>
<Placemark><name />
<styleUrl>#nz-lake-polygons-topo-150kId</styleUrl>
<ExtendedData><SchemaData schemaUrl="#nz-lake-polygons-topo-150kId"><SimpleData name="t50_fid">8075278</SimpleData>
<SimpleData name="elevation">0</SimpleData>
<SimpleData name="grp_ascii" />
<SimpleData name="grp_name" />
<SimpleData name="perennial" />
<SimpleData name="temperatur" />
<SimpleData name="lake_use" />
<SimpleData name="name_ascii" />
<SimpleData name="macronated">N</SimpleData>
<SimpleData name="name" />
<SimpleData name="grp_macron">N</SimpleData>
</SchemaData>
</ExtendedData>
<Polygon><outerBoundaryIs><LinearRing><tessellate>1</tessellate>
<coordinates> 174.169781,-39.117935 174.169797,-39.118029 174.169759,-39.118124 174.169807,-39.118177 174.169884,-39.118205 174.169936,-39.118239 174.169967,-39.118307 174.169913,-39.118404 174.169775,-39.118468 174.169642,-39.118404 174.169536,-39.118371 174.169466,-39.118326 174.169423,-39.118215 174.169444,-39.118115 174.169574,-39.118000 174.169690,-39.117933 174.169744,-39.117910 174.169781,-39.117935</coordinates>
</LinearRing>
</outerBoundaryIs>
</Polygon>
</Placemark>
<Placemark><name />
<styleUrl>#nz-lake-polygons-topo-150kId</styleUrl>
<ExtendedData><SchemaData schemaUrl="#nz-lake-polygons-topo-150kId"><SimpleData name="t50_fid">5037482</SimpleData>
<SimpleData name="elevation">0</SimpleData>
<SimpleData name="grp_ascii" />
<SimpleData name="grp_name" />
<SimpleData name="perennial" />
<SimpleData name="temperatur" />
<SimpleData name="lake_use" />
<SimpleData name="name_ascii" />
<SimpleData name="macronated">N</SimpleData>
<SimpleData name="name" />
<SimpleData name="grp_macron">N</SimpleData>
</SchemaData>
</ExtendedData>
<Polygon><outerBoundaryIs><LinearRing><tessellate>1</tessellate>
<coordinates> 174.173962,-39.109901 174.173668,-39.109677 174.173380,-39.109534 174.173258,-39.109279 174.173520,-39.109209 174.174054,-39.109271 174.174097,-39.109543 174.174077,-39.109673 174.174243,-39.109911 174.174163,-39.109987 174.173962,-39.109901</coordinates>
</LinearRing>
</outerBoundaryIs>
</Polygon>
</Placemark>
<Placemark><name />
<styleUrl>#nz-lake-polygons-topo-150kId</styleUrl>
<ExtendedData><SchemaData schemaUrl="#nz-lake-polygons-topo-150kId"><SimpleData name="t50_fid">5037481</SimpleData>
<SimpleData name="elevation">0</SimpleData>
<SimpleData name="grp_ascii" />
<SimpleData name="grp_name" />
<SimpleData name="perennial" />
<SimpleData name="temperatur" />
<SimpleData name="lake_use" />
<SimpleData name="name_ascii" />
<SimpleData name="macronated">N</SimpleData>
<SimpleData name="name" />
<SimpleData name="grp_macron">N</SimpleData>
</SchemaData>
</ExtendedData>
<Polygon><outerBoundaryIs><LinearRing><tessellate>1</tessellate>
<coordinates> 174.175075,-39.110087 174.175231,-39.110123 174.175171,-39.110367 174.174989,-39.110465 174.174965,-39.110621 174.174885,-39.110689 174.174818,-39.110845 174.174776,-39.110899 174.174646,-39.110850 174.174409,-39.110505 174.174504,-39.110428 174.174671,-39.110366 174.174734,-39.110342 174.174960,-39.110173 174.175075,-39.110087</coordinates>
</LinearRing>
</outerBoundaryIs>
</Polygon>
</Placemark>
<Placemark><name />
<styleUrl>#nz-lake-polygons-topo-150kId</styleUrl>
<ExtendedData><SchemaData schemaUrl="#nz-lake-polygons-topo-150kId"><SimpleData name="t50_fid">5037475</SimpleData>
<SimpleData name="elevation">0</SimpleData>
<SimpleData name="grp_ascii" />
<SimpleData name="grp_name" />
<SimpleData name="perennial" />
<SimpleData name="temperatur" />
<SimpleData name="lake_use" />
<SimpleData name="name_ascii" />
<SimpleData name="macronated">N</SimpleData>
<SimpleData name="name" />
<SimpleData name="grp_macron">N</SimpleData>
</SchemaData>
</ExtendedData>
<Polygon><outerBoundaryIs><LinearRing><tessellate>1</tessellate>
<coordinates> 174.178474,-39.112483 174.178439,-39.112617 174.178386,-39.112729 174.178095,-39.112937 174.177884,-39.112987 174.177610,-39.112966 174.177378,-39.113013 174.177206,-39.112950 174.177184,-39.112842 174.177245,-39.112777 174.177279,-39.112627 174.177401,-39.112514 174.177565,-39.112484 174.177706,-39.112567 174.177903,-39.112621 174.178030,-39.112487 174.178116,-39.112370 174.178292,-39.112368 174.178406,-39.112427 174.178474,-39.112483</coordinates>
</LinearRing>
</outerBoundaryIs>
</Polygon>
</Placemark>
<Placemark><name />
<styleUrl>#nz-lake-polygons-topo-150kId</styleUrl>
<ExtendedData><SchemaData schemaUrl="#nz-lake-polygons-topo-150kId"><SimpleData name="t50_fid">5037483</SimpleData>
<SimpleData name="elevation">0</SimpleData>
<SimpleData name="grp_ascii" />
<SimpleData name="grp_name" />
<SimpleData name="perennial" />
<SimpleData name="temperatur" />
<SimpleData name="lake_use" />
<SimpleData name="name_ascii" />
<SimpleData name="macronated">N</SimpleData>
<SimpleData name="name" />
<SimpleData name="grp_macron">N</SimpleData>
</SchemaData>
</ExtendedData>
<Polygon><outerBoundaryIs><LinearRing><tessellate>1</tessellate>
<coordinates> 174.178583,-39.106486 174.178431,-39.106368 174.178404,-39.106114 174.178448,-39.106056 174.178528,-39.106096 174.178638,-39.106223 174.178720,-39.106202 174.178800,-39.106058 174.178955,-39.106051 174.178986,-39.106222 174.178906,-39.106337 174.178832,-39.106474 174.178798,-39.106627 174.178714,-39.106704 174.178605,-39.106710 174.178583,-39.106486</coordinates>
</LinearRing>
</outerBoundaryIs>
</Polygon>
</Placemark>
<Placemark><name />
<styleUrl>#nz-lake-polygons-topo-150kId</styleUrl>
<ExtendedData><SchemaData schemaUrl="#nz-lake-polygons-topo-150kId"><SimpleData name="t50_fid">5037484</SimpleData>
<SimpleData name="elevation">0</SimpleData>
<SimpleData name="grp_ascii" />
<SimpleData name="grp_name" />
<SimpleData name="perennial" />
<SimpleData name="temperatur" />
<SimpleData name="lake_use" />
<SimpleData name="name_ascii" />
<SimpleData name="macronated">N</SimpleData>
<SimpleData name="name" />
<SimpleData name="grp_macron">N</SimpleData>
</SchemaData>
</ExtendedData>
<Polygon><outerBoundaryIs><LinearRing><tessellate>1</tessellate>
<coordinates> 174.185007,-39.100754 174.185059,-39.100658 174.185142,-39.100567 174.185337,-39.100512 174.185475,-39.100441 174.185587,-39.100533 174.185558,-39.100668 174.185445,-39.100811 174.185199,-39.100883 174.185042,-39.100944 174.184947,-39.100853 174.185007,-39.100754</coordinates>
</LinearRing>
</outerBoundaryIs>
</Polygon>
</Placemark>
<Placemark><name />
<styleUrl>#nz-lake-polygons-topo-150kId</styleUrl>
<ExtendedData><SchemaData schemaUrl="#nz-lake-polygons-topo-150kId"><SimpleData name="t50_fid">5037486</SimpleData>
<SimpleData name="elevation">0</SimpleData>
<SimpleData name="grp_ascii" />
<SimpleData name="grp_name" />
<SimpleData name="perennial" />
<SimpleData name="temperatur" />
<SimpleData name="lake_use" />
<SimpleData name="name_ascii" />
<SimpleData name="macronated">N</SimpleData>
<SimpleData name="name" />
<SimpleData name="grp_macron">N</SimpleData>
</SchemaData>
</ExtendedData>
<Polygon><outerBoundaryIs><LinearRing><tessellate>1</tessellate>
<coordinates> 174.201552,-39.118036 174.201566,-39.118126 174.201457,-39.118188 174.201227,-39.118331 174.201029,-39.118434 174.200848,-39.118416 174.200847,-39.118335 174.200981,-39.118293 174.201211,-39.118140 174.201222,-39.118009 174.201221,-39.117924 174.201349,-39.117912 174.201492,-39.117946 174.201552,-39.118036</coordinates>
</LinearRing>
</outerBoundaryIs>
</Polygon>
</Placemark>
<Placemark><name />
<styleUrl>#nz-lake-polygons-topo-150kId</styleUrl>
<ExtendedData><SchemaData schemaUrl="#nz-lake-polygons-topo-150kId"><SimpleData name="t50_fid">5037487</SimpleData>
<SimpleData name="elevation">0</SimpleData>
<SimpleData name="grp_ascii" />
<SimpleData name="grp_name" />
<SimpleData name="perennial" />
<SimpleData name="temperatur" />
<SimpleData name="lake_use" />
<SimpleData name="name_ascii" />
<SimpleData name="macronated">N</SimpleData>
<SimpleData name="name" />
<SimpleData name="grp_macron">N</SimpleData>
</SchemaData>
</ExtendedData>
<Polygon><outerBoundaryIs><LinearRing><tessellate>1</tessellate>
<coordinates> 174.202122,-39.116277 174.202119,-39.116348 174.202014,-39.116398 174.201919,-39.116478 174.201777,-39.116588 174.201673,-39.116690 174.201533,-39.116661 174.201387,-39.116550 174.201404,-39.116445 174.201496,-39.116459 174.201636,-39.116507 174.201736,-39.116442 174.201763,-39.116337 174.201886,-39.116253 174.202054,-39.116252 174.202122,-39.116277</coordinates>
</LinearRing>
</outerBoundaryIs>
</Polygon>
</Placemark>
<Placemark><name />
<styleUrl>#nz-lake-polygons-topo-150kId</styleUrl>
<ExtendedData><SchemaData schemaUrl="#nz-lake-polygons-topo-150kId"><SimpleData name="t50_fid">5008617</SimpleData>
<SimpleData name="elevation">0</SimpleData>
<SimpleData name="grp_ascii" />
<SimpleData name="grp_name" />
<SimpleData name="perennial" />
<SimpleData name="temperatur" />
<SimpleData name="lake_use" />
<SimpleData name="name_ascii" />
<SimpleData name="macronated">N</SimpleData>
<SimpleData name="name" />
<SimpleData name="grp_macron">N</SimpleData>
</SchemaData>
</ExtendedData>
<Polygon><outerBoundaryIs><LinearRing><tessellate>1</tessellate>
<coordinates> 174.163457,-39.061368 174.163640,-39.061336 174.163742,-39.061357 174.164826,-39.061343 174.165014,-39.061299 174.165297,-39.061462 174.165558,-39.061716 174.165565,-39.061859 174.164757,-39.061860 174.164555,-39.061655 174.164423,-39.061554 174.164293,-39.061585 174.164092,-39.061742 174.163988,-39.061860 174.163808,-39.061858 174.163516,-39.061748 174.163346,-39.061655 174.163348,-39.061523 174.163457,-39.061368</coordinates>
</LinearRing>
</outerBoundaryIs>
</Polygon>
</Placemark>
<Placemark><name />
<styleUrl>#nz-lake-polygons-topo-150kId</styleUrl>
<ExtendedData><SchemaData schemaUrl="#nz-lake-polygons-topo-150kId"><SimpleData name="t50_fid">5037504</SimpleData>
<SimpleData name="elevation">0</SimpleData>
<SimpleData name="grp_ascii" />
<SimpleData name="grp_name" />
<SimpleData name="perennial" />
<SimpleData name="temperatur" />
<SimpleData name="lake_use" />
<SimpleData name="name_ascii" />
<SimpleData name="macronated">N</SimpleData>
<SimpleData name="name" />
<SimpleData name="grp_macron">N</SimpleData>
</SchemaData>
</ExtendedData>
<Polygon><outerBoundaryIs><LinearRing><tessellate>1</tessellate>
<coordinates> 174.163101,-39.060326 174.163318,-39.060245 174.163458,-39.060255 174.163668,-39.060358 174.163850,-39.060828 174.163860,-39.060896 174.163778,-39.060904 174.163662,-39.060868 174.163487,-39.060850 174.163372,-39.060912 174.163237,-39.060932 174.163046,-39.060825 174.162875,-39.060694 174.162771,-39.060556 174.162808,-39.060423 174.163101,-39.060326</coordinates>
</LinearRing>
</outerBoundaryIs>
</Polygon>
</Placemark>
<Placemark><name />
<styleUrl>#nz-lake-polygons-topo-150kId</styleUrl>
<ExtendedData><SchemaData schemaUrl="#nz-lake-polygons-topo-150kId"><SimpleData name="t50_fid">5037505</SimpleData>
<SimpleData name="elevation">0</SimpleData>
<SimpleData name="grp_ascii" />
<SimpleData name="grp_name" />
<SimpleData name="perennial" />
<SimpleData name="temperatur" />
<SimpleData name="lake_use" />
<SimpleData name="name_ascii" />
<SimpleData name="macronated">N</SimpleData>
<SimpleData name="name" />
<SimpleData name="grp_macron">N</SimpleData>
</SchemaData>
</ExtendedData>
<Polygon><outerBoundaryIs><LinearRing><tessellate>1</tessellate>
<coordinates> 174.166140,-39.063430 174.165760,-39.063319 174.165581,-39.063198 174.165609,-39.062929 174.165689,-39.062696 174.165957,-39.062571 174.165965,-39.062567 174.166502,-39.062660 174.166783,-39.062721 174.166817,-39.062814 174.166651,-39.063014 174.166576,-39.063156 174.166586,-39.063538 174.166140,-39.063430</coordinates>
</LinearRing>
</outerBoundaryIs>
</Polygon>
</Placemark>
<Placemark><name />
<styleUrl>#nz-lake-polygons-topo-150kId</styleUrl>
<ExtendedData><SchemaData schemaUrl="#nz-lake-polygons-topo-150kId"><SimpleData name="t50_fid">5037511</SimpleData>
<SimpleData name="elevation">0</SimpleData>
<SimpleData name="grp_ascii" />
<SimpleData name="grp_name" />
<SimpleData name="perennial" />
<SimpleData name="temperatur" />
<SimpleData name="lake_use" />
<SimpleData name="name_ascii" />
<SimpleData name="macronated">N</SimpleData>
<SimpleData name="name" />
<SimpleData name="grp_macron">N</SimpleData>
</SchemaData>
</ExtendedData>
<Polygon><outerBoundaryIs><LinearRing><tessellate>1</tessellate>
<coordinates> 174.196444,-39.063386 174.196450,-39.063501 174.196533,-39.063642 174.196549,-39.063822 174.196499,-39.063904 174.196399,-39.063872 174.196367,-39.063807 174.196299,-39.063731 174.196151,-39.063688 174.195978,-39.063700 174.195964,-39.063641 174.196082,-39.063553 174.196116,-39.063505 174.196195,-39.063392 174.196341,-39.063360 174.196444,-39.063386</coordinates>
</LinearRing>
</outerBoundaryIs>
</Polygon>
</Placemark>
<Placemark><name />
<styleUrl>#nz-lake-polygons-topo-150kId</styleUrl>
<ExtendedData><SchemaData schemaUrl="#nz-lake-polygons-topo-150kId"><SimpleData name="t50_fid">5037512</SimpleData>
<SimpleData name="elevation">0</SimpleData>
<SimpleData name="grp_ascii" />
<SimpleData name="grp_name" />
<SimpleData name="perennial" />
<SimpleData name="temperatur" />
<SimpleData name="lake_use" />
<SimpleData name="name_ascii" />
<SimpleData name="macronated">N</SimpleData>
<SimpleData name="name" />
<SimpleData name="grp_macron">N</SimpleData>
</SchemaData>
</ExtendedData>
<Polygon><outerBoundaryIs><LinearRing><tessellate>1</tessellate>
<coordinates> 174.195110,-39.060044 174.195023,-39.060078 174.194849,-39.060128 174.194699,-39.060149 174.194583,-39.060205 174.194454,-39.060200 174.194225,-39.060193 174.194163,-39.060216 174.193995,-39.060160 174.193868,-39.060070 174.193918,-39.060024 174.194005,-39.060029 174.194164,-39.060044 174.194267,-39.059975 174.194504,-39.059946 174.194600,-39.059968 174.194696,-39.059987 174.194821,-39.059966 174.194967,-39.059964 174.195113,-39.059908 174.195110,-39.060044</coordinates>
</LinearRing>
</outerBoundaryIs>
</Polygon>
</Placemark>
<Placemark><name />
<styleUrl>#nz-lake-polygons-topo-150kId</styleUrl>
<ExtendedData><SchemaData schemaUrl="#nz-lake-polygons-topo-150kId"><SimpleData name="t50_fid">5037501</SimpleData>
<SimpleData name="elevation">0</SimpleData>
<SimpleData name="grp_ascii" />
<SimpleData name="grp_name" />
<SimpleData name="perennial" />
<SimpleData name="temperatur" />
<SimpleData name="lake_use" />
<SimpleData name="name_ascii" />
<SimpleData name="macronated">N</SimpleData>
<SimpleData name="name" />
<SimpleData name="grp_macron">N</SimpleData>
</SchemaData>
</ExtendedData>
<Polygon><outerBoundaryIs><LinearRing><tessellate>1</tessellate>
<coordinates> 174.182928,-39.080512 174.182776,-39.080562 174.182737,-39.080621 174.182674,-39.080594 174.182688,-39.080520 174.182774,-39.080449 174.182785,-39.080387 174.182778,-39.080246 174.182733,-39.080145 174.182602,-39.080070 174.182556,-39.079929 174.182538,-39.079748 174.182600,-39.079722 174.182727,-39.079749 174.182779,-39.079841 174.182789,-39.079948 174.182902,-39.080091 174.182981,-39.080348 174.182971,-39.080444 174.182928,-39.080512</coordinates>
</LinearRing>
</outerBoundaryIs>
</Polygon>
</Placemark>
<Placemark><name />
<styleUrl>#nz-lake-polygons-topo-150kId</styleUrl>
<ExtendedData><SchemaData schemaUrl="#nz-lake-polygons-topo-150kId"><SimpleData name="t50_fid">8075293</SimpleData>
<SimpleData name="elevation">0</SimpleData>
<SimpleData name="grp_ascii" />
<SimpleData name="grp_name" />
<SimpleData name="perennial" />
<SimpleData name="temperatur" />
<SimpleData name="lake_use" />
<SimpleData name="name_ascii" />
<SimpleData name="macronated">N</SimpleData>
<SimpleData name="name" />
<SimpleData name="grp_macron">N</SimpleData>
</SchemaData>
</ExtendedData>
<Polygon><outerBoundaryIs><LinearRing><tessellate>1</tessellate>
<coordinates> 174.191563,-39.038567 174.191466,-39.038634 174.191423,-39.038676 174.191367,-39.038715 174.191351,-39.038797 174.191303,-39.038851 174.191249,-39.038858 174.191188,-39.038845 174.191121,-39.038907 174.191043,-39.038949 174.190911,-39.039032 174.190772,-39.039072 174.190689,-39.039070 174.190634,-39.039052 174.190618,-39.039009 174.190621,-39.038958 174.190627,-39.038917 174.190688,-39.038898 174.190705,-39.038858 174.190693,-39.038790 174.190688,-39.038744 174.190715,-39.038696 174.190729,-39.038609 174.190728,-39.038543 174.190762,-39.038480 174.190820,-39.038413 174.190868,-39.038393 174.190984,-39.038426 174.191058,-39.038432 174.191143,-39.038428 174.191237,-39.038391 174.191284,-39.038363 174.191327,-39.038292 174.191563,-39.038567</coordinates>
</LinearRing>
</outerBoundaryIs>
</Polygon>
</Placemark>
<Placemark><name />
<styleUrl>#nz-lake-polygons-topo-150kId</styleUrl>
<ExtendedData><SchemaData schemaUrl="#nz-lake-polygons-topo-150kId"><SimpleData name="t50_fid">5037617</SimpleData>
<SimpleData name="elevation">0</SimpleData>
<SimpleData name="grp_ascii" />
<SimpleData name="grp_name" />
<SimpleData name="perennial" />
<SimpleData name="temperatur" />
<SimpleData name="lake_use" />
<SimpleData name="name_ascii" />
<SimpleData name="macronated">N</SimpleData>
<SimpleData name="name" />
<SimpleData name="grp_macron">N</SimpleData>
</SchemaData>
</ExtendedData>
<Polygon><outerBoundaryIs><LinearRing><tessellate>1</tessellate>
<coordinates> 174.198080,-39.038249 174.198195,-39.038224 174.198475,-39.038268 174.198612,-39.038372 174.198588,-39.038526 174.198453,-39.038548 174.198408,-39.038638 174.198299,-39.038680 174.198231,-39.038636 174.198198,-39.038522 174.198056,-39.038452 174.198080,-39.038249</coordinates>
</LinearRing>
</outerBoundaryIs>
</Polygon>
</Placemark>
<Placemark><name />
<styleUrl>#nz-lake-polygons-topo-150kId</styleUrl>
<ExtendedData><SchemaData schemaUrl="#nz-lake-polygons-topo-150kId"><SimpleData name="t50_fid">5037616</SimpleData>
<SimpleData name="elevation">0</SimpleData>
<SimpleData name="grp_ascii" />
<SimpleData name="grp_name" />
<SimpleData name="perennial" />
<SimpleData name="temperatur" />
<SimpleData name="lake_use" />
<SimpleData name="name_ascii" />
<SimpleData name="macronated">N</SimpleData>
<SimpleData name="name" />
<SimpleData name="grp_macron">N</SimpleData>
</SchemaData>
</ExtendedData>
<Polygon><outerBoundaryIs><LinearRing><tessellate>1</tessellate>
<coordinates> 174.194191,-39.005185 174.193903,-39.004851 174.193570,-39.004523 174.193498,-39.004437 174.193354,-39.004318 174.193132,-39.004141 174.193103,-39.004061 174.193243,-39.004076 174.193358,-39.004123 174.193483,-39.004241 174.193724,-39.004414 174.193886,-39.004626 174.194145,-39.004870 174.194392,-39.005114 174.194479,-39.005322 174.194191,-39.005185</coordinates>
</LinearRing>
</outerBoundaryIs>
</Polygon>
</Placemark>
<Placemark><name />
<styleUrl>#nz-lake-polygons-topo-150kId</styleUrl>
<ExtendedData><SchemaData schemaUrl="#nz-lake-polygons-topo-150kId"><SimpleData name="t50_fid">5037614</SimpleData>
<SimpleData name="elevation">0</SimpleData>
<SimpleData name="grp_ascii" />
<SimpleData name="grp_name" />
<SimpleData name="perennial" />
<SimpleData name="temperatur" />
<SimpleData name="lake_use" />
<SimpleData name="name_ascii" />
<SimpleData name="macronated">N</SimpleData>
<SimpleData name="name" />
<SimpleData name="grp_macron">N</SimpleData>
</SchemaData>
</ExtendedData>
<Polygon><outerBoundaryIs><LinearRing><tessellate>1</tessellate>
<coordinates> 174.187189,-38.994760 174.187504,-38.994695 174.187700,-38.994592 174.187989,-38.994593 174.188014,-38.994756 174.187767,-38.994860 174.187428,-38.994895 174.187123,-38.994880 174.187189,-38.994760</coordinates>
</LinearRing>
</outerBoundaryIs>
</Polygon>
</Placemark>
<Placemark><name />
<styleUrl>#nz-lake-polygons-topo-150kId</styleUrl>
<ExtendedData><SchemaData schemaUrl="#nz-lake-polygons-topo-150kId"><SimpleData name="t50_fid">5008634</SimpleData>
<SimpleData name="elevation">0</SimpleData>
<SimpleData name="grp_ascii" />
<SimpleData name="grp_name" />
<SimpleData name="perennial" />
<SimpleData name="temperatur" />
<SimpleData name="lake_use" />
<SimpleData name="name_ascii" />
<SimpleData name="macronated">N</SimpleData>
<SimpleData name="name" />
<SimpleData name="grp_macron">N</SimpleData>
</SchemaData>
</ExtendedData>
<Polygon><outerBoundaryIs><LinearRing><tessellate>1</tessellate>
<coordinates> 174.186765,-38.995113 174.186557,-38.995208 174.186321,-38.995299 174.186157,-38.995305 174.186054,-38.995204 174.185783,-38.995203 174.185275,-38.995300 174.184826,-38.995499 174.184608,-38.995607 174.184534,-38.995586 174.184517,-38.995489 174.184691,-38.995314 174.184675,-38.995164 174.184827,-38.995115 174.184951,-38.994990 174.185248,-38.994841 174.185753,-38.994836 174.186173,-38.994920 174.186361,-38.995001 174.186592,-38.994942 174.186851,-38.994919 174.186765,-38.995113</coordinates>
</LinearRing>
</outerBoundaryIs>
</Polygon>
</Placemark>
<Placemark><name />
<styleUrl>#nz-lake-polygons-topo-150kId</styleUrl>
<ExtendedData><SchemaData schemaUrl="#nz-lake-polygons-topo-150kId"><SimpleData name="t50_fid">5037613</SimpleData>
<SimpleData name="elevation">0</SimpleData>
<SimpleData name="grp_ascii" />
<SimpleData name="grp_name" />
<SimpleData name="perennial" />
<SimpleData name="temperatur" />
<SimpleData name="lake_use" />
<SimpleData name="name_ascii" />
<SimpleData name="macronated">N</SimpleData>
<SimpleData name="name" />
<SimpleData name="grp_macron">N</SimpleData>
</SchemaData>
</ExtendedData>
<Polygon><outerBoundaryIs><LinearRing><tessellate>1</tessellate>
<coordinates> 174.159252,-39.021567 174.159441,-39.021521 174.159694,-39.021522 174.159813,-39.021573 174.159855,-39.021665 174.159863,-39.021915 174.159811,-39.022013 174.159753,-39.022006 174.159673,-39.021945 174.159589,-39.021890 174.159471,-39.021888 174.159313,-39.021905 174.159221,-39.021851 174.159184,-39.021701 174.159252,-39.021567</coordinates>
</LinearRing>
</outerBoundaryIs>
</Polygon>
</Placemark>
<Placemark><name />
<styleUrl>#nz-lake-polygons-topo-150kId</styleUrl>
<ExtendedData><SchemaData schemaUrl="#nz-lake-polygons-topo-150kId"><SimpleData name="t50_fid">5008636</SimpleData>
<SimpleData name="elevation">0</SimpleData>
<SimpleData name="grp_ascii" />
<SimpleData name="grp_name" />
<SimpleData name="perennial" />
<SimpleData name="temperatur" />
<SimpleData name="lake_use" />
<SimpleData name="name_ascii" />
<SimpleData name="macronated">N</SimpleData>
<SimpleData name="name" />
<SimpleData name="grp_macron">N</SimpleData>
</SchemaData>
</ExtendedData>
<Polygon><outerBoundaryIs><LinearRing><tessellate>1</tessellate>
<coordinates> 174.157974,-39.020777 174.158163,-39.020486 174.158439,-39.020474 174.158511,-39.020504 174.158508,-39.020569 174.158584,-39.020623 174.158715,-39.020634 174.158783,-39.020708 174.158979,-39.020848 174.159123,-39.020914 174.159213,-39.021138 174.159122,-39.021364 174.158979,-39.021414 174.158915,-39.021283 174.158787,-39.021158 174.158644,-39.021132 174.158404,-39.021199 174.158211,-39.021247 174.158028,-39.021156 174.157949,-39.020963 174.157974,-39.020777</coordinates>
</LinearRing>
</outerBoundaryIs>
</Polygon>
</Placemark>
<Placemark><name />
<styleUrl>#nz-lake-polygons-topo-150kId</styleUrl>
<ExtendedData><SchemaData schemaUrl="#nz-lake-polygons-topo-150kId"><SimpleData name="t50_fid">5037597</SimpleData>
<SimpleData name="elevation">0</SimpleData>
<SimpleData name="grp_ascii" />
<SimpleData name="grp_name" />
<SimpleData name="perennial" />
<SimpleData name="temperatur" />
<SimpleData name="lake_use" />
<SimpleData name="name_ascii" />
<SimpleData name="macronated">N</SimpleData>
<SimpleData name="name" />
<SimpleData name="grp_macron">N</SimpleData>
</SchemaData>
</ExtendedData>
<Polygon><outerBoundaryIs><LinearRing><tessellate>1</tessellate>
<coordinates> 174.490669,-39.140734 174.490998,-39.140696 174.491171,-39.140733 174.491133,-39.140945 174.490956,-39.141054 174.490711,-39.141018 174.490531,-39.140948 174.490421,-39.140826 174.490669,-39.140734</coordinates>
</LinearRing>
</outerBoundaryIs>
</Polygon>
</Placemark>
<Placemark><name />
<styleUrl>#nz-lake-polygons-topo-150kId</styleUrl>
<ExtendedData><SchemaData schemaUrl="#nz-lake-polygons-topo-150kId"><SimpleData name="t50_fid">5037564</SimpleData>
<SimpleData name="elevation">0</SimpleData>
<SimpleData name="grp_ascii" />
<SimpleData name="grp_name" />
<SimpleData name="perennial" />
<SimpleData name="temperatur" />
<SimpleData name="lake_use" />
<SimpleData name="name_ascii" />
<SimpleData name="macronated">N</SimpleData>
<SimpleData name="name" />
<SimpleData name="grp_macron">N</SimpleData>
</SchemaData>
</ExtendedData>
<Polygon><outerBoundaryIs><LinearRing><tessellate>1</tessellate>
<coordinates> 174.490437,-39.244963 174.490966,-39.244278 174.491234,-39.244498 174.490670,-39.245027 174.490525,-39.245029 174.490437,-39.244963</coordinates>
</LinearRing>
</outerBoundaryIs>
</Polygon>
</Placemark>
<Placemark><name />
<styleUrl>#nz-lake-polygons-topo-150kId</styleUrl>
<ExtendedData><SchemaData schemaUrl="#nz-lake-polygons-topo-150kId"><SimpleData name="t50_fid">5037077</SimpleData>
<SimpleData name="elevation">0</SimpleData>
<SimpleData name="grp_ascii" />
<SimpleData name="grp_name" />
<SimpleData name="perennial" />
<SimpleData name="temperatur" />
<SimpleData name="lake_use" />
<SimpleData name="name_ascii" />
<SimpleData name="macronated">N</SimpleData>
<SimpleData name="name" />
<SimpleData name="grp_macron">N</SimpleData>
</SchemaData>
</ExtendedData>
<Polygon><outerBoundaryIs><LinearRing><tessellate>1</tessellate>
<coordinates> 174.316413,-39.604918 174.316469,-39.604964 174.316414,-39.604992 174.316283,-39.604981 174.316194,-39.605052 174.316094,-39.605054 174.315978,-39.605067 174.315947,-39.605005 174.316001,-39.604930 174.316276,-39.604845 174.316426,-39.604832 174.316419,-39.604883 174.316413,-39.604918</coordinates>
</LinearRing>
</outerBoundaryIs>
</Polygon>
</Placemark>
<Placemark><name />
<styleUrl>#nz-lake-polygons-topo-150kId</styleUrl>
<ExtendedData><SchemaData schemaUrl="#nz-lake-polygons-topo-150kId"><SimpleData name="t50_fid">5037080</SimpleData>
<SimpleData name="elevation">0</SimpleData>
<SimpleData name="grp_ascii" />
<SimpleData name="grp_name" />
<SimpleData name="perennial" />
<SimpleData name="temperatur" />
<SimpleData name="lake_use" />
<SimpleData name="name_ascii" />
<SimpleData name="macronated">N</SimpleData>
<SimpleData name="name" />
<SimpleData name="grp_macron">N</SimpleData>
</SchemaData>
</ExtendedData>
<Polygon><outerBoundaryIs><LinearRing><tessellate>1</tessellate>
<coordinates> 174.317687,-39.602013 174.317579,-39.601973 174.317425,-39.601842 174.317427,-39.601761 174.317505,-39.601712 174.317612,-39.601720 174.317691,-39.601881 174.317763,-39.602027 174.317687,-39.602013</coordinates>
</LinearRing>
</outerBoundaryIs>
</Polygon>
</Placemark>
<Placemark><name />
<styleUrl>#nz-lake-polygons-topo-150kId</styleUrl>
<ExtendedData><SchemaData schemaUrl="#nz-lake-polygons-topo-150kId"><SimpleData name="t50_fid">5037071</SimpleData>
<SimpleData name="elevation">0</SimpleData>
<SimpleData name="grp_ascii" />
<SimpleData name="grp_name" />
<SimpleData name="perennial" />
<SimpleData name="temperatur" />
<SimpleData name="lake_use" />
<SimpleData name="name_ascii" />
<SimpleData name="macronated">N</SimpleData>
<SimpleData name="name" />
<SimpleData name="grp_macron">N</SimpleData>
</SchemaData>
</ExtendedData>
<Polygon><outerBoundaryIs><LinearRing><tessellate>1</tessellate>
<coordinates> 174.317273,-39.616794 174.317329,-39.616912 174.317418,-39.617015 174.317622,-39.617163 174.317650,-39.617240 174.317611,-39.617277 174.317544,-39.617314 174.317414,-39.617160 174.317257,-39.616991 174.317174,-39.616810 174.317273,-39.616794</coordinates>
</LinearRing>
</outerBoundaryIs>
</Polygon>
</Placemark>
<Placemark><name />
<styleUrl>#nz-lake-polygons-topo-150kId</styleUrl>
<ExtendedData><SchemaData schemaUrl="#nz-lake-polygons-topo-150kId"><SimpleData name="t50_fid">8352136</SimpleData>
<SimpleData name="elevation">0</SimpleData>
<SimpleData name="grp_ascii" />
<SimpleData name="grp_name" />
<SimpleData name="perennial" />
<SimpleData name="temperatur" />
<SimpleData name="lake_use" />
<SimpleData name="name_ascii" />
<SimpleData name="macronated">N</SimpleData>
<SimpleData name="name" />
<SimpleData name="grp_macron">N</SimpleData>
</SchemaData>
</ExtendedData>
<Polygon><outerBoundaryIs><LinearRing><tessellate>1</tessellate>
<coordinates> 174.321422,-39.604740 174.321474,-39.604711 174.321539,-39.604727 174.321588,-39.604743 174.321626,-39.604771 174.321673,-39.604814 174.321689,-39.604842 174.321643,-39.604876 174.321606,-39.604877 174.321538,-39.604880 174.321483,-39.604859 174.321380,-39.604791 174.321422,-39.604740</coordinates>
</LinearRing>
</outerBoundaryIs>
</Polygon>
</Placemark>
<Placemark><name />
<styleUrl>#nz-lake-polygons-topo-150kId</styleUrl>
<ExtendedData><SchemaData schemaUrl="#nz-lake-polygons-topo-150kId"><SimpleData name="t50_fid">8352135</SimpleData>
<SimpleData name="elevation">0</SimpleData>
<SimpleData name="grp_ascii" />
<SimpleData name="grp_name" />
<SimpleData name="perennial" />
<SimpleData name="temperatur" />
<SimpleData name="lake_use" />
<SimpleData name="name_ascii" />
<SimpleData name="macronated">N</SimpleData>
<SimpleData name="name" />
<SimpleData name="grp_macron">N</SimpleData>
</SchemaData>
</ExtendedData>
<Polygon><outerBoundaryIs><LinearRing><tessellate>1</tessellate>
<coordinates> 174.320759,-39.605379 174.320822,-39.605300 174.320871,-39.605283 174.320946,-39.605294 174.321002,-39.605324 174.320985,-39.605436 174.320921,-39.605475 174.320860,-39.605481 174.320759,-39.605379</coordinates>
</LinearRing>
</outerBoundaryIs>
</Polygon>
</Placemark>
<Placemark><name />
<styleUrl>#nz-lake-polygons-topo-150kId</styleUrl>
<ExtendedData><SchemaData schemaUrl="#nz-lake-polygons-topo-150kId"><SimpleData name="t50_fid">5037081</SimpleData>
<SimpleData name="elevation">0</SimpleData>
<SimpleData name="grp_ascii" />
<SimpleData name="grp_name" />
<SimpleData name="perennial" />
<SimpleData name="temperatur" />
<SimpleData name="lake_use" />
<SimpleData name="name_ascii" />
<SimpleData name="macronated">N</SimpleData>
<SimpleData name="name" />
<SimpleData name="grp_macron">N</SimpleData>
</SchemaData>
</ExtendedData>
<Polygon><outerBoundaryIs><LinearRing><tessellate>1</tessellate>
<coordinates> 174.320168,-39.599875 174.320479,-39.599705 174.320581,-39.599787 174.320581,-39.599788 174.320597,-39.599892 174.320413,-39.599983 174.320270,-39.599990 174.320169,-39.599947 174.320168,-39.599875</coordinates>
</LinearRing>
</outerBoundaryIs>
</Polygon>
</Placemark>
<Placemark><name />
<styleUrl>#nz-lake-polygons-topo-150kId</styleUrl>
<ExtendedData><SchemaData schemaUrl="#nz-lake-polygons-topo-150kId"><SimpleData name="t50_fid">5037079</SimpleData>
<SimpleData name="elevation">0</SimpleData>
<SimpleData name="grp_ascii" />
<SimpleData name="grp_name" />
<SimpleData name="perennial" />
<SimpleData name="temperatur" />
<SimpleData name="lake_use" />
<SimpleData name="name_ascii" />
<SimpleData name="macronated">N</SimpleData>
<SimpleData name="name" />
<SimpleData name="grp_macron">N</SimpleData>
</SchemaData>
</ExtendedData>
<Polygon><outerBoundaryIs><LinearRing><tessellate>1</tessellate>
<coordinates> 174.313521,-39.600866 174.313577,-39.600825 174.313589,-39.600705 174.313750,-39.600505 174.313819,-39.600494 174.313878,-39.600525 174.313917,-39.600556 174.313922,-39.600615 174.313784,-39.600803 174.313788,-39.600856 174.313762,-39.600896 174.313663,-39.600914 174.313572,-39.600977 174.313521,-39.600866</coordinates>
</LinearRing>
</outerBoundaryIs>
</Polygon>
</Placemark>
<Placemark><name />
<styleUrl>#nz-lake-polygons-topo-150kId</styleUrl>
<ExtendedData><SchemaData schemaUrl="#nz-lake-polygons-topo-150kId"><SimpleData name="t50_fid">5037095</SimpleData>
<SimpleData name="elevation">0</SimpleData>
<SimpleData name="grp_ascii" />
<SimpleData name="grp_name" />
<SimpleData name="perennial" />
<SimpleData name="temperatur" />
<SimpleData name="lake_use" />
<SimpleData name="name_ascii" />
<SimpleData name="macronated">N</SimpleData>
<SimpleData name="name" />
<SimpleData name="grp_macron">N</SimpleData>
</SchemaData>
</ExtendedData>
<Polygon><outerBoundaryIs><LinearRing><tessellate>1</tessellate>
<coordinates> 174.357202,-39.618606 174.357480,-39.618536 174.357686,-39.618555 174.357661,-39.618661 174.357430,-39.618780 174.357334,-39.618785 174.357228,-39.618737 174.357202,-39.618606</coordinates>
</LinearRing>
</outerBoundaryIs>
</Polygon>
</Placemark>
<Placemark><name />
<styleUrl>#nz-lake-polygons-topo-150kId</styleUrl>
<ExtendedData><SchemaData schemaUrl="#nz-lake-polygons-topo-150kId"><SimpleData name="t50_fid">5037094</SimpleData>
<SimpleData name="elevation">0</SimpleData>
<SimpleData name="grp_ascii" />
<SimpleData name="grp_name" />
<SimpleData name="perennial" />
<SimpleData name="temperatur" />
<SimpleData name="lake_use" />
<SimpleData name="name_ascii" />
<SimpleData name="macronated">N</SimpleData>
<SimpleData name="name" />
<SimpleData name="grp_macron">N</SimpleData>
</SchemaData>
</ExtendedData>
<Polygon><outerBoundaryIs><LinearRing><tessellate>1</tessellate>
<coordinates> 174.357683,-39.618848 174.357757,-39.618893 174.357760,-39.619060 174.357563,-39.619069 174.357459,-39.618872 174.357508,-39.618822 174.357683,-39.618848</coordinates>
</LinearRing>
</outerBoundaryIs>
</Polygon>
</Placemark>
<Placemark><name />
<styleUrl>#nz-lake-polygons-topo-150kId</styleUrl>
<ExtendedData><SchemaData schemaUrl="#nz-lake-polygons-topo-150kId"><SimpleData name="t50_fid">5037093</SimpleData>
<SimpleData name="elevation">0</SimpleData>
<SimpleData name="grp_ascii" />
<SimpleData name="grp_name" />
<SimpleData name="perennial" />
<SimpleData name="temperatur" />
<SimpleData name="lake_use" />
<SimpleData name="name_ascii" />
<SimpleData name="macronated">N</SimpleData>
<SimpleData name="name" />
<SimpleData name="grp_macron">N</SimpleData>
</SchemaData>
</ExtendedData>
<Polygon><outerBoundaryIs><LinearRing><tessellate>1</tessellate>
<coordinates> 174.357807,-39.619137 174.357853,-39.619356 174.357588,-39.619377 174.357569,-39.619338 174.357529,-39.619169 174.357807,-39.619137</coordinates>
</LinearRing>
</outerBoundaryIs>
</Polygon>
</Placemark>
<Placemark><name />
<styleUrl>#nz-lake-polygons-topo-150kId</styleUrl>
<ExtendedData><SchemaData schemaUrl="#nz-lake-polygons-topo-150kId"><SimpleData name="t50_fid">5037087</SimpleData>
<SimpleData name="elevation">0</SimpleData>
<SimpleData name="grp_ascii" />
<SimpleData name="grp_name" />
<SimpleData name="perennial" />
<SimpleData name="temperatur" />
<SimpleData name="lake_use" />
<SimpleData name="name_ascii" />
<SimpleData name="macronated">N</SimpleData>
<SimpleData name="name" />
<SimpleData name="grp_macron">N</SimpleData>
</SchemaData>
</ExtendedData>
<Polygon><outerBoundaryIs><LinearRing><tessellate>1</tessellate>
<coordinates> 174.369055,-39.620130 174.369039,-39.620025 174.369085,-39.619996 174.369157,-39.620012 174.369182,-39.620032 174.369205,-39.620051 174.369166,-39.620101 174.369179,-39.620220 174.369177,-39.620310 174.369196,-39.620373 174.369136,-39.620382 174.369101,-39.620430 174.369123,-39.620494 174.369196,-39.620523 174.369294,-39.620600 174.369346,-39.620686 174.369319,-39.620731 174.369287,-39.620770 174.369292,-39.620848 174.369322,-39.620892 174.369420,-39.620924 174.369498,-39.620884 174.369645,-39.620891 174.369661,-39.620941 174.369536,-39.620995 174.369461,-39.621004 174.369379,-39.621075 174.369345,-39.621145 174.369303,-39.621231 174.369316,-39.621320 174.369360,-39.621392 174.369236,-39.621463 174.369146,-39.621461 174.369055,-39.621418 174.369004,-39.621371 174.368917,-39.621336 174.368725,-39.621260 174.368591,-39.621223 174.368582,-39.621145 174.368599,-39.621089 174.368659,-39.621022 174.368704,-39.620946 174.368781,-39.620826 174.368833,-39.620711 174.368814,-39.620661 174.368783,-39.620581 174.368799,-39.620436 174.368872,-39.620327 174.368889,-39.620274 174.368975,-39.620248 174.368955,-39.620148 174.369055,-39.620130</coordinates>
</LinearRing>
</outerBoundaryIs>
</Polygon>
</Placemark>
<Placemark><name />
<styleUrl>#nz-lake-polygons-topo-150kId</styleUrl>
<ExtendedData><SchemaData schemaUrl="#nz-lake-polygons-topo-150kId"><SimpleData name="t50_fid">5037100</SimpleData>
<SimpleData name="elevation">0</SimpleData>
<SimpleData name="grp_ascii" />
<SimpleData name="grp_name" />
<SimpleData name="perennial" />
<SimpleData name="temperatur" />
<SimpleData name="lake_use" />
<SimpleData name="name_ascii" />
<SimpleData name="macronated">N</SimpleData>
<SimpleData name="name" />
<SimpleData name="grp_macron">N</SimpleData>
</SchemaData>
</ExtendedData>
<Polygon><outerBoundaryIs><LinearRing><tessellate>1</tessellate>
<coordinates> 174.369616,-39.619768 174.369624,-39.619806 174.369618,-39.619884 174.369572,-39.619890 174.369497,-39.619941 174.369433,-39.619942 174.369340,-39.619974 174.369286,-39.619966 174.369266,-39.619935 174.369245,-39.619903 174.369251,-39.619861 174.369272,-39.619816 174.369267,-39.619758 174.369338,-39.619732 174.369442,-39.619692 174.369535,-39.619693 174.369580,-39.619735 174.369616,-39.619768</coordinates>
</LinearRing>
</outerBoundaryIs>
</Polygon>
</Placemark>
<Placemark><name />
<styleUrl>#nz-lake-polygons-topo-150kId</styleUrl>
<ExtendedData><SchemaData schemaUrl="#nz-lake-polygons-topo-150kId"><SimpleData name="t50_fid">5037092</SimpleData>
<SimpleData name="elevation">0</SimpleData>
<SimpleData name="grp_ascii" />
<SimpleData name="grp_name" />
<SimpleData name="perennial" />
<SimpleData name="temperatur" />
<SimpleData name="lake_use" />
<SimpleData name="name_ascii" />
<SimpleData name="macronated">N</SimpleData>
<SimpleData name="name" />
<SimpleData name="grp_macron">N</SimpleData>
</SchemaData>
</ExtendedData>
<Polygon><outerBoundaryIs><LinearRing><tessellate>1</tessellate>
<coordinates> 174.348732,-39.622079 174.348580,-39.622119 174.348442,-39.622121 174.348319,-39.622095 174.348287,-39.621997 174.348537,-39.621960 174.348617,-39.621997 174.348710,-39.621962 174.348760,-39.622033 174.348732,-39.622079</coordinates>
</LinearRing>
</outerBoundaryIs>
</Polygon>
</Placemark>
<Placemark><name />
<styleUrl>#nz-lake-polygons-topo-150kId</styleUrl>
<ExtendedData><SchemaData schemaUrl="#nz-lake-polygons-topo-150kId"><SimpleData name="t50_fid">5037327</SimpleData>
<SimpleData name="elevation">0</SimpleData>
<SimpleData name="grp_ascii" />
<SimpleData name="grp_name" />
<SimpleData name="perennial" />
<SimpleData name="temperatur" />
<SimpleData name="lake_use" />
<SimpleData name="name_ascii" />
<SimpleData name="macronated">N</SimpleData>
<SimpleData name="name" />
<SimpleData name="grp_macron">N</SimpleData>
</SchemaData>
</ExtendedData>
<Polygon><outerBoundaryIs><LinearRing><tessellate>1</tessellate>
<coordinates> 174.469390,-39.442292 174.469387,-39.442202 174.469472,-39.442132 174.469648,-39.442174 174.469625,-39.442355 174.469510,-39.442402 174.469390,-39.442292</coordinates>
</LinearRing>
</outerBoundaryIs>
</Polygon>
</Placemark>
<Placemark><name />
<styleUrl>#nz-lake-polygons-topo-150kId</styleUrl>
<ExtendedData><SchemaData schemaUrl="#nz-lake-polygons-topo-150kId"><SimpleData name="t50_fid">8075160</SimpleData>
<SimpleData name="elevation">0</SimpleData>
<SimpleData name="grp_ascii" />
<SimpleData name="grp_name" />
<SimpleData name="perennial" />
<SimpleData name="temperatur" />
<SimpleData name="lake_use" />
<SimpleData name="name_ascii" />
<SimpleData name="macronated">N</SimpleData>
<SimpleData name="name" />
<SimpleData name="grp_macron">N</SimpleData>
</SchemaData>
</ExtendedData>
<Polygon><outerBoundaryIs><LinearRing><tessellate>1</tessellate>
<coordinates> 174.466653,-39.451328 174.466778,-39.451403 174.467307,-39.451422 174.467497,-39.451433 174.467498,-39.451471 174.467466,-39.451542 174.467362,-39.451678 174.467142,-39.451841 174.466845,-39.451825 174.466734,-39.451654 174.466399,-39.451434 174.466618,-39.451265 174.466653,-39.451328</coordinates>
</LinearRing>
</outerBoundaryIs>
</Polygon>
</Placemark>
<Placemark><name />
<styleUrl>#nz-lake-polygons-topo-150kId</styleUrl>
<ExtendedData><SchemaData schemaUrl="#nz-lake-polygons-topo-150kId"><SimpleData name="t50_fid">5037324</SimpleData>
<SimpleData name="elevation">0</SimpleData>
<SimpleData name="grp_ascii" />
<SimpleData name="grp_name" />
<SimpleData name="perennial" />
<SimpleData name="temperatur" />
<SimpleData name="lake_use" />
<SimpleData name="name_ascii" />
<SimpleData name="macronated">N</SimpleData>
<SimpleData name="name" />
<SimpleData name="grp_macron">N</SimpleData>
</SchemaData>
</ExtendedData>
<Polygon><outerBoundaryIs><LinearRing><tessellate>1</tessellate>
<coordinates> 174.465888,-39.457337 174.466057,-39.457155 174.466440,-39.457327 174.466499,-39.457372 174.466500,-39.457425 174.466417,-39.457460 174.466212,-39.457467 174.465983,-39.457584 174.465863,-39.457474 174.465888,-39.457337</coordinates>
</LinearRing>
</outerBoundaryIs>
</Polygon>
</Placemark>
<Placemark><name />
<styleUrl>#nz-lake-polygons-topo-150kId</styleUrl>
<ExtendedData><SchemaData schemaUrl="#nz-lake-polygons-topo-150kId"><SimpleData name="t50_fid">5037323</SimpleData>
<SimpleData name="elevation">0</SimpleData>
<SimpleData name="grp_ascii" />
<SimpleData name="grp_name" />
<SimpleData name="perennial" />
<SimpleData name="temperatur" />
<SimpleData name="lake_use" />
<SimpleData name="name_ascii" />
<SimpleData name="macronated">N</SimpleData>
<SimpleData name="name" />
<SimpleData name="grp_macron">N</SimpleData>
</SchemaData>
</ExtendedData>
<Polygon><outerBoundaryIs><LinearRing><tessellate>1</tessellate>
<coordinates> 174.462769,-39.456087 174.463003,-39.456105 174.463092,-39.456171 174.463073,-39.456306 174.463041,-39.456398 174.462836,-39.456379 174.462587,-39.456202 174.462769,-39.456087</coordinates>
</LinearRing>
</outerBoundaryIs>
</Polygon>
</Placemark>
<Placemark><name />
<styleUrl>#nz-lake-polygons-topo-150kId</styleUrl>
<ExtendedData><SchemaData schemaUrl="#nz-lake-polygons-topo-150kId"><SimpleData name="t50_fid">5037238</SimpleData>
<SimpleData name="elevation">0</SimpleData>
<SimpleData name="grp_ascii" />
<SimpleData name="grp_name" />
<SimpleData name="perennial" />
<SimpleData name="temperatur" />
<SimpleData name="lake_use" />
<SimpleData name="name_ascii" />
<SimpleData name="macronated">N</SimpleData>
<SimpleData name="name" />
<SimpleData name="grp_macron">N</SimpleData>
</SchemaData>
</ExtendedData>
<Polygon><outerBoundaryIs><LinearRing><tessellate>1</tessellate>
<coordinates> 174.452714,-39.478572 174.453033,-39.478566 174.453123,-39.478633 174.452867,-39.478818 174.452663,-39.478821 174.452444,-39.478692 174.452714,-39.478572</coordinates>
</LinearRing>
</outerBoundaryIs>
</Polygon>
</Placemark>
<Placemark><name />
<styleUrl>#nz-lake-polygons-topo-150kId</styleUrl>
<ExtendedData><SchemaData schemaUrl="#nz-lake-polygons-topo-150kId"><SimpleData name="t50_fid">5037321</SimpleData>
<SimpleData name="elevation">0</SimpleData>
<SimpleData name="grp_ascii" />
<SimpleData name="grp_name" />
<SimpleData name="perennial" />
<SimpleData name="temperatur" />
<SimpleData name="lake_use" />
<SimpleData name="name_ascii" />
<SimpleData name="macronated">N</SimpleData>
<SimpleData name="name" />
<SimpleData name="grp_macron">N</SimpleData>
</SchemaData>
</ExtendedData>
<Polygon><outerBoundaryIs><LinearRing><tessellate>1</tessellate>
<coordinates> 174.448549,-39.471482 174.448430,-39.471371 174.448456,-39.471258 174.448658,-39.471232 174.448838,-39.471387 174.448799,-39.471468 174.448549,-39.471482</coordinates>
</LinearRing>
</outerBoundaryIs>
</Polygon>
</Placemark>
<Placemark><name />
<styleUrl>#nz-lake-polygons-topo-150kId</styleUrl>
<ExtendedData><SchemaData schemaUrl="#nz-lake-polygons-topo-150kId"><SimpleData name="t50_fid">5037322</SimpleData>
<SimpleData name="elevation">0</SimpleData>
<SimpleData name="grp_ascii" />
<SimpleData name="grp_name" />
<SimpleData name="perennial" />
<SimpleData name="temperatur" />
<SimpleData name="lake_use" />
<SimpleData name="name_ascii" />
<SimpleData name="macronated">N</SimpleData>
<SimpleData name="name" />
<SimpleData name="grp_macron">N</SimpleData>
</SchemaData>
</ExtendedData>
<Polygon><outerBoundaryIs><LinearRing><tessellate>1</tessellate>
<coordinates> 174.450916,-39.466032 174.451260,-39.465868 174.451376,-39.465866 174.451380,-39.465956 174.451213,-39.466207 174.451070,-39.466300 174.450924,-39.466303 174.450746,-39.466193 174.450916,-39.466032</coordinates>
</LinearRing>
</outerBoundaryIs>
</Polygon>
</Placemark>
<Placemark><name />
<styleUrl>#nz-lake-polygons-topo-150kId</styleUrl>
<ExtendedData><SchemaData schemaUrl="#nz-lake-polygons-topo-150kId"><SimpleData name="t50_fid">5037320</SimpleData>
<SimpleData name="elevation">0</SimpleData>
<SimpleData name="grp_ascii" />
<SimpleData name="grp_name" />
<SimpleData name="perennial" />
<SimpleData name="temperatur" />
<SimpleData name="lake_use" />
<SimpleData name="name_ascii" />
<SimpleData name="macronated">N</SimpleData>
<SimpleData name="name" />
<SimpleData name="grp_macron">N</SimpleData>
</SchemaData>
</ExtendedData>
<Polygon><outerBoundaryIs><LinearRing><tessellate>1</tessellate>
<coordinates> 174.441322,-39.466947 174.441166,-39.467106 174.441060,-39.466951 174.441117,-39.466906 174.441263,-39.466903 174.441322,-39.466947</coordinates>
</LinearRing>
</outerBoundaryIs>
</Polygon>
</Placemark>
<Placemark><name />
<styleUrl>#nz-lake-polygons-topo-150kId</styleUrl>
<ExtendedData><SchemaData schemaUrl="#nz-lake-polygons-topo-150kId"><SimpleData name="t50_fid">5037421</SimpleData>
<SimpleData name="elevation">0</SimpleData>
<SimpleData name="grp_ascii" />
<SimpleData name="grp_name" />
<SimpleData name="perennial" />
<SimpleData name="temperatur" />
<SimpleData name="lake_use" />
<SimpleData name="name_ascii" />
<SimpleData name="macronated">N</SimpleData>
<SimpleData name="name" />
<SimpleData name="grp_macron">N</SimpleData>
</SchemaData>
</ExtendedData>
<Polygon><outerBoundaryIs><LinearRing><tessellate>1</tessellate>
<coordinates> 174.101287,-39.077686 174.101175,-39.077634 174.101086,-39.077496 174.100822,-39.077287 174.100761,-39.077149 174.100654,-39.077067 174.100515,-39.077128 174.100470,-39.077031 174.100356,-39.076893 174.100186,-39.076819 174.100121,-39.076684 174.100244,-39.076517 174.100369,-39.076433 174.100505,-39.076477 174.100578,-39.076563 174.100633,-39.076645 174.100679,-39.076822 174.100754,-39.076968 174.100876,-39.077083 174.100999,-39.077184 174.101121,-39.077284 174.101301,-39.077339 174.101365,-39.077425 174.101396,-39.077572 174.101287,-39.077686</coordinates>
</LinearRing>
</outerBoundaryIs>
</Polygon>
</Placemark>
<Placemark><name />
<styleUrl>#nz-lake-polygons-topo-150kId</styleUrl>
<ExtendedData><SchemaData schemaUrl="#nz-lake-polygons-topo-150kId"><SimpleData name="t50_fid">5037428</SimpleData>
<SimpleData name="elevation">0</SimpleData>
<SimpleData name="grp_ascii" />
<SimpleData name="grp_name" />
<SimpleData name="perennial" />
<SimpleData name="temperatur" />
<SimpleData name="lake_use" />
<SimpleData name="name_ascii" />
<SimpleData name="macronated">N</SimpleData>
<SimpleData name="name" />
<SimpleData name="grp_macron">N</SimpleData>
</SchemaData>
</ExtendedData>
<Polygon><outerBoundaryIs><LinearRing><tessellate>1</tessellate>
<coordinates> 174.097863,-39.084561 174.097995,-39.084422 174.098003,-39.084317 174.098172,-39.084105 174.098293,-39.083795 174.098371,-39.083744 174.098483,-39.083750 174.098522,-39.083895 174.098460,-39.084091 174.098296,-39.084332 174.098091,-39.084573 174.097878,-39.084684 174.097863,-39.084561</coordinates>
</LinearRing>
</outerBoundaryIs>
</Polygon>
</Placemark>
<Placemark><name />
<styleUrl>#nz-lake-polygons-topo-150kId</styleUrl>
<ExtendedData><SchemaData schemaUrl="#nz-lake-polygons-topo-150kId"><SimpleData name="t50_fid">5037425</SimpleData>
<SimpleData name="elevation">0</SimpleData>
<SimpleData name="grp_ascii" />
<SimpleData name="grp_name" />
<SimpleData name="perennial" />
<SimpleData name="temperatur" />
<SimpleData name="lake_use" />
<SimpleData name="name_ascii" />
<SimpleData name="macronated">N</SimpleData>
<SimpleData name="name" />
<SimpleData name="grp_macron">N</SimpleData>
</SchemaData>
</ExtendedData>
<Polygon><outerBoundaryIs><LinearRing><tessellate>1</tessellate>
<coordinates> 174.083655,-39.068340 174.083421,-39.068363 174.083187,-39.068322 174.083063,-39.068258 174.083083,-39.068110 174.083397,-39.068121 174.083726,-39.068217 174.084061,-39.068310 174.084030,-39.068423 174.083655,-39.068340</coordinates>
</LinearRing>
</outerBoundaryIs>
</Polygon>
</Placemark>
<Placemark><name />
<styleUrl>#nz-lake-polygons-topo-150kId</styleUrl>
<ExtendedData><SchemaData schemaUrl="#nz-lake-polygons-topo-150kId"><SimpleData name="t50_fid">5037426</SimpleData>
<SimpleData name="elevation">0</SimpleData>
<SimpleData name="grp_ascii" />
<SimpleData name="grp_name" />
<SimpleData name="perennial" />
<SimpleData name="temperatur" />
<SimpleData name="lake_use" />
<SimpleData name="name_ascii" />
<SimpleData name="macronated">N</SimpleData>
<SimpleData name="name" />
<SimpleData name="grp_macron">N</SimpleData>
</SchemaData>
</ExtendedData>
<Polygon><outerBoundaryIs><LinearRing><tessellate>1</tessellate>
<coordinates> 174.082238,-39.067826 174.082356,-39.067810 174.082590,-39.067790 174.082778,-39.067829 174.082819,-39.067908 174.082747,-39.067993 174.082522,-39.068076 174.082268,-39.068132 174.082169,-39.068087 174.082128,-39.067976 174.082238,-39.067826</coordinates>
</LinearRing>
</outerBoundaryIs>
</Polygon>
</Placemark>
<Placemark><name />
<styleUrl>#nz-lake-polygons-topo-150kId</styleUrl>
<ExtendedData><SchemaData schemaUrl="#nz-lake-polygons-topo-150kId"><SimpleData name="t50_fid">5008605</SimpleData>
<SimpleData name="elevation">0</SimpleData>
<SimpleData name="grp_ascii" />
<SimpleData name="grp_name" />
<SimpleData name="perennial" />
<SimpleData name="temperatur" />
<SimpleData name="lake_use" />
<SimpleData name="name_ascii" />
<SimpleData name="macronated">N</SimpleData>
<SimpleData name="name" />
<SimpleData name="grp_macron">N</SimpleData>
</SchemaData>
</ExtendedData>
<Polygon><outerBoundaryIs><LinearRing><tessellate>1</tessellate>
<coordinates> 174.079452,-39.066670 174.079381,-39.066757 174.079397,-39.066915 174.079260,-39.066934 174.079196,-39.066837 174.079111,-39.066714 174.079050,-39.066476 174.078976,-39.066135 174.079042,-39.066005 174.079008,-39.065763 174.078853,-39.065514 174.078726,-39.065380 174.078700,-39.065186 174.078659,-39.064971 174.078498,-39.064805 174.078424,-39.064699 174.078531,-39.064542 174.078639,-39.064417 174.078884,-39.064367 174.079024,-39.064390 174.079161,-39.064489 174.079293,-39.064705 174.079292,-39.064847 174.079230,-39.064976 174.079122,-39.065160 174.079172,-39.065440 174.079223,-39.065837 174.079193,-39.065975 174.079116,-39.066108 174.079126,-39.066301 174.079252,-39.066412 174.079449,-39.066522 174.079595,-39.066648 174.079452,-39.066670</coordinates>
</LinearRing>
</outerBoundaryIs>
</Polygon>
</Placemark>
<Placemark><name />
<styleUrl>#nz-lake-polygons-topo-150kId</styleUrl>
<ExtendedData><SchemaData schemaUrl="#nz-lake-polygons-topo-150kId"><SimpleData name="t50_fid">5037427</SimpleData>
<SimpleData name="elevation">0</SimpleData>
<SimpleData name="grp_ascii" />
<SimpleData name="grp_name" />
<SimpleData name="perennial" />
<SimpleData name="temperatur" />
<SimpleData name="lake_use" />
<SimpleData name="name_ascii" />
<SimpleData name="macronated">N</SimpleData>
<SimpleData name="name" />
<SimpleData name="grp_macron">N</SimpleData>
</SchemaData>
</ExtendedData>
<Polygon><outerBoundaryIs><LinearRing><tessellate>1</tessellate>
<coordinates> 174.077714,-39.063749 174.077697,-39.063606 174.077648,-39.063425 174.077646,-39.063327 174.077702,-39.063264 174.077893,-39.063224 174.077946,-39.063162 174.077992,-39.063038 174.078080,-39.063006 174.078217,-39.063068 174.078254,-39.063216 174.078230,-39.063266 174.078180,-39.063357 174.078026,-39.063430 174.077934,-39.063592 174.077962,-39.063764 174.077915,-39.063829 174.077808,-39.063850 174.077714,-39.063749</coordinates>
</LinearRing>
</outerBoundaryIs>
</Polygon>
</Placemark>
<Placemark><name />
<styleUrl>#nz-lake-polygons-topo-150kId</styleUrl>
<ExtendedData><SchemaData schemaUrl="#nz-lake-polygons-topo-150kId"><SimpleData name="t50_fid">5037423</SimpleData>
<SimpleData name="elevation">0</SimpleData>
<SimpleData name="grp_ascii" />
<SimpleData name="grp_name" />
<SimpleData name="perennial" />
<SimpleData name="temperatur" />
<SimpleData name="lake_use" />
<SimpleData name="name_ascii" />
<SimpleData name="macronated">N</SimpleData>
<SimpleData name="name" />
<SimpleData name="grp_macron">N</SimpleData>
</SchemaData>
</ExtendedData>
<Polygon><outerBoundaryIs><LinearRing><tessellate>1</tessellate>
<coordinates> 174.075304,-39.092345 174.075486,-39.092497 174.075716,-39.092575 174.075782,-39.092632 174.075738,-39.092696 174.075621,-39.092744 174.075503,-39.092797 174.075436,-39.092675 174.075299,-39.092601 174.075012,-39.092467 174.074982,-39.092320 174.075059,-39.092226 174.075304,-39.092345</coordinates>
</LinearRing>
</outerBoundaryIs>
</Polygon>
</Placemark>
<Placemark><name />
<styleUrl>#nz-lake-polygons-topo-150kId</styleUrl>
<ExtendedData><SchemaData schemaUrl="#nz-lake-polygons-topo-150kId"><SimpleData name="t50_fid">5037424</SimpleData>
<SimpleData name="elevation">0</SimpleData>
<SimpleData name="grp_ascii" />
<SimpleData name="grp_name" />
<SimpleData name="perennial" />
<SimpleData name="temperatur" />
<SimpleData name="lake_use" />
<SimpleData name="name_ascii" />
<SimpleData name="macronated">N</SimpleData>
<SimpleData name="name" />
<SimpleData name="grp_macron">N</SimpleData>
</SchemaData>
</ExtendedData>
<Polygon><outerBoundaryIs><LinearRing><tessellate>1</tessellate>
<coordinates> 174.072481,-39.088125 174.072400,-39.088246 174.072287,-39.088414 174.072053,-39.088627 174.071823,-39.088728 174.071685,-39.088751 174.071700,-39.088647 174.071941,-39.088542 174.072071,-39.088391 174.072097,-39.088296 174.072182,-39.088085 174.072253,-39.087985 174.072340,-39.087967 174.072424,-39.088001 174.072481,-39.088125</coordinates>
</LinearRing>
</outerBoundaryIs>
</Polygon>
</Placemark>
<Placemark><name />
<styleUrl>#nz-lake-polygons-topo-150kId</styleUrl>
<ExtendedData><SchemaData schemaUrl="#nz-lake-polygons-topo-150kId"><SimpleData name="t50_fid">5037422</SimpleData>
<SimpleData name="elevation">0</SimpleData>
<SimpleData name="grp_ascii" />
<SimpleData name="grp_name" />
<SimpleData name="perennial" />
<SimpleData name="temperatur" />
<SimpleData name="lake_use" />
<SimpleData name="name_ascii" />
<SimpleData name="macronated">N</SimpleData>
<SimpleData name="name" />
<SimpleData name="grp_macron">N</SimpleData>
</SchemaData>
</ExtendedData>
<Polygon><outerBoundaryIs><LinearRing><tessellate>1</tessellate>
<coordinates> 174.063849,-39.095354 174.063755,-39.095311 174.063729,-39.095169 174.063868,-39.095070 174.063959,-39.094901 174.064036,-39.094740 174.064057,-39.094606 174.064175,-39.094652 174.064176,-39.094717 174.064271,-39.094862 174.064185,-39.095009 174.064071,-39.095181 174.064068,-39.095308 174.063849,-39.095354</coordinates>
</LinearRing>
</outerBoundaryIs>
</Polygon>
</Placemark>
<Placemark><name />
<styleUrl>#nz-lake-polygons-topo-150kId</styleUrl>
<ExtendedData><SchemaData schemaUrl="#nz-lake-polygons-topo-150kId"><SimpleData name="t50_fid">7653134</SimpleData>
<SimpleData name="elevation">0</SimpleData>
<SimpleData name="grp_ascii" />
<SimpleData name="grp_name" />
<SimpleData name="perennial" />
<SimpleData name="temperatur" />
<SimpleData name="lake_use" />
<SimpleData name="name_ascii" />
<SimpleData name="macronated">N</SimpleData>
<SimpleData name="name" />
<SimpleData name="grp_macron">N</SimpleData>
</SchemaData>
</ExtendedData>
<Polygon><outerBoundaryIs><LinearRing><tessellate>1</tessellate>
<coordinates> 173.842220,-39.301085 173.842185,-39.300981 173.842218,-39.300881 173.842256,-39.300670 173.842308,-39.300565 173.842483,-39.300422 173.842549,-39.300358 173.842725,-39.300320 173.842799,-39.300278 173.842818,-39.300209 173.842872,-39.300203 173.842827,-39.300367 173.842714,-39.300541 173.842594,-39.300699 173.842596,-39.300867 173.842660,-39.301098 173.842608,-39.301298 173.842573,-39.301198 173.842549,-39.301179 173.842382,-39.301047 173.842236,-39.301082 173.842220,-39.301085</coordinates>
</LinearRing>
</outerBoundaryIs>
</Polygon>
</Placemark>
<Placemark><name />
<styleUrl>#nz-lake-polygons-topo-150kId</styleUrl>
<ExtendedData><SchemaData schemaUrl="#nz-lake-polygons-topo-150kId"><SimpleData name="t50_fid">7653135</SimpleData>
<SimpleData name="elevation">0</SimpleData>
<SimpleData name="grp_ascii" />
<SimpleData name="grp_name" />
<SimpleData name="perennial" />
<SimpleData name="temperatur" />
<SimpleData name="lake_use" />
<SimpleData name="name_ascii" />
<SimpleData name="macronated">N</SimpleData>
<SimpleData name="name" />
<SimpleData name="grp_macron">N</SimpleData>
</SchemaData>
</ExtendedData>
<Polygon><outerBoundaryIs><LinearRing><tessellate>1</tessellate>
<coordinates> 173.852303,-39.300151 173.852287,-39.299998 173.852293,-39.299917 173.852211,-39.299828 173.852132,-39.299734 173.852198,-39.299637 173.852396,-39.299498 173.852534,-39.299453 173.852737,-39.299438 173.852895,-39.299390 173.853108,-39.299383 173.853267,-39.299369 173.853382,-39.299394 173.853434,-39.299475 173.853431,-39.299570 173.853375,-39.299619 173.853368,-39.299625 173.853290,-39.299581 173.853258,-39.299513 173.853184,-39.299490 173.853120,-39.299554 173.853091,-39.299617 173.852987,-39.299704 173.852812,-39.299753 173.852684,-39.299827 173.852548,-39.299986 173.852471,-39.300120 173.852455,-39.300170 173.852438,-39.300186 173.852355,-39.300164 173.852303,-39.300151</coordinates>
</LinearRing>
</outerBoundaryIs>
</Polygon>
</Placemark>
<Placemark><name />
<styleUrl>#nz-lake-polygons-topo-150kId</styleUrl>
<ExtendedData><SchemaData schemaUrl="#nz-lake-polygons-topo-150kId"><SimpleData name="t50_fid">5037038</SimpleData>
<SimpleData name="elevation">0</SimpleData>
<SimpleData name="grp_ascii" />
<SimpleData name="grp_name" />
<SimpleData name="perennial" />
<SimpleData name="temperatur" />
<SimpleData name="lake_use" />
<SimpleData name="name_ascii" />
<SimpleData name="macronated">N</SimpleData>
<SimpleData name="name" />
<SimpleData name="grp_macron">N</SimpleData>
</SchemaData>
</ExtendedData>
<Polygon><outerBoundaryIs><LinearRing><tessellate>1</tessellate>
<coordinates> 173.852058,-39.274035 173.852062,-39.274215 173.852008,-39.274396 173.851923,-39.274465 173.851663,-39.274558 173.851490,-39.274561 173.851344,-39.274495 173.851141,-39.274521 173.850768,-39.274706 173.850450,-39.274710 173.850385,-39.274683 173.850186,-39.274601 173.850155,-39.274511 173.850270,-39.274465 173.850734,-39.274481 173.851049,-39.274296 173.851165,-39.274249 173.851629,-39.274311 173.851912,-39.273970 173.851997,-39.273923 173.852058,-39.274035</coordinates>
</LinearRing>
</outerBoundaryIs>
</Polygon>
</Placemark>
<Placemark><name />
<styleUrl>#nz-lake-polygons-topo-150kId</styleUrl>
<ExtendedData><SchemaData schemaUrl="#nz-lake-polygons-topo-150kId"><SimpleData name="t50_fid">5037039</SimpleData>
<SimpleData name="elevation">0</SimpleData>
<SimpleData name="grp_ascii" />
<SimpleData name="grp_name" />
<SimpleData name="perennial" />
<SimpleData name="temperatur" />
<SimpleData name="lake_use" />
<SimpleData name="name_ascii" />
<SimpleData name="macronated">N</SimpleData>
<SimpleData name="name" />
<SimpleData name="grp_macron">N</SimpleData>
</SchemaData>
</ExtendedData>
<Polygon><outerBoundaryIs><LinearRing><tessellate>1</tessellate>
<coordinates> 173.862879,-39.304464 173.863070,-39.304292 173.863323,-39.304367 173.863330,-39.304528 173.863149,-39.304714 173.862883,-39.304619 173.862879,-39.304464</coordinates>
</LinearRing>
</outerBoundaryIs>
</Polygon>
</Placemark>
<Placemark><name />
<styleUrl>#nz-lake-polygons-topo-150kId</styleUrl>
<ExtendedData><SchemaData schemaUrl="#nz-lake-polygons-topo-150kId"><SimpleData name="t50_fid">5037040</SimpleData>
<SimpleData name="elevation">0</SimpleData>
<SimpleData name="grp_ascii" />
<SimpleData name="grp_name" />
<SimpleData name="perennial" />
<SimpleData name="temperatur" />
<SimpleData name="lake_use" />
<SimpleData name="name_ascii" />
<SimpleData name="macronated">N</SimpleData>
<SimpleData name="name" />
<SimpleData name="grp_macron">N</SimpleData>
</SchemaData>
</ExtendedData>
<Polygon><outerBoundaryIs><LinearRing><tessellate>1</tessellate>
<coordinates> 173.862950,-39.298972 173.862971,-39.299072 173.862864,-39.299243 173.862737,-39.299421 173.862569,-39.299492 173.862457,-39.299292 173.862453,-39.298952 173.862417,-39.298889 173.862558,-39.298627 173.862877,-39.298656 173.862950,-39.298972</coordinates>
</LinearRing>
</outerBoundaryIs>
</Polygon>
</Placemark>
<Placemark><name />
<styleUrl>#nz-lake-polygons-topo-150kId</styleUrl>
<ExtendedData><SchemaData schemaUrl="#nz-lake-polygons-topo-150kId"><SimpleData name="t50_fid">5037041</SimpleData>
<SimpleData name="elevation">0</SimpleData>
<SimpleData name="grp_ascii" />
<SimpleData name="grp_name" />
<SimpleData name="perennial" />
<SimpleData name="temperatur" />
<SimpleData name="lake_use" />
<SimpleData name="name_ascii" />
<SimpleData name="macronated">N</SimpleData>
<SimpleData name="name" />
<SimpleData name="grp_macron">N</SimpleData>
</SchemaData>
</ExtendedData>
<Polygon><outerBoundaryIs><LinearRing><tessellate>1</tessellate>
<coordinates> 173.870891,-39.300018 173.871045,-39.300054 173.871151,-39.300179 173.871112,-39.300254 173.870934,-39.300275 173.870828,-39.300194 173.870747,-39.300125 173.870891,-39.300018</coordinates>
</LinearRing>
</outerBoundaryIs>
</Polygon>
</Placemark>
<Placemark><name />
<styleUrl>#nz-lake-polygons-topo-150kId</styleUrl>
<ExtendedData><SchemaData schemaUrl="#nz-lake-polygons-topo-150kId"><SimpleData name="t50_fid">5037027</SimpleData>
<SimpleData name="elevation">0</SimpleData>
<SimpleData name="grp_ascii" />
<SimpleData name="grp_name" />
<SimpleData name="perennial" />
<SimpleData name="temperatur" />
<SimpleData name="lake_use" />
<SimpleData name="name_ascii" />
<SimpleData name="macronated">N</SimpleData>
<SimpleData name="name" />
<SimpleData name="grp_macron">N</SimpleData>
</SchemaData>
</ExtendedData>
<Polygon><outerBoundaryIs><LinearRing><tessellate>1</tessellate>
<coordinates> 173.867925,-39.354332 173.868140,-39.354316 173.868335,-39.354213 173.868596,-39.354182 173.868829,-39.354086 173.869092,-39.354157 173.869244,-39.354337 173.869208,-39.354461 173.869145,-39.354665 173.868960,-39.354789 173.868828,-39.354769 173.868660,-39.354792 173.868500,-39.354691 173.868452,-39.354568 173.868395,-39.354547 173.868255,-39.354577 173.868077,-39.354578 173.867954,-39.354448 173.867925,-39.354332</coordinates>
</LinearRing>
</outerBoundaryIs>
</Polygon>
</Placemark>
<Placemark><name />
<styleUrl>#nz-lake-polygons-topo-150kId</styleUrl>
<ExtendedData><SchemaData schemaUrl="#nz-lake-polygons-topo-150kId"><SimpleData name="t50_fid">5037030</SimpleData>
<SimpleData name="elevation">0</SimpleData>
<SimpleData name="grp_ascii" />
<SimpleData name="grp_name" />
<SimpleData name="perennial" />
<SimpleData name="temperatur" />
<SimpleData name="lake_use" />
<SimpleData name="name_ascii" />
<SimpleData name="macronated">N</SimpleData>
<SimpleData name="name" />
<SimpleData name="grp_macron">N</SimpleData>
</SchemaData>
</ExtendedData>
<Polygon><outerBoundaryIs><LinearRing><tessellate>1</tessellate>
<coordinates> 173.892227,-39.357205 173.892146,-39.356929 173.892169,-39.356698 173.892370,-39.356731 173.892520,-39.356791 173.892612,-39.356946 173.892471,-39.357017 173.892389,-39.357199 173.892227,-39.357205</coordinates>
</LinearRing>
</outerBoundaryIs>
</Polygon>
</Placemark>
<Placemark><name />
<styleUrl>#nz-lake-polygons-topo-150kId</styleUrl>
<ExtendedData><SchemaData schemaUrl="#nz-lake-polygons-topo-150kId"><SimpleData name="t50_fid">5037029</SimpleData>
<SimpleData name="elevation">0</SimpleData>
<SimpleData name="grp_ascii" />
<SimpleData name="grp_name" />
<SimpleData name="perennial" />
<SimpleData name="temperatur" />
<SimpleData name="lake_use" />
<SimpleData name="name_ascii" />
<SimpleData name="macronated">N</SimpleData>
<SimpleData name="name" />
<SimpleData name="grp_macron">N</SimpleData>
</SchemaData>
</ExtendedData>
<Polygon><outerBoundaryIs><LinearRing><tessellate>1</tessellate>
<coordinates> 173.891848,-39.356896 173.892006,-39.357101 173.891892,-39.357283 173.891750,-39.357349 173.891645,-39.357239 173.891622,-39.356943 173.891699,-39.356857 173.891848,-39.356896</coordinates>
</LinearRing>
</outerBoundaryIs>
</Polygon>
</Placemark>
<Placemark><name />
<styleUrl>#nz-lake-polygons-topo-150kId</styleUrl>
<ExtendedData><SchemaData schemaUrl="#nz-lake-polygons-topo-150kId"><SimpleData name="t50_fid">5037028</SimpleData>
<SimpleData name="elevation">0</SimpleData>
<SimpleData name="grp_ascii" />
<SimpleData name="grp_name" />
<SimpleData name="perennial" />
<SimpleData name="temperatur" />
<SimpleData name="lake_use" />
<SimpleData name="name_ascii" />
<SimpleData name="macronated">N</SimpleData>
<SimpleData name="name" />
<SimpleData name="grp_macron">N</SimpleData>
</SchemaData>
</ExtendedData>
<Polygon><outerBoundaryIs><LinearRing><tessellate>1</tessellate>
<coordinates> 173.894870,-39.360853 173.895078,-39.360764 173.895388,-39.360896 173.895502,-39.361100 173.895453,-39.361299 173.895209,-39.361366 173.894904,-39.361288 173.894770,-39.361121 173.894870,-39.360853</coordinates>
</LinearRing>
</outerBoundaryIs>
</Polygon>
</Placemark>
<Placemark><name />
<styleUrl>#nz-lake-polygons-topo-150kId</styleUrl>
<ExtendedData><SchemaData schemaUrl="#nz-lake-polygons-topo-150kId"><SimpleData name="t50_fid">5037121</SimpleData>
<SimpleData name="elevation">0</SimpleData>
<SimpleData name="grp_ascii" />
<SimpleData name="grp_name" />
<SimpleData name="perennial" />
<SimpleData name="temperatur" />
<SimpleData name="lake_use" />
<SimpleData name="name_ascii" />
<SimpleData name="macronated">N</SimpleData>
<SimpleData name="name" />
<SimpleData name="grp_macron">N</SimpleData>
</SchemaData>
</ExtendedData>
<Polygon><outerBoundaryIs><LinearRing><tessellate>1</tessellate>
<coordinates> 174.175590,-39.515541 174.175856,-39.515786 174.175889,-39.516013 174.175692,-39.516066 174.175406,-39.515943 174.175273,-39.515667 174.175475,-39.515552 174.175532,-39.515545 174.175590,-39.515541</coordinates>
</LinearRing>
</outerBoundaryIs>
</Polygon>
</Placemark>
<Placemark><name />
<styleUrl>#nz-lake-polygons-topo-150kId</styleUrl>
<ExtendedData><SchemaData schemaUrl="#nz-lake-polygons-topo-150kId"><SimpleData name="t50_fid">5037120</SimpleData>
<SimpleData name="elevation">0</SimpleData>
<SimpleData name="grp_ascii" />
<SimpleData name="grp_name" />
<SimpleData name="perennial" />
<SimpleData name="temperatur" />
<SimpleData name="lake_use" />
<SimpleData name="name_ascii" />
<SimpleData name="macronated">N</SimpleData>
<SimpleData name="name" />
<SimpleData name="grp_macron">N</SimpleData>
</SchemaData>
</ExtendedData>
<Polygon><outerBoundaryIs><LinearRing><tessellate>1</tessellate>
<coordinates> 174.175173,-39.516815 174.174989,-39.516785 174.174829,-39.516776 174.174727,-39.516696 174.174717,-39.516580 174.174741,-39.516489 174.174856,-39.516397 174.175015,-39.516340 174.175266,-39.516354 174.175477,-39.516442 174.175526,-39.516610 174.175482,-39.516757 174.175429,-39.516829 174.175337,-39.516836 174.175173,-39.516815</coordinates>
</LinearRing>
</outerBoundaryIs>
</Polygon>
</Placemark>
<Placemark><name />
<styleUrl>#nz-lake-polygons-topo-150kId</styleUrl>
<ExtendedData><SchemaData schemaUrl="#nz-lake-polygons-topo-150kId"><SimpleData name="t50_fid">5037122</SimpleData>
<SimpleData name="elevation">0</SimpleData>
<SimpleData name="grp_ascii" />
<SimpleData name="grp_name" />
<SimpleData name="perennial" />
<SimpleData name="temperatur" />
<SimpleData name="lake_use" />
<SimpleData name="name_ascii" />
<SimpleData name="macronated">N</SimpleData>
<SimpleData name="name" />
<SimpleData name="grp_macron">N</SimpleData>
</SchemaData>
</ExtendedData>
<Polygon><outerBoundaryIs><LinearRing><tessellate>1</tessellate>
<coordinates> 174.183158,-39.505208 174.183137,-39.505155 174.183003,-39.505096 174.182938,-39.504997 174.182995,-39.504882 174.183151,-39.504827 174.183319,-39.504840 174.183438,-39.504961 174.183439,-39.505002 174.183366,-39.505139 174.183294,-39.505322 174.183185,-39.505316 174.183158,-39.505208</coordinates>
</LinearRing>
</outerBoundaryIs>
</Polygon>
</Placemark>
<Placemark><name />
<styleUrl>#nz-lake-polygons-topo-150kId</styleUrl>
<ExtendedData><SchemaData schemaUrl="#nz-lake-polygons-topo-150kId"><SimpleData name="t50_fid">7889960</SimpleData>
<SimpleData name="elevation">0</SimpleData>
<SimpleData name="grp_ascii" />
<SimpleData name="grp_name" />
<SimpleData name="perennial" />
<SimpleData name="temperatur" />
<SimpleData name="lake_use" />
<SimpleData name="name_ascii" />
<SimpleData name="macronated">N</SimpleData>
<SimpleData name="name" />
<SimpleData name="grp_macron">N</SimpleData>
</SchemaData>
</ExtendedData>
<Polygon><outerBoundaryIs><LinearRing><tessellate>1</tessellate>
<coordinates> 174.183769,-39.535970 174.183735,-39.535917 174.183852,-39.535824 174.183930,-39.535700 174.183966,-39.535616 174.184016,-39.535559 174.184080,-39.535542 174.184083,-39.535582 174.184084,-39.535598 174.184064,-39.535639 174.184098,-39.535687 174.184103,-39.535760 174.184006,-39.535930 174.183915,-39.536014 174.183863,-39.536034 174.183802,-39.535992 174.183769,-39.535970</coordinates>
</LinearRing>
</outerBoundaryIs>
</Polygon>
</Placemark>
<Placemark><name />
<styleUrl>#nz-lake-polygons-topo-150kId</styleUrl>
<ExtendedData><SchemaData schemaUrl="#nz-lake-polygons-topo-150kId"><SimpleData name="t50_fid">5037111</SimpleData>
<SimpleData name="elevation">0</SimpleData>
<SimpleData name="grp_ascii" />
<SimpleData name="grp_name" />
<SimpleData name="perennial" />
<SimpleData name="temperatur" />
<SimpleData name="lake_use" />
<SimpleData name="name_ascii" />
<SimpleData name="macronated">N</SimpleData>
<SimpleData name="name" />
<SimpleData name="grp_macron">N</SimpleData>
</SchemaData>
</ExtendedData>
<Polygon><outerBoundaryIs><LinearRing><tessellate>1</tessellate>
<coordinates> 174.191894,-39.564300 174.191754,-39.564117 174.191752,-39.564039 174.191853,-39.564026 174.191939,-39.564015 174.192099,-39.564119 174.192218,-39.564308 174.192011,-39.564399 174.191894,-39.564300</coordinates>
</LinearRing>
</outerBoundaryIs>
</Polygon>
</Placemark>
<Placemark><name />
<styleUrl>#nz-lake-polygons-topo-150kId</styleUrl>
<ExtendedData><SchemaData schemaUrl="#nz-lake-polygons-topo-150kId"><SimpleData name="t50_fid">5008560</SimpleData>
<SimpleData name="elevation">0</SimpleData>
<SimpleData name="grp_ascii" />
<SimpleData name="grp_name" />
<SimpleData name="perennial" />
<SimpleData name="temperatur" />
<SimpleData name="lake_use" />
<SimpleData name="name_ascii" />
<SimpleData name="macronated">N</SimpleData>
<SimpleData name="name" />
<SimpleData name="grp_macron">N</SimpleData>
</SchemaData>
</ExtendedData>
<Polygon><outerBoundaryIs><LinearRing><tessellate>1</tessellate>
<coordinates> 174.196291,-39.553766 174.196401,-39.553679 174.196562,-39.553698 174.196722,-39.553637 174.196789,-39.553485 174.196708,-39.553270 174.196677,-39.553075 174.196542,-39.552931 174.196385,-39.552754 174.196369,-39.552603 174.196437,-39.552537 174.196498,-39.552401 174.196496,-39.552266 174.196521,-39.552141 174.196617,-39.552032 174.196634,-39.552162 174.196649,-39.552237 174.196582,-39.552438 174.196517,-39.552704 174.196539,-39.552790 174.196660,-39.552865 174.196817,-39.553074 174.196818,-39.553166 174.196868,-39.553219 174.196869,-39.553290 174.196934,-39.553381 174.196999,-39.553537 174.196989,-39.553727 174.196878,-39.553814 174.196697,-39.553832 174.196536,-39.553817 174.196494,-39.553818 174.196404,-39.553835 174.196313,-39.553836 174.196291,-39.553766</coordinates>
</LinearRing>
</outerBoundaryIs>
</Polygon>
</Placemark>
<Placemark><name />
<styleUrl>#nz-lake-polygons-topo-150kId</styleUrl>
<ExtendedData><SchemaData schemaUrl="#nz-lake-polygons-topo-150kId"><SimpleData name="t50_fid">8075040</SimpleData>
<SimpleData name="elevation">0</SimpleData>
<SimpleData name="grp_ascii" />
<SimpleData name="grp_name" />
<SimpleData name="perennial" />
<SimpleData name="temperatur" />
<SimpleData name="lake_use" />
<SimpleData name="name_ascii" />
<SimpleData name="macronated">N</SimpleData>
<SimpleData name="name" />
<SimpleData name="grp_macron">N</SimpleData>
</SchemaData>
</ExtendedData>
<Polygon><outerBoundaryIs><LinearRing><tessellate>1</tessellate>
<coordinates> 174.196284,-39.560215 174.196067,-39.559989 174.195933,-39.559783 174.195778,-39.559562 174.195866,-39.559492 174.196025,-39.559527 174.196383,-39.560018 174.196652,-39.560116 174.196930,-39.560272 174.197392,-39.560028 174.197349,-39.559530 174.197347,-39.559391 174.197145,-39.559255 174.197170,-39.559122 174.197368,-39.559014 174.197523,-39.559138 174.197604,-39.559203 174.197643,-39.559442 174.197767,-39.559913 174.197916,-39.560161 174.197910,-39.560246 174.197595,-39.560287 174.197336,-39.560369 174.197159,-39.560440 174.196643,-39.560381 174.196595,-39.560359 174.196284,-39.560215</coordinates>
</LinearRing>
</outerBoundaryIs>
</Polygon>
</Placemark>
<Placemark><name />
<styleUrl>#nz-lake-polygons-topo-150kId</styleUrl>
<ExtendedData><SchemaData schemaUrl="#nz-lake-polygons-topo-150kId"><SimpleData name="t50_fid">5037117</SimpleData>
<SimpleData name="elevation">0</SimpleData>
<SimpleData name="grp_ascii" />
<SimpleData name="grp_name" />
<SimpleData name="perennial" />
<SimpleData name="temperatur" />
<SimpleData name="lake_use" />
<SimpleData name="name_ascii" />
<SimpleData name="macronated">N</SimpleData>
<SimpleData name="name" />
<SimpleData name="grp_macron">N</SimpleData>
</SchemaData>
</ExtendedData>
<Polygon><outerBoundaryIs><LinearRing><tessellate>1</tessellate>
<coordinates> 174.202806,-39.548974 174.202800,-39.548899 174.202771,-39.548798 174.202634,-39.548667 174.202618,-39.548534 174.202564,-39.548394 174.202388,-39.548158 174.202562,-39.548023 174.202705,-39.548198 174.202819,-39.548363 174.203039,-39.548457 174.203088,-39.548579 174.203094,-39.548968 174.203011,-39.549008 174.202956,-39.549009 174.202806,-39.548974</coordinates>
</LinearRing>
</outerBoundaryIs>
</Polygon>
</Placemark>
<Placemark><name />
<styleUrl>#nz-lake-polygons-topo-150kId</styleUrl>
<ExtendedData><SchemaData schemaUrl="#nz-lake-polygons-topo-150kId"><SimpleData name="t50_fid">5008563</SimpleData>
<SimpleData name="elevation">0</SimpleData>
<SimpleData name="grp_ascii" />
<SimpleData name="grp_name" />
<SimpleData name="perennial" />
<SimpleData name="temperatur" />
<SimpleData name="lake_use" />
<SimpleData name="name_ascii" />
<SimpleData name="macronated">N</SimpleData>
<SimpleData name="name" />
<SimpleData name="grp_macron">N</SimpleData>
</SchemaData>
</ExtendedData>
<Polygon><outerBoundaryIs><LinearRing><tessellate>1</tessellate>
<coordinates> 174.206351,-39.551319 174.206184,-39.551353 174.205914,-39.551299 174.205666,-39.551201 174.205413,-39.551113 174.205295,-39.550996 174.205225,-39.550986 174.204902,-39.550831 174.204573,-39.550600 174.204280,-39.550330 174.204146,-39.550112 174.204116,-39.549968 174.204119,-39.549878 174.204295,-39.549837 174.204330,-39.550006 174.204407,-39.550167 174.204704,-39.550390 174.204870,-39.550572 174.205160,-39.550717 174.205357,-39.550790 174.205792,-39.550980 174.206367,-39.551136 174.206401,-39.551251 174.206351,-39.551319</coordinates>
</LinearRing>
</outerBoundaryIs>
</Polygon>
</Placemark>
<Placemark><name />
<styleUrl>#nz-lake-polygons-topo-150kId</styleUrl>
<ExtendedData><SchemaData schemaUrl="#nz-lake-polygons-topo-150kId"><SimpleData name="t50_fid">5037123</SimpleData>
<SimpleData name="elevation">0</SimpleData>
<SimpleData name="grp_ascii" />
<SimpleData name="grp_name" />
<SimpleData name="perennial" />
<SimpleData name="temperatur" />
<SimpleData name="lake_use" />
<SimpleData name="name_ascii" />
<SimpleData name="macronated">N</SimpleData>
<SimpleData name="name" />
<SimpleData name="grp_macron">N</SimpleData>
</SchemaData>
</ExtendedData>
<Polygon><outerBoundaryIs><LinearRing><tessellate>1</tessellate>
<coordinates> 174.205112,-39.488714 174.204951,-39.488678 174.204932,-39.488486 174.204881,-39.488307 174.204896,-39.488270 174.205164,-39.488056 174.205306,-39.487937 174.205379,-39.487954 174.205405,-39.488097 174.205271,-39.488216 174.205153,-39.488348 174.205146,-39.488410 174.205220,-39.488508 174.205335,-39.488693 174.205248,-39.488725 174.205112,-39.488714</coordinates>
</LinearRing>
</outerBoundaryIs>
</Polygon>
</Placemark>
<Placemark><name />
<styleUrl>#nz-lake-polygons-topo-150kId</styleUrl>
<ExtendedData><SchemaData schemaUrl="#nz-lake-polygons-topo-150kId"><SimpleData name="t50_fid">5037021</SimpleData>
<SimpleData name="elevation">0</SimpleData>
<SimpleData name="grp_ascii" />
<SimpleData name="grp_name" />
<SimpleData name="perennial" />
<SimpleData name="temperatur" />
<SimpleData name="lake_use" />
<SimpleData name="name_ascii" />
<SimpleData name="macronated">N</SimpleData>
<SimpleData name="name" />
<SimpleData name="grp_macron">N</SimpleData>
</SchemaData>
</ExtendedData>
<Polygon><outerBoundaryIs><LinearRing><tessellate>1</tessellate>
<coordinates> 173.910935,-39.423500 173.910936,-39.423569 173.910810,-39.423812 173.910724,-39.423992 173.910672,-39.424172 173.910632,-39.424209 173.910465,-39.424185 173.910345,-39.424082 173.910438,-39.423839 173.910867,-39.423469 173.910935,-39.423500</coordinates>
</LinearRing>
</outerBoundaryIs>
</Polygon>
</Placemark>
<Placemark><name />
<styleUrl>#nz-lake-polygons-topo-150kId</styleUrl>
<ExtendedData><SchemaData schemaUrl="#nz-lake-polygons-topo-150kId"><SimpleData name="t50_fid">5037019</SimpleData>
<SimpleData name="elevation">0</SimpleData>
<SimpleData name="grp_ascii" />
<SimpleData name="grp_name" />
<SimpleData name="perennial" />
<SimpleData name="temperatur" />
<SimpleData name="lake_use" />
<SimpleData name="name_ascii" />
<SimpleData name="macronated">N</SimpleData>
<SimpleData name="name" />
<SimpleData name="grp_macron">N</SimpleData>
</SchemaData>
</ExtendedData>
<Polygon><outerBoundaryIs><LinearRing><tessellate>1</tessellate>
<coordinates> 173.858288,-39.427714 173.858018,-39.427769 173.857844,-39.427703 173.857852,-39.427576 173.857783,-39.427464 173.857676,-39.427353 173.857742,-39.427278 173.858265,-39.427423 173.858383,-39.427602 173.858288,-39.427714</coordinates>
</LinearRing>
</outerBoundaryIs>
</Polygon>
</Placemark>
<Placemark><name />
<styleUrl>#nz-lake-polygons-topo-150kId</styleUrl>
<ExtendedData><SchemaData schemaUrl="#nz-lake-polygons-topo-150kId"><SimpleData name="t50_fid">5005030</SimpleData>
<SimpleData name="elevation">0</SimpleData>
<SimpleData name="grp_ascii" />
<SimpleData name="grp_name" />
<SimpleData name="perennial" />
<SimpleData name="temperatur" />
<SimpleData name="lake_use" />
<SimpleData name="name_ascii" />
<SimpleData name="macronated">N</SimpleData>
<SimpleData name="name" />
<SimpleData name="grp_macron">N</SimpleData>
</SchemaData>
</ExtendedData>
<Polygon><outerBoundaryIs><LinearRing><tessellate>1</tessellate>
<coordinates> 173.864802,-39.457786 173.864435,-39.458105 173.864148,-39.458283 173.864145,-39.458284 173.864029,-39.458285 173.863862,-39.458224 173.863696,-39.458280 173.863516,-39.458344 173.863161,-39.458461 173.862936,-39.458647 173.862838,-39.458806 173.862753,-39.458851 173.862613,-39.459066 173.862544,-39.459280 173.862421,-39.459299 173.862301,-39.459204 173.862020,-39.459158 173.861976,-39.459033 173.861904,-39.458997 173.861740,-39.458759 173.861616,-39.458752 173.861425,-39.459034 173.861212,-39.459529 173.861066,-39.459641 173.860761,-39.459591 173.860543,-39.459578 173.860427,-39.459439 173.860497,-39.459306 173.860461,-39.459140 173.860393,-39.458979 173.860405,-39.458791 173.860472,-39.458452 173.860442,-39.458334 173.860490,-39.457984 173.860726,-39.457882 173.860866,-39.457668 173.861106,-39.457438 173.861170,-39.457293 173.861394,-39.457292 173.861560,-39.457324 173.861972,-39.457195 173.862195,-39.457186 173.862392,-39.457303 173.862795,-39.457281 173.863219,-39.457359 173.863383,-39.457524 173.863545,-39.457578 173.863767,-39.457517 173.863956,-39.457372 173.864307,-39.457329 173.864560,-39.457445 173.864919,-39.457649 173.864802,-39.457786</coordinates>
</LinearRing>
</outerBoundaryIs>
</Polygon>
</Placemark>
<Placemark><name />
<styleUrl>#nz-lake-polygons-topo-150kId</styleUrl>
<ExtendedData><SchemaData schemaUrl="#nz-lake-polygons-topo-150kId"><SimpleData name="t50_fid">5037011</SimpleData>
<SimpleData name="elevation">0</SimpleData>
<SimpleData name="grp_ascii" />
<SimpleData name="grp_name" />
<SimpleData name="perennial" />
<SimpleData name="temperatur" />
<SimpleData name="lake_use" />
<SimpleData name="name_ascii" />
<SimpleData name="macronated">N</SimpleData>
<SimpleData name="name" />
<SimpleData name="grp_macron">N</SimpleData>
</SchemaData>
</ExtendedData>
<Polygon><outerBoundaryIs><LinearRing><tessellate>1</tessellate>
<coordinates> 173.828771,-39.370972 173.828856,-39.370752 173.829055,-39.370423 173.829323,-39.370291 173.829520,-39.370391 173.829268,-39.370602 173.829026,-39.371055 173.828797,-39.371060 173.828771,-39.370972</coordinates>
</LinearRing>
</outerBoundaryIs>
</Polygon>
</Placemark>
<Placemark><name />
<styleUrl>#nz-lake-polygons-topo-150kId</styleUrl>
<ExtendedData><SchemaData schemaUrl="#nz-lake-polygons-topo-150kId"><SimpleData name="t50_fid">5037022</SimpleData>
<SimpleData name="elevation">0</SimpleData>
<SimpleData name="grp_ascii" />
<SimpleData name="grp_name" />
<SimpleData name="perennial" />
<SimpleData name="temperatur" />
<SimpleData name="lake_use" />
<SimpleData name="name_ascii" />
<SimpleData name="macronated">N</SimpleData>
<SimpleData name="name" />
<SimpleData name="grp_macron">N</SimpleData>
</SchemaData>
</ExtendedData>
<Polygon><outerBoundaryIs><LinearRing><tessellate>1</tessellate>
<coordinates> 173.891408,-39.375894 173.891132,-39.375875 173.891112,-39.375716 173.891198,-39.375487 173.891284,-39.375251 173.891399,-39.375209 173.891561,-39.375256 173.891408,-39.375894</coordinates>
</LinearRing>
</outerBoundaryIs>
</Polygon>
</Placemark>
<Placemark><name />
<styleUrl>#nz-lake-polygons-topo-150kId</styleUrl>
<ExtendedData><SchemaData schemaUrl="#nz-lake-polygons-topo-150kId"><SimpleData name="t50_fid">5037023</SimpleData>
<SimpleData name="elevation">0</SimpleData>
<SimpleData name="grp_ascii" />
<SimpleData name="grp_name" />
<SimpleData name="perennial" />
<SimpleData name="temperatur" />
<SimpleData name="lake_use" />
<SimpleData name="name_ascii" />
<SimpleData name="macronated">N</SimpleData>
<SimpleData name="name" />
<SimpleData name="grp_macron">N</SimpleData>
</SchemaData>
</ExtendedData>
<Polygon><outerBoundaryIs><LinearRing><tessellate>1</tessellate>
<coordinates> 173.895695,-39.373681 173.895878,-39.373663 173.896218,-39.373795 173.896474,-39.373952 173.896525,-39.374083 173.896390,-39.374217 173.896317,-39.374220 173.896018,-39.374180 173.895719,-39.374131 173.895589,-39.374080 173.895506,-39.373894 173.895540,-39.373734 173.895695,-39.373681</coordinates>
</LinearRing>
</outerBoundaryIs>
</Polygon>
</Placemark>
<Placemark><name />
<styleUrl>#nz-lake-polygons-topo-150kId</styleUrl>
<ExtendedData><SchemaData schemaUrl="#nz-lake-polygons-topo-150kId"><SimpleData name="t50_fid">8075151</SimpleData>
<SimpleData name="elevation">0</SimpleData>
<SimpleData name="grp_ascii" />
<SimpleData name="grp_name" />
<SimpleData name="perennial" />
<SimpleData name="temperatur" />
<SimpleData name="lake_use" />
<SimpleData name="name_ascii" />
<SimpleData name="macronated">N</SimpleData>
<SimpleData name="name" />
<SimpleData name="grp_macron">N</SimpleData>
</SchemaData>
</ExtendedData>
<Polygon><outerBoundaryIs><LinearRing><tessellate>1</tessellate>
<coordinates> 174.403944,-39.456987 174.404147,-39.456909 174.404211,-39.456802 174.404281,-39.456760 174.404387,-39.456752 174.404490,-39.456806 174.404487,-39.456871 174.404462,-39.456960 174.404339,-39.457000 174.404176,-39.457070 174.404018,-39.457120 174.403944,-39.456987</coordinates>
</LinearRing>
</outerBoundaryIs>
</Polygon>
</Placemark>
<Placemark><name />
<styleUrl>#nz-lake-polygons-topo-150kId</styleUrl>
<ExtendedData><SchemaData schemaUrl="#nz-lake-polygons-topo-150kId"><SimpleData name="t50_fid">5037262</SimpleData>
<SimpleData name="elevation">0</SimpleData>
<SimpleData name="grp_ascii" />
<SimpleData name="grp_name" />
<SimpleData name="perennial" />
<SimpleData name="temperatur" />
<SimpleData name="lake_use" />
<SimpleData name="name_ascii" />
<SimpleData name="macronated">N</SimpleData>
<SimpleData name="name" />
<SimpleData name="grp_macron">N</SimpleData>
</SchemaData>
</ExtendedData>
<Polygon><outerBoundaryIs><LinearRing><tessellate>1</tessellate>
<coordinates> 174.403215,-39.460972 174.402784,-39.460691 174.402972,-39.460615 174.403321,-39.460632 174.403382,-39.460721 174.403319,-39.460923 174.403215,-39.460972</coordinates>
</LinearRing>
</outerBoundaryIs>
</Polygon>
</Placemark>
<Placemark><name />
<styleUrl>#nz-lake-polygons-topo-150kId</styleUrl>
<ExtendedData><SchemaData schemaUrl="#nz-lake-polygons-topo-150kId"><SimpleData name="t50_fid">5037317</SimpleData>
<SimpleData name="elevation">0</SimpleData>
<SimpleData name="grp_ascii" />
<SimpleData name="grp_name" />
<SimpleData name="perennial" />
<SimpleData name="temperatur" />
<SimpleData name="lake_use" />
<SimpleData name="name_ascii" />
<SimpleData name="macronated">N</SimpleData>
<SimpleData name="name" />
<SimpleData name="grp_macron">N</SimpleData>
</SchemaData>
</ExtendedData>
<Polygon><outerBoundaryIs><LinearRing><tessellate>1</tessellate>
<coordinates> 174.411809,-39.476592 174.411920,-39.476387 174.412090,-39.476249 174.412235,-39.476247 174.412325,-39.476358 174.411897,-39.476658 174.411809,-39.476592</coordinates>
</LinearRing>
</outerBoundaryIs>
</Polygon>
</Placemark>
<Placemark><name />
<styleUrl>#nz-lake-polygons-topo-150kId</styleUrl>
<ExtendedData><SchemaData schemaUrl="#nz-lake-polygons-topo-150kId"><SimpleData name="t50_fid">5037236</SimpleData>
<SimpleData name="elevation">0</SimpleData>
<SimpleData name="grp_ascii" />
<SimpleData name="grp_name" />
<SimpleData name="perennial" />
<SimpleData name="temperatur" />
<SimpleData name="lake_use" />
<SimpleData name="name_ascii" />
<SimpleData name="macronated">N</SimpleData>
<SimpleData name="name" />
<SimpleData name="grp_macron">N</SimpleData>
</SchemaData>
</ExtendedData>
<Polygon><outerBoundaryIs><LinearRing><tessellate>1</tessellate>
<coordinates> 174.416292,-39.483769 174.416031,-39.483795 174.415941,-39.483707 174.415996,-39.483616 174.416141,-39.483568 174.416373,-39.483564 174.416463,-39.483653 174.416292,-39.483769</coordinates>
</LinearRing>
</outerBoundaryIs>
</Polygon>
</Placemark>
<Placemark><name />
<styleUrl>#nz-lake-polygons-topo-150kId</styleUrl>
<ExtendedData><SchemaData schemaUrl="#nz-lake-polygons-topo-150kId"><SimpleData name="t50_fid">5037235</SimpleData>
<SimpleData name="elevation">0</SimpleData>
<SimpleData name="grp_ascii" />
<SimpleData name="grp_name" />
<SimpleData name="perennial" />
<SimpleData name="temperatur" />
<SimpleData name="lake_use" />
<SimpleData name="name_ascii" />
<SimpleData name="macronated">N</SimpleData>
<SimpleData name="name" />
<SimpleData name="grp_macron">N</SimpleData>
</SchemaData>
</ExtendedData>
<Polygon><outerBoundaryIs><LinearRing><tessellate>1</tessellate>
<coordinates> 174.422001,-39.488217 174.422640,-39.488260 174.422470,-39.488366 174.422063,-39.488373 174.421945,-39.488307 174.422001,-39.488217</coordinates>
</LinearRing>
</outerBoundaryIs>
</Polygon>
</Placemark>
<Placemark><name />
<styleUrl>#nz-lake-polygons-topo-150kId</styleUrl>
<ExtendedData><SchemaData schemaUrl="#nz-lake-polygons-topo-150kId"><SimpleData name="t50_fid">5037237</SimpleData>
<SimpleData name="elevation">0</SimpleData>
<SimpleData name="grp_ascii" />
<SimpleData name="grp_name" />
<SimpleData name="perennial" />
<SimpleData name="temperatur" />
<SimpleData name="lake_use" />
<SimpleData name="name_ascii" />
<SimpleData name="macronated">N</SimpleData>
<SimpleData name="name" />
<SimpleData name="grp_macron">N</SimpleData>
</SchemaData>
</ExtendedData>
<Polygon><outerBoundaryIs><LinearRing><tessellate>1</tessellate>
<coordinates> 174.420417,-39.482637 174.420201,-39.482836 174.420154,-39.482619 174.420240,-39.482550 174.420356,-39.482548 174.420417,-39.482637</coordinates>
</LinearRing>
</outerBoundaryIs>
</Polygon>
</Placemark>
<Placemark><name />
<styleUrl>#nz-lake-polygons-topo-150kId</styleUrl>
<ExtendedData><SchemaData schemaUrl="#nz-lake-polygons-topo-150kId"><SimpleData name="t50_fid">5037318</SimpleData>
<SimpleData name="elevation">0</SimpleData>
<SimpleData name="grp_ascii" />
<SimpleData name="grp_name" />
<SimpleData name="perennial" />
<SimpleData name="temperatur" />
<SimpleData name="lake_use" />
<SimpleData name="name_ascii" />
<SimpleData name="macronated">N</SimpleData>
<SimpleData name="name" />
<SimpleData name="grp_macron">N</SimpleData>
</SchemaData>
</ExtendedData>
<Polygon><outerBoundaryIs><LinearRing><tessellate>1</tessellate>
<coordinates> 174.422147,-39.473207 174.422146,-39.473163 174.422186,-39.473131 174.422316,-39.473028 174.422810,-39.473019 174.422987,-39.473129 174.422936,-39.473355 174.422794,-39.473493 174.422592,-39.473519 174.422327,-39.473433 174.422148,-39.473279 174.422147,-39.473207</coordinates>
</LinearRing>
</outerBoundaryIs>
</Polygon>
</Placemark>
<Placemark><name />
<styleUrl>#nz-lake-polygons-topo-150kId</styleUrl>
<ExtendedData><SchemaData schemaUrl="#nz-lake-polygons-topo-150kId"><SimpleData name="t50_fid">5037319</SimpleData>
<SimpleData name="elevation">0</SimpleData>
<SimpleData name="grp_ascii" />
<SimpleData name="grp_name" />
<SimpleData name="perennial" />
<SimpleData name="temperatur" />
<SimpleData name="lake_use" />
<SimpleData name="name_ascii" />
<SimpleData name="macronated">N</SimpleData>
<SimpleData name="name" />
<SimpleData name="grp_macron">N</SimpleData>
</SchemaData>
</ExtendedData>
<Polygon><outerBoundaryIs><LinearRing><tessellate>1</tessellate>
<coordinates> 174.416605,-39.464635 174.416794,-39.464496 174.416980,-39.464538 174.417012,-39.464628 174.416771,-39.464771 174.416605,-39.464635</coordinates>
</LinearRing>
</outerBoundaryIs>
</Polygon>
</Placemark>
<Placemark><name />
<styleUrl>#nz-lake-polygons-topo-150kId</styleUrl>
<ExtendedData><SchemaData schemaUrl="#nz-lake-polygons-topo-150kId"><SimpleData name="t50_fid">5003698</SimpleData>
<SimpleData name="elevation">189</SimpleData>
<SimpleData name="grp_ascii" />
<SimpleData name="grp_name" />
<SimpleData name="perennial" />
<SimpleData name="temperatur" />
<SimpleData name="lake_use" />
<SimpleData name="name_ascii">Lake Rotokare</SimpleData>
<SimpleData name="macronated">N</SimpleData>
<SimpleData name="name">Lake Rotokare</SimpleData>
<SimpleData name="grp_macron">N</SimpleData>
</SchemaData>
</ExtendedData>
<Polygon><outerBoundaryIs><LinearRing><tessellate>1</tessellate>
<coordinates> 174.409111,-39.453872 174.409063,-39.453855 174.409025,-39.453851 174.408984,-39.453847 174.408960,-39.453850 174.408944,-39.453852 174.408907,-39.453855 174.408684,-39.453905 174.408563,-39.454050 174.408531,-39.454068 174.408200,-39.454185 174.407958,-39.454230 174.407788,-39.454335 174.407729,-39.454291 174.407494,-39.454227 174.407286,-39.454051 174.407165,-39.453873 174.407102,-39.453694 174.407153,-39.453490 174.407348,-39.453194 174.407858,-39.452712 174.408058,-39.452618 174.408290,-39.452614 174.408908,-39.452851 174.409141,-39.452870 174.409510,-39.452570 174.409816,-39.452092 174.409837,-39.451821 174.409647,-39.451306 174.409729,-39.451124 174.409870,-39.450964 174.409976,-39.450601 174.409968,-39.450309 174.410330,-39.449784 174.410626,-39.448990 174.410728,-39.448494 174.410813,-39.448424 174.411072,-39.448330 174.411534,-39.448254 174.411822,-39.448113 174.412077,-39.447906 174.412553,-39.447290 174.412697,-39.447219 174.412985,-39.447147 174.413556,-39.447146 174.414265,-39.447192 174.414469,-39.447234 174.414588,-39.447321 174.414591,-39.447434 174.414478,-39.447527 174.414188,-39.447576 174.414020,-39.447759 174.413701,-39.447788 174.413471,-39.447882 174.413080,-39.448407 174.412512,-39.448890 174.412255,-39.449029 174.411829,-39.449375 174.411437,-39.449878 174.411160,-39.450356 174.411026,-39.450741 174.411050,-39.451552 174.411238,-39.452022 174.411512,-39.452468 174.411640,-39.452871 174.411760,-39.452981 174.412051,-39.452999 174.412453,-39.452834 174.413146,-39.452687 174.413756,-39.452653 174.414163,-39.452691 174.414725,-39.452997 174.414812,-39.452996 174.414961,-39.453128 174.414965,-39.453263 174.414596,-39.453562 174.414402,-39.453590 174.414231,-39.453588 174.413865,-39.453417 174.413574,-39.453423 174.413287,-39.453518 174.412887,-39.453751 174.412570,-39.453868 174.412134,-39.453876 174.411432,-39.453708 174.410212,-39.453707 174.409866,-39.453826 174.409633,-39.453784 174.409265,-39.453814 174.409111,-39.453872</coordinates>
</LinearRing>
</outerBoundaryIs>
</Polygon>
</Placemark>
<Placemark><name />
<styleUrl>#nz-lake-polygons-topo-150kId</styleUrl>
<ExtendedData><SchemaData schemaUrl="#nz-lake-polygons-topo-150kId"><SimpleData name="t50_fid">5037263</SimpleData>
<SimpleData name="elevation">0</SimpleData>
<SimpleData name="grp_ascii" />
<SimpleData name="grp_name" />
<SimpleData name="perennial" />
<SimpleData name="temperatur" />
<SimpleData name="lake_use" />
<SimpleData name="name_ascii" />
<SimpleData name="macronated">N</SimpleData>
<SimpleData name="name" />
<SimpleData name="grp_macron">N</SimpleData>
</SchemaData>
</ExtendedData>
<Polygon><outerBoundaryIs><LinearRing><tessellate>1</tessellate>
<coordinates> 174.399436,-39.453834 174.399372,-39.453678 174.399570,-39.453494 174.399579,-39.453511 174.399662,-39.453673 174.399695,-39.453785 174.399639,-39.453853 174.399495,-39.453879 174.399436,-39.453834</coordinates>
</LinearRing>
</outerBoundaryIs>
</Polygon>
</Placemark>
<Placemark><name />
<styleUrl>#nz-lake-polygons-topo-150kId</styleUrl>
<ExtendedData><SchemaData schemaUrl="#nz-lake-polygons-topo-150kId"><SimpleData name="t50_fid">5037177</SimpleData>
<SimpleData name="elevation">0</SimpleData>
<SimpleData name="grp_ascii" />
<SimpleData name="grp_name" />
<SimpleData name="perennial" />
<SimpleData name="temperatur" />
<SimpleData name="lake_use" />
<SimpleData name="name_ascii" />
<SimpleData name="macronated">N</SimpleData>
<SimpleData name="name" />
<SimpleData name="grp_macron">N</SimpleData>
</SchemaData>
</ExtendedData>
<Polygon><outerBoundaryIs><LinearRing><tessellate>1</tessellate>
<coordinates> 174.387330,-39.490233 174.387328,-39.490152 174.387450,-39.490080 174.387555,-39.490144 174.387558,-39.490270 174.387448,-39.490307 174.387330,-39.490233</coordinates>
</LinearRing>
</outerBoundaryIs>
</Polygon>
</Placemark>
<Placemark><name />
<styleUrl>#nz-lake-polygons-topo-150kId</styleUrl>
<ExtendedData><SchemaData schemaUrl="#nz-lake-polygons-topo-150kId"><SimpleData name="t50_fid">5037173</SimpleData>
<SimpleData name="elevation">0</SimpleData>
<SimpleData name="grp_ascii" />
<SimpleData name="grp_name" />
<SimpleData name="perennial" />
<SimpleData name="temperatur" />
<SimpleData name="lake_use" />
<SimpleData name="name_ascii" />
<SimpleData name="macronated">N</SimpleData>
<SimpleData name="name" />
<SimpleData name="grp_macron">N</SimpleData>
</SchemaData>
</ExtendedData>
<Polygon><outerBoundaryIs><LinearRing><tessellate>1</tessellate>
<coordinates> 174.356016,-39.481566 174.355833,-39.481276 174.355645,-39.481117 174.355799,-39.481075 174.356184,-39.481338 174.356273,-39.481426 174.356179,-39.481605 174.356016,-39.481566</coordinates>
</LinearRing>
</outerBoundaryIs>
</Polygon>
</Placemark>
<Placemark><name />
<styleUrl>#nz-lake-polygons-topo-150kId</styleUrl>
<ExtendedData><SchemaData schemaUrl="#nz-lake-polygons-topo-150kId"><SimpleData name="t50_fid">5037172</SimpleData>
<SimpleData name="elevation">0</SimpleData>
<SimpleData name="grp_ascii" />
<SimpleData name="grp_name" />
<SimpleData name="perennial" />
<SimpleData name="temperatur" />
<SimpleData name="lake_use" />
<SimpleData name="name_ascii" />
<SimpleData name="macronated">N</SimpleData>
<SimpleData name="name" />
<SimpleData name="grp_macron">N</SimpleData>
</SchemaData>
</ExtendedData>
<Polygon><outerBoundaryIs><LinearRing><tessellate>1</tessellate>
<coordinates> 174.357392,-39.485981 174.357359,-39.485869 174.357415,-39.485823 174.357590,-39.485820 174.357710,-39.485953 174.357577,-39.486125 174.357392,-39.485981</coordinates>
</LinearRing>
</outerBoundaryIs>
</Polygon>
</Placemark>
<Placemark><name />
<styleUrl>#nz-lake-polygons-topo-150kId</styleUrl>
<ExtendedData><SchemaData schemaUrl="#nz-lake-polygons-topo-150kId"><SimpleData name="t50_fid">5037260</SimpleData>
<SimpleData name="elevation">0</SimpleData>
<SimpleData name="grp_ascii" />
<SimpleData name="grp_name" />
<SimpleData name="perennial" />
<SimpleData name="temperatur" />
<SimpleData name="lake_use" />
<SimpleData name="name_ascii" />
<SimpleData name="macronated">N</SimpleData>
<SimpleData name="name" />
<SimpleData name="grp_macron">N</SimpleData>
</SchemaData>
</ExtendedData>
<Polygon><outerBoundaryIs><LinearRing><tessellate>1</tessellate>
<coordinates> 174.364757,-39.463232 174.364889,-39.463125 174.364974,-39.463093 174.365091,-39.463137 174.365094,-39.463227 174.364981,-39.463341 174.364924,-39.463355 174.364815,-39.463343 174.364718,-39.463301 174.364757,-39.463232</coordinates>
</LinearRing>
</outerBoundaryIs>
</Polygon>
</Placemark>
<Placemark><name />
<styleUrl>#nz-lake-polygons-topo-150kId</styleUrl>
<ExtendedData><SchemaData schemaUrl="#nz-lake-polygons-topo-150kId"><SimpleData name="t50_fid">5037259</SimpleData>
<SimpleData name="elevation">0</SimpleData>
<SimpleData name="grp_ascii" />
<SimpleData name="grp_name" />
<SimpleData name="perennial" />
<SimpleData name="temperatur" />
<SimpleData name="lake_use" />
<SimpleData name="name_ascii" />
<SimpleData name="macronated">N</SimpleData>
<SimpleData name="name" />
<SimpleData name="grp_macron">N</SimpleData>
</SchemaData>
</ExtendedData>
<Polygon><outerBoundaryIs><LinearRing><tessellate>1</tessellate>
<coordinates> 174.364085,-39.466829 174.364229,-39.466736 174.364403,-39.466733 174.364464,-39.466823 174.364350,-39.466937 174.364211,-39.466949 174.364085,-39.466829</coordinates>
</LinearRing>
</outerBoundaryIs>
</Polygon>
</Placemark>
<Placemark><name />
<styleUrl>#nz-lake-polygons-topo-150kId</styleUrl>
<ExtendedData><SchemaData schemaUrl="#nz-lake-polygons-topo-150kId"><SimpleData name="t50_fid">5037261</SimpleData>
<SimpleData name="elevation">0</SimpleData>
<SimpleData name="grp_ascii" />
<SimpleData name="grp_name" />
<SimpleData name="perennial" />
<SimpleData name="temperatur" />
<SimpleData name="lake_use" />
<SimpleData name="name_ascii" />
<SimpleData name="macronated">N</SimpleData>
<SimpleData name="name" />
<SimpleData name="grp_macron">N</SimpleData>
</SchemaData>
</ExtendedData>
<Polygon><outerBoundaryIs><LinearRing><tessellate>1</tessellate>
<coordinates> 174.365834,-39.454745 174.365857,-39.454542 174.365972,-39.454473 174.366233,-39.454468 174.366266,-39.454580 174.366068,-39.454809 174.365923,-39.454812 174.365834,-39.454745</coordinates>
</LinearRing>
</outerBoundaryIs>
</Polygon>
</Placemark>
<Placemark><name />
<styleUrl>#nz-lake-polygons-topo-150kId</styleUrl>
<ExtendedData><SchemaData schemaUrl="#nz-lake-polygons-topo-150kId"><SimpleData name="t50_fid">5037176</SimpleData>
<SimpleData name="elevation">0</SimpleData>
<SimpleData name="grp_ascii" />
<SimpleData name="grp_name" />
<SimpleData name="perennial" />
<SimpleData name="temperatur" />
<SimpleData name="lake_use" />
<SimpleData name="name_ascii" />
<SimpleData name="macronated">N</SimpleData>
<SimpleData name="name" />
<SimpleData name="grp_macron">N</SimpleData>
</SchemaData>
</ExtendedData>
<Polygon><outerBoundaryIs><LinearRing><tessellate>1</tessellate>
<coordinates> 174.387057,-39.490565 174.387153,-39.490488 174.387210,-39.490401 174.387314,-39.490395 174.387309,-39.490496 174.387234,-39.490633 174.387176,-39.490649 174.387090,-39.490615 174.387057,-39.490565</coordinates>
</LinearRing>
</outerBoundaryIs>
</Polygon>
</Placemark>
<Placemark><name />
<styleUrl>#nz-lake-polygons-topo-150kId</styleUrl>
<ExtendedData><SchemaData schemaUrl="#nz-lake-polygons-topo-150kId"><SimpleData name="t50_fid">5037119</SimpleData>
<SimpleData name="elevation">0</SimpleData>
<SimpleData name="grp_ascii" />
<SimpleData name="grp_name" />
<SimpleData name="perennial" />
<SimpleData name="temperatur" />
<SimpleData name="lake_use" />
<SimpleData name="name_ascii" />
<SimpleData name="macronated">N</SimpleData>
<SimpleData name="name" />
<SimpleData name="grp_macron">N</SimpleData>
</SchemaData>
</ExtendedData>
<Polygon><outerBoundaryIs><LinearRing><tessellate>1</tessellate>
<coordinates> 174.159764,-39.516607 174.159783,-39.516687 174.159732,-39.516856 174.159624,-39.516878 174.159524,-39.516745 174.159520,-39.516624 174.159606,-39.516541 174.159693,-39.516540 174.159764,-39.516607</coordinates>
</LinearRing>
</outerBoundaryIs>
</Polygon>
</Placemark>
<Placemark><name />
<styleUrl>#nz-lake-polygons-topo-150kId</styleUrl>
<ExtendedData><SchemaData schemaUrl="#nz-lake-polygons-topo-150kId"><SimpleData name="t50_fid">5037008</SimpleData>
<SimpleData name="elevation">0</SimpleData>
<SimpleData name="grp_ascii" />
<SimpleData name="grp_name" />
<SimpleData name="perennial" />
<SimpleData name="temperatur" />
<SimpleData name="lake_use" />
<SimpleData name="name_ascii" />
<SimpleData name="macronated">N</SimpleData>
<SimpleData name="name" />
<SimpleData name="grp_macron">N</SimpleData>
</SchemaData>
</ExtendedData>
<Polygon><outerBoundaryIs><LinearRing><tessellate>1</tessellate>
<coordinates> 174.076289,-39.500533 174.076297,-39.500128 174.076427,-39.499868 174.076657,-39.499730 174.076845,-39.499728 174.076830,-39.499904 174.076651,-39.500018 174.076653,-39.500187 174.076829,-39.500303 174.076818,-39.500517 174.076484,-39.500543 174.076289,-39.500533</coordinates>
</LinearRing>
</outerBoundaryIs>
</Polygon>
</Placemark>
<Placemark><name />
<styleUrl>#nz-lake-polygons-topo-150kId</styleUrl>
<ExtendedData><SchemaData schemaUrl="#nz-lake-polygons-topo-150kId"><SimpleData name="t50_fid">5037006</SimpleData>
<SimpleData name="elevation">0</SimpleData>
<SimpleData name="grp_ascii" />
<SimpleData name="grp_name" />
<SimpleData name="perennial" />
<SimpleData name="temperatur" />
<SimpleData name="lake_use" />
<SimpleData name="name_ascii" />
<SimpleData name="macronated">N</SimpleData>
<SimpleData name="name" />
<SimpleData name="grp_macron">N</SimpleData>
</SchemaData>
</ExtendedData>
<Polygon><outerBoundaryIs><LinearRing><tessellate>1</tessellate>
<coordinates> 174.029266,-39.543115 174.029353,-39.543206 174.029475,-39.543372 174.029466,-39.543481 174.029401,-39.543490 174.029151,-39.543400 174.029094,-39.543191 174.029136,-39.543132 174.029179,-39.543090 174.029266,-39.543115</coordinates>
</LinearRing>
</outerBoundaryIs>
</Polygon>
</Placemark>
<Placemark><name />
<styleUrl>#nz-lake-polygons-topo-150kId</styleUrl>
<ExtendedData><SchemaData schemaUrl="#nz-lake-polygons-topo-150kId"><SimpleData name="t50_fid">5037007</SimpleData>
<SimpleData name="elevation">0</SimpleData>
<SimpleData name="grp_ascii" />
<SimpleData name="grp_name" />
<SimpleData name="perennial" />
<SimpleData name="temperatur" />
<SimpleData name="lake_use" />
<SimpleData name="name_ascii" />
<SimpleData name="macronated">N</SimpleData>
<SimpleData name="name" />
<SimpleData name="grp_macron">N</SimpleData>
</SchemaData>
</ExtendedData>
<Polygon><outerBoundaryIs><LinearRing><tessellate>1</tessellate>
<coordinates> 174.051171,-39.498331 174.051302,-39.498547 174.051606,-39.498589 174.051643,-39.498716 174.051436,-39.498880 174.051200,-39.498765 174.050974,-39.498459 174.050925,-39.498261 174.051171,-39.498331</coordinates>
</LinearRing>
</outerBoundaryIs>
</Polygon>
</Placemark>
<Placemark><name />
<styleUrl>#nz-lake-polygons-topo-150kId</styleUrl>
<ExtendedData><SchemaData schemaUrl="#nz-lake-polygons-topo-150kId"><SimpleData name="t50_fid">7889834</SimpleData>
<SimpleData name="elevation">0</SimpleData>
<SimpleData name="grp_ascii" />
<SimpleData name="grp_name" />
<SimpleData name="perennial" />
<SimpleData name="temperatur" />
<SimpleData name="lake_use" />
<SimpleData name="name_ascii" />
<SimpleData name="macronated">N</SimpleData>
<SimpleData name="name" />
<SimpleData name="grp_macron">N</SimpleData>
</SchemaData>
</ExtendedData>
<Polygon><outerBoundaryIs><LinearRing><tessellate>1</tessellate>
<coordinates> 174.043011,-39.530103 174.042893,-39.529985 174.042837,-39.529819 174.042888,-39.529682 174.042999,-39.529523 174.043090,-39.529283 174.043182,-39.529082 174.043245,-39.528869 174.043294,-39.528761 174.043438,-39.528713 174.043529,-39.528678 174.043612,-39.528580 174.043629,-39.528397 174.043647,-39.528380 174.043701,-39.528404 174.043725,-39.528426 174.043784,-39.528481 174.043780,-39.528642 174.043750,-39.528730 174.043798,-39.528793 174.043721,-39.528894 174.043615,-39.528944 174.043556,-39.529005 174.043536,-39.529147 174.043528,-39.529254 174.043508,-39.529367 174.043550,-39.529454 174.043504,-39.529557 174.043531,-39.529681 174.043561,-39.529754 174.043508,-39.529835 174.043361,-39.529920 174.043353,-39.530017 174.043333,-39.530130 174.043272,-39.530225 174.043206,-39.530245 174.043014,-39.530105 174.043011,-39.530103</coordinates>
</LinearRing>
</outerBoundaryIs>
</Polygon>
</Placemark>
<Placemark><name />
<styleUrl>#nz-lake-polygons-topo-150kId</styleUrl>
<ExtendedData><SchemaData schemaUrl="#nz-lake-polygons-topo-150kId"><SimpleData name="t50_fid">5037609</SimpleData>
<SimpleData name="elevation">0</SimpleData>
<SimpleData name="grp_ascii" />
<SimpleData name="grp_name" />
<SimpleData name="perennial" />
<SimpleData name="temperatur" />
<SimpleData name="lake_use" />
<SimpleData name="name_ascii" />
<SimpleData name="macronated">N</SimpleData>
<SimpleData name="name" />
<SimpleData name="grp_macron">N</SimpleData>
</SchemaData>
</ExtendedData>
<Polygon><outerBoundaryIs><LinearRing><tessellate>1</tessellate>
<coordinates> 174.141673,-39.038768 174.141589,-39.038752 174.141510,-39.038678 174.141560,-39.038416 174.141504,-39.038242 174.141726,-39.038155 174.141889,-39.038183 174.141824,-39.038314 174.141819,-39.038427 174.141790,-39.038599 174.141749,-39.038718 174.141673,-39.038768</coordinates>
</LinearRing>
</outerBoundaryIs>
</Polygon>
</Placemark>
<Placemark><name>Waipu Lagoons</name>
<styleUrl>#nz-lake-polygons-topo-150kId</styleUrl>
<ExtendedData><SchemaData schemaUrl="#nz-lake-polygons-topo-150kId"><SimpleData name="t50_fid">5005049</SimpleData>
<SimpleData name="elevation">0</SimpleData>
<SimpleData name="grp_ascii">Waipu Lagoons</SimpleData>
<SimpleData name="grp_name">Waipu Lagoons</SimpleData>
<SimpleData name="perennial" />
<SimpleData name="temperatur" />
<SimpleData name="lake_use" />
<SimpleData name="name_ascii" />
<SimpleData name="macronated">N</SimpleData>
<SimpleData name="name" />
<SimpleData name="grp_macron">N</SimpleData>
</SchemaData>
</ExtendedData>
<Polygon><outerBoundaryIs><LinearRing><tessellate>1</tessellate>
<coordinates> 174.135481,-39.029612 174.135696,-39.029712 174.135918,-39.029876 174.135983,-39.030034 174.136104,-39.030130 174.136534,-39.030244 174.136880,-39.030415 174.137111,-39.030506 174.137303,-39.030447 174.137408,-39.030507 174.137383,-39.030600 174.137221,-39.030714 174.137114,-39.030689 174.136531,-39.030374 174.136342,-39.030315 174.136094,-39.030251 174.136050,-39.030298 174.136217,-39.030510 174.136306,-39.030750 174.136469,-39.030985 174.136433,-39.031249 174.136348,-39.031506 174.136173,-39.031707 174.135924,-39.031770 174.135887,-39.031734 174.136140,-39.031473 174.136201,-39.031323 174.136285,-39.030949 174.135937,-39.030400 174.135745,-39.030130 174.135576,-39.030010 174.135282,-39.029883 174.135051,-39.029751 174.135143,-39.029656 174.135272,-39.029594 174.135481,-39.029612</coordinates>
</LinearRing>
</outerBoundaryIs>
</Polygon>
</Placemark>
<Placemark><name>Waipu Lagoons</name>
<styleUrl>#nz-lake-polygons-topo-150kId</styleUrl>
<ExtendedData><SchemaData schemaUrl="#nz-lake-polygons-topo-150kId"><SimpleData name="t50_fid">5037612</SimpleData>
<SimpleData name="elevation">0</SimpleData>
<SimpleData name="grp_ascii">Waipu Lagoons</SimpleData>
<SimpleData name="grp_name">Waipu Lagoons</SimpleData>
<SimpleData name="perennial" />
<SimpleData name="temperatur" />
<SimpleData name="lake_use" />
<SimpleData name="name_ascii" />
<SimpleData name="macronated">N</SimpleData>
<SimpleData name="name" />
<SimpleData name="grp_macron">N</SimpleData>
</SchemaData>
</ExtendedData>
<Polygon><outerBoundaryIs><LinearRing><tessellate>1</tessellate>
<coordinates> 174.136423,-39.029000 174.136335,-39.029018 174.136089,-39.029086 174.135936,-39.029166 174.135836,-39.029080 174.135553,-39.028733 174.135524,-39.028519 174.135495,-39.028396 174.135636,-39.028350 174.135841,-39.028442 174.135876,-39.028649 174.135971,-39.028721 174.136221,-39.028702 174.136419,-39.028700 174.136615,-39.028580 174.136693,-39.028608 174.136684,-39.028697 174.136613,-39.028775 174.136707,-39.028831 174.136636,-39.029018 174.136423,-39.029000</coordinates>
</LinearRing>
</outerBoundaryIs>
</Polygon>
</Placemark>
<Placemark><name />
<styleUrl>#nz-lake-polygons-topo-150kId</styleUrl>
<ExtendedData><SchemaData schemaUrl="#nz-lake-polygons-topo-150kId"><SimpleData name="t50_fid">5008635</SimpleData>
<SimpleData name="elevation">0</SimpleData>
<SimpleData name="grp_ascii" />
<SimpleData name="grp_name" />
<SimpleData name="perennial" />
<SimpleData name="temperatur" />
<SimpleData name="lake_use" />
<SimpleData name="name_ascii" />
<SimpleData name="macronated">N</SimpleData>
<SimpleData name="name" />
<SimpleData name="grp_macron">N</SimpleData>
</SchemaData>
</ExtendedData>
<Polygon><outerBoundaryIs><LinearRing><tessellate>1</tessellate>
<coordinates> 174.141228,-39.022664 174.141207,-39.022763 174.141015,-39.023240 174.140953,-39.023314 174.140667,-39.023460 174.140427,-39.023569 174.140213,-39.023666 174.139907,-39.023704 174.139668,-39.023685 174.139391,-39.023545 174.139058,-39.023340 174.138649,-39.023272 174.138502,-39.022917 174.138586,-39.022456 174.138663,-39.022263 174.138799,-39.021955 174.139112,-39.021792 174.139494,-39.021739 174.140059,-39.021778 174.140383,-39.021840 174.141194,-39.021980 174.141337,-39.022122 174.141228,-39.022664</coordinates>
</LinearRing>
</outerBoundaryIs>
</Polygon>
</Placemark>
<Placemark><name />
<styleUrl>#nz-lake-polygons-topo-150kId</styleUrl>
<ExtendedData><SchemaData schemaUrl="#nz-lake-polygons-topo-150kId"><SimpleData name="t50_fid">5005050</SimpleData>
<SimpleData name="elevation">0</SimpleData>
<SimpleData name="grp_ascii" />
<SimpleData name="grp_name" />
<SimpleData name="perennial" />
<SimpleData name="temperatur" />
<SimpleData name="lake_use" />
<SimpleData name="name_ascii" />
<SimpleData name="macronated">N</SimpleData>
<SimpleData name="name" />
<SimpleData name="grp_macron">N</SimpleData>
</SchemaData>
</ExtendedData>
<Polygon><outerBoundaryIs><LinearRing><tessellate>1</tessellate>
<coordinates> 174.141765,-39.022041 174.143653,-39.022324 174.143802,-39.022366 174.144143,-39.023482 174.143702,-39.023585 174.143406,-39.023555 174.143229,-39.023469 174.142970,-39.023564 174.142860,-39.023725 174.142395,-39.023630 174.142152,-39.023392 174.141944,-39.023108 174.141845,-39.022660 174.141552,-39.022372 174.141596,-39.022064 174.141765,-39.022041</coordinates>
</LinearRing>
</outerBoundaryIs>
</Polygon>
</Placemark>
<Placemark><name />
<styleUrl>#nz-lake-polygons-topo-150kId</styleUrl>
<ExtendedData><SchemaData schemaUrl="#nz-lake-polygons-topo-150kId"><SimpleData name="t50_fid">5037610</SimpleData>
<SimpleData name="elevation">0</SimpleData>
<SimpleData name="grp_ascii" />
<SimpleData name="grp_name" />
<SimpleData name="perennial" />
<SimpleData name="temperatur" />
<SimpleData name="lake_use" />
<SimpleData name="name_ascii" />
<SimpleData name="macronated">N</SimpleData>
<SimpleData name="name" />
<SimpleData name="grp_macron">N</SimpleData>
</SchemaData>
</ExtendedData>
<Polygon><outerBoundaryIs><LinearRing><tessellate>1</tessellate>
<coordinates> 174.150360,-39.035262 174.150207,-39.035419 174.150030,-39.035432 174.149910,-39.035330 174.149923,-39.035197 174.150180,-39.035090 174.150305,-39.035078 174.150432,-39.035157 174.150360,-39.035262</coordinates>
</LinearRing>
</outerBoundaryIs>
</Polygon>
</Placemark>
<Placemark><name />
<styleUrl>#nz-lake-polygons-topo-150kId</styleUrl>
<ExtendedData><SchemaData schemaUrl="#nz-lake-polygons-topo-150kId"><SimpleData name="t50_fid">5005045</SimpleData>
<SimpleData name="elevation">0</SimpleData>
<SimpleData name="grp_ascii" />
<SimpleData name="grp_name" />
<SimpleData name="perennial" />
<SimpleData name="temperatur" />
<SimpleData name="lake_use" />
<SimpleData name="name_ascii" />
<SimpleData name="macronated">N</SimpleData>
<SimpleData name="name" />
<SimpleData name="grp_macron">N</SimpleData>
</SchemaData>
</ExtendedData>
<Polygon><outerBoundaryIs><LinearRing><tessellate>1</tessellate>
<coordinates> 174.108780,-39.038237 174.108844,-39.038230 174.108972,-39.038299 174.109068,-39.038356 174.109330,-39.038402 174.109703,-39.038467 174.109961,-39.038476 174.110247,-39.038485 174.110853,-39.038413 174.111359,-39.038351 174.111617,-39.038343 174.111685,-39.038451 174.111641,-39.038512 174.111569,-39.038613 174.111502,-39.038771 174.111154,-39.038838 174.110916,-39.038900 174.110545,-39.038960 174.110142,-39.039011 174.109889,-39.039009 174.109799,-39.038974 174.109580,-39.038797 174.109418,-39.038628 174.109270,-39.038540 174.109222,-39.038528 174.109092,-39.038493 174.108848,-39.038389 174.108639,-39.038253 174.108780,-39.038237</coordinates>
</LinearRing>
</outerBoundaryIs>
</Polygon>
</Placemark>
<Placemark><name />
<styleUrl>#nz-lake-polygons-topo-150kId</styleUrl>
<ExtendedData><SchemaData schemaUrl="#nz-lake-polygons-topo-150kId"><SimpleData name="t50_fid">5005044</SimpleData>
<SimpleData name="elevation">0</SimpleData>
<SimpleData name="grp_ascii" />
<SimpleData name="grp_name" />
<SimpleData name="perennial" />
<SimpleData name="temperatur" />
<SimpleData name="lake_use" />
<SimpleData name="name_ascii">Lake Rotomanu</SimpleData>
<SimpleData name="macronated">N</SimpleData>
<SimpleData name="name">Lake Rotomanu</SimpleData>
<SimpleData name="grp_macron">N</SimpleData>
</SchemaData>
</ExtendedData>
<Polygon><outerBoundaryIs><LinearRing><tessellate>1</tessellate>
<coordinates> 174.115135,-39.042372 174.115058,-39.042235 174.114560,-39.041910 174.114435,-39.041893 174.114203,-39.042004 174.114108,-39.042139 174.114017,-39.042288 174.113830,-39.042335 174.113742,-39.042434 174.113772,-39.042582 174.113671,-39.042604 174.113475,-39.042476 174.113310,-39.042435 174.113033,-39.042362 174.112909,-39.042172 174.112856,-39.041967 174.112577,-39.041559 174.112377,-39.041104 174.112424,-39.040990 174.112617,-39.040896 174.112815,-39.040642 174.113156,-39.040267 174.113494,-39.040076 174.113917,-39.039946 174.114218,-39.039809 174.114326,-39.039611 174.114151,-39.039431 174.113638,-39.038931 174.113575,-39.038782 174.113745,-39.038662 174.114007,-39.038620 174.114311,-39.038680 174.114756,-39.038660 174.115048,-39.038578 174.115260,-39.038600 174.115537,-39.038810 174.115795,-39.039171 174.116063,-39.039499 174.116364,-39.039938 174.116626,-39.040527 174.116722,-39.040841 174.116746,-39.041117 174.116641,-39.041481 174.116370,-39.041649 174.116223,-39.041911 174.115954,-39.042158 174.115709,-39.042272 174.115492,-39.042311 174.115443,-39.042418 174.115351,-39.042479 174.115135,-39.042372</coordinates>
</LinearRing>
</outerBoundaryIs>
</Polygon>
</Placemark>
<Placemark><name />
<styleUrl>#nz-lake-polygons-topo-150kId</styleUrl>
<ExtendedData><SchemaData schemaUrl="#nz-lake-polygons-topo-150kId"><SimpleData name="t50_fid">5037430</SimpleData>
<SimpleData name="elevation">0</SimpleData>
<SimpleData name="grp_ascii" />
<SimpleData name="grp_name" />
<SimpleData name="perennial" />
<SimpleData name="temperatur" />
<SimpleData name="lake_use" />
<SimpleData name="name_ascii" />
<SimpleData name="macronated">N</SimpleData>
<SimpleData name="name" />
<SimpleData name="grp_macron">N</SimpleData>
</SchemaData>
</ExtendedData>
<Polygon><outerBoundaryIs><LinearRing><tessellate>1</tessellate>
<coordinates> 174.111987,-39.038535 174.112230,-39.038540 174.112392,-39.038507 174.112472,-39.038546 174.112418,-39.038638 174.112344,-39.038704 174.112044,-39.038745 174.111974,-39.038681 174.111930,-39.038586 174.111987,-39.038535</coordinates>
</LinearRing>
</outerBoundaryIs>
</Polygon>
</Placemark>
<Placemark><name />
<styleUrl>#nz-lake-polygons-topo-150kId</styleUrl>
<ExtendedData><SchemaData schemaUrl="#nz-lake-polygons-topo-150kId"><SimpleData name="t50_fid">5037606</SimpleData>
<SimpleData name="elevation">0</SimpleData>
<SimpleData name="grp_ascii" />
<SimpleData name="grp_name" />
<SimpleData name="perennial" />
<SimpleData name="temperatur" />
<SimpleData name="lake_use" />
<SimpleData name="name_ascii" />
<SimpleData name="macronated">N</SimpleData>
<SimpleData name="name" />
<SimpleData name="grp_macron">N</SimpleData>
</SchemaData>
</ExtendedData>
<Polygon><outerBoundaryIs><LinearRing><tessellate>1</tessellate>
<coordinates> 174.123819,-39.037927 174.123861,-39.038006 174.123663,-39.038166 174.123522,-39.038266 174.123206,-39.038301 174.122942,-39.038418 174.122785,-39.038573 174.122814,-39.038680 174.122928,-39.038671 174.123116,-39.038652 174.123383,-39.038735 174.123476,-39.038801 174.123623,-39.038888 174.123500,-39.038916 174.123288,-39.038829 174.123058,-39.038749 174.122917,-39.038843 174.122727,-39.038880 174.122636,-39.038723 174.122597,-39.038567 174.122714,-39.038362 174.122880,-39.038261 174.123259,-39.038173 174.123450,-39.038070 174.123535,-39.037930 174.123634,-39.037822 174.123772,-39.037852 174.123819,-39.037927</coordinates>
</LinearRing>
</outerBoundaryIs>
</Polygon>
</Placemark>
<Placemark><name />
<styleUrl>#nz-lake-polygons-topo-150kId</styleUrl>
<ExtendedData><SchemaData schemaUrl="#nz-lake-polygons-topo-150kId"><SimpleData name="t50_fid">5037607</SimpleData>
<SimpleData name="elevation">0</SimpleData>
<SimpleData name="grp_ascii" />
<SimpleData name="grp_name" />
<SimpleData name="perennial" />
<SimpleData name="temperatur" />
<SimpleData name="lake_use" />
<SimpleData name="name_ascii" />
<SimpleData name="macronated">N</SimpleData>
<SimpleData name="name" />
<SimpleData name="grp_macron">N</SimpleData>
</SchemaData>
</ExtendedData>
<Polygon><outerBoundaryIs><LinearRing><tessellate>1</tessellate>
<coordinates> 174.124117,-39.037417 174.124204,-39.037416 174.124399,-39.037570 174.124519,-39.037642 174.124557,-39.037723 174.124453,-39.037792 174.124275,-39.037815 174.124093,-39.037719 174.123958,-39.037740 174.123888,-39.037658 174.123867,-39.037523 174.124117,-39.037417</coordinates>
</LinearRing>
</outerBoundaryIs>
</Polygon>
</Placemark>
<Placemark><name />
<styleUrl>#nz-lake-polygons-topo-150kId</styleUrl>
<ExtendedData><SchemaData schemaUrl="#nz-lake-polygons-topo-150kId"><SimpleData name="t50_fid">5037608</SimpleData>
<SimpleData name="elevation">0</SimpleData>
<SimpleData name="grp_ascii" />
<SimpleData name="grp_name" />
<SimpleData name="perennial" />
<SimpleData name="temperatur" />
<SimpleData name="lake_use" />
<SimpleData name="name_ascii" />
<SimpleData name="macronated">N</SimpleData>
<SimpleData name="name" />
<SimpleData name="grp_macron">N</SimpleData>
</SchemaData>
</ExtendedData>
<Polygon><outerBoundaryIs><LinearRing><tessellate>1</tessellate>
<coordinates> 174.126208,-39.034683 174.126095,-39.034939 174.125743,-39.035143 174.125494,-39.035268 174.125499,-39.035591 174.125418,-39.035669 174.125266,-39.035666 174.125172,-39.035585 174.125128,-39.035408 174.125050,-39.035281 174.124996,-39.035191 174.125006,-39.035100 174.125134,-39.035048 174.125351,-39.035087 174.125549,-39.035058 174.125746,-39.034983 174.125852,-39.034709 174.125926,-39.034540 174.126024,-39.034516 174.126147,-39.034542 174.126208,-39.034683</coordinates>
</LinearRing>
</outerBoundaryIs>
</Polygon>
</Placemark>
<Placemark><name />
<styleUrl>#nz-lake-polygons-topo-150kId</styleUrl>
<ExtendedData><SchemaData schemaUrl="#nz-lake-polygons-topo-150kId"><SimpleData name="t50_fid">5008637</SimpleData>
<SimpleData name="elevation">0</SimpleData>
<SimpleData name="grp_ascii" />
<SimpleData name="grp_name" />
<SimpleData name="perennial" />
<SimpleData name="temperatur" />
<SimpleData name="lake_use" />
<SimpleData name="name_ascii" />
<SimpleData name="macronated">N</SimpleData>
<SimpleData name="name" />
<SimpleData name="grp_macron">N</SimpleData>
</SchemaData>
</ExtendedData>
<Polygon><outerBoundaryIs><LinearRing><tessellate>1</tessellate>
<coordinates> 174.126524,-39.036990 174.126616,-39.037000 174.126722,-39.037038 174.126819,-39.037109 174.126899,-39.037240 174.126988,-39.037332 174.127121,-39.037359 174.127336,-39.037314 174.127454,-39.037267 174.127568,-39.037259 174.127657,-39.037351 174.127704,-39.037432 174.127617,-39.037451 174.127516,-39.037402 174.127411,-39.037417 174.127292,-39.037458 174.127193,-39.037537 174.127167,-39.037641 174.127090,-39.037735 174.127004,-39.037757 174.126952,-39.037690 174.127010,-39.037582 174.127009,-39.037482 174.126897,-39.037383 174.126735,-39.037256 174.126578,-39.037175 174.126426,-39.037109 174.126415,-39.037041 174.126524,-39.036990</coordinates>
</LinearRing>
</outerBoundaryIs>
</Polygon>
</Placemark>
<Placemark><name />
<styleUrl>#nz-lake-polygons-topo-150kId</styleUrl>
<ExtendedData><SchemaData schemaUrl="#nz-lake-polygons-topo-150kId"><SimpleData name="t50_fid">5037605</SimpleData>
<SimpleData name="elevation">0</SimpleData>
<SimpleData name="grp_ascii" />
<SimpleData name="grp_name" />
<SimpleData name="perennial" />
<SimpleData name="temperatur" />
<SimpleData name="lake_use" />
<SimpleData name="name_ascii" />
<SimpleData name="macronated">N</SimpleData>
<SimpleData name="name" />
<SimpleData name="grp_macron">N</SimpleData>
</SchemaData>
</ExtendedData>
<Polygon><outerBoundaryIs><LinearRing><tessellate>1</tessellate>
<coordinates> 174.129721,-39.036702 174.129695,-39.036784 174.129618,-39.036814 174.129558,-39.036793 174.129420,-39.036780 174.129193,-39.036907 174.129046,-39.037126 174.128984,-39.037288 174.128925,-39.037328 174.128702,-39.037383 174.128445,-39.037397 174.128340,-39.037408 174.128299,-39.037391 174.128261,-39.037309 174.128374,-39.037247 174.128516,-39.037249 174.128754,-39.037222 174.128835,-39.037118 174.128928,-39.036956 174.129109,-39.036808 174.129277,-39.036688 174.129496,-39.036640 174.129596,-39.036603 174.129665,-39.036620 174.129721,-39.036702</coordinates>
</LinearRing>
</outerBoundaryIs>
</Polygon>
</Placemark>
<Placemark><name />
<styleUrl>#nz-lake-polygons-topo-150kId</styleUrl>
<ExtendedData><SchemaData schemaUrl="#nz-lake-polygons-topo-150kId"><SimpleData name="t50_fid">5008638</SimpleData>
<SimpleData name="elevation">0</SimpleData>
<SimpleData name="grp_ascii" />
<SimpleData name="grp_name" />
<SimpleData name="perennial" />
<SimpleData name="temperatur" />
<SimpleData name="lake_use" />
<SimpleData name="name_ascii" />
<SimpleData name="macronated">N</SimpleData>
<SimpleData name="name" />
<SimpleData name="grp_macron">N</SimpleData>
</SchemaData>
</ExtendedData>
<Polygon><outerBoundaryIs><LinearRing><tessellate>1</tessellate>
<coordinates> 174.129879,-39.036536 174.129998,-39.036542 174.130201,-39.036615 174.130353,-39.036685 174.130487,-39.036734 174.130711,-39.036732 174.130870,-39.036666 174.130989,-39.036665 174.131045,-39.036714 174.131042,-39.036814 174.131020,-39.036889 174.130911,-39.036948 174.130806,-39.036909 174.130645,-39.036907 174.130416,-39.036910 174.130315,-39.036903 174.130103,-39.036795 174.129919,-39.036761 174.129826,-39.036665 174.129811,-39.036580 174.129879,-39.036536</coordinates>
</LinearRing>
</outerBoundaryIs>
</Polygon>
</Placemark>
<Placemark><name />
<styleUrl>#nz-lake-polygons-topo-150kId</styleUrl>
<ExtendedData><SchemaData schemaUrl="#nz-lake-polygons-topo-150kId"><SimpleData name="t50_fid">5037611</SimpleData>
<SimpleData name="elevation">0</SimpleData>
<SimpleData name="grp_ascii" />
<SimpleData name="grp_name" />
<SimpleData name="perennial" />
<SimpleData name="temperatur" />
<SimpleData name="lake_use" />
<SimpleData name="name_ascii" />
<SimpleData name="macronated">N</SimpleData>
<SimpleData name="name" />
<SimpleData name="grp_macron">N</SimpleData>
</SchemaData>
</ExtendedData>
<Polygon><outerBoundaryIs><LinearRing><tessellate>1</tessellate>
<coordinates> 174.132077,-39.031381 174.132149,-39.031453 174.132099,-39.031677 174.132065,-39.031788 174.132013,-39.031848 174.131924,-39.031852 174.131833,-39.031759 174.131812,-39.031554 174.131770,-39.031454 174.131915,-39.031341 174.132077,-39.031381</coordinates>
</LinearRing>
</outerBoundaryIs>
</Polygon>
</Placemark>
<Placemark><name />
<styleUrl>#nz-lake-polygons-topo-150kId</styleUrl>
<ExtendedData><SchemaData schemaUrl="#nz-lake-polygons-topo-150kId"><SimpleData name="t50_fid">5037108</SimpleData>
<SimpleData name="elevation">0</SimpleData>
<SimpleData name="grp_ascii" />
<SimpleData name="grp_name" />
<SimpleData name="perennial" />
<SimpleData name="temperatur" />
<SimpleData name="lake_use" />
<SimpleData name="name_ascii" />
<SimpleData name="macronated">N</SimpleData>
<SimpleData name="name" />
<SimpleData name="grp_macron">N</SimpleData>
</SchemaData>
</ExtendedData>
<Polygon><outerBoundaryIs><LinearRing><tessellate>1</tessellate>
<coordinates> 174.397262,-39.592057 174.397361,-39.592051 174.397497,-39.592141 174.397578,-39.592206 174.397682,-39.592281 174.397759,-39.592342 174.397831,-39.592389 174.397937,-39.592533 174.398112,-39.592613 174.398104,-39.592739 174.398018,-39.592791 174.397930,-39.592792 174.397749,-39.592741 174.397708,-39.592681 174.397650,-39.592614 174.397531,-39.592531 174.397423,-39.592412 174.397295,-39.592322 174.397193,-39.592207 174.397200,-39.592118 174.397237,-39.592082 174.397262,-39.592057</coordinates>
</LinearRing>
</outerBoundaryIs>
</Polygon>
</Placemark>
<Placemark><name />
<styleUrl>#nz-lake-polygons-topo-150kId</styleUrl>
<ExtendedData><SchemaData schemaUrl="#nz-lake-polygons-topo-150kId"><SimpleData name="t50_fid">5037107</SimpleData>
<SimpleData name="elevation">0</SimpleData>
<SimpleData name="grp_ascii" />
<SimpleData name="grp_name" />
<SimpleData name="perennial" />
<SimpleData name="temperatur" />
<SimpleData name="lake_use" />
<SimpleData name="name_ascii" />
<SimpleData name="macronated">N</SimpleData>
<SimpleData name="name" />
<SimpleData name="grp_macron">N</SimpleData>
</SchemaData>
</ExtendedData>
<Polygon><outerBoundaryIs><LinearRing><tessellate>1</tessellate>
<coordinates> 174.384448,-39.591957 174.384392,-39.591967 174.384256,-39.591946 174.384115,-39.591893 174.384011,-39.591942 174.383976,-39.591941 174.383946,-39.591867 174.383978,-39.591831 174.383984,-39.591831 174.384085,-39.591827 174.384093,-39.591767 174.384067,-39.591752 174.383990,-39.591709 174.383984,-39.591641 174.384013,-39.591538 174.384080,-39.591473 174.384132,-39.591473 174.384171,-39.591474 174.384226,-39.591510 174.384244,-39.591574 174.384233,-39.591624 174.384241,-39.591690 174.384219,-39.591771 174.384256,-39.591838 174.384464,-39.591924 174.384448,-39.591957</coordinates>
</LinearRing>
</outerBoundaryIs>
</Polygon>
</Placemark>
<Placemark><name />
<styleUrl>#nz-lake-polygons-topo-150kId</styleUrl>
<ExtendedData><SchemaData schemaUrl="#nz-lake-polygons-topo-150kId"><SimpleData name="t50_fid">5037105</SimpleData>
<SimpleData name="elevation">0</SimpleData>
<SimpleData name="grp_ascii" />
<SimpleData name="grp_name" />
<SimpleData name="perennial" />
<SimpleData name="temperatur" />
<SimpleData name="lake_use" />
<SimpleData name="name_ascii" />
<SimpleData name="macronated">N</SimpleData>
<SimpleData name="name" />
<SimpleData name="grp_macron">N</SimpleData>
</SchemaData>
</ExtendedData>
<Polygon><outerBoundaryIs><LinearRing><tessellate>1</tessellate>
<coordinates> 174.378301,-39.606290 174.378306,-39.606167 174.378232,-39.605967 174.378328,-39.605906 174.378408,-39.606004 174.378470,-39.606018 174.378508,-39.606177 174.378422,-39.606319 174.378367,-39.606334 174.378301,-39.606290</coordinates>
</LinearRing>
</outerBoundaryIs>
</Polygon>
</Placemark>
<Placemark><name />
<styleUrl>#nz-lake-polygons-topo-150kId</styleUrl>
<ExtendedData><SchemaData schemaUrl="#nz-lake-polygons-topo-150kId"><SimpleData name="t50_fid">8352137</SimpleData>
<SimpleData name="elevation">0</SimpleData>
<SimpleData name="grp_ascii" />
<SimpleData name="grp_name" />
<SimpleData name="perennial" />
<SimpleData name="temperatur" />
<SimpleData name="lake_use" />
<SimpleData name="name_ascii" />
<SimpleData name="macronated">N</SimpleData>
<SimpleData name="name" />
<SimpleData name="grp_macron">N</SimpleData>
</SchemaData>
</ExtendedData>
<Polygon><outerBoundaryIs><LinearRing><tessellate>1</tessellate>
<coordinates> 174.389829,-39.620520 174.389811,-39.620483 174.389806,-39.620460 174.389849,-39.620460 174.389955,-39.620469 174.389956,-39.620469 174.390041,-39.620522 174.390099,-39.620573 174.390096,-39.620615 174.390064,-39.620637 174.389994,-39.620625 174.389934,-39.620621 174.389849,-39.620562 174.389845,-39.620553 174.389829,-39.620520</coordinates>
</LinearRing>
</outerBoundaryIs>
</Polygon>
</Placemark>
<Placemark><name />
<styleUrl>#nz-lake-polygons-topo-150kId</styleUrl>
<ExtendedData><SchemaData schemaUrl="#nz-lake-polygons-topo-150kId"><SimpleData name="t50_fid">8352138</SimpleData>
<SimpleData name="elevation">0</SimpleData>
<SimpleData name="grp_ascii" />
<SimpleData name="grp_name" />
<SimpleData name="perennial" />
<SimpleData name="temperatur" />
<SimpleData name="lake_use" />
<SimpleData name="name_ascii" />
<SimpleData name="macronated">N</SimpleData>
<SimpleData name="name" />
<SimpleData name="grp_macron">N</SimpleData>
</SchemaData>
</ExtendedData>
<Polygon><outerBoundaryIs><LinearRing><tessellate>1</tessellate>
<coordinates> 174.389990,-39.620391 174.389954,-39.620388 174.389905,-39.620355 174.389871,-39.620312 174.389834,-39.620301 174.389809,-39.620296 174.389796,-39.620269 174.389775,-39.620181 174.389788,-39.620132 174.389824,-39.620110 174.389828,-39.620105 174.389840,-39.620083 174.389834,-39.620021 174.389849,-39.619991 174.389886,-39.619977 174.389934,-39.620045 174.390006,-39.620183 174.390072,-39.620315 174.390070,-39.620372 174.390022,-39.620390 174.389993,-39.620390 174.389990,-39.620391</coordinates>
</LinearRing>
</outerBoundaryIs>
</Polygon>
</Placemark>
<Placemark><name />
<styleUrl>#nz-lake-polygons-topo-150kId</styleUrl>
<ExtendedData><SchemaData schemaUrl="#nz-lake-polygons-topo-150kId"><SimpleData name="t50_fid">5037325</SimpleData>
<SimpleData name="elevation">0</SimpleData>
<SimpleData name="grp_ascii" />
<SimpleData name="grp_name" />
<SimpleData name="perennial" />
<SimpleData name="temperatur" />
<SimpleData name="lake_use" />
<SimpleData name="name_ascii" />
<SimpleData name="macronated">N</SimpleData>
<SimpleData name="name" />
<SimpleData name="grp_macron">N</SimpleData>
</SchemaData>
</ExtendedData>
<Polygon><outerBoundaryIs><LinearRing><tessellate>1</tessellate>
<coordinates> 174.477823,-39.459871 174.477678,-39.459874 174.477588,-39.459807 174.477674,-39.459739 174.477877,-39.459735 174.477936,-39.459779 174.477823,-39.459871</coordinates>
</LinearRing>
</outerBoundaryIs>
</Polygon>
</Placemark>
<Placemark><name />
<styleUrl>#nz-lake-polygons-topo-150kId</styleUrl>
<ExtendedData><SchemaData schemaUrl="#nz-lake-polygons-topo-150kId"><SimpleData name="t50_fid">5037326</SimpleData>
<SimpleData name="elevation">0</SimpleData>
<SimpleData name="grp_ascii" />
<SimpleData name="grp_name" />
<SimpleData name="perennial" />
<SimpleData name="temperatur" />
<SimpleData name="lake_use" />
<SimpleData name="name_ascii" />
<SimpleData name="macronated">N</SimpleData>
<SimpleData name="name" />
<SimpleData name="grp_macron">N</SimpleData>
</SchemaData>
</ExtendedData>
<Polygon><outerBoundaryIs><LinearRing><tessellate>1</tessellate>
<coordinates> 174.477907,-39.450137 174.478050,-39.450021 174.478195,-39.450018 174.478254,-39.450063 174.478256,-39.450153 174.478173,-39.450289 174.478001,-39.450360 174.477855,-39.450318 174.477907,-39.450137</coordinates>
</LinearRing>
</outerBoundaryIs>
</Polygon>
</Placemark>
<Placemark><name />
<styleUrl>#nz-lake-polygons-topo-150kId</styleUrl>
<ExtendedData><SchemaData schemaUrl="#nz-lake-polygons-topo-150kId"><SimpleData name="t50_fid">5037329</SimpleData>
<SimpleData name="elevation">0</SimpleData>
<SimpleData name="grp_ascii" />
<SimpleData name="grp_name" />
<SimpleData name="perennial" />
<SimpleData name="temperatur" />
<SimpleData name="lake_use" />
<SimpleData name="name_ascii" />
<SimpleData name="macronated">N</SimpleData>
<SimpleData name="name" />
<SimpleData name="grp_macron">N</SimpleData>
</SchemaData>
</ExtendedData>
<Polygon><outerBoundaryIs><LinearRing><tessellate>1</tessellate>
<coordinates> 174.457161,-39.422932 174.457239,-39.422767 174.457505,-39.422791 174.457538,-39.422925 174.457425,-39.423071 174.457161,-39.422932</coordinates>
</LinearRing>
</outerBoundaryIs>
</Polygon>
</Placemark>
<Placemark><name />
<styleUrl>#nz-lake-polygons-topo-150kId</styleUrl>
<ExtendedData><SchemaData schemaUrl="#nz-lake-polygons-topo-150kId"><SimpleData name="t50_fid">5037592</SimpleData>
<SimpleData name="elevation">0</SimpleData>
<SimpleData name="grp_ascii" />
<SimpleData name="grp_name" />
<SimpleData name="perennial" />
<SimpleData name="temperatur" />
<SimpleData name="lake_use" />
<SimpleData name="name_ascii" />
<SimpleData name="macronated">N</SimpleData>
<SimpleData name="name" />
<SimpleData name="grp_macron">N</SimpleData>
</SchemaData>
</ExtendedData>
<Polygon><outerBoundaryIs><LinearRing><tessellate>1</tessellate>
<coordinates> 174.456328,-39.137292 174.456471,-39.137222 174.456588,-39.137287 174.456650,-39.137399 174.456656,-39.137602 174.456542,-39.137649 174.456254,-39.137482 174.456328,-39.137292</coordinates>
</LinearRing>
</outerBoundaryIs>
</Polygon>
</Placemark>
<Placemark><name />
<styleUrl>#nz-lake-polygons-topo-150kId</styleUrl>
<ExtendedData><SchemaData schemaUrl="#nz-lake-polygons-topo-150kId"><SimpleData name="t50_fid">5037587</SimpleData>
<SimpleData name="elevation">0</SimpleData>
<SimpleData name="grp_ascii" />
<SimpleData name="grp_name" />
<SimpleData name="perennial" />
<SimpleData name="temperatur" />
<SimpleData name="lake_use" />
<SimpleData name="name_ascii" />
<SimpleData name="macronated">N</SimpleData>
<SimpleData name="name" />
<SimpleData name="grp_macron">N</SimpleData>
</SchemaData>
</ExtendedData>
<Polygon><outerBoundaryIs><LinearRing><tessellate>1</tessellate>
<coordinates> 174.457621,-39.141708 174.457711,-39.141797 174.457720,-39.142113 174.457648,-39.142249 174.457491,-39.142185 174.457482,-39.141914 174.457096,-39.141560 174.457090,-39.141274 174.457407,-39.141329 174.457648,-39.141486 174.457621,-39.141708</coordinates>
</LinearRing>
</outerBoundaryIs>
</Polygon>
</Placemark>
<Placemark><name />
<styleUrl>#nz-lake-polygons-topo-150kId</styleUrl>
<ExtendedData><SchemaData schemaUrl="#nz-lake-polygons-topo-150kId"><SimpleData name="t50_fid">5008632</SimpleData>
<SimpleData name="elevation">0</SimpleData>
<SimpleData name="grp_ascii" />
<SimpleData name="grp_name" />
<SimpleData name="perennial" />
<SimpleData name="temperatur" />
<SimpleData name="lake_use" />
<SimpleData name="name_ascii" />
<SimpleData name="macronated">N</SimpleData>
<SimpleData name="name" />
<SimpleData name="grp_macron">N</SimpleData>
</SchemaData>
</ExtendedData>
<Polygon><outerBoundaryIs><LinearRing><tessellate>1</tessellate>
<coordinates> 174.453872,-39.139344 174.453751,-39.139166 174.453654,-39.138852 174.453266,-39.138431 174.453259,-39.138228 174.453430,-39.138090 174.453633,-39.138109 174.453965,-39.138004 174.453929,-39.138351 174.454082,-39.138618 174.454068,-39.139092 174.454423,-39.139334 174.454557,-39.139772 174.453872,-39.139344</coordinates>
</LinearRing>
</outerBoundaryIs>
</Polygon>
</Placemark>
<Placemark><name />
<styleUrl>#nz-lake-polygons-topo-150kId</styleUrl>
<ExtendedData><SchemaData schemaUrl="#nz-lake-polygons-topo-150kId"><SimpleData name="t50_fid">5037585</SimpleData>
<SimpleData name="elevation">0</SimpleData>
<SimpleData name="grp_ascii" />
<SimpleData name="grp_name" />
<SimpleData name="perennial" />
<SimpleData name="temperatur" />
<SimpleData name="lake_use" />
<SimpleData name="name_ascii" />
<SimpleData name="macronated">N</SimpleData>
<SimpleData name="name" />
<SimpleData name="grp_macron">N</SimpleData>
</SchemaData>
</ExtendedData>
<Polygon><outerBoundaryIs><LinearRing><tessellate>1</tessellate>
<coordinates> 174.458731,-39.144622 174.458684,-39.144495 174.458726,-39.144357 174.458921,-39.144473 174.458928,-39.144701 174.458731,-39.144622</coordinates>
</LinearRing>
</outerBoundaryIs>
</Polygon>
</Placemark>
<Placemark><name />
<styleUrl>#nz-lake-polygons-topo-150kId</styleUrl>
<ExtendedData><SchemaData schemaUrl="#nz-lake-polygons-topo-150kId"><SimpleData name="t50_fid">5037586</SimpleData>
<SimpleData name="elevation">0</SimpleData>
<SimpleData name="grp_ascii" />
<SimpleData name="grp_name" />
<SimpleData name="perennial" />
<SimpleData name="temperatur" />
<SimpleData name="lake_use" />
<SimpleData name="name_ascii" />
<SimpleData name="macronated">N</SimpleData>
<SimpleData name="name" />
<SimpleData name="grp_macron">N</SimpleData>
</SchemaData>
</ExtendedData>
<Polygon><outerBoundaryIs><LinearRing><tessellate>1</tessellate>
<coordinates> 174.458451,-39.143597 174.457956,-39.143191 174.457893,-39.143034 174.457565,-39.142702 174.457591,-39.142633 174.457771,-39.142368 174.458263,-39.142846 174.458362,-39.143228 174.458630,-39.143494 174.458600,-39.143650 174.458451,-39.143597</coordinates>
</LinearRing>
</outerBoundaryIs>
</Polygon>
</Placemark>
<Placemark><name />
<styleUrl>#nz-lake-polygons-topo-150kId</styleUrl>
<ExtendedData><SchemaData schemaUrl="#nz-lake-polygons-topo-150kId"><SimpleData name="t50_fid">5037588</SimpleData>
<SimpleData name="elevation">0</SimpleData>
<SimpleData name="grp_ascii" />
<SimpleData name="grp_name" />
<SimpleData name="perennial" />
<SimpleData name="temperatur" />
<SimpleData name="lake_use" />
<SimpleData name="name_ascii" />
<SimpleData name="macronated">N</SimpleData>
<SimpleData name="name" />
<SimpleData name="grp_macron">N</SimpleData>
</SchemaData>
</ExtendedData>
<Polygon><outerBoundaryIs><LinearRing><tessellate>1</tessellate>
<coordinates> 174.457900,-39.141365 174.458307,-39.141398 174.457935,-39.141567 174.457761,-39.141571 174.457648,-39.141486 174.457900,-39.141365</coordinates>
</LinearRing>
</outerBoundaryIs>
</Polygon>
</Placemark>
<Placemark><name />
<styleUrl>#nz-lake-polygons-topo-150kId</styleUrl>
<ExtendedData><SchemaData schemaUrl="#nz-lake-polygons-topo-150kId"><SimpleData name="t50_fid">7966249</SimpleData>
<SimpleData name="elevation">0</SimpleData>
<SimpleData name="grp_ascii" />
<SimpleData name="grp_name" />
<SimpleData name="perennial" />
<SimpleData name="temperatur" />
<SimpleData name="lake_use" />
<SimpleData name="name_ascii" />
<SimpleData name="macronated">N</SimpleData>
<SimpleData name="name" />
<SimpleData name="grp_macron">N</SimpleData>
</SchemaData>
</ExtendedData>
<Polygon><outerBoundaryIs><LinearRing><tessellate>1</tessellate>
<coordinates> 174.421614,-39.132798 174.421608,-39.133016 174.420948,-39.132977 174.420943,-39.132767 174.421614,-39.132798</coordinates>
</LinearRing>
</outerBoundaryIs>
</Polygon>
</Placemark>
<Placemark><name />
<styleUrl>#nz-lake-polygons-topo-150kId</styleUrl>
<ExtendedData><SchemaData schemaUrl="#nz-lake-polygons-topo-150kId"><SimpleData name="t50_fid">5037552</SimpleData>
<SimpleData name="elevation">0</SimpleData>
<SimpleData name="grp_ascii" />
<SimpleData name="grp_name" />
<SimpleData name="perennial" />
<SimpleData name="temperatur" />
<SimpleData name="lake_use" />
<SimpleData name="name_ascii" />
<SimpleData name="macronated">N</SimpleData>
<SimpleData name="name" />
<SimpleData name="grp_macron">N</SimpleData>
</SchemaData>
</ExtendedData>
<Polygon><outerBoundaryIs><LinearRing><tessellate>1</tessellate>
<coordinates> 174.470814,-39.253476 174.471124,-39.253223 174.471295,-39.253220 174.471191,-39.253515 174.471050,-39.253630 174.470847,-39.253611 174.470814,-39.253476</coordinates>
</LinearRing>
</outerBoundaryIs>
</Polygon>
</Placemark>
<Placemark><name />
<styleUrl>#nz-lake-polygons-topo-150kId</styleUrl>
<ExtendedData><SchemaData schemaUrl="#nz-lake-polygons-topo-150kId"><SimpleData name="t50_fid">5037558</SimpleData>
<SimpleData name="elevation">0</SimpleData>
<SimpleData name="grp_ascii" />
<SimpleData name="grp_name" />
<SimpleData name="perennial" />
<SimpleData name="temperatur" />
<SimpleData name="lake_use" />
<SimpleData name="name_ascii" />
<SimpleData name="macronated">N</SimpleData>
<SimpleData name="name" />
<SimpleData name="grp_macron">N</SimpleData>
</SchemaData>
</ExtendedData>
<Polygon><outerBoundaryIs><LinearRing><tessellate>1</tessellate>
<coordinates> 174.476501,-39.249881 174.476648,-39.249946 174.476909,-39.249964 174.476970,-39.250052 174.476885,-39.250099 174.476565,-39.250105 174.476320,-39.249992 174.476501,-39.249881</coordinates>
</LinearRing>
</outerBoundaryIs>
</Polygon>
</Placemark>
<Placemark><name />
<styleUrl>#nz-lake-polygons-topo-150kId</styleUrl>
<ExtendedData><SchemaData schemaUrl="#nz-lake-polygons-topo-150kId"><SimpleData name="t50_fid">5037553</SimpleData>
<SimpleData name="elevation">0</SimpleData>
<SimpleData name="grp_ascii" />
<SimpleData name="grp_name" />
<SimpleData name="perennial" />
<SimpleData name="temperatur" />
<SimpleData name="lake_use" />
<SimpleData name="name_ascii" />
<SimpleData name="macronated">N</SimpleData>
<SimpleData name="name" />
<SimpleData name="grp_macron">N</SimpleData>
</SchemaData>
</ExtendedData>
<Polygon><outerBoundaryIs><LinearRing><tessellate>1</tessellate>
<coordinates> 174.472531,-39.253738 174.472692,-39.253307 174.472947,-39.253122 174.473092,-39.253120 174.473151,-39.253163 174.473016,-39.253504 174.472677,-39.253781 174.472620,-39.253804 174.472531,-39.253738</coordinates>
</LinearRing>
</outerBoundaryIs>
</Polygon>
</Placemark>
<Placemark><name />
<styleUrl>#nz-lake-polygons-topo-150kId</styleUrl>
<ExtendedData><SchemaData schemaUrl="#nz-lake-polygons-topo-150kId"><SimpleData name="t50_fid">5037557</SimpleData>
<SimpleData name="elevation">0</SimpleData>
<SimpleData name="grp_ascii" />
<SimpleData name="grp_name" />
<SimpleData name="perennial" />
<SimpleData name="temperatur" />
<SimpleData name="lake_use" />
<SimpleData name="name_ascii" />
<SimpleData name="macronated">N</SimpleData>
<SimpleData name="name" />
<SimpleData name="grp_macron">N</SimpleData>
</SchemaData>
</ExtendedData>
<Polygon><outerBoundaryIs><LinearRing><tessellate>1</tessellate>
<coordinates> 174.478781,-39.255337 174.478633,-39.255250 174.478599,-39.255093 174.478770,-39.254977 174.478827,-39.254810 174.479064,-39.255130 174.478952,-39.255261 174.478781,-39.255337</coordinates>
</LinearRing>
</outerBoundaryIs>
</Polygon>
</Placemark>
<Placemark><name />
<styleUrl>#nz-lake-polygons-topo-150kId</styleUrl>
<ExtendedData><SchemaData schemaUrl="#nz-lake-polygons-topo-150kId"><SimpleData name="t50_fid">5037559</SimpleData>
<SimpleData name="elevation">0</SimpleData>
<SimpleData name="grp_ascii" />
<SimpleData name="grp_name" />
<SimpleData name="perennial" />
<SimpleData name="temperatur" />
<SimpleData name="lake_use" />
<SimpleData name="name_ascii" />
<SimpleData name="macronated">N</SimpleData>
<SimpleData name="name" />
<SimpleData name="grp_macron">N</SimpleData>
</SchemaData>
</ExtendedData>
<Polygon><outerBoundaryIs><LinearRing><tessellate>1</tessellate>
<coordinates> 174.481408,-39.252113 174.481267,-39.252228 174.481178,-39.252184 174.481159,-39.251910 174.481414,-39.252029 174.481408,-39.252113</coordinates>
</LinearRing>
</outerBoundaryIs>
</Polygon>
</Placemark>
<Placemark><name />
<styleUrl>#nz-lake-polygons-topo-150kId</styleUrl>
<ExtendedData><SchemaData schemaUrl="#nz-lake-polygons-topo-150kId"><SimpleData name="t50_fid">5037560</SimpleData>
<SimpleData name="elevation">0</SimpleData>
<SimpleData name="grp_ascii" />
<SimpleData name="grp_name" />
<SimpleData name="perennial" />
<SimpleData name="temperatur" />
<SimpleData name="lake_use" />
<SimpleData name="name_ascii" />
<SimpleData name="macronated">N</SimpleData>
<SimpleData name="name" />
<SimpleData name="grp_macron">N</SimpleData>
</SchemaData>
</ExtendedData>
<Polygon><outerBoundaryIs><LinearRing><tessellate>1</tessellate>
<coordinates> 174.482740,-39.251119 174.482651,-39.251054 174.482259,-39.250520 174.481860,-39.250259 174.482097,-39.249982 174.482330,-39.250023 174.482419,-39.250089 174.482482,-39.250268 174.482656,-39.250264 174.482746,-39.250331 174.482779,-39.250488 174.483074,-39.250663 174.483050,-39.250821 174.483142,-39.251000 174.483000,-39.251092 174.482740,-39.251119</coordinates>
</LinearRing>
</outerBoundaryIs>
</Polygon>
</Placemark>
<Placemark><name />
<styleUrl>#nz-lake-polygons-topo-150kId</styleUrl>
<ExtendedData><SchemaData schemaUrl="#nz-lake-polygons-topo-150kId"><SimpleData name="t50_fid">5037561</SimpleData>
<SimpleData name="elevation">0</SimpleData>
<SimpleData name="grp_ascii" />
<SimpleData name="grp_name" />
<SimpleData name="perennial" />
<SimpleData name="temperatur" />
<SimpleData name="lake_use" />
<SimpleData name="name_ascii" />
<SimpleData name="macronated">N</SimpleData>
<SimpleData name="name" />
<SimpleData name="grp_macron">N</SimpleData>
</SchemaData>
</ExtendedData>
<Polygon><outerBoundaryIs><LinearRing><tessellate>1</tessellate>
<coordinates> 174.487015,-39.246829 174.487098,-39.246669 174.487524,-39.246414 174.487611,-39.246412 174.487876,-39.246542 174.487966,-39.246630 174.487854,-39.246745 174.487765,-39.246702 174.487475,-39.246707 174.487333,-39.246778 174.487283,-39.247026 174.487169,-39.247119 174.487020,-39.247009 174.487015,-39.246829</coordinates>
</LinearRing>
</outerBoundaryIs>
</Polygon>
</Placemark>
<Placemark><name />
<styleUrl>#nz-lake-polygons-topo-150kId</styleUrl>
<ExtendedData><SchemaData schemaUrl="#nz-lake-polygons-topo-150kId"><SimpleData name="t50_fid">5037563</SimpleData>
<SimpleData name="elevation">0</SimpleData>
<SimpleData name="grp_ascii" />
<SimpleData name="grp_name" />
<SimpleData name="perennial" />
<SimpleData name="temperatur" />
<SimpleData name="lake_use" />
<SimpleData name="name_ascii" />
<SimpleData name="macronated">N</SimpleData>
<SimpleData name="name" />
<SimpleData name="grp_macron">N</SimpleData>
</SchemaData>
</ExtendedData>
<Polygon><outerBoundaryIs><LinearRing><tessellate>1</tessellate>
<coordinates> 174.488313,-39.245678 174.488336,-39.245452 174.488275,-39.245363 174.488330,-39.245272 174.488533,-39.245269 174.488622,-39.245334 174.488601,-39.245582 174.488431,-39.245720 174.488313,-39.245678</coordinates>
</LinearRing>
</outerBoundaryIs>
</Polygon>
</Placemark>
<Placemark><name />
<styleUrl>#nz-lake-polygons-topo-150kId</styleUrl>
<ExtendedData><SchemaData schemaUrl="#nz-lake-polygons-topo-150kId"><SimpleData name="t50_fid">8075290</SimpleData>
<SimpleData name="elevation">0</SimpleData>
<SimpleData name="grp_ascii" />
<SimpleData name="grp_name" />
<SimpleData name="perennial" />
<SimpleData name="temperatur" />
<SimpleData name="lake_use" />
<SimpleData name="name_ascii" />
<SimpleData name="macronated">N</SimpleData>
<SimpleData name="name" />
<SimpleData name="grp_macron">N</SimpleData>
</SchemaData>
</ExtendedData>
<Polygon><outerBoundaryIs><LinearRing><tessellate>1</tessellate>
<coordinates> 174.451706,-39.234907 174.451664,-39.234892 174.451640,-39.234841 174.451684,-39.234803 174.451714,-39.234768 174.451678,-39.234751 174.451637,-39.234725 174.451605,-39.234700 174.451603,-39.234664 174.451637,-39.234618 174.451677,-39.234604 174.451708,-39.234580 174.451709,-39.234534 174.451683,-39.234459 174.451665,-39.234438 174.451532,-39.234348 174.451617,-39.234296 174.451727,-39.234227 174.451766,-39.234198 174.451810,-39.234214 174.451872,-39.234314 174.451902,-39.234454 174.451882,-39.234571 174.451833,-39.234662 174.451799,-39.234705 174.451824,-39.234760 174.451855,-39.234796 174.451845,-39.234851 174.451823,-39.234908 174.451792,-39.234921 174.451744,-39.234913 174.451740,-39.234913 174.451706,-39.234907</coordinates>
</LinearRing>
</outerBoundaryIs>
</Polygon>
</Placemark>
<Placemark><name />
<styleUrl>#nz-lake-polygons-topo-150kId</styleUrl>
<ExtendedData><SchemaData schemaUrl="#nz-lake-polygons-topo-150kId"><SimpleData name="t50_fid">5037554</SimpleData>
<SimpleData name="elevation">0</SimpleData>
<SimpleData name="grp_ascii" />
<SimpleData name="grp_name" />
<SimpleData name="perennial" />
<SimpleData name="temperatur" />
<SimpleData name="lake_use" />
<SimpleData name="name_ascii" />
<SimpleData name="macronated">N</SimpleData>
<SimpleData name="name" />
<SimpleData name="grp_macron">N</SimpleData>
</SchemaData>
</ExtendedData>
<Polygon><outerBoundaryIs><LinearRing><tessellate>1</tessellate>
<coordinates> 174.464446,-39.245999 174.464356,-39.245865 174.464409,-39.245320 174.464606,-39.245523 174.464776,-39.245990 174.464446,-39.245999</coordinates>
</LinearRing>
</outerBoundaryIs>
</Polygon>
</Placemark>
<Placemark><name />
<styleUrl>#nz-lake-polygons-topo-150kId</styleUrl>
<ExtendedData><SchemaData schemaUrl="#nz-lake-polygons-topo-150kId"><SimpleData name="t50_fid">5008629</SimpleData>
<SimpleData name="elevation">0</SimpleData>
<SimpleData name="grp_ascii" />
<SimpleData name="grp_name" />
<SimpleData name="perennial" />
<SimpleData name="temperatur" />
<SimpleData name="lake_use" />
<SimpleData name="name_ascii" />
<SimpleData name="macronated">N</SimpleData>
<SimpleData name="name" />
<SimpleData name="grp_macron">N</SimpleData>
</SchemaData>
</ExtendedData>
<Polygon><outerBoundaryIs><LinearRing><tessellate>1</tessellate>
<coordinates> 174.461268,-39.244389 174.461552,-39.244158 174.461764,-39.243524 174.461906,-39.243332 174.461994,-39.243429 174.462002,-39.243722 174.461810,-39.244109 174.461928,-39.244151 174.462384,-39.243917 174.462530,-39.243937 174.462503,-39.244006 174.461994,-39.244421 174.461449,-39.244588 174.461304,-39.244532 174.461268,-39.244389</coordinates>
</LinearRing>
</outerBoundaryIs>
</Polygon>
</Placemark>
<Placemark><name />
<styleUrl>#nz-lake-polygons-topo-150kId</styleUrl>
<ExtendedData><SchemaData schemaUrl="#nz-lake-polygons-topo-150kId"><SimpleData name="t50_fid">5008628</SimpleData>
<SimpleData name="elevation">0</SimpleData>
<SimpleData name="grp_ascii" />
<SimpleData name="grp_name" />
<SimpleData name="perennial" />
<SimpleData name="temperatur" />
<SimpleData name="lake_use" />
<SimpleData name="name_ascii" />
<SimpleData name="macronated">N</SimpleData>
<SimpleData name="name" />
<SimpleData name="grp_macron">N</SimpleData>
</SchemaData>
</ExtendedData>
<Polygon><outerBoundaryIs><LinearRing><tessellate>1</tessellate>
<coordinates> 174.461367,-39.246708 174.461430,-39.246887 174.461695,-39.247039 174.461649,-39.247400 174.461508,-39.247561 174.461511,-39.247673 174.461219,-39.247839 174.460909,-39.247888 174.460735,-39.247846 174.460731,-39.247733 174.460869,-39.247528 174.460780,-39.247416 174.461035,-39.247254 174.461090,-39.247140 174.461012,-39.246744 174.461367,-39.246708</coordinates>
</LinearRing>
</outerBoundaryIs>
</Polygon>
</Placemark>
<Placemark><name />
<styleUrl>#nz-lake-polygons-topo-150kId</styleUrl>
<ExtendedData><SchemaData schemaUrl="#nz-lake-polygons-topo-150kId"><SimpleData name="t50_fid">5037551</SimpleData>
<SimpleData name="elevation">0</SimpleData>
<SimpleData name="grp_ascii" />
<SimpleData name="grp_name" />
<SimpleData name="perennial" />
<SimpleData name="temperatur" />
<SimpleData name="lake_use" />
<SimpleData name="name_ascii" />
<SimpleData name="macronated">N</SimpleData>
<SimpleData name="name" />
<SimpleData name="grp_macron">N</SimpleData>
</SchemaData>
</ExtendedData>
<Polygon><outerBoundaryIs><LinearRing><tessellate>1</tessellate>
<coordinates> 174.457762,-39.248237 174.457837,-39.247853 174.458053,-39.247598 174.458126,-39.247825 174.458069,-39.247893 174.458077,-39.248141 174.457905,-39.248321 174.457762,-39.248237</coordinates>
</LinearRing>
</outerBoundaryIs>
</Polygon>
</Placemark>
<Placemark><name />
<styleUrl>#nz-lake-polygons-topo-150kId</styleUrl>
<ExtendedData><SchemaData schemaUrl="#nz-lake-polygons-topo-150kId"><SimpleData name="t50_fid">8075291</SimpleData>
<SimpleData name="elevation">0</SimpleData>
<SimpleData name="grp_ascii" />
<SimpleData name="grp_name" />
<SimpleData name="perennial" />
<SimpleData name="temperatur" />
<SimpleData name="lake_use" />
<SimpleData name="name_ascii" />
<SimpleData name="macronated">N</SimpleData>
<SimpleData name="name" />
<SimpleData name="grp_macron">N</SimpleData>
</SchemaData>
</ExtendedData>
<Polygon><outerBoundaryIs><LinearRing><tessellate>1</tessellate>
<coordinates> 174.466931,-39.242868 174.466825,-39.242945 174.466633,-39.243152 174.466670,-39.243200 174.466829,-39.243378 174.466892,-39.243453 174.466843,-39.243570 174.466812,-39.243591 174.466714,-39.243572 174.466677,-39.243540 174.466670,-39.243444 174.466537,-39.243226 174.466529,-39.243109 174.466589,-39.243013 174.466700,-39.242895 174.466848,-39.242801 174.466931,-39.242868</coordinates>
</LinearRing>
</outerBoundaryIs>
</Polygon>
</Placemark>
<Placemark><name />
<styleUrl>#nz-lake-polygons-topo-150kId</styleUrl>
<ExtendedData><SchemaData schemaUrl="#nz-lake-polygons-topo-150kId"><SimpleData name="t50_fid">5037555</SimpleData>
<SimpleData name="elevation">0</SimpleData>
<SimpleData name="grp_ascii" />
<SimpleData name="grp_name" />
<SimpleData name="perennial" />
<SimpleData name="temperatur" />
<SimpleData name="lake_use" />
<SimpleData name="name_ascii" />
<SimpleData name="macronated">N</SimpleData>
<SimpleData name="name" />
<SimpleData name="grp_macron">N</SimpleData>
</SchemaData>
</ExtendedData>
<Polygon><outerBoundaryIs><LinearRing><tessellate>1</tessellate>
<coordinates> 174.433773,-39.225774 174.433261,-39.225725 174.433186,-39.225514 174.433239,-39.225356 174.433384,-39.225353 174.433964,-39.225683 174.433773,-39.225774</coordinates>
</LinearRing>
</outerBoundaryIs>
</Polygon>
</Placemark>
<Placemark><name />
<styleUrl>#nz-lake-polygons-topo-150kId</styleUrl>
<ExtendedData><SchemaData schemaUrl="#nz-lake-polygons-topo-150kId"><SimpleData name="t50_fid">8075056</SimpleData>
<SimpleData name="elevation">0</SimpleData>
<SimpleData name="grp_ascii" />
<SimpleData name="grp_name" />
<SimpleData name="perennial" />
<SimpleData name="temperatur" />
<SimpleData name="lake_use" />
<SimpleData name="name_ascii" />
<SimpleData name="macronated">N</SimpleData>
<SimpleData name="name" />
<SimpleData name="grp_macron">N</SimpleData>
</SchemaData>
</ExtendedData>
<Polygon><outerBoundaryIs><LinearRing><tessellate>1</tessellate>
<coordinates> 174.437889,-39.250023 174.437536,-39.249875 174.437285,-39.249686 174.437325,-39.249629 174.437801,-39.249751 174.437977,-39.249781 174.437965,-39.249677 174.437753,-39.249399 174.437640,-39.248896 174.437531,-39.248625 174.437647,-39.248610 174.437665,-39.248607 174.438016,-39.249180 174.438135,-39.249451 174.438230,-39.249562 174.438518,-39.249518 174.438592,-39.249589 174.438377,-39.249704 174.438308,-39.249857 174.438197,-39.249939 174.438042,-39.249981 174.437889,-39.250023</coordinates>
</LinearRing>
</outerBoundaryIs>
</Polygon>
</Placemark>
<Placemark><name />
<styleUrl>#nz-lake-polygons-topo-150kId</styleUrl>
<ExtendedData><SchemaData schemaUrl="#nz-lake-polygons-topo-150kId"><SimpleData name="t50_fid">5037047</SimpleData>
<SimpleData name="elevation">0</SimpleData>
<SimpleData name="grp_ascii" />
<SimpleData name="grp_name" />
<SimpleData name="perennial" />
<SimpleData name="temperatur" />
<SimpleData name="lake_use" />
<SimpleData name="name_ascii" />
<SimpleData name="macronated">N</SimpleData>
<SimpleData name="name" />
<SimpleData name="grp_macron">N</SimpleData>
</SchemaData>
</ExtendedData>
<Polygon><outerBoundaryIs><LinearRing><tessellate>1</tessellate>
<coordinates> 174.107887,-39.347698 174.108050,-39.347694 174.108135,-39.347769 174.108045,-39.347849 174.107865,-39.347769 174.107887,-39.347698</coordinates>
</LinearRing>
</outerBoundaryIs>
</Polygon>
</Placemark>
<Placemark><name />
<styleUrl>#nz-lake-polygons-topo-150kId</styleUrl>
<ExtendedData><SchemaData schemaUrl="#nz-lake-polygons-topo-150kId"><SimpleData name="t50_fid">5037046</SimpleData>
<SimpleData name="elevation">0</SimpleData>
<SimpleData name="grp_ascii" />
<SimpleData name="grp_name" />
<SimpleData name="perennial" />
<SimpleData name="temperatur" />
<SimpleData name="lake_use" />
<SimpleData name="name_ascii" />
<SimpleData name="macronated">N</SimpleData>
<SimpleData name="name" />
<SimpleData name="grp_macron">N</SimpleData>
</SchemaData>
</ExtendedData>
<Polygon><outerBoundaryIs><LinearRing><tessellate>1</tessellate>
<coordinates> 174.109144,-39.350644 174.109079,-39.350850 174.108995,-39.350941 174.108879,-39.350966 174.108695,-39.350973 174.108716,-39.350905 174.108819,-39.350806 174.108839,-39.350612 174.108974,-39.350565 174.109078,-39.350542 174.109144,-39.350644</coordinates>
</LinearRing>
</outerBoundaryIs>
</Polygon>
</Placemark>
<Placemark><name />
<styleUrl>#nz-lake-polygons-topo-150kId</styleUrl>
<ExtendedData><SchemaData schemaUrl="#nz-lake-polygons-topo-150kId"><SimpleData name="t50_fid">5037048</SimpleData>
<SimpleData name="elevation">0</SimpleData>
<SimpleData name="grp_ascii" />
<SimpleData name="grp_name" />
<SimpleData name="perennial" />
<SimpleData name="temperatur" />
<SimpleData name="lake_use" />
<SimpleData name="name_ascii" />
<SimpleData name="macronated">N</SimpleData>
<SimpleData name="name" />
<SimpleData name="grp_macron">N</SimpleData>
</SchemaData>
</ExtendedData>
<Polygon><outerBoundaryIs><LinearRing><tessellate>1</tessellate>
<coordinates> 174.109273,-39.345560 174.109486,-39.345474 174.109609,-39.345509 174.109627,-39.345621 174.109507,-39.345660 174.109379,-39.345704 174.109345,-39.345745 174.109250,-39.345764 174.109197,-39.345723 174.109273,-39.345560</coordinates>
</LinearRing>
</outerBoundaryIs>
</Polygon>
</Placemark>
<Placemark><name />
<styleUrl>#nz-lake-polygons-topo-150kId</styleUrl>
<ExtendedData><SchemaData schemaUrl="#nz-lake-polygons-topo-150kId"><SimpleData name="t50_fid">5037246</SimpleData>
<SimpleData name="elevation">0</SimpleData>
<SimpleData name="grp_ascii" />
<SimpleData name="grp_name" />
<SimpleData name="perennial" />
<SimpleData name="temperatur" />
<SimpleData name="lake_use" />
<SimpleData name="name_ascii" />
<SimpleData name="macronated">N</SimpleData>
<SimpleData name="name" />
<SimpleData name="grp_macron">N</SimpleData>
</SchemaData>
</ExtendedData>
<Polygon><outerBoundaryIs><LinearRing><tessellate>1</tessellate>
<coordinates> 174.135496,-39.389678 174.135388,-39.389819 174.135379,-39.389975 174.135519,-39.390135 174.135546,-39.390291 174.135488,-39.390371 174.135366,-39.390393 174.135237,-39.390349 174.135105,-39.390304 174.135084,-39.390216 174.135181,-39.390142 174.135156,-39.390020 174.135149,-39.389870 174.135304,-39.389683 174.135440,-39.389620 174.135496,-39.389678</coordinates>
</LinearRing>
</outerBoundaryIs>
</Polygon>
</Placemark>
<Placemark><name />
<styleUrl>#nz-lake-polygons-topo-150kId</styleUrl>
<ExtendedData><SchemaData schemaUrl="#nz-lake-polygons-topo-150kId"><SimpleData name="t50_fid">5037049</SimpleData>
<SimpleData name="elevation">0</SimpleData>
<SimpleData name="grp_ascii" />
<SimpleData name="grp_name" />
<SimpleData name="perennial" />
<SimpleData name="temperatur" />
<SimpleData name="lake_use" />
<SimpleData name="name_ascii">Murphys Lake</SimpleData>
<SimpleData name="macronated">N</SimpleData>
<SimpleData name="name">Murphys Lake</SimpleData>
<SimpleData name="grp_macron">N</SimpleData>
</SchemaData>
</ExtendedData>
<Polygon><outerBoundaryIs><LinearRing><tessellate>1</tessellate>
<coordinates> 174.117081,-39.336044 174.117200,-39.336109 174.117320,-39.336287 174.117236,-39.336424 174.117090,-39.336359 174.116968,-39.336157 174.116995,-39.336067 174.117081,-39.336044</coordinates>
</LinearRing>
</outerBoundaryIs>
</Polygon>
</Placemark>
<Placemark><name />
<styleUrl>#nz-lake-polygons-topo-150kId</styleUrl>
<ExtendedData><SchemaData schemaUrl="#nz-lake-polygons-topo-150kId"><SimpleData name="t50_fid">5037247</SimpleData>
<SimpleData name="elevation">0</SimpleData>
<SimpleData name="grp_ascii" />
<SimpleData name="grp_name" />
<SimpleData name="perennial" />
<SimpleData name="temperatur" />
<SimpleData name="lake_use" />
<SimpleData name="name_ascii" />
<SimpleData name="macronated">N</SimpleData>
<SimpleData name="name" />
<SimpleData name="grp_macron">N</SimpleData>
</SchemaData>
</ExtendedData>
<Polygon><outerBoundaryIs><LinearRing><tessellate>1</tessellate>
<coordinates> 174.142522,-39.390394 174.142595,-39.390531 174.142787,-39.390684 174.142866,-39.390839 174.142659,-39.390837 174.142446,-39.390793 174.142330,-39.390542 174.142347,-39.390487 174.142452,-39.390395 174.142522,-39.390394</coordinates>
</LinearRing>
</outerBoundaryIs>
</Polygon>
</Placemark>
<Placemark><name />
<styleUrl>#nz-lake-polygons-topo-150kId</styleUrl>
<ExtendedData><SchemaData schemaUrl="#nz-lake-polygons-topo-150kId"><SimpleData name="t50_fid">5037248</SimpleData>
<SimpleData name="elevation">0</SimpleData>
<SimpleData name="grp_ascii" />
<SimpleData name="grp_name" />
<SimpleData name="perennial" />
<SimpleData name="temperatur" />
<SimpleData name="lake_use" />
<SimpleData name="name_ascii" />
<SimpleData name="macronated">N</SimpleData>
<SimpleData name="name" />
<SimpleData name="grp_macron">N</SimpleData>
</SchemaData>
</ExtendedData>
<Polygon><outerBoundaryIs><LinearRing><tessellate>1</tessellate>
<coordinates> 174.175472,-39.373719 174.175544,-39.373875 174.175645,-39.373888 174.175691,-39.373923 174.175634,-39.374041 174.175534,-39.374135 174.175353,-39.374005 174.175192,-39.373967 174.175190,-39.373875 174.175308,-39.373753 174.175411,-39.373641 174.175472,-39.373719</coordinates>
</LinearRing>
</outerBoundaryIs>
</Polygon>
</Placemark>
<Placemark><name />
<styleUrl>#nz-lake-polygons-topo-150kId</styleUrl>
<ExtendedData><SchemaData schemaUrl="#nz-lake-polygons-topo-150kId"><SimpleData name="t50_fid">5037272</SimpleData>
<SimpleData name="elevation">0</SimpleData>
<SimpleData name="grp_ascii" />
<SimpleData name="grp_name" />
<SimpleData name="perennial" />
<SimpleData name="temperatur" />
<SimpleData name="lake_use" />
<SimpleData name="name_ascii" />
<SimpleData name="macronated">N</SimpleData>
<SimpleData name="name" />
<SimpleData name="grp_macron">N</SimpleData>
</SchemaData>
</ExtendedData>
<Polygon><outerBoundaryIs><LinearRing><tessellate>1</tessellate>
<coordinates> 174.204561,-39.357711 174.204455,-39.357682 174.204361,-39.357585 174.204228,-39.357556 174.204123,-39.357549 174.204048,-39.357453 174.204159,-39.357380 174.204258,-39.357332 174.204391,-39.357405 174.204520,-39.357417 174.204611,-39.357501 174.204698,-39.357579 174.204663,-39.357631 174.204561,-39.357711</coordinates>
</LinearRing>
</outerBoundaryIs>
</Polygon>
</Placemark>
<Placemark><name />
<styleUrl>#nz-lake-polygons-topo-150kId</styleUrl>
<ExtendedData><SchemaData schemaUrl="#nz-lake-polygons-topo-150kId"><SimpleData name="t50_fid">5037271</SimpleData>
<SimpleData name="elevation">0</SimpleData>
<SimpleData name="grp_ascii" />
<SimpleData name="grp_name" />
<SimpleData name="perennial" />
<SimpleData name="temperatur" />
<SimpleData name="lake_use" />
<SimpleData name="name_ascii" />
<SimpleData name="macronated">N</SimpleData>
<SimpleData name="name" />
<SimpleData name="grp_macron">N</SimpleData>
</SchemaData>
</ExtendedData>
<Polygon><outerBoundaryIs><LinearRing><tessellate>1</tessellate>
<coordinates> 174.165936,-39.332803 174.166081,-39.332801 174.166199,-39.332936 174.166493,-39.333020 174.166551,-39.333137 174.166547,-39.333207 174.166417,-39.333291 174.166264,-39.333206 174.166112,-39.333196 174.165949,-39.333276 174.165713,-39.333145 174.165652,-39.333056 174.165650,-39.332988 174.165936,-39.332803</coordinates>
</LinearRing>
</outerBoundaryIs>
</Polygon>
</Placemark>
<Placemark><name />
<styleUrl>#nz-lake-polygons-topo-150kId</styleUrl>
<ExtendedData><SchemaData schemaUrl="#nz-lake-polygons-topo-150kId"><SimpleData name="t50_fid">7966247</SimpleData>
<SimpleData name="elevation">0</SimpleData>
<SimpleData name="grp_ascii" />
<SimpleData name="grp_name" />
<SimpleData name="perennial" />
<SimpleData name="temperatur" />
<SimpleData name="lake_use" />
<SimpleData name="name_ascii" />
<SimpleData name="macronated">N</SimpleData>
<SimpleData name="name" />
<SimpleData name="grp_macron">N</SimpleData>
</SchemaData>
</ExtendedData>
<Polygon><outerBoundaryIs><LinearRing><tessellate>1</tessellate>
<coordinates> 173.951630,-39.125151 173.951789,-39.125325 173.951940,-39.125483 173.951915,-39.125559 173.951799,-39.125521 173.951506,-39.125330 173.951384,-39.125210 173.951432,-39.125094 173.951492,-39.125055 173.951630,-39.125151</coordinates>
</LinearRing>
</outerBoundaryIs>
</Polygon>
</Placemark>
<Placemark><name />
<styleUrl>#nz-lake-polygons-topo-150kId</styleUrl>
<ExtendedData><SchemaData schemaUrl="#nz-lake-polygons-topo-150kId"><SimpleData name="t50_fid">5037397</SimpleData>
<SimpleData name="elevation">0</SimpleData>
<SimpleData name="grp_ascii" />
<SimpleData name="grp_name" />
<SimpleData name="perennial" />
<SimpleData name="temperatur" />
<SimpleData name="lake_use" />
<SimpleData name="name_ascii" />
<SimpleData name="macronated">N</SimpleData>
<SimpleData name="name" />
<SimpleData name="grp_macron">N</SimpleData>
</SchemaData>
</ExtendedData>
<Polygon><outerBoundaryIs><LinearRing><tessellate>1</tessellate>
<coordinates> 173.976721,-39.114656 173.976711,-39.114743 173.976618,-39.114901 173.976624,-39.115059 173.976769,-39.115246 173.976926,-39.115396 173.977081,-39.115469 173.977083,-39.115577 173.976921,-39.115597 173.976656,-39.115410 173.976451,-39.115159 173.976399,-39.114854 173.976460,-39.114658 173.976578,-39.114627 173.976721,-39.114656</coordinates>
</LinearRing>
</outerBoundaryIs>
</Polygon>
</Placemark>
<Placemark><name />
<styleUrl>#nz-lake-polygons-topo-150kId</styleUrl>
<ExtendedData><SchemaData schemaUrl="#nz-lake-polygons-topo-150kId"><SimpleData name="t50_fid">5037401</SimpleData>
<SimpleData name="elevation">0</SimpleData>
<SimpleData name="grp_ascii" />
<SimpleData name="grp_name" />
<SimpleData name="perennial" />
<SimpleData name="temperatur" />
<SimpleData name="lake_use" />
<SimpleData name="name_ascii" />
<SimpleData name="macronated">N</SimpleData>
<SimpleData name="name" />
<SimpleData name="grp_macron">N</SimpleData>
</SchemaData>
</ExtendedData>
<Polygon><outerBoundaryIs><LinearRing><tessellate>1</tessellate>
<coordinates> 173.988164,-39.100827 173.987907,-39.100941 173.987658,-39.101066 173.987598,-39.101446 173.987571,-39.101558 173.987480,-39.101608 173.987428,-39.101565 173.987418,-39.101403 173.987402,-39.101219 173.987349,-39.101040 173.987498,-39.100911 173.987776,-39.100791 173.988076,-39.100716 173.988226,-39.100692 173.988164,-39.100827</coordinates>
</LinearRing>
</outerBoundaryIs>
</Polygon>
</Placemark>
<Placemark><name />
<styleUrl>#nz-lake-polygons-topo-150kId</styleUrl>
<ExtendedData><SchemaData schemaUrl="#nz-lake-polygons-topo-150kId"><SimpleData name="t50_fid">5008603</SimpleData>
<SimpleData name="elevation">0</SimpleData>
<SimpleData name="grp_ascii" />
<SimpleData name="grp_name" />
<SimpleData name="perennial" />
<SimpleData name="temperatur" />
<SimpleData name="lake_use" />
<SimpleData name="name_ascii" />
<SimpleData name="macronated">N</SimpleData>
<SimpleData name="name" />
<SimpleData name="grp_macron">N</SimpleData>
</SchemaData>
</ExtendedData>
<Polygon><outerBoundaryIs><LinearRing><tessellate>1</tessellate>
<coordinates> 173.985412,-39.101938 173.985823,-39.101862 173.986146,-39.101848 173.986210,-39.101831 173.986321,-39.101758 173.986446,-39.101762 173.986618,-39.101763 173.986705,-39.101827 173.986736,-39.101941 173.986697,-39.102031 173.986566,-39.102110 173.986553,-39.102214 173.986650,-39.102272 173.986816,-39.102298 173.986864,-39.102387 173.986810,-39.102399 173.986534,-39.102404 173.986358,-39.102372 173.986275,-39.102373 173.986165,-39.102457 173.986001,-39.102515 173.985833,-39.102525 173.985710,-39.102475 173.985382,-39.102350 173.985310,-39.102308 173.985302,-39.102258 173.985377,-39.102235 173.985426,-39.102179 173.985364,-39.102079 173.985363,-39.101980 173.985412,-39.101938</coordinates>
</LinearRing>
</outerBoundaryIs>
</Polygon>
</Placemark>
<Placemark><name />
<styleUrl>#nz-lake-polygons-topo-150kId</styleUrl>
<ExtendedData><SchemaData schemaUrl="#nz-lake-polygons-topo-150kId"><SimpleData name="t50_fid">5037418</SimpleData>
<SimpleData name="elevation">0</SimpleData>
<SimpleData name="grp_ascii" />
<SimpleData name="grp_name" />
<SimpleData name="perennial" />
<SimpleData name="temperatur" />
<SimpleData name="lake_use" />
<SimpleData name="name_ascii" />
<SimpleData name="macronated">N</SimpleData>
<SimpleData name="name" />
<SimpleData name="grp_macron">N</SimpleData>
</SchemaData>
</ExtendedData>
<Polygon><outerBoundaryIs><LinearRing><tessellate>1</tessellate>
<coordinates> 174.007728,-39.085800 174.007601,-39.085780 174.007505,-39.085741 174.007444,-39.085607 174.007416,-39.085559 174.007408,-39.085446 174.007515,-39.085273 174.007564,-39.085150 174.007654,-39.085140 174.007741,-39.085168 174.007788,-39.085218 174.007766,-39.085334 174.007749,-39.085415 174.007795,-39.085516 174.007886,-39.085617 174.007888,-39.085685 174.007728,-39.085800</coordinates>
</LinearRing>
</outerBoundaryIs>
</Polygon>
</Placemark>
<Placemark><name />
<styleUrl>#nz-lake-polygons-topo-150kId</styleUrl>
<ExtendedData><SchemaData schemaUrl="#nz-lake-polygons-topo-150kId"><SimpleData name="t50_fid">8075276</SimpleData>
<SimpleData name="elevation">0</SimpleData>
<SimpleData name="grp_ascii" />
<SimpleData name="grp_name" />
<SimpleData name="perennial" />
<SimpleData name="temperatur" />
<SimpleData name="lake_use" />
<SimpleData name="name_ascii" />
<SimpleData name="macronated">N</SimpleData>
<SimpleData name="name" />
<SimpleData name="grp_macron">N</SimpleData>
</SchemaData>
</ExtendedData>
<Polygon><outerBoundaryIs><LinearRing><tessellate>1</tessellate>
<coordinates> 174.008841,-39.115669 174.008900,-39.115666 174.008977,-39.115719 174.009021,-39.115852 174.009055,-39.115884 174.009095,-39.115898 174.009141,-39.115922 174.009186,-39.115967 174.009157,-39.116009 174.009072,-39.116045 174.008966,-39.116044 174.008884,-39.115992 174.008810,-39.115918 174.008758,-39.115860 174.008740,-39.115778 174.008774,-39.115701 174.008841,-39.115669</coordinates>
</LinearRing>
</outerBoundaryIs>
</Polygon>
</Placemark>
<Placemark><name />
<styleUrl>#nz-lake-polygons-topo-150kId</styleUrl>
<ExtendedData><SchemaData schemaUrl="#nz-lake-polygons-topo-150kId"><SimpleData name="t50_fid">5037402</SimpleData>
<SimpleData name="elevation">0</SimpleData>
<SimpleData name="grp_ascii" />
<SimpleData name="grp_name" />
<SimpleData name="perennial" />
<SimpleData name="temperatur" />
<SimpleData name="lake_use" />
<SimpleData name="name_ascii" />
<SimpleData name="macronated">N</SimpleData>
<SimpleData name="name" />
<SimpleData name="grp_macron">N</SimpleData>
</SchemaData>
</ExtendedData>
<Polygon><outerBoundaryIs><LinearRing><tessellate>1</tessellate>
<coordinates> 174.007254,-39.108605 174.007186,-39.108775 174.007095,-39.108822 174.006998,-39.108785 174.006983,-39.108485 174.007049,-39.108334 174.006941,-39.108172 174.006852,-39.107945 174.007005,-39.107907 174.007268,-39.108007 174.007295,-39.108138 174.007437,-39.108383 174.007254,-39.108605</coordinates>
</LinearRing>
</outerBoundaryIs>
</Polygon>
</Placemark>
<Placemark><name />
<styleUrl>#nz-lake-polygons-topo-150kId</styleUrl>
<ExtendedData><SchemaData schemaUrl="#nz-lake-polygons-topo-150kId"><SimpleData name="t50_fid">8075275</SimpleData>
<SimpleData name="elevation">0</SimpleData>
<SimpleData name="grp_ascii" />
<SimpleData name="grp_name" />
<SimpleData name="perennial" />
<SimpleData name="temperatur" />
<SimpleData name="lake_use" />
<SimpleData name="name_ascii" />
<SimpleData name="macronated">N</SimpleData>
<SimpleData name="name" />
<SimpleData name="grp_macron">N</SimpleData>
</SchemaData>
</ExtendedData>
<Polygon><outerBoundaryIs><LinearRing><tessellate>1</tessellate>
<coordinates> 174.009983,-39.116452 174.010038,-39.116477 174.010059,-39.116631 174.010122,-39.116684 174.010213,-39.116686 174.010378,-39.116679 174.010521,-39.116718 174.010614,-39.116777 174.010663,-39.116882 174.010749,-39.117055 174.010816,-39.117109 174.010854,-39.117188 174.010766,-39.117209 174.010666,-39.117122 174.010569,-39.116977 174.010520,-39.116889 174.010472,-39.116835 174.010376,-39.116813 174.010278,-39.116837 174.010121,-39.116875 174.009956,-39.116837 174.009852,-39.116772 174.009730,-39.116665 174.009681,-39.116571 174.009738,-39.116468 174.009983,-39.116452</coordinates>
</LinearRing>
</outerBoundaryIs>
</Polygon>
</Placemark>
<Placemark><name />
<styleUrl>#nz-lake-polygons-topo-150kId</styleUrl>
<ExtendedData><SchemaData schemaUrl="#nz-lake-polygons-topo-150kId"><SimpleData name="t50_fid">5037398</SimpleData>
<SimpleData name="elevation">0</SimpleData>
<SimpleData name="grp_ascii" />
<SimpleData name="grp_name" />
<SimpleData name="perennial" />
<SimpleData name="temperatur" />
<SimpleData name="lake_use" />
<SimpleData name="name_ascii" />
<SimpleData name="macronated">N</SimpleData>
<SimpleData name="name" />
<SimpleData name="grp_macron">N</SimpleData>
</SchemaData>
</ExtendedData>
<Polygon><outerBoundaryIs><LinearRing><tessellate>1</tessellate>
<coordinates> 174.005602,-39.140002 174.005742,-39.140076 174.005809,-39.140142 174.005832,-39.140204 174.005798,-39.140295 174.005669,-39.140414 174.005511,-39.140382 174.005540,-39.140321 174.005531,-39.140259 174.005465,-39.140164 174.005437,-39.140087 174.005487,-39.140053 174.005527,-39.140013 174.005602,-39.140002</coordinates>
</LinearRing>
</outerBoundaryIs>
</Polygon>
</Placemark>
<Placemark><name />
<styleUrl>#nz-lake-polygons-topo-150kId</styleUrl>
<ExtendedData><SchemaData schemaUrl="#nz-lake-polygons-topo-150kId"><SimpleData name="t50_fid">5037399</SimpleData>
<SimpleData name="elevation">0</SimpleData>
<SimpleData name="grp_ascii" />
<SimpleData name="grp_name" />
<SimpleData name="perennial" />
<SimpleData name="temperatur" />
<SimpleData name="lake_use" />
<SimpleData name="name_ascii" />
<SimpleData name="macronated">N</SimpleData>
<SimpleData name="name" />
<SimpleData name="grp_macron">N</SimpleData>
</SchemaData>
</ExtendedData>
<Polygon><outerBoundaryIs><LinearRing><tessellate>1</tessellate>
<coordinates> 173.990204,-39.134106 173.990199,-39.134238 173.990207,-39.134319 173.990121,-39.134346 173.989972,-39.134323 173.989810,-39.134357 173.989548,-39.134319 173.989540,-39.134244 173.989667,-39.134194 173.989793,-39.134078 173.990002,-39.134006 173.990189,-39.134045 173.990204,-39.134106</coordinates>
</LinearRing>
</outerBoundaryIs>
</Polygon>
</Placemark>
<Placemark><name />
<styleUrl>#nz-lake-polygons-topo-150kId</styleUrl>
<ExtendedData><SchemaData schemaUrl="#nz-lake-polygons-topo-150kId"><SimpleData name="t50_fid">5008602</SimpleData>
<SimpleData name="elevation">0</SimpleData>
<SimpleData name="grp_ascii" />
<SimpleData name="grp_name" />
<SimpleData name="perennial" />
<SimpleData name="temperatur" />
<SimpleData name="lake_use" />
<SimpleData name="name_ascii" />
<SimpleData name="macronated">N</SimpleData>
<SimpleData name="name" />
<SimpleData name="grp_macron">N</SimpleData>
</SchemaData>
</ExtendedData>
<Polygon><outerBoundaryIs><LinearRing><tessellate>1</tessellate>
<coordinates> 173.982762,-39.135641 173.982618,-39.135711 173.982440,-39.135795 173.982267,-39.135788 173.982160,-39.135685 173.981951,-39.135656 173.981790,-39.135691 173.981599,-39.135602 173.981573,-39.135514 173.981689,-39.135409 173.981835,-39.135320 173.982137,-39.135313 173.982234,-39.135437 173.982394,-39.135529 173.982605,-39.135541 173.982750,-39.135567 173.982762,-39.135641</coordinates>
</LinearRing>
</outerBoundaryIs>
</Polygon>
</Placemark>
<Placemark><name />
<styleUrl>#nz-lake-polygons-topo-150kId</styleUrl>
<ExtendedData><SchemaData schemaUrl="#nz-lake-polygons-topo-150kId"><SimpleData name="t50_fid">5037037</SimpleData>
<SimpleData name="elevation">0</SimpleData>
<SimpleData name="grp_ascii" />
<SimpleData name="grp_name" />
<SimpleData name="perennial" />
<SimpleData name="temperatur" />
<SimpleData name="lake_use" />
<SimpleData name="name_ascii" />
<SimpleData name="macronated">N</SimpleData>
<SimpleData name="name" />
<SimpleData name="grp_macron">N</SimpleData>
</SchemaData>
</ExtendedData>
<Polygon><outerBoundaryIs><LinearRing><tessellate>1</tessellate>
<coordinates> 173.941115,-39.337730 173.940879,-39.337573 173.941060,-39.337427 173.941188,-39.337499 173.941241,-39.337617 173.941115,-39.337730</coordinates>
</LinearRing>
</outerBoundaryIs>
</Polygon>
</Placemark>
<Placemark><name />
<styleUrl>#nz-lake-polygons-topo-150kId</styleUrl>
<ExtendedData><SchemaData schemaUrl="#nz-lake-polygons-topo-150kId"><SimpleData name="t50_fid">5008549</SimpleData>
<SimpleData name="elevation">0</SimpleData>
<SimpleData name="grp_ascii" />
<SimpleData name="grp_name" />
<SimpleData name="perennial" />
<SimpleData name="temperatur" />
<SimpleData name="lake_use" />
<SimpleData name="name_ascii" />
<SimpleData name="macronated">N</SimpleData>
<SimpleData name="name" />
<SimpleData name="grp_macron">N</SimpleData>
</SchemaData>
</ExtendedData>
<Polygon><outerBoundaryIs><LinearRing><tessellate>1</tessellate>
<coordinates> 173.932538,-39.366981 173.932277,-39.367067 173.931881,-39.367119 173.931026,-39.367109 173.930737,-39.367030 173.930520,-39.366952 173.930394,-39.366769 173.930267,-39.366451 173.930231,-39.366116 173.930314,-39.366108 173.930589,-39.366704 173.930807,-39.366878 173.931012,-39.366860 173.931083,-39.366756 173.931347,-39.366562 173.931563,-39.366552 173.931733,-39.366192 173.931835,-39.366167 173.932289,-39.366307 173.932705,-39.366639 173.932892,-39.366821 173.933036,-39.366852 173.933027,-39.366908 173.932538,-39.366981</coordinates>
</LinearRing>
</outerBoundaryIs>
</Polygon>
</Placemark>
<Placemark><name />
<styleUrl>#nz-lake-polygons-topo-150kId</styleUrl>
<ExtendedData><SchemaData schemaUrl="#nz-lake-polygons-topo-150kId"><SimpleData name="t50_fid">5037024</SimpleData>
<SimpleData name="elevation">0</SimpleData>
<SimpleData name="grp_ascii" />
<SimpleData name="grp_name" />
<SimpleData name="perennial" />
<SimpleData name="temperatur" />
<SimpleData name="lake_use" />
<SimpleData name="name_ascii" />
<SimpleData name="macronated">N</SimpleData>
<SimpleData name="name" />
<SimpleData name="grp_macron">N</SimpleData>
</SchemaData>
</ExtendedData>
<Polygon><outerBoundaryIs><LinearRing><tessellate>1</tessellate>
<coordinates> 173.932840,-39.379186 173.932799,-39.379017 173.932836,-39.378921 173.933034,-39.378838 173.933310,-39.378843 173.933501,-39.378930 173.933600,-39.378975 173.933515,-39.379225 173.933355,-39.379344 173.933127,-39.379383 173.932946,-39.379318 173.932840,-39.379186</coordinates>
</LinearRing>
</outerBoundaryIs>
<innerBoundaryIs><LinearRing><tessellate>1</tessellate>
<coordinates> 173.933057,-39.379091 173.933030,-39.379152 173.933132,-39.379235 173.933255,-39.379223 173.933388,-39.379125 173.933345,-39.379049 173.933145,-39.379020 173.933057,-39.379091</coordinates>
</LinearRing>
</innerBoundaryIs>
</Polygon>
</Placemark>
<Placemark><name />
<styleUrl>#nz-lake-polygons-topo-150kId</styleUrl>
<ExtendedData><SchemaData schemaUrl="#nz-lake-polygons-topo-150kId"><SimpleData name="t50_fid">5037036</SimpleData>
<SimpleData name="elevation">0</SimpleData>
<SimpleData name="grp_ascii" />
<SimpleData name="grp_name" />
<SimpleData name="perennial" />
<SimpleData name="temperatur" />
<SimpleData name="lake_use" />
<SimpleData name="name_ascii" />
<SimpleData name="macronated">N</SimpleData>
<SimpleData name="name" />
<SimpleData name="grp_macron">N</SimpleData>
</SchemaData>
</ExtendedData>
<Polygon><outerBoundaryIs><LinearRing><tessellate>1</tessellate>
<coordinates> 173.961640,-39.357895 173.961703,-39.358052 173.961444,-39.358191 173.961418,-39.358304 173.961742,-39.358525 173.961774,-39.358660 173.961661,-39.358752 173.961400,-39.358755 173.961194,-39.358623 173.961133,-39.358511 173.961127,-39.358286 173.961236,-39.357969 173.961405,-39.357786 173.961492,-39.357785 173.961640,-39.357895</coordinates>
</LinearRing>
</outerBoundaryIs>
</Polygon>
</Placemark>
<Placemark><name />
<styleUrl>#nz-lake-polygons-topo-150kId</styleUrl>
<ExtendedData><SchemaData schemaUrl="#nz-lake-polygons-topo-150kId"><SimpleData name="t50_fid">5037026</SimpleData>
<SimpleData name="elevation">0</SimpleData>
<SimpleData name="grp_ascii" />
<SimpleData name="grp_name" />
<SimpleData name="perennial" />
<SimpleData name="temperatur" />
<SimpleData name="lake_use" />
<SimpleData name="name_ascii" />
<SimpleData name="macronated">N</SimpleData>
<SimpleData name="name" />
<SimpleData name="grp_macron">N</SimpleData>
</SchemaData>
</ExtendedData>
<Polygon><outerBoundaryIs><LinearRing><tessellate>1</tessellate>
<coordinates> 173.989830,-39.414324 173.989694,-39.414461 173.989549,-39.414598 173.989515,-39.414746 173.989363,-39.414872 173.989218,-39.414936 173.989042,-39.414909 173.988925,-39.414910 173.988866,-39.414865 173.988878,-39.414632 173.988994,-39.414580 173.989058,-39.414478 173.989166,-39.414358 173.989355,-39.414322 173.989478,-39.414231 173.989632,-39.414218 173.989793,-39.414234 173.989830,-39.414324</coordinates>
</LinearRing>
</outerBoundaryIs>
</Polygon>
</Placemark>
<Placemark><name />
<styleUrl>#nz-lake-polygons-topo-150kId</styleUrl>
<ExtendedData><SchemaData schemaUrl="#nz-lake-polygons-topo-150kId"><SimpleData name="t50_fid">5008553</SimpleData>
<SimpleData name="elevation">0</SimpleData>
<SimpleData name="grp_ascii" />
<SimpleData name="grp_name" />
<SimpleData name="perennial" />
<SimpleData name="temperatur" />
<SimpleData name="lake_use" />
<SimpleData name="name_ascii">Mangaoraukawa / Lake Dive</SimpleData>
<SimpleData name="macronated">Y</SimpleData>
<SimpleData name="name">Mangaōraukawa / Lake Dive</SimpleData>
<SimpleData name="grp_macron">N</SimpleData>
</SchemaData>
</ExtendedData>
<Polygon><outerBoundaryIs><LinearRing><tessellate>1</tessellate>
<coordinates> 174.058146,-39.335767 174.058106,-39.335642 174.058162,-39.335483 174.058512,-39.335409 174.059079,-39.335118 174.059608,-39.335190 174.059986,-39.335372 174.060331,-39.335399 174.060571,-39.335367 174.060709,-39.335502 174.060672,-39.335578 174.060530,-39.335690 174.060539,-39.335857 174.060463,-39.335953 174.060032,-39.335801 174.059623,-39.335730 174.059360,-39.335689 174.058925,-39.335696 174.058356,-39.335856 174.058065,-39.335975 174.057979,-39.335880 174.058146,-39.335767</coordinates>
</LinearRing>
</outerBoundaryIs>
</Polygon>
</Placemark>
<Placemark><name />
<styleUrl>#nz-lake-polygons-topo-150kId</styleUrl>
<ExtendedData><SchemaData schemaUrl="#nz-lake-polygons-topo-150kId"><SimpleData name="t50_fid">8075161</SimpleData>
<SimpleData name="elevation">0</SimpleData>
<SimpleData name="grp_ascii" />
<SimpleData name="grp_name" />
<SimpleData name="perennial" />
<SimpleData name="temperatur" />
<SimpleData name="lake_use" />
<SimpleData name="name_ascii" />
<SimpleData name="macronated">N</SimpleData>
<SimpleData name="name" />
<SimpleData name="grp_macron">N</SimpleData>
</SchemaData>
</ExtendedData>
<Polygon><outerBoundaryIs><LinearRing><tessellate>1</tessellate>
<coordinates> 174.414575,-39.370369 174.414551,-39.370282 174.414552,-39.370241 174.414609,-39.370217 174.414763,-39.370240 174.414868,-39.370196 174.414980,-39.370200 174.415014,-39.370237 174.414992,-39.370310 174.414974,-39.370379 174.414900,-39.370450 174.414792,-39.370473 174.414615,-39.370435 174.414575,-39.370369</coordinates>
</LinearRing>
</outerBoundaryIs>
</Polygon>
</Placemark>
<Placemark><name />
<styleUrl>#nz-lake-polygons-topo-150kId</styleUrl>
<ExtendedData><SchemaData schemaUrl="#nz-lake-polygons-topo-150kId"><SimpleData name="t50_fid">5037339</SimpleData>
<SimpleData name="elevation">0</SimpleData>
<SimpleData name="grp_ascii" />
<SimpleData name="grp_name" />
<SimpleData name="perennial" />
<SimpleData name="temperatur" />
<SimpleData name="lake_use" />
<SimpleData name="name_ascii" />
<SimpleData name="macronated">N</SimpleData>
<SimpleData name="name" />
<SimpleData name="grp_macron">N</SimpleData>
</SchemaData>
</ExtendedData>
<Polygon><outerBoundaryIs><LinearRing><tessellate>1</tessellate>
<coordinates> 174.422405,-39.374951 174.422400,-39.374771 174.422281,-39.374683 174.422395,-39.374568 174.422482,-39.374567 174.422570,-39.374633 174.422635,-39.374834 174.422552,-39.374993 174.422405,-39.374951</coordinates>
</LinearRing>
</outerBoundaryIs>
</Polygon>
</Placemark>
<Placemark><name />
<styleUrl>#nz-lake-polygons-topo-150kId</styleUrl>
<ExtendedData><SchemaData schemaUrl="#nz-lake-polygons-topo-150kId"><SimpleData name="t50_fid">5037332</SimpleData>
<SimpleData name="elevation">0</SimpleData>
<SimpleData name="grp_ascii" />
<SimpleData name="grp_name" />
<SimpleData name="perennial" />
<SimpleData name="temperatur" />
<SimpleData name="lake_use" />
<SimpleData name="name_ascii" />
<SimpleData name="macronated">N</SimpleData>
<SimpleData name="name" />
<SimpleData name="grp_macron">N</SimpleData>
</SchemaData>
</ExtendedData>
<Polygon><outerBoundaryIs><LinearRing><tessellate>1</tessellate>
<coordinates> 174.426451,-39.373712 174.426161,-39.373684 174.426065,-39.373415 174.426116,-39.373189 174.426270,-39.373215 174.426403,-39.373236 174.426440,-39.373341 174.426469,-39.373620 174.426491,-39.373716 174.426451,-39.373712</coordinates>
</LinearRing>
</outerBoundaryIs>
</Polygon>
</Placemark>
<Placemark><name />
<styleUrl>#nz-lake-polygons-topo-150kId</styleUrl>
<ExtendedData><SchemaData schemaUrl="#nz-lake-polygons-topo-150kId"><SimpleData name="t50_fid">5037342</SimpleData>
<SimpleData name="elevation">0</SimpleData>
<SimpleData name="grp_ascii" />
<SimpleData name="grp_name" />
<SimpleData name="perennial" />
<SimpleData name="temperatur" />
<SimpleData name="lake_use" />
<SimpleData name="name_ascii" />
<SimpleData name="macronated">N</SimpleData>
<SimpleData name="name" />
<SimpleData name="grp_macron">N</SimpleData>
</SchemaData>
</ExtendedData>
<Polygon><outerBoundaryIs><LinearRing><tessellate>1</tessellate>
<coordinates> 174.444758,-39.371986 174.444845,-39.371985 174.444976,-39.372062 174.444968,-39.372230 174.444853,-39.372255 174.444670,-39.372120 174.444758,-39.371986</coordinates>
</LinearRing>
</outerBoundaryIs>
</Polygon>
</Placemark>
<Placemark><name />
<styleUrl>#nz-lake-polygons-topo-150kId</styleUrl>
<ExtendedData><SchemaData schemaUrl="#nz-lake-polygons-topo-150kId"><SimpleData name="t50_fid">8075181</SimpleData>
<SimpleData name="elevation">0</SimpleData>
<SimpleData name="grp_ascii" />
<SimpleData name="grp_name" />
<SimpleData name="perennial" />
<SimpleData name="temperatur" />
<SimpleData name="lake_use" />
<SimpleData name="name_ascii" />
<SimpleData name="macronated">N</SimpleData>
<SimpleData name="name" />
<SimpleData name="grp_macron">N</SimpleData>
</SchemaData>
</ExtendedData>
<Polygon><outerBoundaryIs><LinearRing><tessellate>1</tessellate>
<coordinates> 174.453668,-39.360193 174.453737,-39.360143 174.453789,-39.360128 174.453834,-39.360194 174.453900,-39.360263 174.454060,-39.360271 174.454120,-39.360257 174.454190,-39.360286 174.454225,-39.360315 174.454229,-39.360346 174.454192,-39.360387 174.454089,-39.360441 174.453994,-39.360490 174.453936,-39.360479 174.453923,-39.360440 174.453843,-39.360413 174.453699,-39.360334 174.453642,-39.360282 174.453639,-39.360245 174.453668,-39.360193</coordinates>
</LinearRing>
</outerBoundaryIs>
</Polygon>
</Placemark>
<Placemark><name />
<styleUrl>#nz-lake-polygons-topo-150kId</styleUrl>
<ExtendedData><SchemaData schemaUrl="#nz-lake-polygons-topo-150kId"><SimpleData name="t50_fid">8075169</SimpleData>
<SimpleData name="elevation">0</SimpleData>
<SimpleData name="grp_ascii" />
<SimpleData name="grp_name" />
<SimpleData name="perennial" />
<SimpleData name="temperatur" />
<SimpleData name="lake_use" />
<SimpleData name="name_ascii" />
<SimpleData name="macronated">N</SimpleData>
<SimpleData name="name" />
<SimpleData name="grp_macron">N</SimpleData>
</SchemaData>
</ExtendedData>
<Polygon><outerBoundaryIs><LinearRing><tessellate>1</tessellate>
<coordinates> 174.387815,-39.362553 174.387704,-39.362604 174.387632,-39.362593 174.387523,-39.362557 174.387459,-39.362552 174.387206,-39.362685 174.387134,-39.362680 174.387133,-39.362645 174.387275,-39.362560 174.387418,-39.362478 174.387485,-39.362467 174.387593,-39.362457 174.387645,-39.362438 174.387720,-39.362418 174.387801,-39.362457 174.387838,-39.362500 174.387815,-39.362553</coordinates>
</LinearRing>
</outerBoundaryIs>
</Polygon>
</Placemark>
<Placemark><name />
<styleUrl>#nz-lake-polygons-topo-150kId</styleUrl>
<ExtendedData><SchemaData schemaUrl="#nz-lake-polygons-topo-150kId"><SimpleData name="t50_fid">8075168</SimpleData>
<SimpleData name="elevation">0</SimpleData>
<SimpleData name="grp_ascii" />
<SimpleData name="grp_name" />
<SimpleData name="perennial" />
<SimpleData name="temperatur" />
<SimpleData name="lake_use" />
<SimpleData name="name_ascii" />
<SimpleData name="macronated">N</SimpleData>
<SimpleData name="name" />
<SimpleData name="grp_macron">N</SimpleData>
</SchemaData>
</ExtendedData>
<Polygon><outerBoundaryIs><LinearRing><tessellate>1</tessellate>
<coordinates> 174.386819,-39.362727 174.387021,-39.362641 174.387087,-39.362736 174.387133,-39.362863 174.386915,-39.362937 174.386842,-39.362903 174.386775,-39.362758 174.386819,-39.362727</coordinates>
</LinearRing>
</outerBoundaryIs>
</Polygon>
</Placemark>
<Placemark><name />
<styleUrl>#nz-lake-polygons-topo-150kId</styleUrl>
<ExtendedData><SchemaData schemaUrl="#nz-lake-polygons-topo-150kId"><SimpleData name="t50_fid">5037267</SimpleData>
<SimpleData name="elevation">0</SimpleData>
<SimpleData name="grp_ascii" />
<SimpleData name="grp_name" />
<SimpleData name="perennial" />
<SimpleData name="temperatur" />
<SimpleData name="lake_use" />
<SimpleData name="name_ascii" />
<SimpleData name="macronated">N</SimpleData>
<SimpleData name="name" />
<SimpleData name="grp_macron">N</SimpleData>
</SchemaData>
</ExtendedData>
<Polygon><outerBoundaryIs><LinearRing><tessellate>1</tessellate>
<coordinates> 174.391736,-39.398627 174.391495,-39.398758 174.391381,-39.398651 174.391730,-39.398379 174.391877,-39.398466 174.391736,-39.398627</coordinates>
</LinearRing>
</outerBoundaryIs>
</Polygon>
</Placemark>
<Placemark><name />
<styleUrl>#nz-lake-polygons-topo-150kId</styleUrl>
<ExtendedData><SchemaData schemaUrl="#nz-lake-polygons-topo-150kId"><SimpleData name="t50_fid">5037266</SimpleData>
<SimpleData name="elevation">0</SimpleData>
<SimpleData name="grp_ascii" />
<SimpleData name="grp_name" />
<SimpleData name="perennial" />
<SimpleData name="temperatur" />
<SimpleData name="lake_use" />
<SimpleData name="name_ascii" />
<SimpleData name="macronated">N</SimpleData>
<SimpleData name="name" />
<SimpleData name="grp_macron">N</SimpleData>
</SchemaData>
</ExtendedData>
<Polygon><outerBoundaryIs><LinearRing><tessellate>1</tessellate>
<coordinates> 174.392936,-39.401941 174.392731,-39.401899 174.392565,-39.401757 174.392448,-39.401654 174.392987,-39.401714 174.393076,-39.401780 174.392936,-39.401941</coordinates>
</LinearRing>
</outerBoundaryIs>
</Polygon>
</Placemark>
<Placemark><name />
<styleUrl>#nz-lake-polygons-topo-150kId</styleUrl>
<ExtendedData><SchemaData schemaUrl="#nz-lake-polygons-topo-150kId"><SimpleData name="t50_fid">5037270</SimpleData>
<SimpleData name="elevation">0</SimpleData>
<SimpleData name="grp_ascii" />
<SimpleData name="grp_name" />
<SimpleData name="perennial" />
<SimpleData name="temperatur" />
<SimpleData name="lake_use" />
<SimpleData name="name_ascii" />
<SimpleData name="macronated">N</SimpleData>
<SimpleData name="name" />
<SimpleData name="grp_macron">N</SimpleData>
</SchemaData>
</ExtendedData>
<Polygon><outerBoundaryIs><LinearRing><tessellate>1</tessellate>
<coordinates> 174.402181,-39.380285 174.402003,-39.380130 174.401997,-39.379950 174.402260,-39.379969 174.402377,-39.380056 174.402353,-39.380214 174.402181,-39.380285</coordinates>
</LinearRing>
</outerBoundaryIs>
</Polygon>
</Placemark>
<Placemark><name />
<styleUrl>#nz-lake-polygons-topo-150kId</styleUrl>
<ExtendedData><SchemaData schemaUrl="#nz-lake-polygons-topo-150kId"><SimpleData name="t50_fid">5037333</SimpleData>
<SimpleData name="elevation">0</SimpleData>
<SimpleData name="grp_ascii" />
<SimpleData name="grp_name" />
<SimpleData name="perennial" />
<SimpleData name="temperatur" />
<SimpleData name="lake_use" />
<SimpleData name="name_ascii" />
<SimpleData name="macronated">N</SimpleData>
<SimpleData name="name" />
<SimpleData name="grp_macron">N</SimpleData>
</SchemaData>
</ExtendedData>
<Polygon><outerBoundaryIs><LinearRing><tessellate>1</tessellate>
<coordinates> 174.408859,-39.391276 174.408736,-39.391053 174.408775,-39.390884 174.409264,-39.391224 174.409036,-39.391384 174.408859,-39.391276</coordinates>
</LinearRing>
</outerBoundaryIs>
</Polygon>
</Placemark>
<Placemark><name />
<styleUrl>#nz-lake-polygons-topo-150kId</styleUrl>
<ExtendedData><SchemaData schemaUrl="#nz-lake-polygons-topo-150kId"><SimpleData name="t50_fid">5037269</SimpleData>
<SimpleData name="elevation">0</SimpleData>
<SimpleData name="grp_ascii" />
<SimpleData name="grp_name" />
<SimpleData name="perennial" />
<SimpleData name="temperatur" />
<SimpleData name="lake_use" />
<SimpleData name="name_ascii" />
<SimpleData name="macronated">N</SimpleData>
<SimpleData name="name" />
<SimpleData name="grp_macron">N</SimpleData>
</SchemaData>
</ExtendedData>
<Polygon><outerBoundaryIs><LinearRing><tessellate>1</tessellate>
<coordinates> 174.407933,-39.390391 174.407813,-39.390258 174.408055,-39.390043 174.408221,-39.390296 174.408179,-39.390446 174.407933,-39.390391</coordinates>
</LinearRing>
</outerBoundaryIs>
</Polygon>
</Placemark>
<Placemark><name />
<styleUrl>#nz-lake-polygons-topo-150kId</styleUrl>
<ExtendedData><SchemaData schemaUrl="#nz-lake-polygons-topo-150kId"><SimpleData name="t50_fid">5037268</SimpleData>
<SimpleData name="elevation">0</SimpleData>
<SimpleData name="grp_ascii" />
<SimpleData name="grp_name" />
<SimpleData name="perennial" />
<SimpleData name="temperatur" />
<SimpleData name="lake_use" />
<SimpleData name="name_ascii" />
<SimpleData name="macronated">N</SimpleData>
<SimpleData name="name" />
<SimpleData name="grp_macron">N</SimpleData>
</SchemaData>
</ExtendedData>
<Polygon><outerBoundaryIs><LinearRing><tessellate>1</tessellate>
<coordinates> 174.406210,-39.395040 174.406295,-39.394994 174.406411,-39.394991 174.406471,-39.395036 174.406217,-39.395288 174.406054,-39.395208 174.406210,-39.395040</coordinates>
</LinearRing>
</outerBoundaryIs>
</Polygon>
</Placemark>
<Placemark><name />
<styleUrl>#nz-lake-polygons-topo-150kId</styleUrl>
<ExtendedData><SchemaData schemaUrl="#nz-lake-polygons-topo-150kId"><SimpleData name="t50_fid">8075171</SimpleData>
<SimpleData name="elevation">0</SimpleData>
<SimpleData name="grp_ascii" />
<SimpleData name="grp_name" />
<SimpleData name="perennial" />
<SimpleData name="temperatur" />
<SimpleData name="lake_use" />
<SimpleData name="name_ascii" />
<SimpleData name="macronated">N</SimpleData>
<SimpleData name="name" />
<SimpleData name="grp_macron">N</SimpleData>
</SchemaData>
</ExtendedData>
<Polygon><outerBoundaryIs><LinearRing><tessellate>1</tessellate>
<coordinates> 174.397982,-39.368479 174.398022,-39.368361 174.398130,-39.368266 174.398161,-39.368234 174.398213,-39.368242 174.398257,-39.368287 174.398261,-39.368338 174.398158,-39.368454 174.398128,-39.368522 174.398136,-39.368580 174.398093,-39.368595 174.398029,-39.368594 174.397986,-39.368582 174.397964,-39.368571 174.397958,-39.368568 174.397982,-39.368479</coordinates>
</LinearRing>
</outerBoundaryIs>
</Polygon>
</Placemark>
<Placemark><name />
<styleUrl>#nz-lake-polygons-topo-150kId</styleUrl>
<ExtendedData><SchemaData schemaUrl="#nz-lake-polygons-topo-150kId"><SimpleData name="t50_fid">5037296</SimpleData>
<SimpleData name="elevation">0</SimpleData>
<SimpleData name="grp_ascii" />
<SimpleData name="grp_name" />
<SimpleData name="perennial" />
<SimpleData name="temperatur" />
<SimpleData name="lake_use" />
<SimpleData name="name_ascii" />
<SimpleData name="macronated">N</SimpleData>
<SimpleData name="name" />
<SimpleData name="grp_macron">N</SimpleData>
</SchemaData>
</ExtendedData>
<Polygon><outerBoundaryIs><LinearRing><tessellate>1</tessellate>
<coordinates> 174.398642,-39.368344 174.398524,-39.368323 174.398465,-39.368278 174.398411,-39.368213 174.398446,-39.368160 174.398520,-39.368165 174.398636,-39.368164 174.398726,-39.368252 174.398717,-39.368328 174.398642,-39.368344</coordinates>
</LinearRing>
</outerBoundaryIs>
</Polygon>
</Placemark>
<Placemark><name />
<styleUrl>#nz-lake-polygons-topo-150kId</styleUrl>
<ExtendedData><SchemaData schemaUrl="#nz-lake-polygons-topo-150kId"><SimpleData name="t50_fid">8075170</SimpleData>
<SimpleData name="elevation">0</SimpleData>
<SimpleData name="grp_ascii" />
<SimpleData name="grp_name" />
<SimpleData name="perennial" />
<SimpleData name="temperatur" />
<SimpleData name="lake_use" />
<SimpleData name="name_ascii" />
<SimpleData name="macronated">N</SimpleData>
<SimpleData name="name" />
<SimpleData name="grp_macron">N</SimpleData>
</SchemaData>
</ExtendedData>
<Polygon><outerBoundaryIs><LinearRing><tessellate>1</tessellate>
<coordinates> 174.398899,-39.368292 174.398942,-39.368277 174.399270,-39.368430 174.399114,-39.368589 174.398912,-39.368511 174.398889,-39.368499 174.398759,-39.368467 174.398759,-39.368452 174.398825,-39.368348 174.398874,-39.368298 174.398899,-39.368292</coordinates>
</LinearRing>
</outerBoundaryIs>
</Polygon>
</Placemark>
<Placemark><name />
<styleUrl>#nz-lake-polygons-topo-150kId</styleUrl>
<ExtendedData><SchemaData schemaUrl="#nz-lake-polygons-topo-150kId"><SimpleData name="t50_fid">5037471</SimpleData>
<SimpleData name="elevation">0</SimpleData>
<SimpleData name="grp_ascii" />
<SimpleData name="grp_name" />
<SimpleData name="perennial" />
<SimpleData name="temperatur" />
<SimpleData name="lake_use" />
<SimpleData name="name_ascii" />
<SimpleData name="macronated">N</SimpleData>
<SimpleData name="name" />
<SimpleData name="grp_macron">N</SimpleData>
</SchemaData>
</ExtendedData>
<Polygon><outerBoundaryIs><LinearRing><tessellate>1</tessellate>
<coordinates> 174.345280,-39.188635 174.345283,-39.188702 174.345226,-39.188770 174.344999,-39.188933 174.344766,-39.188973 174.344614,-39.188601 174.344637,-39.188442 174.344818,-39.188319 174.345280,-39.188635</coordinates>
</LinearRing>
</outerBoundaryIs>
</Polygon>
</Placemark>
<Placemark><name />
<styleUrl>#nz-lake-polygons-topo-150kId</styleUrl>
<ExtendedData><SchemaData schemaUrl="#nz-lake-polygons-topo-150kId"><SimpleData name="t50_fid">5037473</SimpleData>
<SimpleData name="elevation">0</SimpleData>
<SimpleData name="grp_ascii" />
<SimpleData name="grp_name" />
<SimpleData name="perennial" />
<SimpleData name="temperatur" />
<SimpleData name="lake_use" />
<SimpleData name="name_ascii" />
<SimpleData name="macronated">N</SimpleData>
<SimpleData name="name" />
<SimpleData name="grp_macron">N</SimpleData>
</SchemaData>
</ExtendedData>
<Polygon><outerBoundaryIs><LinearRing><tessellate>1</tessellate>
<coordinates> 174.347290,-39.159027 174.347380,-39.159115 174.347355,-39.159250 174.347210,-39.159253 174.346968,-39.158939 174.347290,-39.159027</coordinates>
</LinearRing>
</outerBoundaryIs>
</Polygon>
</Placemark>
<Placemark><name />
<styleUrl>#nz-lake-polygons-topo-150kId</styleUrl>
<ExtendedData><SchemaData schemaUrl="#nz-lake-polygons-topo-150kId"><SimpleData name="t50_fid">5037533</SimpleData>
<SimpleData name="elevation">0</SimpleData>
<SimpleData name="grp_ascii" />
<SimpleData name="grp_name" />
<SimpleData name="perennial" />
<SimpleData name="temperatur" />
<SimpleData name="lake_use" />
<SimpleData name="name_ascii" />
<SimpleData name="macronated">N</SimpleData>
<SimpleData name="name" />
<SimpleData name="grp_macron">N</SimpleData>
</SchemaData>
</ExtendedData>
<Polygon><outerBoundaryIs><LinearRing><tessellate>1</tessellate>
<coordinates> 174.371993,-39.140490 174.372079,-39.140466 174.372226,-39.140553 174.372202,-39.140712 174.372028,-39.140692 174.371880,-39.140583 174.371993,-39.140490</coordinates>
</LinearRing>
</outerBoundaryIs>
</Polygon>
</Placemark>
<Placemark><name />
<styleUrl>#nz-lake-polygons-topo-150kId</styleUrl>
<ExtendedData><SchemaData schemaUrl="#nz-lake-polygons-topo-150kId"><SimpleData name="t50_fid">5037532</SimpleData>
<SimpleData name="elevation">0</SimpleData>
<SimpleData name="grp_ascii" />
<SimpleData name="grp_name" />
<SimpleData name="perennial" />
<SimpleData name="temperatur" />
<SimpleData name="lake_use" />
<SimpleData name="name_ascii" />
<SimpleData name="macronated">N</SimpleData>
<SimpleData name="name" />
<SimpleData name="grp_macron">N</SimpleData>
</SchemaData>
</ExtendedData>
<Polygon><outerBoundaryIs><LinearRing><tessellate>1</tessellate>
<coordinates> 174.369065,-39.143336 174.369062,-39.143201 174.369119,-39.143156 174.369235,-39.143176 174.369397,-39.143288 174.369229,-39.143438 174.369065,-39.143336</coordinates>
</LinearRing>
</outerBoundaryIs>
</Polygon>
</Placemark>
<Placemark><name />
<styleUrl>#nz-lake-polygons-topo-150kId</styleUrl>
<ExtendedData><SchemaData schemaUrl="#nz-lake-polygons-topo-150kId"><SimpleData name="t50_fid">5037534</SimpleData>
<SimpleData name="elevation">0</SimpleData>
<SimpleData name="grp_ascii" />
<SimpleData name="grp_name" />
<SimpleData name="perennial" />
<SimpleData name="temperatur" />
<SimpleData name="lake_use" />
<SimpleData name="name_ascii" />
<SimpleData name="macronated">N</SimpleData>
<SimpleData name="name" />
<SimpleData name="grp_macron">N</SimpleData>
</SchemaData>
</ExtendedData>
<Polygon><outerBoundaryIs><LinearRing><tessellate>1</tessellate>
<coordinates> 174.387389,-39.141678 174.387501,-39.141856 174.387601,-39.142118 174.387291,-39.141975 174.387212,-39.141638 174.387389,-39.141678</coordinates>
</LinearRing>
</outerBoundaryIs>
</Polygon>
</Placemark>
<Placemark><name />
<styleUrl>#nz-lake-polygons-topo-150kId</styleUrl>
<ExtendedData><SchemaData schemaUrl="#nz-lake-polygons-topo-150kId"><SimpleData name="t50_fid">7966245</SimpleData>
<SimpleData name="elevation">0</SimpleData>
<SimpleData name="grp_ascii" />
<SimpleData name="grp_name" />
<SimpleData name="perennial" />
<SimpleData name="temperatur" />
<SimpleData name="lake_use" />
<SimpleData name="name_ascii" />
<SimpleData name="macronated">N</SimpleData>
<SimpleData name="name" />
<SimpleData name="grp_macron">N</SimpleData>
</SchemaData>
</ExtendedData>
<Polygon><outerBoundaryIs><LinearRing><tessellate>1</tessellate>
<coordinates> 173.909247,-39.133064 173.909487,-39.133120 173.909650,-39.133180 173.909670,-39.133220 173.909654,-39.133274 173.909571,-39.133329 173.909493,-39.133341 173.909432,-39.133332 173.909129,-39.133136 173.909135,-39.133094 173.909247,-39.133064</coordinates>
</LinearRing>
</outerBoundaryIs>
</Polygon>
</Placemark>
<Placemark><name />
<styleUrl>#nz-lake-polygons-topo-150kId</styleUrl>
<ExtendedData><SchemaData schemaUrl="#nz-lake-polygons-topo-150kId"><SimpleData name="t50_fid">5008601</SimpleData>
<SimpleData name="elevation">0</SimpleData>
<SimpleData name="grp_ascii" />
<SimpleData name="grp_name" />
<SimpleData name="perennial" />
<SimpleData name="temperatur" />
<SimpleData name="lake_use" />
<SimpleData name="name_ascii" />
<SimpleData name="macronated">N</SimpleData>
<SimpleData name="name" />
<SimpleData name="grp_macron">N</SimpleData>
</SchemaData>
</ExtendedData>
<Polygon><outerBoundaryIs><LinearRing><tessellate>1</tessellate>
<coordinates> 173.894221,-39.156387 173.893950,-39.156161 173.893770,-39.155930 173.893732,-39.155774 173.893644,-39.155552 173.893586,-39.155301 173.893571,-39.155135 173.893688,-39.155090 173.893790,-39.155123 173.893794,-39.155422 173.893870,-39.155588 173.893879,-39.155820 173.894069,-39.155909 173.894077,-39.156051 173.894232,-39.156264 173.894306,-39.156377 173.894221,-39.156387</coordinates>
</LinearRing>
</outerBoundaryIs>
</Polygon>
</Placemark>
<Placemark><name />
<styleUrl>#nz-lake-polygons-topo-150kId</styleUrl>
<ExtendedData><SchemaData schemaUrl="#nz-lake-polygons-topo-150kId"><SimpleData name="t50_fid">5037381</SimpleData>
<SimpleData name="elevation">0</SimpleData>
<SimpleData name="grp_ascii" />
<SimpleData name="grp_name" />
<SimpleData name="perennial" />
<SimpleData name="temperatur" />
<SimpleData name="lake_use" />
<SimpleData name="name_ascii" />
<SimpleData name="macronated">N</SimpleData>
<SimpleData name="name" />
<SimpleData name="grp_macron">N</SimpleData>
</SchemaData>
</ExtendedData>
<Polygon><outerBoundaryIs><LinearRing><tessellate>1</tessellate>
<coordinates> 173.886901,-39.166088 173.886911,-39.165810 173.886773,-39.165581 173.886731,-39.165429 173.886860,-39.165256 173.886978,-39.165307 173.887036,-39.165610 173.887115,-39.165913 173.887061,-39.165993 173.886996,-39.166129 173.886901,-39.166088</coordinates>
</LinearRing>
</outerBoundaryIs>
</Polygon>
</Placemark>
<Placemark><name />
<styleUrl>#nz-lake-polygons-topo-150kId</styleUrl>
<ExtendedData><SchemaData schemaUrl="#nz-lake-polygons-topo-150kId"><SimpleData name="t50_fid">5008597</SimpleData>
<SimpleData name="elevation">0</SimpleData>
<SimpleData name="grp_ascii" />
<SimpleData name="grp_name" />
<SimpleData name="perennial" />
<SimpleData name="temperatur" />
<SimpleData name="lake_use" />
<SimpleData name="name_ascii" />
<SimpleData name="macronated">N</SimpleData>
<SimpleData name="name" />
<SimpleData name="grp_macron">N</SimpleData>
</SchemaData>
</ExtendedData>
<Polygon><outerBoundaryIs><LinearRing><tessellate>1</tessellate>
<coordinates> 173.880811,-39.175750 173.881022,-39.175737 173.881219,-39.175804 173.881243,-39.175973 173.881441,-39.176175 173.881733,-39.176264 173.881872,-39.176364 173.882142,-39.176402 173.882267,-39.176520 173.882035,-39.176601 173.881899,-39.176783 173.881930,-39.176856 173.881997,-39.177014 173.882076,-39.177136 173.882177,-39.177293 173.882213,-39.177419 173.882210,-39.177419 173.882024,-39.177424 173.881695,-39.177254 173.881626,-39.177173 173.881495,-39.177018 173.881616,-39.176745 173.881518,-39.176531 173.881153,-39.176336 173.880881,-39.176089 173.880820,-39.175903 173.880811,-39.175750</coordinates>
</LinearRing>
</outerBoundaryIs>
</Polygon>
</Placemark>
<Placemark><name />
<styleUrl>#nz-lake-polygons-topo-150kId</styleUrl>
<ExtendedData><SchemaData schemaUrl="#nz-lake-polygons-topo-150kId"><SimpleData name="t50_fid">5037393</SimpleData>
<SimpleData name="elevation">0</SimpleData>
<SimpleData name="grp_ascii" />
<SimpleData name="grp_name" />
<SimpleData name="perennial" />
<SimpleData name="temperatur" />
<SimpleData name="lake_use" />
<SimpleData name="name_ascii" />
<SimpleData name="macronated">N</SimpleData>
<SimpleData name="name" />
<SimpleData name="grp_macron">N</SimpleData>
</SchemaData>
</ExtendedData>
<Polygon><outerBoundaryIs><LinearRing><tessellate>1</tessellate>
<coordinates> 173.871494,-39.148322 173.871535,-39.148149 173.871505,-39.148064 173.871562,-39.147937 173.871714,-39.147837 173.871695,-39.147714 173.871757,-39.147590 173.871909,-39.147465 173.871991,-39.147499 173.872009,-39.147507 173.872069,-39.147609 173.872045,-39.147806 173.871930,-39.148015 173.871876,-39.148114 173.871770,-39.148351 173.871567,-39.148413 173.871494,-39.148322</coordinates>
</LinearRing>
</outerBoundaryIs>
</Polygon>
</Placemark>
<Placemark><name />
<styleUrl>#nz-lake-polygons-topo-150kId</styleUrl>
<ExtendedData><SchemaData schemaUrl="#nz-lake-polygons-topo-150kId"><SimpleData name="t50_fid">5037382</SimpleData>
<SimpleData name="elevation">0</SimpleData>
<SimpleData name="grp_ascii" />
<SimpleData name="grp_name" />
<SimpleData name="perennial" />
<SimpleData name="temperatur" />
<SimpleData name="lake_use" />
<SimpleData name="name_ascii" />
<SimpleData name="macronated">N</SimpleData>
<SimpleData name="name" />
<SimpleData name="grp_macron">N</SimpleData>
</SchemaData>
</ExtendedData>
<Polygon><outerBoundaryIs><LinearRing><tessellate>1</tessellate>
<coordinates> 173.870566,-39.161484 173.870694,-39.161523 173.870833,-39.161633 173.870986,-39.161699 173.871089,-39.161801 173.870963,-39.161885 173.870866,-39.161886 173.870763,-39.161792 173.870565,-39.161753 173.870477,-39.161679 173.870475,-39.161501 173.870566,-39.161484</coordinates>
</LinearRing>
</outerBoundaryIs>
</Polygon>
</Placemark>
<Placemark><name />
<styleUrl>#nz-lake-polygons-topo-150kId</styleUrl>
<ExtendedData><SchemaData schemaUrl="#nz-lake-polygons-topo-150kId"><SimpleData name="t50_fid">7966240</SimpleData>
<SimpleData name="elevation">0</SimpleData>
<SimpleData name="grp_ascii" />
<SimpleData name="grp_name" />
<SimpleData name="perennial" />
<SimpleData name="temperatur" />
<SimpleData name="lake_use" />
<SimpleData name="name_ascii" />
<SimpleData name="macronated">N</SimpleData>
<SimpleData name="name" />
<SimpleData name="grp_macron">N</SimpleData>
</SchemaData>
</ExtendedData>
<Polygon><outerBoundaryIs><LinearRing><tessellate>1</tessellate>
<coordinates> 173.851063,-39.162828 173.851106,-39.162848 173.851213,-39.163043 173.851279,-39.163129 173.851306,-39.163205 173.851291,-39.163248 173.851176,-39.163226 173.851024,-39.163095 173.850964,-39.162989 173.850943,-39.162913 173.850936,-39.162870 173.850985,-39.162844 173.851063,-39.162828</coordinates>
</LinearRing>
</outerBoundaryIs>
</Polygon>
</Placemark>
<Placemark><name />
<styleUrl>#nz-lake-polygons-topo-150kId</styleUrl>
<ExtendedData><SchemaData schemaUrl="#nz-lake-polygons-topo-150kId"><SimpleData name="t50_fid">7966242</SimpleData>
<SimpleData name="elevation">0</SimpleData>
<SimpleData name="grp_ascii" />
<SimpleData name="grp_name" />
<SimpleData name="perennial" />
<SimpleData name="temperatur" />
<SimpleData name="lake_use" />
<SimpleData name="name_ascii" />
<SimpleData name="macronated">N</SimpleData>
<SimpleData name="name" />
<SimpleData name="grp_macron">N</SimpleData>
</SchemaData>
</ExtendedData>
<Polygon><outerBoundaryIs><LinearRing><tessellate>1</tessellate>
<coordinates> 173.852185,-39.162405 173.852275,-39.162501 173.852233,-39.162578 173.852208,-39.162636 173.852254,-39.162662 173.852271,-39.162743 173.852209,-39.162784 173.852151,-39.162845 173.852198,-39.162926 173.852190,-39.163026 173.852086,-39.163082 173.852014,-39.163068 173.852025,-39.162925 173.851942,-39.162824 173.851925,-39.162740 173.851979,-39.162618 173.851974,-39.162503 173.851993,-39.162435 173.852058,-39.162396 173.852110,-39.162383 173.852185,-39.162405</coordinates>
</LinearRing>
</outerBoundaryIs>
</Polygon>
</Placemark>
<Placemark><name />
<styleUrl>#nz-lake-polygons-topo-150kId</styleUrl>
<ExtendedData><SchemaData schemaUrl="#nz-lake-polygons-topo-150kId"><SimpleData name="t50_fid">7966062</SimpleData>
<SimpleData name="elevation">0</SimpleData>
<SimpleData name="grp_ascii" />
<SimpleData name="grp_name" />
<SimpleData name="perennial" />
<SimpleData name="temperatur" />
<SimpleData name="lake_use" />
<SimpleData name="name_ascii" />
<SimpleData name="macronated">N</SimpleData>
<SimpleData name="name" />
<SimpleData name="grp_macron">N</SimpleData>
</SchemaData>
</ExtendedData>
<Polygon><outerBoundaryIs><LinearRing><tessellate>1</tessellate>
<coordinates> 173.850856,-39.163018 173.850893,-39.163076 173.851036,-39.163245 173.851187,-39.163361 173.851212,-39.163493 173.851146,-39.163690 173.851173,-39.163837 173.851152,-39.163977 173.851200,-39.164121 173.851254,-39.164274 173.851246,-39.164403 173.851197,-39.164460 173.851139,-39.164503 173.851088,-39.164600 173.850986,-39.164583 173.850970,-39.164548 173.851027,-39.164423 173.851009,-39.164281 173.850938,-39.164057 173.850884,-39.163918 173.850875,-39.163735 173.850798,-39.163565 173.850705,-39.163459 173.850684,-39.163378 173.850699,-39.163212 173.850727,-39.163100 173.850769,-39.163044 173.850807,-39.163013 173.850856,-39.163018</coordinates>
</LinearRing>
</outerBoundaryIs>
</Polygon>
</Placemark>
<Placemark><name />
<styleUrl>#nz-lake-polygons-topo-150kId</styleUrl>
<ExtendedData><SchemaData schemaUrl="#nz-lake-polygons-topo-150kId"><SimpleData name="t50_fid">7966241</SimpleData>
<SimpleData name="elevation">0</SimpleData>
<SimpleData name="grp_ascii" />
<SimpleData name="grp_name" />
<SimpleData name="perennial" />
<SimpleData name="temperatur" />
<SimpleData name="lake_use" />
<SimpleData name="name_ascii" />
<SimpleData name="macronated">N</SimpleData>
<SimpleData name="name" />
<SimpleData name="grp_macron">N</SimpleData>
</SchemaData>
</ExtendedData>
<Polygon><outerBoundaryIs><LinearRing><tessellate>1</tessellate>
<coordinates> 173.843633,-39.159136 173.843740,-39.159130 173.843898,-39.159187 173.844151,-39.159346 173.844353,-39.159514 173.844448,-39.159616 173.844453,-39.159707 173.844388,-39.159758 173.844209,-39.159813 173.844156,-39.159760 173.844044,-39.159631 173.843876,-39.159528 173.843728,-39.159473 173.843646,-39.159469 173.843572,-39.159518 173.843490,-39.159523 173.843417,-39.159453 173.843481,-39.159320 173.843555,-39.159210 173.843633,-39.159136</coordinates>
</LinearRing>
</outerBoundaryIs>
</Polygon>
</Placemark>
<Placemark><name />
<styleUrl>#nz-lake-polygons-topo-150kId</styleUrl>
<ExtendedData><SchemaData schemaUrl="#nz-lake-polygons-topo-150kId"><SimpleData name="t50_fid">7966246</SimpleData>
<SimpleData name="elevation">0</SimpleData>
<SimpleData name="grp_ascii" />
<SimpleData name="grp_name" />
<SimpleData name="perennial" />
<SimpleData name="temperatur" />
<SimpleData name="lake_use" />
<SimpleData name="name_ascii" />
<SimpleData name="macronated">N</SimpleData>
<SimpleData name="name" />
<SimpleData name="grp_macron">N</SimpleData>
</SchemaData>
</ExtendedData>
<Polygon><outerBoundaryIs><LinearRing><tessellate>1</tessellate>
<coordinates> 173.912438,-39.121576 173.912536,-39.121598 173.912657,-39.121706 173.912695,-39.121812 173.912730,-39.121886 173.912740,-39.121969 173.912624,-39.122065 173.912508,-39.122092 173.912442,-39.122068 173.912345,-39.122050 173.912215,-39.121976 173.912169,-39.121970 173.912134,-39.121861 173.912133,-39.121764 173.912161,-39.121710 173.912242,-39.121629 173.912327,-39.121586 173.912438,-39.121576</coordinates>
</LinearRing>
</outerBoundaryIs>
</Polygon>
</Placemark>
<Placemark><name />
<styleUrl>#nz-lake-polygons-topo-150kId</styleUrl>
<ExtendedData><SchemaData schemaUrl="#nz-lake-polygons-topo-150kId"><SimpleData name="t50_fid">5037395</SimpleData>
<SimpleData name="elevation">0</SimpleData>
<SimpleData name="grp_ascii" />
<SimpleData name="grp_name" />
<SimpleData name="perennial" />
<SimpleData name="temperatur" />
<SimpleData name="lake_use" />
<SimpleData name="name_ascii" />
<SimpleData name="macronated">N</SimpleData>
<SimpleData name="name" />
<SimpleData name="grp_macron">N</SimpleData>
</SchemaData>
</ExtendedData>
<Polygon><outerBoundaryIs><LinearRing><tessellate>1</tessellate>
<coordinates> 173.926052,-39.123983 173.925912,-39.123933 173.925723,-39.123712 173.925408,-39.123528 173.925394,-39.123451 173.925523,-39.123379 173.925625,-39.123335 173.925699,-39.123386 173.925827,-39.123535 173.925982,-39.123741 173.926117,-39.123885 173.926110,-39.123958 173.926052,-39.123983</coordinates>
</LinearRing>
</outerBoundaryIs>
</Polygon>
</Placemark>
<Placemark><name />
<styleUrl>#nz-lake-polygons-topo-150kId</styleUrl>
<ExtendedData><SchemaData schemaUrl="#nz-lake-polygons-topo-150kId"><SimpleData name="t50_fid">5037396</SimpleData>
<SimpleData name="elevation">0</SimpleData>
<SimpleData name="grp_ascii" />
<SimpleData name="grp_name" />
<SimpleData name="perennial" />
<SimpleData name="temperatur" />
<SimpleData name="lake_use" />
<SimpleData name="name_ascii" />
<SimpleData name="macronated">N</SimpleData>
<SimpleData name="name" />
<SimpleData name="grp_macron">N</SimpleData>
</SchemaData>
</ExtendedData>
<Polygon><outerBoundaryIs><LinearRing><tessellate>1</tessellate>
<coordinates> 173.933581,-39.124934 173.933751,-39.124784 173.933793,-39.124647 173.933718,-39.124458 173.933649,-39.124342 173.933645,-39.124281 173.933708,-39.124198 173.933789,-39.124115 173.933868,-39.124089 173.933892,-39.124120 173.933960,-39.124205 173.933809,-39.124297 173.933839,-39.124425 173.933972,-39.124620 173.933995,-39.124796 173.933851,-39.124957 173.933594,-39.125032 173.933581,-39.124934</coordinates>
</LinearRing>
</outerBoundaryIs>
</Polygon>
</Placemark>
<Placemark><name />
<styleUrl>#nz-lake-polygons-topo-150kId</styleUrl>
<ExtendedData><SchemaData schemaUrl="#nz-lake-polygons-topo-150kId"><SimpleData name="t50_fid">5037664</SimpleData>
<SimpleData name="elevation">0</SimpleData>
<SimpleData name="grp_ascii" />
<SimpleData name="grp_name" />
<SimpleData name="perennial" />
<SimpleData name="temperatur" />
<SimpleData name="lake_use" />
<SimpleData name="name_ascii" />
<SimpleData name="macronated">N</SimpleData>
<SimpleData name="name" />
<SimpleData name="grp_macron">N</SimpleData>
</SchemaData>
</ExtendedData>
<Polygon><outerBoundaryIs><LinearRing><tessellate>1</tessellate>
<coordinates> 174.479296,-38.959221 174.479383,-38.959264 174.479243,-38.959380 174.479156,-38.959358 174.479124,-38.959270 174.479181,-38.959223 174.479296,-38.959221</coordinates>
</LinearRing>
</outerBoundaryIs>
</Polygon>
</Placemark>
<Placemark><name />
<styleUrl>#nz-lake-polygons-topo-150kId</styleUrl>
<ExtendedData><SchemaData schemaUrl="#nz-lake-polygons-topo-150kId"><SimpleData name="t50_fid">5037661</SimpleData>
<SimpleData name="elevation">0</SimpleData>
<SimpleData name="grp_ascii" />
<SimpleData name="grp_name" />
<SimpleData name="perennial" />
<SimpleData name="temperatur" />
<SimpleData name="lake_use" />
<SimpleData name="name_ascii" />
<SimpleData name="macronated">N</SimpleData>
<SimpleData name="name" />
<SimpleData name="grp_macron">N</SimpleData>
</SchemaData>
</ExtendedData>
<Polygon><outerBoundaryIs><LinearRing><tessellate>1</tessellate>
<coordinates> 174.454164,-38.979023 174.454409,-38.979066 174.454026,-38.979229 174.453890,-38.979127 174.454164,-38.979023</coordinates>
</LinearRing>
</outerBoundaryIs>
</Polygon>
</Placemark>
<Placemark><name />
<styleUrl>#nz-lake-polygons-topo-150kId</styleUrl>
<ExtendedData><SchemaData schemaUrl="#nz-lake-polygons-topo-150kId"><SimpleData name="t50_fid">5037659</SimpleData>
<SimpleData name="elevation">0</SimpleData>
<SimpleData name="grp_ascii" />
<SimpleData name="grp_name" />
<SimpleData name="perennial" />
<SimpleData name="temperatur" />
<SimpleData name="lake_use" />
<SimpleData name="name_ascii" />
<SimpleData name="macronated">N</SimpleData>
<SimpleData name="name" />
<SimpleData name="grp_macron">N</SimpleData>
</SchemaData>
</ExtendedData>
<Polygon><outerBoundaryIs><LinearRing><tessellate>1</tessellate>
<coordinates> 174.453361,-38.989632 174.453266,-38.989790 174.453102,-38.989683 174.453011,-38.989526 174.453091,-38.989322 174.453312,-38.989283 174.453361,-38.989632</coordinates>
</LinearRing>
</outerBoundaryIs>
</Polygon>
</Placemark>
<Placemark><name />
<styleUrl>#nz-lake-polygons-topo-150kId</styleUrl>
<ExtendedData><SchemaData schemaUrl="#nz-lake-polygons-topo-150kId"><SimpleData name="t50_fid">5037660</SimpleData>
<SimpleData name="elevation">0</SimpleData>
<SimpleData name="grp_ascii" />
<SimpleData name="grp_name" />
<SimpleData name="perennial" />
<SimpleData name="temperatur" />
<SimpleData name="lake_use" />
<SimpleData name="name_ascii" />
<SimpleData name="macronated">N</SimpleData>
<SimpleData name="name" />
<SimpleData name="grp_macron">N</SimpleData>
</SchemaData>
</ExtendedData>
<Polygon><outerBoundaryIs><LinearRing><tessellate>1</tessellate>
<coordinates> 174.443181,-38.984165 174.443428,-38.984045 174.443601,-38.984042 174.443783,-38.984199 174.443181,-38.984165</coordinates>
</LinearRing>
</outerBoundaryIs>
</Polygon>
</Placemark>
<Placemark><name />
<styleUrl>#nz-lake-polygons-topo-150kId</styleUrl>
<ExtendedData><SchemaData schemaUrl="#nz-lake-polygons-topo-150kId"><SimpleData name="t50_fid">5037601</SimpleData>
<SimpleData name="elevation">0</SimpleData>
<SimpleData name="grp_ascii" />
<SimpleData name="grp_name" />
<SimpleData name="perennial" />
<SimpleData name="temperatur" />
<SimpleData name="lake_use" />
<SimpleData name="name_ascii" />
<SimpleData name="macronated">N</SimpleData>
<SimpleData name="name" />
<SimpleData name="grp_macron">N</SimpleData>
</SchemaData>
</ExtendedData>
<Polygon><outerBoundaryIs><LinearRing><tessellate>1</tessellate>
<coordinates> 174.431360,-39.057054 174.431261,-39.057218 174.431097,-39.057285 174.431055,-39.057182 174.431126,-39.056944 174.431360,-39.057054</coordinates>
</LinearRing>
</outerBoundaryIs>
</Polygon>
</Placemark>
<Placemark><name />
<styleUrl>#nz-lake-polygons-topo-150kId</styleUrl>
<ExtendedData><SchemaData schemaUrl="#nz-lake-polygons-topo-150kId"><SimpleData name="t50_fid">5037657</SimpleData>
<SimpleData name="elevation">0</SimpleData>
<SimpleData name="grp_ascii" />
<SimpleData name="grp_name" />
<SimpleData name="perennial" />
<SimpleData name="temperatur" />
<SimpleData name="lake_use" />
<SimpleData name="name_ascii" />
<SimpleData name="macronated">N</SimpleData>
<SimpleData name="name" />
<SimpleData name="grp_macron">N</SimpleData>
</SchemaData>
</ExtendedData>
<Polygon><outerBoundaryIs><LinearRing><tessellate>1</tessellate>
<coordinates> 174.422752,-39.017831 174.422872,-39.017965 174.422906,-39.018122 174.422883,-39.018348 174.422712,-39.018396 174.422534,-39.018264 174.422413,-39.018063 174.422446,-39.017813 174.422752,-39.017831</coordinates>
</LinearRing>
</outerBoundaryIs>
</Polygon>
</Placemark>
<Placemark><name />
<styleUrl>#nz-lake-polygons-topo-150kId</styleUrl>
<ExtendedData><SchemaData schemaUrl="#nz-lake-polygons-topo-150kId"><SimpleData name="t50_fid">5037658</SimpleData>
<SimpleData name="elevation">0</SimpleData>
<SimpleData name="grp_ascii" />
<SimpleData name="grp_name" />
<SimpleData name="perennial" />
<SimpleData name="temperatur" />
<SimpleData name="lake_use" />
<SimpleData name="name_ascii" />
<SimpleData name="macronated">N</SimpleData>
<SimpleData name="name" />
<SimpleData name="grp_macron">N</SimpleData>
</SchemaData>
</ExtendedData>
<Polygon><outerBoundaryIs><LinearRing><tessellate>1</tessellate>
<coordinates> 174.409045,-39.000995 174.408847,-39.001111 174.408729,-39.001068 174.408696,-39.000934 174.408894,-39.000749 174.409011,-39.000840 174.409045,-39.000995</coordinates>
</LinearRing>
</outerBoundaryIs>
</Polygon>
</Placemark>
<Placemark><name />
<styleUrl>#nz-lake-polygons-topo-150kId</styleUrl>
<ExtendedData><SchemaData schemaUrl="#nz-lake-polygons-topo-150kId"><SimpleData name="t50_fid">5037656</SimpleData>
<SimpleData name="elevation">0</SimpleData>
<SimpleData name="grp_ascii" />
<SimpleData name="grp_name" />
<SimpleData name="perennial" />
<SimpleData name="temperatur" />
<SimpleData name="lake_use" />
<SimpleData name="name_ascii" />
<SimpleData name="macronated">N</SimpleData>
<SimpleData name="name" />
<SimpleData name="grp_macron">N</SimpleData>
</SchemaData>
</ExtendedData>
<Polygon><outerBoundaryIs><LinearRing><tessellate>1</tessellate>
<coordinates> 174.410688,-39.011537 174.410918,-39.011543 174.411040,-39.011666 174.410761,-39.011925 174.410688,-39.011537</coordinates>
</LinearRing>
</outerBoundaryIs>
</Polygon>
</Placemark>
<Placemark><name />
<styleUrl>#nz-lake-polygons-topo-150kId</styleUrl>
<ExtendedData><SchemaData schemaUrl="#nz-lake-polygons-topo-150kId"><SimpleData name="t50_fid">5037652</SimpleData>
<SimpleData name="elevation">0</SimpleData>
<SimpleData name="grp_ascii" />
<SimpleData name="grp_name" />
<SimpleData name="perennial" />
<SimpleData name="temperatur" />
<SimpleData name="lake_use" />
<SimpleData name="name_ascii" />
<SimpleData name="macronated">N</SimpleData>
<SimpleData name="name" />
<SimpleData name="grp_macron">N</SimpleData>
</SchemaData>
</ExtendedData>
<Polygon><outerBoundaryIs><LinearRing><tessellate>1</tessellate>
<coordinates> 174.409708,-39.036801 174.410109,-39.037169 174.409721,-39.037206 174.409575,-39.037164 174.409396,-39.036964 174.409386,-39.036650 174.409708,-39.036801</coordinates>
</LinearRing>
</outerBoundaryIs>
</Polygon>
</Placemark>
<Placemark><name />
<styleUrl>#nz-lake-polygons-topo-150kId</styleUrl>
<ExtendedData><SchemaData schemaUrl="#nz-lake-polygons-topo-150kId"><SimpleData name="t50_fid">5037654</SimpleData>
<SimpleData name="elevation">0</SimpleData>
<SimpleData name="grp_ascii" />
<SimpleData name="grp_name" />
<SimpleData name="perennial" />
<SimpleData name="temperatur" />
<SimpleData name="lake_use" />
<SimpleData name="name_ascii" />
<SimpleData name="macronated">N</SimpleData>
<SimpleData name="name" />
<SimpleData name="grp_macron">N</SimpleData>
</SchemaData>
</ExtendedData>
<Polygon><outerBoundaryIs><LinearRing><tessellate>1</tessellate>
<coordinates> 174.411316,-39.031102 174.411349,-39.031221 174.411290,-39.031364 174.411243,-39.031507 174.411224,-39.031599 174.411159,-39.031655 174.411105,-39.031751 174.410946,-39.031899 174.410769,-39.031981 174.410516,-39.031988 174.410260,-39.031923 174.409938,-39.031906 174.409864,-39.031912 174.409807,-39.031858 174.409871,-39.031770 174.409962,-39.031713 174.410153,-39.031628 174.410296,-39.031412 174.410401,-39.031327 174.410624,-39.031309 174.410776,-39.031303 174.410820,-39.031196 174.410969,-39.031031 174.411095,-39.030994 174.411270,-39.031025 174.411316,-39.031102</coordinates>
</LinearRing>
</outerBoundaryIs>
</Polygon>
</Placemark>
<Placemark><name />
<styleUrl>#nz-lake-polygons-topo-150kId</styleUrl>
<ExtendedData><SchemaData schemaUrl="#nz-lake-polygons-topo-150kId"><SimpleData name="t50_fid">5037653</SimpleData>
<SimpleData name="elevation">0</SimpleData>
<SimpleData name="grp_ascii" />
<SimpleData name="grp_name" />
<SimpleData name="perennial" />
<SimpleData name="temperatur" />
<SimpleData name="lake_use" />
<SimpleData name="name_ascii" />
<SimpleData name="macronated">N</SimpleData>
<SimpleData name="name" />
<SimpleData name="grp_macron">N</SimpleData>
</SchemaData>
</ExtendedData>
<Polygon><outerBoundaryIs><LinearRing><tessellate>1</tessellate>
<coordinates> 174.406074,-39.026363 174.406605,-39.026736 174.406639,-39.026916 174.406528,-39.027007 174.406262,-39.026833 174.405724,-39.026257 174.406074,-39.026363</coordinates>
</LinearRing>
</outerBoundaryIs>
</Polygon>
</Placemark>
<Placemark><name />
<styleUrl>#nz-lake-polygons-topo-150kId</styleUrl>
<ExtendedData><SchemaData schemaUrl="#nz-lake-polygons-topo-150kId"><SimpleData name="t50_fid">5037655</SimpleData>
<SimpleData name="elevation">0</SimpleData>
<SimpleData name="grp_ascii" />
<SimpleData name="grp_name" />
<SimpleData name="perennial" />
<SimpleData name="temperatur" />
<SimpleData name="lake_use" />
<SimpleData name="name_ascii" />
<SimpleData name="macronated">N</SimpleData>
<SimpleData name="name" />
<SimpleData name="grp_macron">N</SimpleData>
</SchemaData>
</ExtendedData>
<Polygon><outerBoundaryIs><LinearRing><tessellate>1</tessellate>
<coordinates> 174.405070,-39.023698 174.405268,-39.023559 174.405497,-39.023488 174.405961,-39.023414 174.405593,-39.023779 174.405166,-39.024012 174.404873,-39.024268 174.405070,-39.023698</coordinates>
</LinearRing>
</outerBoundaryIs>
</Polygon>
</Placemark>
<Placemark><name />
<styleUrl>#nz-lake-polygons-topo-150kId</styleUrl>
<ExtendedData><SchemaData schemaUrl="#nz-lake-polygons-topo-150kId"><SimpleData name="t50_fid">5037644</SimpleData>
<SimpleData name="elevation">0</SimpleData>
<SimpleData name="grp_ascii" />
<SimpleData name="grp_name" />
<SimpleData name="perennial" />
<SimpleData name="temperatur" />
<SimpleData name="lake_use" />
<SimpleData name="name_ascii" />
<SimpleData name="macronated">N</SimpleData>
<SimpleData name="name" />
<SimpleData name="grp_macron">N</SimpleData>
</SchemaData>
</ExtendedData>
<Polygon><outerBoundaryIs><LinearRing><tessellate>1</tessellate>
<coordinates> 174.390699,-39.035115 174.390440,-39.035187 174.390237,-39.035147 174.390233,-39.035011 174.390462,-39.034939 174.390693,-39.034935 174.390840,-39.035000 174.390699,-39.035115</coordinates>
</LinearRing>
</outerBoundaryIs>
</Polygon>
</Placemark>
<Placemark><name />
<styleUrl>#nz-lake-polygons-topo-150kId</styleUrl>
<ExtendedData><SchemaData schemaUrl="#nz-lake-polygons-topo-150kId"><SimpleData name="t50_fid">5037602</SimpleData>
<SimpleData name="elevation">0</SimpleData>
<SimpleData name="grp_ascii" />
<SimpleData name="grp_name" />
<SimpleData name="perennial" />
<SimpleData name="temperatur" />
<SimpleData name="lake_use" />
<SimpleData name="name_ascii" />
<SimpleData name="macronated">N</SimpleData>
<SimpleData name="name" />
<SimpleData name="grp_macron">N</SimpleData>
</SchemaData>
</ExtendedData>
<Polygon><outerBoundaryIs><LinearRing><tessellate>1</tessellate>
<coordinates> 174.450319,-39.068246 174.450604,-39.068417 174.450413,-39.068470 174.450025,-39.068264 174.450319,-39.068246</coordinates>
</LinearRing>
</outerBoundaryIs>
</Polygon>
</Placemark>
<Placemark><name />
<styleUrl>#nz-lake-polygons-topo-150kId</styleUrl>
<ExtendedData><SchemaData schemaUrl="#nz-lake-polygons-topo-150kId"><SimpleData name="t50_fid">5037351</SimpleData>
<SimpleData name="elevation">0</SimpleData>
<SimpleData name="grp_ascii" />
<SimpleData name="grp_name" />
<SimpleData name="perennial" />
<SimpleData name="temperatur" />
<SimpleData name="lake_use" />
<SimpleData name="name_ascii" />
<SimpleData name="macronated">N</SimpleData>
<SimpleData name="name" />
<SimpleData name="grp_macron">N</SimpleData>
</SchemaData>
</ExtendedData>
<Polygon><outerBoundaryIs><LinearRing><tessellate>1</tessellate>
<coordinates> 174.459410,-39.347390 174.459320,-39.347325 174.459431,-39.347142 174.459453,-39.346894 174.459685,-39.346890 174.459774,-39.346956 174.459780,-39.347158 174.459698,-39.347340 174.459613,-39.347409 174.459410,-39.347390</coordinates>
</LinearRing>
</outerBoundaryIs>
</Polygon>
</Placemark>
<Placemark><name />
<styleUrl>#nz-lake-polygons-topo-150kId</styleUrl>
<ExtendedData><SchemaData schemaUrl="#nz-lake-polygons-topo-150kId"><SimpleData name="t50_fid">8075182</SimpleData>
<SimpleData name="elevation">0</SimpleData>
<SimpleData name="grp_ascii" />
<SimpleData name="grp_name" />
<SimpleData name="perennial" />
<SimpleData name="temperatur" />
<SimpleData name="lake_use" />
<SimpleData name="name_ascii" />
<SimpleData name="macronated">N</SimpleData>
<SimpleData name="name" />
<SimpleData name="grp_macron">N</SimpleData>
</SchemaData>
</ExtendedData>
<Polygon><outerBoundaryIs><LinearRing><tessellate>1</tessellate>
<coordinates> 174.458948,-39.354976 174.459011,-39.354919 174.459093,-39.354891 174.459152,-39.354890 174.459245,-39.354901 174.459280,-39.354938 174.459296,-39.355036 174.459298,-39.355127 174.459314,-39.355188 174.459412,-39.355210 174.459495,-39.355193 174.459549,-39.355193 174.459584,-39.355230 174.459512,-39.355303 174.459395,-39.355339 174.459268,-39.355321 174.459209,-39.355299 174.459144,-39.355232 174.459143,-39.355186 174.459147,-39.355129 174.459107,-39.355096 174.459048,-39.355096 174.458893,-39.355133 174.458814,-39.355111 174.458823,-39.355065 174.458948,-39.354976</coordinates>
</LinearRing>
</outerBoundaryIs>
</Polygon>
</Placemark>
<Placemark><name />
<styleUrl>#nz-lake-polygons-topo-150kId</styleUrl>
<ExtendedData><SchemaData schemaUrl="#nz-lake-polygons-topo-150kId"><SimpleData name="t50_fid">8075045</SimpleData>
<SimpleData name="elevation">0</SimpleData>
<SimpleData name="grp_ascii" />
<SimpleData name="grp_name" />
<SimpleData name="perennial" />
<SimpleData name="temperatur" />
<SimpleData name="lake_use" />
<SimpleData name="name_ascii" />
<SimpleData name="macronated">N</SimpleData>
<SimpleData name="name" />
<SimpleData name="grp_macron">N</SimpleData>
</SchemaData>
</ExtendedData>
<Polygon><outerBoundaryIs><LinearRing><tessellate>1</tessellate>
<coordinates> 174.459612,-39.356110 174.459214,-39.355997 174.459119,-39.355896 174.458930,-39.355728 174.458683,-39.355628 174.458436,-39.355499 174.458521,-39.355327 174.458751,-39.355377 174.458876,-39.355497 174.459058,-39.355574 174.459189,-39.355751 174.459295,-39.355890 174.459388,-39.355915 174.459621,-39.356060 174.459612,-39.356108 174.459612,-39.356110</coordinates>
</LinearRing>
</outerBoundaryIs>
</Polygon>
</Placemark>
<Placemark><name />
<styleUrl>#nz-lake-polygons-topo-150kId</styleUrl>
<ExtendedData><SchemaData schemaUrl="#nz-lake-polygons-topo-150kId"><SimpleData name="t50_fid">5037360</SimpleData>
<SimpleData name="elevation">0</SimpleData>
<SimpleData name="grp_ascii" />
<SimpleData name="grp_name" />
<SimpleData name="perennial" />
<SimpleData name="temperatur" />
<SimpleData name="lake_use" />
<SimpleData name="name_ascii" />
<SimpleData name="macronated">N</SimpleData>
<SimpleData name="name" />
<SimpleData name="grp_macron">N</SimpleData>
</SchemaData>
</ExtendedData>
<Polygon><outerBoundaryIs><LinearRing><tessellate>1</tessellate>
<coordinates> 174.475999,-39.290111 174.475995,-39.289974 174.476277,-39.289721 174.476696,-39.289746 174.475999,-39.290111</coordinates>
</LinearRing>
</outerBoundaryIs>
</Polygon>
</Placemark>
<Placemark><name />
<styleUrl>#nz-lake-polygons-topo-150kId</styleUrl>
<ExtendedData><SchemaData schemaUrl="#nz-lake-polygons-topo-150kId"><SimpleData name="t50_fid">8075046</SimpleData>
<SimpleData name="elevation">0</SimpleData>
<SimpleData name="grp_ascii" />
<SimpleData name="grp_name" />
<SimpleData name="perennial" />
<SimpleData name="temperatur" />
<SimpleData name="lake_use" />
<SimpleData name="name_ascii" />
<SimpleData name="macronated">N</SimpleData>
<SimpleData name="name" />
<SimpleData name="grp_macron">N</SimpleData>
</SchemaData>
</ExtendedData>
<Polygon><outerBoundaryIs><LinearRing><tessellate>1</tessellate>
<coordinates> 174.474327,-39.290381 174.474150,-39.290319 174.474061,-39.290174 174.474333,-39.290076 174.474807,-39.289951 174.475150,-39.289882 174.475384,-39.289916 174.475598,-39.290037 174.475717,-39.290081 174.475785,-39.290144 174.475780,-39.290158 174.475764,-39.290207 174.475443,-39.290280 174.474980,-39.290274 174.474569,-39.290336 174.474476,-39.290353 174.474327,-39.290381</coordinates>
</LinearRing>
</outerBoundaryIs>
</Polygon>
</Placemark>
<Placemark><name />
<styleUrl>#nz-lake-polygons-topo-150kId</styleUrl>
<ExtendedData><SchemaData schemaUrl="#nz-lake-polygons-topo-150kId"><SimpleData name="t50_fid">5037359</SimpleData>
<SimpleData name="elevation">0</SimpleData>
<SimpleData name="grp_ascii" />
<SimpleData name="grp_name" />
<SimpleData name="perennial" />
<SimpleData name="temperatur" />
<SimpleData name="lake_use" />
<SimpleData name="name_ascii" />
<SimpleData name="macronated">N</SimpleData>
<SimpleData name="name" />
<SimpleData name="grp_macron">N</SimpleData>
</SchemaData>
</ExtendedData>
<Polygon><outerBoundaryIs><LinearRing><tessellate>1</tessellate>
<coordinates> 174.459044,-39.291317 174.458865,-39.291162 174.458860,-39.290982 174.459005,-39.290406 174.459178,-39.290953 174.459446,-39.291197 174.459392,-39.291310 174.459245,-39.291347 174.459044,-39.291317</coordinates>
</LinearRing>
</outerBoundaryIs>
</Polygon>
</Placemark>
<Placemark><name />
<styleUrl>#nz-lake-polygons-topo-150kId</styleUrl>
<ExtendedData><SchemaData schemaUrl="#nz-lake-polygons-topo-150kId"><SimpleData name="t50_fid">5037355</SimpleData>
<SimpleData name="elevation">0</SimpleData>
<SimpleData name="grp_ascii" />
<SimpleData name="grp_name" />
<SimpleData name="perennial" />
<SimpleData name="temperatur" />
<SimpleData name="lake_use" />
<SimpleData name="name_ascii" />
<SimpleData name="macronated">N</SimpleData>
<SimpleData name="name" />
<SimpleData name="grp_macron">N</SimpleData>
</SchemaData>
</ExtendedData>
<Polygon><outerBoundaryIs><LinearRing><tessellate>1</tessellate>
<coordinates> 174.465561,-39.323762 174.465381,-39.323873 174.465262,-39.323762 174.465371,-39.323550 174.465561,-39.323762</coordinates>
</LinearRing>
</outerBoundaryIs>
</Polygon>
</Placemark>
<Placemark><name />
<styleUrl>#nz-lake-polygons-topo-150kId</styleUrl>
<ExtendedData><SchemaData schemaUrl="#nz-lake-polygons-topo-150kId"><SimpleData name="t50_fid">5037352</SimpleData>
<SimpleData name="elevation">0</SimpleData>
<SimpleData name="grp_ascii" />
<SimpleData name="grp_name" />
<SimpleData name="perennial" />
<SimpleData name="temperatur" />
<SimpleData name="lake_use" />
<SimpleData name="name_ascii" />
<SimpleData name="macronated">N</SimpleData>
<SimpleData name="name" />
<SimpleData name="grp_macron">N</SimpleData>
</SchemaData>
</ExtendedData>
<Polygon><outerBoundaryIs><LinearRing><tessellate>1</tessellate>
<coordinates> 174.449907,-39.334200 174.449928,-39.333952 174.449866,-39.333817 174.450005,-39.333704 174.450186,-39.333857 174.450197,-39.334194 174.450085,-39.334284 174.449907,-39.334200</coordinates>
</LinearRing>
</outerBoundaryIs>
</Polygon>
</Placemark>
<Placemark><name />
<styleUrl>#nz-lake-polygons-topo-150kId</styleUrl>
<ExtendedData><SchemaData schemaUrl="#nz-lake-polygons-topo-150kId"><SimpleData name="t50_fid">5037354</SimpleData>
<SimpleData name="elevation">0</SimpleData>
<SimpleData name="grp_ascii" />
<SimpleData name="grp_name" />
<SimpleData name="perennial" />
<SimpleData name="temperatur" />
<SimpleData name="lake_use" />
<SimpleData name="name_ascii" />
<SimpleData name="macronated">N</SimpleData>
<SimpleData name="name" />
<SimpleData name="grp_macron">N</SimpleData>
</SchemaData>
</ExtendedData>
<Polygon><outerBoundaryIs><LinearRing><tessellate>1</tessellate>
<coordinates> 174.448389,-39.318230 174.448153,-39.318099 174.448207,-39.317985 174.448323,-39.317983 174.448501,-39.318115 174.448505,-39.318227 174.448389,-39.318230</coordinates>
</LinearRing>
</outerBoundaryIs>
</Polygon>
</Placemark>
<Placemark><name />
<styleUrl>#nz-lake-polygons-topo-150kId</styleUrl>
<ExtendedData><SchemaData schemaUrl="#nz-lake-polygons-topo-150kId"><SimpleData name="t50_fid">5037353</SimpleData>
<SimpleData name="elevation">0</SimpleData>
<SimpleData name="grp_ascii" />
<SimpleData name="grp_name" />
<SimpleData name="perennial" />
<SimpleData name="temperatur" />
<SimpleData name="lake_use" />
<SimpleData name="name_ascii" />
<SimpleData name="macronated">N</SimpleData>
<SimpleData name="name" />
<SimpleData name="grp_macron">N</SimpleData>
</SchemaData>
</ExtendedData>
<Polygon><outerBoundaryIs><LinearRing><tessellate>1</tessellate>
<coordinates> 174.448254,-39.318615 174.448397,-39.318500 174.448544,-39.318587 174.448431,-39.318702 174.448344,-39.318703 174.448254,-39.318615</coordinates>
</LinearRing>
</outerBoundaryIs>
</Polygon>
</Placemark>
<Placemark><name />
<styleUrl>#nz-lake-polygons-topo-150kId</styleUrl>
<ExtendedData><SchemaData schemaUrl="#nz-lake-polygons-topo-150kId"><SimpleData name="t50_fid">5008590</SimpleData>
<SimpleData name="elevation">0</SimpleData>
<SimpleData name="grp_ascii" />
<SimpleData name="grp_name" />
<SimpleData name="perennial" />
<SimpleData name="temperatur" />
<SimpleData name="lake_use" />
<SimpleData name="name_ascii" />
<SimpleData name="macronated">N</SimpleData>
<SimpleData name="name" />
<SimpleData name="grp_macron">N</SimpleData>
</SchemaData>
</ExtendedData>
<Polygon><outerBoundaryIs><LinearRing><tessellate>1</tessellate>
<coordinates> 174.451154,-39.301936 174.451156,-39.302048 174.451081,-39.302455 174.451328,-39.302924 174.451237,-39.303073 174.450981,-39.302975 174.450888,-39.302773 174.450757,-39.302280 174.450778,-39.302010 174.450943,-39.301842 174.451154,-39.301936</coordinates>
</LinearRing>
</outerBoundaryIs>
</Polygon>
</Placemark>
<Placemark><name />
<styleUrl>#nz-lake-polygons-topo-150kId</styleUrl>
<ExtendedData><SchemaData schemaUrl="#nz-lake-polygons-topo-150kId"><SimpleData name="t50_fid">5037362</SimpleData>
<SimpleData name="elevation">0</SimpleData>
<SimpleData name="grp_ascii" />
<SimpleData name="grp_name" />
<SimpleData name="perennial" />
<SimpleData name="temperatur" />
<SimpleData name="lake_use" />
<SimpleData name="name_ascii" />
<SimpleData name="macronated">N</SimpleData>
<SimpleData name="name" />
<SimpleData name="grp_macron">N</SimpleData>
</SchemaData>
</ExtendedData>
<Polygon><outerBoundaryIs><LinearRing><tessellate>1</tessellate>
<coordinates> 174.447411,-39.260815 174.447711,-39.261102 174.448001,-39.261143 174.448135,-39.261264 174.447980,-39.261391 174.447748,-39.261395 174.447438,-39.261828 174.447375,-39.261536 174.447481,-39.261196 174.447450,-39.261108 174.447209,-39.260898 174.447411,-39.260815</coordinates>
</LinearRing>
</outerBoundaryIs>
</Polygon>
</Placemark>
<Placemark><name />
<styleUrl>#nz-lake-polygons-topo-150kId</styleUrl>
<ExtendedData><SchemaData schemaUrl="#nz-lake-polygons-topo-150kId"><SimpleData name="t50_fid">5005048</SimpleData>
<SimpleData name="elevation">0</SimpleData>
<SimpleData name="grp_ascii" />
<SimpleData name="grp_name" />
<SimpleData name="perennial" />
<SimpleData name="temperatur" />
<SimpleData name="lake_use" />
<SimpleData name="name_ascii" />
<SimpleData name="macronated">N</SimpleData>
<SimpleData name="name" />
<SimpleData name="grp_macron">N</SimpleData>
</SchemaData>
</ExtendedData>
<Polygon><outerBoundaryIs><LinearRing><tessellate>1</tessellate>
<coordinates> 174.449903,-39.258810 174.450334,-39.258712 174.450483,-39.258822 174.450477,-39.259588 174.450512,-39.259813 174.450603,-39.259947 174.451161,-39.260162 174.451426,-39.260390 174.451464,-39.260629 174.451294,-39.260768 174.451120,-39.260771 174.450734,-39.260417 174.450615,-39.260329 174.450441,-39.260333 174.450385,-39.260423 174.450422,-39.260671 174.450337,-39.260740 174.449908,-39.260340 174.449848,-39.260271 174.450111,-39.260049 174.450274,-39.259795 174.450216,-39.259192 174.449870,-39.259001 174.449711,-39.258871 174.449903,-39.258810</coordinates>
</LinearRing>
</outerBoundaryIs>
</Polygon>
</Placemark>
<Placemark><name />
<styleUrl>#nz-lake-polygons-topo-150kId</styleUrl>
<ExtendedData><SchemaData schemaUrl="#nz-lake-polygons-topo-150kId"><SimpleData name="t50_fid">5037361</SimpleData>
<SimpleData name="elevation">0</SimpleData>
<SimpleData name="grp_ascii" />
<SimpleData name="grp_name" />
<SimpleData name="perennial" />
<SimpleData name="temperatur" />
<SimpleData name="lake_use" />
<SimpleData name="name_ascii" />
<SimpleData name="macronated">N</SimpleData>
<SimpleData name="name" />
<SimpleData name="grp_macron">N</SimpleData>
</SchemaData>
</ExtendedData>
<Polygon><outerBoundaryIs><LinearRing><tessellate>1</tessellate>
<coordinates> 174.440016,-39.261645 174.440446,-39.261480 174.440593,-39.261500 174.440652,-39.261567 174.440254,-39.261821 174.440110,-39.261847 174.440020,-39.261758 174.440016,-39.261645</coordinates>
</LinearRing>
</outerBoundaryIs>
</Polygon>
</Placemark>
<Placemark><name />
<styleUrl>#nz-lake-polygons-topo-150kId</styleUrl>
<ExtendedData><SchemaData schemaUrl="#nz-lake-polygons-topo-150kId"><SimpleData name="t50_fid">5037456</SimpleData>
<SimpleData name="elevation">0</SimpleData>
<SimpleData name="grp_ascii" />
<SimpleData name="grp_name" />
<SimpleData name="perennial" />
<SimpleData name="temperatur" />
<SimpleData name="lake_use" />
<SimpleData name="name_ascii" />
<SimpleData name="macronated">N</SimpleData>
<SimpleData name="name" />
<SimpleData name="grp_macron">N</SimpleData>
</SchemaData>
</ExtendedData>
<Polygon><outerBoundaryIs><LinearRing><tessellate>1</tessellate>
<coordinates> 174.384093,-39.209193 174.384174,-39.209254 174.384180,-39.209341 174.384097,-39.209387 174.383992,-39.209383 174.383857,-39.209280 174.383609,-39.209190 174.383593,-39.209129 174.383643,-39.209097 174.383911,-39.209111 174.384093,-39.209193</coordinates>
</LinearRing>
</outerBoundaryIs>
</Polygon>
</Placemark>
<Placemark><name />
<styleUrl>#nz-lake-polygons-topo-150kId</styleUrl>
<ExtendedData><SchemaData schemaUrl="#nz-lake-polygons-topo-150kId"><SimpleData name="t50_fid">5037455</SimpleData>
<SimpleData name="elevation">0</SimpleData>
<SimpleData name="grp_ascii" />
<SimpleData name="grp_name" />
<SimpleData name="perennial" />
<SimpleData name="temperatur" />
<SimpleData name="lake_use" />
<SimpleData name="name_ascii" />
<SimpleData name="macronated">N</SimpleData>
<SimpleData name="name" />
<SimpleData name="grp_macron">N</SimpleData>
</SchemaData>
</ExtendedData>
<Polygon><outerBoundaryIs><LinearRing><tessellate>1</tessellate>
<coordinates> 174.375638,-39.212476 174.375884,-39.212575 174.375884,-39.212843 174.375699,-39.212827 174.375499,-39.212644 174.375480,-39.212478 174.375638,-39.212476</coordinates>
</LinearRing>
</outerBoundaryIs>
</Polygon>
</Placemark>
<Placemark><name />
<styleUrl>#nz-lake-polygons-topo-150kId</styleUrl>
<ExtendedData><SchemaData schemaUrl="#nz-lake-polygons-topo-150kId"><SimpleData name="t50_fid">5037450</SimpleData>
<SimpleData name="elevation">0</SimpleData>
<SimpleData name="grp_ascii" />
<SimpleData name="grp_name" />
<SimpleData name="perennial" />
<SimpleData name="temperatur" />
<SimpleData name="lake_use" />
<SimpleData name="name_ascii" />
<SimpleData name="macronated">N</SimpleData>
<SimpleData name="name" />
<SimpleData name="grp_macron">N</SimpleData>
</SchemaData>
</ExtendedData>
<Polygon><outerBoundaryIs><LinearRing><tessellate>1</tessellate>
<coordinates> 174.376779,-39.222727 174.376981,-39.222724 174.377536,-39.223055 174.376989,-39.222994 174.376656,-39.222834 174.376663,-39.222828 174.376779,-39.222727</coordinates>
</LinearRing>
</outerBoundaryIs>
</Polygon>
</Placemark>
<Placemark><name />
<styleUrl>#nz-lake-polygons-topo-150kId</styleUrl>
<ExtendedData><SchemaData schemaUrl="#nz-lake-polygons-topo-150kId"><SimpleData name="t50_fid">5037454</SimpleData>
<SimpleData name="elevation">0</SimpleData>
<SimpleData name="grp_ascii" />
<SimpleData name="grp_name" />
<SimpleData name="perennial" />
<SimpleData name="temperatur" />
<SimpleData name="lake_use" />
<SimpleData name="name_ascii" />
<SimpleData name="macronated">N</SimpleData>
<SimpleData name="name" />
<SimpleData name="grp_macron">N</SimpleData>
</SchemaData>
</ExtendedData>
<Polygon><outerBoundaryIs><LinearRing><tessellate>1</tessellate>
<coordinates> 174.377372,-39.215250 174.377137,-39.215075 174.376863,-39.214629 174.376363,-39.214226 174.376927,-39.214340 174.377213,-39.214619 174.377372,-39.215250</coordinates>
</LinearRing>
</outerBoundaryIs>
</Polygon>
</Placemark>
<Placemark><name />
<styleUrl>#nz-lake-polygons-topo-150kId</styleUrl>
<ExtendedData><SchemaData schemaUrl="#nz-lake-polygons-topo-150kId"><SimpleData name="t50_fid">5037316</SimpleData>
<SimpleData name="elevation">0</SimpleData>
<SimpleData name="grp_ascii" />
<SimpleData name="grp_name" />
<SimpleData name="perennial" />
<SimpleData name="temperatur" />
<SimpleData name="lake_use" />
<SimpleData name="name_ascii" />
<SimpleData name="macronated">N</SimpleData>
<SimpleData name="name" />
<SimpleData name="grp_macron">N</SimpleData>
</SchemaData>
</ExtendedData>
<Polygon><outerBoundaryIs><LinearRing><tessellate>1</tessellate>
<coordinates> 174.383432,-39.271360 174.384115,-39.271281 174.383668,-39.271537 174.383379,-39.271541 174.383201,-39.271409 174.383261,-39.271233 174.383432,-39.271360</coordinates>
</LinearRing>
</outerBoundaryIs>
</Polygon>
</Placemark>
<Placemark><name />
<styleUrl>#nz-lake-polygons-topo-150kId</styleUrl>
<ExtendedData><SchemaData schemaUrl="#nz-lake-polygons-topo-150kId"><SimpleData name="t50_fid">5037358</SimpleData>
<SimpleData name="elevation">0</SimpleData>
<SimpleData name="grp_ascii" />
<SimpleData name="grp_name" />
<SimpleData name="perennial" />
<SimpleData name="temperatur" />
<SimpleData name="lake_use" />
<SimpleData name="name_ascii" />
<SimpleData name="macronated">N</SimpleData>
<SimpleData name="name" />
<SimpleData name="grp_macron">N</SimpleData>
</SchemaData>
</ExtendedData>
<Polygon><outerBoundaryIs><LinearRing><tessellate>1</tessellate>
<coordinates> 174.408746,-39.271200 174.408422,-39.271208 174.408508,-39.270557 174.408875,-39.270606 174.408746,-39.271200</coordinates>
</LinearRing>
</outerBoundaryIs>
</Polygon>
</Placemark>
<Placemark><name />
<styleUrl>#nz-lake-polygons-topo-150kId</styleUrl>
<ExtendedData><SchemaData schemaUrl="#nz-lake-polygons-topo-150kId"><SimpleData name="t50_fid">5037519</SimpleData>
<SimpleData name="elevation">0</SimpleData>
<SimpleData name="grp_ascii" />
<SimpleData name="grp_name" />
<SimpleData name="perennial" />
<SimpleData name="temperatur" />
<SimpleData name="lake_use" />
<SimpleData name="name_ascii" />
<SimpleData name="macronated">N</SimpleData>
<SimpleData name="name" />
<SimpleData name="grp_macron">N</SimpleData>
</SchemaData>
</ExtendedData>
<Polygon><outerBoundaryIs><LinearRing><tessellate>1</tessellate>
<coordinates> 174.303292,-39.144012 174.303524,-39.144009 174.303583,-39.144075 174.303498,-39.144122 174.303146,-39.144131 174.303292,-39.144012</coordinates>
</LinearRing>
</outerBoundaryIs>
</Polygon>
</Placemark>
<Placemark><name />
<styleUrl>#nz-lake-polygons-topo-150kId</styleUrl>
<ExtendedData><SchemaData schemaUrl="#nz-lake-polygons-topo-150kId"><SimpleData name="t50_fid">5037520</SimpleData>
<SimpleData name="elevation">0</SimpleData>
<SimpleData name="grp_ascii" />
<SimpleData name="grp_name" />
<SimpleData name="perennial" />
<SimpleData name="temperatur" />
<SimpleData name="lake_use" />
<SimpleData name="name_ascii" />
<SimpleData name="macronated">N</SimpleData>
<SimpleData name="name" />
<SimpleData name="grp_macron">N</SimpleData>
</SchemaData>
</ExtendedData>
<Polygon><outerBoundaryIs><LinearRing><tessellate>1</tessellate>
<coordinates> 174.301405,-39.141768 174.301582,-39.141878 174.301526,-39.141946 174.301325,-39.141995 174.301133,-39.141764 174.301405,-39.141768</coordinates>
</LinearRing>
</outerBoundaryIs>
</Polygon>
</Placemark>
<Placemark><name />
<styleUrl>#nz-lake-polygons-topo-150kId</styleUrl>
<ExtendedData><SchemaData schemaUrl="#nz-lake-polygons-topo-150kId"><SimpleData name="t50_fid">5037525</SimpleData>
<SimpleData name="elevation">0</SimpleData>
<SimpleData name="grp_ascii" />
<SimpleData name="grp_name" />
<SimpleData name="perennial" />
<SimpleData name="temperatur" />
<SimpleData name="lake_use" />
<SimpleData name="name_ascii" />
<SimpleData name="macronated">N</SimpleData>
<SimpleData name="name" />
<SimpleData name="grp_macron">N</SimpleData>
</SchemaData>
</ExtendedData>
<Polygon><outerBoundaryIs><LinearRing><tessellate>1</tessellate>
<coordinates> 174.306726,-39.133449 174.306899,-39.133446 174.307078,-39.133524 174.306675,-39.133699 174.306358,-39.133727 174.306243,-39.133594 174.306726,-39.133449</coordinates>
</LinearRing>
</outerBoundaryIs>
</Polygon>
</Placemark>
<Placemark><name />
<styleUrl>#nz-lake-polygons-topo-150kId</styleUrl>
<ExtendedData><SchemaData schemaUrl="#nz-lake-polygons-topo-150kId"><SimpleData name="t50_fid">5037522</SimpleData>
<SimpleData name="elevation">0</SimpleData>
<SimpleData name="grp_ascii" />
<SimpleData name="grp_name" />
<SimpleData name="perennial" />
<SimpleData name="temperatur" />
<SimpleData name="lake_use" />
<SimpleData name="name_ascii" />
<SimpleData name="macronated">N</SimpleData>
<SimpleData name="name" />
<SimpleData name="grp_macron">N</SimpleData>
</SchemaData>
</ExtendedData>
<Polygon><outerBoundaryIs><LinearRing><tessellate>1</tessellate>
<coordinates> 174.308550,-39.137520 174.308431,-39.137432 174.308488,-39.137387 174.308717,-39.137337 174.309001,-39.137130 174.309507,-39.137260 174.308883,-39.137516 174.308550,-39.137520</coordinates>
</LinearRing>
</outerBoundaryIs>
</Polygon>
</Placemark>
<Placemark><name />
<styleUrl>#nz-lake-polygons-topo-150kId</styleUrl>
<ExtendedData><SchemaData schemaUrl="#nz-lake-polygons-topo-150kId"><SimpleData name="t50_fid">5037521</SimpleData>
<SimpleData name="elevation">0</SimpleData>
<SimpleData name="grp_ascii" />
<SimpleData name="grp_name" />
<SimpleData name="perennial" />
<SimpleData name="temperatur" />
<SimpleData name="lake_use" />
<SimpleData name="name_ascii" />
<SimpleData name="macronated">N</SimpleData>
<SimpleData name="name" />
<SimpleData name="grp_macron">N</SimpleData>
</SchemaData>
</ExtendedData>
<Polygon><outerBoundaryIs><LinearRing><tessellate>1</tessellate>
<coordinates> 174.307946,-39.142156 174.307578,-39.142068 174.307430,-39.141958 174.307484,-39.141776 174.307946,-39.142156</coordinates>
</LinearRing>
</outerBoundaryIs>
</Polygon>
</Placemark>
<Placemark><name />
<styleUrl>#nz-lake-polygons-topo-150kId</styleUrl>
<ExtendedData><SchemaData schemaUrl="#nz-lake-polygons-topo-150kId"><SimpleData name="t50_fid">5037523</SimpleData>
<SimpleData name="elevation">0</SimpleData>
<SimpleData name="grp_ascii" />
<SimpleData name="grp_name" />
<SimpleData name="perennial" />
<SimpleData name="temperatur" />
<SimpleData name="lake_use" />
<SimpleData name="name_ascii" />
<SimpleData name="macronated">N</SimpleData>
<SimpleData name="name" />
<SimpleData name="grp_macron">N</SimpleData>
</SchemaData>
</ExtendedData>
<Polygon><outerBoundaryIs><LinearRing><tessellate>1</tessellate>
<coordinates> 174.310200,-39.136546 174.310794,-39.136017 174.311141,-39.136011 174.311540,-39.136047 174.311466,-39.136253 174.311296,-39.136369 174.311151,-39.136371 174.310916,-39.136262 174.310772,-39.136265 174.310631,-39.136403 174.310634,-39.136538 174.310759,-39.136852 174.310675,-39.136920 174.310053,-39.136909 174.310200,-39.136546</coordinates>
</LinearRing>
</outerBoundaryIs>
</Polygon>
</Placemark>
<Placemark><name />
<styleUrl>#nz-lake-polygons-topo-150kId</styleUrl>
<ExtendedData><SchemaData schemaUrl="#nz-lake-polygons-topo-150kId"><SimpleData name="t50_fid">5037528</SimpleData>
<SimpleData name="elevation">0</SimpleData>
<SimpleData name="grp_ascii" />
<SimpleData name="grp_name" />
<SimpleData name="perennial" />
<SimpleData name="temperatur" />
<SimpleData name="lake_use" />
<SimpleData name="name_ascii" />
<SimpleData name="macronated">N</SimpleData>
<SimpleData name="name" />
<SimpleData name="grp_macron">N</SimpleData>
</SchemaData>
</ExtendedData>
<Polygon><outerBoundaryIs><LinearRing><tessellate>1</tessellate>
<coordinates> 174.324592,-39.122637 174.323884,-39.122619 174.324210,-39.122441 174.324470,-39.122436 174.324791,-39.122550 174.324592,-39.122637</coordinates>
</LinearRing>
</outerBoundaryIs>
</Polygon>
</Placemark>
<Placemark><name />
<styleUrl>#nz-lake-polygons-topo-150kId</styleUrl>
<ExtendedData><SchemaData schemaUrl="#nz-lake-polygons-topo-150kId"><SimpleData name="t50_fid">5037453</SimpleData>
<SimpleData name="elevation">0</SimpleData>
<SimpleData name="grp_ascii" />
<SimpleData name="grp_name" />
<SimpleData name="perennial" />
<SimpleData name="temperatur" />
<SimpleData name="lake_use" />
<SimpleData name="name_ascii" />
<SimpleData name="macronated">N</SimpleData>
<SimpleData name="name" />
<SimpleData name="grp_macron">N</SimpleData>
</SchemaData>
</ExtendedData>
<Polygon><outerBoundaryIs><LinearRing><tessellate>1</tessellate>
<coordinates> 174.367463,-39.211269 174.367284,-39.211057 174.367380,-39.210892 174.367463,-39.211269</coordinates>
</LinearRing>
</outerBoundaryIs>
</Polygon>
</Placemark>
<Placemark><name />
<styleUrl>#nz-lake-polygons-topo-150kId</styleUrl>
<ExtendedData><SchemaData schemaUrl="#nz-lake-polygons-topo-150kId"><SimpleData name="t50_fid">5037441</SimpleData>
<SimpleData name="elevation">0</SimpleData>
<SimpleData name="grp_ascii" />
<SimpleData name="grp_name" />
<SimpleData name="perennial" />
<SimpleData name="temperatur" />
<SimpleData name="lake_use" />
<SimpleData name="name_ascii" />
<SimpleData name="macronated">N</SimpleData>
<SimpleData name="name" />
<SimpleData name="grp_macron">N</SimpleData>
</SchemaData>
</ExtendedData>
<Polygon><outerBoundaryIs><LinearRing><tessellate>1</tessellate>
<coordinates> 174.389252,-39.208367 174.389226,-39.208435 174.388848,-39.208420 174.388590,-39.208492 174.387569,-39.208538 174.388064,-39.208343 174.388469,-39.208336 174.388725,-39.208151 174.389054,-39.208183 174.389252,-39.208367</coordinates>
</LinearRing>
</outerBoundaryIs>
</Polygon>
</Placemark>
<Placemark><name />
<styleUrl>#nz-lake-polygons-topo-150kId</styleUrl>
<ExtendedData><SchemaData schemaUrl="#nz-lake-polygons-topo-150kId"><SimpleData name="t50_fid">5037458</SimpleData>
<SimpleData name="elevation">0</SimpleData>
<SimpleData name="grp_ascii" />
<SimpleData name="grp_name" />
<SimpleData name="perennial" />
<SimpleData name="temperatur" />
<SimpleData name="lake_use" />
<SimpleData name="name_ascii" />
<SimpleData name="macronated">N</SimpleData>
<SimpleData name="name" />
<SimpleData name="grp_macron">N</SimpleData>
</SchemaData>
</ExtendedData>
<Polygon><outerBoundaryIs><LinearRing><tessellate>1</tessellate>
<coordinates> 174.392271,-39.207547 174.392153,-39.207481 174.392182,-39.207161 174.392525,-39.207362 174.392621,-39.207598 174.392271,-39.207547</coordinates>
</LinearRing>
</outerBoundaryIs>
</Polygon>
</Placemark>
<Placemark><name />
<styleUrl>#nz-lake-polygons-topo-150kId</styleUrl>
<ExtendedData><SchemaData schemaUrl="#nz-lake-polygons-topo-150kId"><SimpleData name="t50_fid">5037457</SimpleData>
<SimpleData name="elevation">0</SimpleData>
<SimpleData name="grp_ascii" />
<SimpleData name="grp_name" />
<SimpleData name="perennial" />
<SimpleData name="temperatur" />
<SimpleData name="lake_use" />
<SimpleData name="name_ascii" />
<SimpleData name="macronated">N</SimpleData>
<SimpleData name="name" />
<SimpleData name="grp_macron">N</SimpleData>
</SchemaData>
</ExtendedData>
<Polygon><outerBoundaryIs><LinearRing><tessellate>1</tessellate>
<coordinates> 174.389130,-39.220735 174.388866,-39.220504 174.388425,-39.220286 174.388273,-39.220018 174.387956,-39.219901 174.388034,-39.219774 174.388237,-39.219793 174.389102,-39.220200 174.389338,-39.220417 174.389130,-39.220735</coordinates>
</LinearRing>
</outerBoundaryIs>
</Polygon>
</Placemark>
<Placemark><name />
<styleUrl>#nz-lake-polygons-topo-150kId</styleUrl>
<ExtendedData><SchemaData schemaUrl="#nz-lake-polygons-topo-150kId"><SimpleData name="t50_fid">5037452</SimpleData>
<SimpleData name="elevation">0</SimpleData>
<SimpleData name="grp_ascii" />
<SimpleData name="grp_name" />
<SimpleData name="perennial" />
<SimpleData name="temperatur" />
<SimpleData name="lake_use" />
<SimpleData name="name_ascii" />
<SimpleData name="macronated">N</SimpleData>
<SimpleData name="name" />
<SimpleData name="grp_macron">N</SimpleData>
</SchemaData>
</ExtendedData>
<Polygon><outerBoundaryIs><LinearRing><tessellate>1</tessellate>
<coordinates> 174.385471,-39.224348 174.385190,-39.224244 174.385433,-39.224033 174.385873,-39.224166 174.385471,-39.224348</coordinates>
</LinearRing>
</outerBoundaryIs>
</Polygon>
</Placemark>
<Placemark><name />
<styleUrl>#nz-lake-polygons-topo-150kId</styleUrl>
<ExtendedData><SchemaData schemaUrl="#nz-lake-polygons-topo-150kId"><SimpleData name="t50_fid">8075288</SimpleData>
<SimpleData name="elevation">0</SimpleData>
<SimpleData name="grp_ascii" />
<SimpleData name="grp_name" />
<SimpleData name="perennial" />
<SimpleData name="temperatur" />
<SimpleData name="lake_use" />
<SimpleData name="name_ascii" />
<SimpleData name="macronated">N</SimpleData>
<SimpleData name="name" />
<SimpleData name="grp_macron">N</SimpleData>
</SchemaData>
</ExtendedData>
<Polygon><outerBoundaryIs><LinearRing><tessellate>1</tessellate>
<coordinates> 174.341066,-39.226489 174.341231,-39.226513 174.341247,-39.226579 174.341206,-39.226615 174.341130,-39.226642 174.341077,-39.226637 174.341034,-39.226605 174.341029,-39.226545 174.341066,-39.226489</coordinates>
</LinearRing>
</outerBoundaryIs>
</Polygon>
</Placemark>
<Placemark><name />
<styleUrl>#nz-lake-polygons-topo-150kId</styleUrl>
<ExtendedData><SchemaData schemaUrl="#nz-lake-polygons-topo-150kId"><SimpleData name="t50_fid">5003241</SimpleData>
<SimpleData name="elevation">200</SimpleData>
<SimpleData name="grp_ascii" />
<SimpleData name="grp_name" />
<SimpleData name="perennial" />
<SimpleData name="temperatur" />
<SimpleData name="lake_use" />
<SimpleData name="name_ascii">Lake Ratapiko</SimpleData>
<SimpleData name="macronated">N</SimpleData>
<SimpleData name="name">Lake Ratapiko</SimpleData>
<SimpleData name="grp_macron">N</SimpleData>
</SchemaData>
</ExtendedData>
<Polygon><outerBoundaryIs><LinearRing><tessellate>1</tessellate>
<coordinates> 174.320865,-39.204813 174.321810,-39.204538 174.322924,-39.204359 174.323655,-39.204307 174.324438,-39.204393 174.324779,-39.204472 174.325152,-39.204538 174.325746,-39.204601 174.326031,-39.204525 174.326168,-39.204440 174.326126,-39.204348 174.326003,-39.204321 174.325908,-39.204314 174.325635,-39.204338 174.325462,-39.204267 174.325347,-39.204113 174.325334,-39.204004 174.325431,-39.203907 174.325540,-39.203907 174.325569,-39.203863 174.325542,-39.203786 174.325364,-39.203712 174.325274,-39.203757 174.325137,-39.203765 174.325017,-39.203693 174.324922,-39.203608 174.324715,-39.203496 174.324383,-39.203468 174.324109,-39.203426 174.323660,-39.203466 174.323400,-39.203562 174.323006,-39.203503 174.322691,-39.203369 174.322544,-39.203139 174.322923,-39.203306 174.323214,-39.203416 174.323482,-39.203444 174.323752,-39.203343 174.323802,-39.203252 174.323905,-39.203227 174.324070,-39.203303 174.324315,-39.203233 174.324574,-39.203257 174.324637,-39.203185 174.324767,-39.203181 174.324874,-39.203347 174.324961,-39.203437 174.325186,-39.203461 174.325201,-39.203572 174.325293,-39.203644 174.325448,-39.203616 174.325649,-39.203778 174.325757,-39.203856 174.325783,-39.203936 174.326112,-39.204069 174.326188,-39.204179 174.326760,-39.204166 174.327255,-39.204216 174.327430,-39.204172 174.327569,-39.204197 174.327939,-39.204187 174.328368,-39.204224 174.328568,-39.204285 174.328644,-39.204197 174.328885,-39.204137 174.329021,-39.203996 174.329201,-39.203918 174.329256,-39.203787 174.329547,-39.203549 174.329669,-39.203568 174.330665,-39.204760 174.330798,-39.204880 174.331372,-39.204913 174.331580,-39.204884 174.331931,-39.204849 174.332058,-39.204507 174.332061,-39.204449 174.332057,-39.204066 174.331670,-39.203814 174.331650,-39.203686 174.331834,-39.203453 174.331874,-39.203331 174.331976,-39.203459 174.331901,-39.203663 174.332059,-39.203735 174.332233,-39.203747 174.332562,-39.203256 174.332986,-39.203176 174.333126,-39.203222 174.333174,-39.203438 174.332673,-39.203586 174.332548,-39.203837 174.332508,-39.204041 174.332494,-39.204615 174.332403,-39.204880 174.332347,-39.205124 174.332481,-39.205278 174.332850,-39.205510 174.333026,-39.205596 174.333287,-39.205640 174.333434,-39.205604 174.333430,-39.205401 174.333549,-39.205258 174.333791,-39.205221 174.333973,-39.205199 174.334079,-39.205245 174.334259,-39.205588 174.334957,-39.206306 174.335484,-39.206522 174.335803,-39.206516 174.336058,-39.206332 174.336496,-39.205979 174.336601,-39.205592 174.336672,-39.205533 174.336745,-39.205309 174.336809,-39.205144 174.337020,-39.204796 174.337372,-39.204630 174.337431,-39.204534 174.337333,-39.203941 174.337441,-39.203723 174.337628,-39.204383 174.337779,-39.204524 174.338144,-39.204553 174.338359,-39.204469 174.338423,-39.204157 174.338542,-39.204055 174.338751,-39.204059 174.338642,-39.204263 174.338675,-39.204618 174.339101,-39.204609 174.339299,-39.204634 174.339465,-39.204706 174.339726,-39.204723 174.339924,-39.204646 174.340106,-39.204624 174.340301,-39.204791 174.340519,-39.204869 174.340944,-39.204837 174.340936,-39.204892 174.341034,-39.204897 174.341102,-39.204828 174.341312,-39.204834 174.341345,-39.204869 174.341345,-39.204901 174.341461,-39.204951 174.341605,-39.204955 174.341647,-39.205010 174.341695,-39.204996 174.341762,-39.204957 174.341876,-39.204886 174.341898,-39.204976 174.341803,-39.205050 174.341878,-39.205094 174.341913,-39.205153 174.341981,-39.205356 174.342296,-39.205531 174.342600,-39.205567 174.342740,-39.205658 174.342930,-39.205838 174.343082,-39.205904 174.342978,-39.206004 174.342993,-39.206147 174.343101,-39.206147 174.343254,-39.206105 174.343396,-39.206283 174.343338,-39.206457 174.343152,-39.206594 174.342970,-39.206705 174.343061,-39.206900 174.343232,-39.206950 174.343622,-39.207157 174.343772,-39.207283 174.343898,-39.207498 174.344570,-39.207673 174.344944,-39.207695 174.345354,-39.207758 174.345578,-39.207694 174.345852,-39.207495 174.346321,-39.207449 174.346689,-39.207613 174.346280,-39.207604 174.346012,-39.207655 174.345730,-39.207875 174.345505,-39.207945 174.345341,-39.208001 174.345027,-39.207944 174.344583,-39.207868 174.344192,-39.207893 174.343975,-39.207896 174.343731,-39.207845 174.343452,-39.207362 174.343265,-39.207114 174.342859,-39.207070 174.342763,-39.206901 174.342715,-39.206772 174.342708,-39.206639 174.342575,-39.206583 174.342483,-39.206512 174.342399,-39.206546 174.342271,-39.206646 174.342240,-39.206601 174.342304,-39.206496 174.342384,-39.206402 174.342307,-39.206246 174.342307,-39.206017 174.342332,-39.205987 174.342382,-39.205927 174.342627,-39.205881 174.342652,-39.205836 174.342589,-39.205793 174.342323,-39.205800 174.342036,-39.205661 174.341892,-39.205652 174.341777,-39.205619 174.341626,-39.205513 174.341518,-39.205290 174.341377,-39.205176 174.341175,-39.205050 174.341036,-39.205086 174.340924,-39.205255 174.340432,-39.205264 174.340083,-39.205206 174.339892,-39.205228 174.339775,-39.205426 174.339636,-39.205448 174.338385,-39.204875 174.338104,-39.204921 174.337902,-39.204925 174.337270,-39.205139 174.337116,-39.205289 174.337492,-39.205426 174.337755,-39.205545 174.337829,-39.205733 174.337814,-39.205918 174.337862,-39.206084 174.337868,-39.206382 174.337966,-39.206529 174.337943,-39.206685 174.337731,-39.206478 174.337597,-39.206317 174.337619,-39.206094 174.337511,-39.205899 174.337549,-39.205662 174.337279,-39.205605 174.337090,-39.205695 174.336944,-39.205910 174.337037,-39.206135 174.336834,-39.206408 174.336099,-39.206737 174.335963,-39.207032 174.335819,-39.207057 174.335147,-39.206866 174.334440,-39.206511 174.334181,-39.206122 174.334022,-39.206022 174.333848,-39.205964 174.333753,-39.206019 174.333813,-39.206430 174.333704,-39.206587 174.332943,-39.206792 174.332539,-39.206866 174.332358,-39.207056 174.332833,-39.207395 174.333047,-39.207670 174.333031,-39.207894 174.333031,-39.208098 174.333197,-39.208281 174.333517,-39.208416 174.333729,-39.208463 174.333628,-39.208573 174.333451,-39.208673 174.333276,-39.208714 174.333024,-39.208690 174.332504,-39.208530 174.331906,-39.208232 174.331813,-39.207803 174.331408,-39.206796 174.331353,-39.206604 174.331061,-39.206337 174.330861,-39.206292 174.330245,-39.206320 174.329894,-39.206148 174.329814,-39.206093 174.329798,-39.205980 174.330152,-39.205738 174.330390,-39.205683 174.330188,-39.205531 174.330068,-39.205553 174.329953,-39.205740 174.329703,-39.205857 174.329618,-39.205813 174.329421,-39.205505 174.328762,-39.205584 174.328393,-39.205765 174.327639,-39.206353 174.327390,-39.206308 174.326728,-39.205730 174.326126,-39.205722 174.325803,-39.205660 174.325356,-39.205665 174.325125,-39.205454 174.324893,-39.205406 174.324381,-39.205555 174.324282,-39.205492 174.324378,-39.205273 174.324176,-39.205175 174.323439,-39.205009 174.322726,-39.204934 174.322423,-39.204919 174.321795,-39.205002 174.321308,-39.205168 174.320673,-39.205145 174.320865,-39.204813</coordinates>
</LinearRing>
</outerBoundaryIs>
<innerBoundaryIs><LinearRing><tessellate>1</tessellate>
<coordinates> 174.328597,-39.205163 174.328524,-39.204995 174.328205,-39.204657 174.327933,-39.204535 174.327621,-39.204559 174.327448,-39.204616 174.327276,-39.204699 174.327174,-39.204781 174.327071,-39.204870 174.327109,-39.205012 174.327346,-39.205158 174.327591,-39.205222 174.327842,-39.205199 174.328132,-39.205338 174.328608,-39.205258 174.328597,-39.205163</coordinates>
</LinearRing>
</innerBoundaryIs>
<innerBoundaryIs><LinearRing><tessellate>1</tessellate>
<coordinates> 174.332725,-39.206188 174.332696,-39.206067 174.332338,-39.205878 174.332014,-39.205704 174.331751,-39.205640 174.331664,-39.205665 174.331638,-39.205733 174.331867,-39.205887 174.332006,-39.206305 174.332340,-39.206484 174.332555,-39.206386 174.332725,-39.206188</coordinates>
</LinearRing>
</innerBoundaryIs>
</Polygon>
</Placemark>
<Placemark><name />
<styleUrl>#nz-lake-polygons-topo-150kId</styleUrl>
<ExtendedData><SchemaData schemaUrl="#nz-lake-polygons-topo-150kId"><SimpleData name="t50_fid">5037439</SimpleData>
<SimpleData name="elevation">0</SimpleData>
<SimpleData name="grp_ascii" />
<SimpleData name="grp_name" />
<SimpleData name="perennial" />
<SimpleData name="temperatur" />
<SimpleData name="lake_use" />
<SimpleData name="name_ascii" />
<SimpleData name="macronated">N</SimpleData>
<SimpleData name="name" />
<SimpleData name="grp_macron">N</SimpleData>
</SchemaData>
</ExtendedData>
<Polygon><outerBoundaryIs><LinearRing><tessellate>1</tessellate>
<coordinates> 174.329576,-39.211059 174.329384,-39.210979 174.329365,-39.210921 174.329398,-39.210859 174.329492,-39.210818 174.329553,-39.210818 174.329621,-39.210865 174.329693,-39.210953 174.329706,-39.211069 174.329576,-39.211059</coordinates>
</LinearRing>
</outerBoundaryIs>
</Polygon>
</Placemark>
<Placemark><name />
<styleUrl>#nz-lake-polygons-topo-150kId</styleUrl>
<ExtendedData><SchemaData schemaUrl="#nz-lake-polygons-topo-150kId"><SimpleData name="t50_fid">5037438</SimpleData>
<SimpleData name="elevation">0</SimpleData>
<SimpleData name="grp_ascii" />
<SimpleData name="grp_name" />
<SimpleData name="perennial" />
<SimpleData name="temperatur" />
<SimpleData name="lake_use" />
<SimpleData name="name_ascii" />
<SimpleData name="macronated">N</SimpleData>
<SimpleData name="name" />
<SimpleData name="grp_macron">N</SimpleData>
</SchemaData>
</ExtendedData>
<Polygon><outerBoundaryIs><LinearRing><tessellate>1</tessellate>
<coordinates> 174.330767,-39.214617 174.330796,-39.214662 174.330656,-39.214822 174.330511,-39.214802 174.330507,-39.214690 174.330619,-39.214552 174.330767,-39.214617</coordinates>
</LinearRing>
</outerBoundaryIs>
</Polygon>
</Placemark>
<Placemark><name />
<styleUrl>#nz-lake-polygons-topo-150kId</styleUrl>
<ExtendedData><SchemaData schemaUrl="#nz-lake-polygons-topo-150kId"><SimpleData name="t50_fid">5037440</SimpleData>
<SimpleData name="elevation">0</SimpleData>
<SimpleData name="grp_ascii" />
<SimpleData name="grp_name" />
<SimpleData name="perennial" />
<SimpleData name="temperatur" />
<SimpleData name="lake_use" />
<SimpleData name="name_ascii" />
<SimpleData name="macronated">N</SimpleData>
<SimpleData name="name" />
<SimpleData name="grp_macron">N</SimpleData>
</SchemaData>
</ExtendedData>
<Polygon><outerBoundaryIs><LinearRing><tessellate>1</tessellate>
<coordinates> 174.331089,-39.214848 174.331119,-39.214893 174.330978,-39.215053 174.330833,-39.215033 174.330830,-39.214921 174.330941,-39.214783 174.331089,-39.214848</coordinates>
</LinearRing>
</outerBoundaryIs>
</Polygon>
</Placemark>
<Placemark><name />
<styleUrl>#nz-lake-polygons-topo-150kId</styleUrl>
<ExtendedData><SchemaData schemaUrl="#nz-lake-polygons-topo-150kId"><SimpleData name="t50_fid">8075287</SimpleData>
<SimpleData name="elevation">0</SimpleData>
<SimpleData name="grp_ascii" />
<SimpleData name="grp_name" />
<SimpleData name="perennial" />
<SimpleData name="temperatur" />
<SimpleData name="lake_use" />
<SimpleData name="name_ascii" />
<SimpleData name="macronated">N</SimpleData>
<SimpleData name="name" />
<SimpleData name="grp_macron">N</SimpleData>
</SchemaData>
</ExtendedData>
<Polygon><outerBoundaryIs><LinearRing><tessellate>1</tessellate>
<coordinates> 174.333740,-39.230972 174.333910,-39.231048 174.333774,-39.231189 174.333597,-39.231094 174.333740,-39.230972</coordinates>
</LinearRing>
</outerBoundaryIs>
</Polygon>
</Placemark>
<Placemark><name />
<styleUrl>#nz-lake-polygons-topo-150kId</styleUrl>
<ExtendedData><SchemaData schemaUrl="#nz-lake-polygons-topo-150kId"><SimpleData name="t50_fid">8075286</SimpleData>
<SimpleData name="elevation">0</SimpleData>
<SimpleData name="grp_ascii" />
<SimpleData name="grp_name" />
<SimpleData name="perennial" />
<SimpleData name="temperatur" />
<SimpleData name="lake_use" />
<SimpleData name="name_ascii" />
<SimpleData name="macronated">N</SimpleData>
<SimpleData name="name" />
<SimpleData name="grp_macron">N</SimpleData>
</SchemaData>
</ExtendedData>
<Polygon><outerBoundaryIs><LinearRing><tessellate>1</tessellate>
<coordinates> 174.333563,-39.230839 174.333512,-39.231080 174.333178,-39.231072 174.333163,-39.231049 174.333265,-39.230908 174.333319,-39.230845 174.333563,-39.230839</coordinates>
</LinearRing>
</outerBoundaryIs>
</Polygon>
</Placemark>
<Placemark><name />
<styleUrl>#nz-lake-polygons-topo-150kId</styleUrl>
<ExtendedData><SchemaData schemaUrl="#nz-lake-polygons-topo-150kId"><SimpleData name="t50_fid">8075285</SimpleData>
<SimpleData name="elevation">0</SimpleData>
<SimpleData name="grp_ascii" />
<SimpleData name="grp_name" />
<SimpleData name="perennial" />
<SimpleData name="temperatur" />
<SimpleData name="lake_use" />
<SimpleData name="name_ascii" />
<SimpleData name="macronated">N</SimpleData>
<SimpleData name="name" />
<SimpleData name="grp_macron">N</SimpleData>
</SchemaData>
</ExtendedData>
<Polygon><outerBoundaryIs><LinearRing><tessellate>1</tessellate>
<coordinates> 174.334627,-39.232032 174.334483,-39.232057 174.334373,-39.232074 174.334328,-39.232055 174.334327,-39.231993 174.334375,-39.231903 174.334434,-39.231833 174.334577,-39.231773 174.334627,-39.232032</coordinates>
</LinearRing>
</outerBoundaryIs>
</Polygon>
</Placemark>
<Placemark><name />
<styleUrl>#nz-lake-polygons-topo-150kId</styleUrl>
<ExtendedData><SchemaData schemaUrl="#nz-lake-polygons-topo-150kId"><SimpleData name="t50_fid">5037448</SimpleData>
<SimpleData name="elevation">0</SimpleData>
<SimpleData name="grp_ascii" />
<SimpleData name="grp_name" />
<SimpleData name="perennial" />
<SimpleData name="temperatur" />
<SimpleData name="lake_use" />
<SimpleData name="name_ascii" />
<SimpleData name="macronated">N</SimpleData>
<SimpleData name="name" />
<SimpleData name="grp_macron">N</SimpleData>
</SchemaData>
</ExtendedData>
<Polygon><outerBoundaryIs><LinearRing><tessellate>1</tessellate>
<coordinates> 174.358950,-39.230413 174.358872,-39.230214 174.358966,-39.230139 174.359050,-39.230167 174.359147,-39.230238 174.359222,-39.230318 174.359071,-39.230441 174.358950,-39.230413</coordinates>
</LinearRing>
</outerBoundaryIs>
</Polygon>
</Placemark>
<Placemark><name />
<styleUrl>#nz-lake-polygons-topo-150kId</styleUrl>
<ExtendedData><SchemaData schemaUrl="#nz-lake-polygons-topo-150kId"><SimpleData name="t50_fid">8075289</SimpleData>
<SimpleData name="elevation">0</SimpleData>
<SimpleData name="grp_ascii" />
<SimpleData name="grp_name" />
<SimpleData name="perennial" />
<SimpleData name="temperatur" />
<SimpleData name="lake_use" />
<SimpleData name="name_ascii" />
<SimpleData name="macronated">N</SimpleData>
<SimpleData name="name" />
<SimpleData name="grp_macron">N</SimpleData>
</SchemaData>
</ExtendedData>
<Polygon><outerBoundaryIs><LinearRing><tessellate>1</tessellate>
<coordinates> 174.361468,-39.221996 174.361423,-39.222021 174.361426,-39.222061 174.361504,-39.222089 174.361585,-39.222119 174.361640,-39.222194 174.361649,-39.222345 174.361584,-39.222510 174.361567,-39.222524 174.361550,-39.222519 174.361503,-39.222496 174.361431,-39.222434 174.361412,-39.222350 174.361430,-39.222263 174.361372,-39.222179 174.361299,-39.222118 174.361275,-39.222083 174.361275,-39.222040 174.361433,-39.221981 174.361468,-39.221996</coordinates>
</LinearRing>
</outerBoundaryIs>
</Polygon>
</Placemark>
<Placemark><name />
<styleUrl>#nz-lake-polygons-topo-150kId</styleUrl>
<ExtendedData><SchemaData schemaUrl="#nz-lake-polygons-topo-150kId"><SimpleData name="t50_fid">5037446</SimpleData>
<SimpleData name="elevation">0</SimpleData>
<SimpleData name="grp_ascii" />
<SimpleData name="grp_name" />
<SimpleData name="perennial" />
<SimpleData name="temperatur" />
<SimpleData name="lake_use" />
<SimpleData name="name_ascii" />
<SimpleData name="macronated">N</SimpleData>
<SimpleData name="name" />
<SimpleData name="grp_macron">N</SimpleData>
</SchemaData>
</ExtendedData>
<Polygon><outerBoundaryIs><LinearRing><tessellate>1</tessellate>
<coordinates> 174.346967,-39.207989 174.347285,-39.207826 174.347630,-39.207752 174.347973,-39.207779 174.347752,-39.207931 174.347521,-39.207957 174.347244,-39.208108 174.346967,-39.207989</coordinates>
</LinearRing>
</outerBoundaryIs>
</Polygon>
</Placemark>
<Placemark><name />
<styleUrl>#nz-lake-polygons-topo-150kId</styleUrl>
<ExtendedData><SchemaData schemaUrl="#nz-lake-polygons-topo-150kId"><SimpleData name="t50_fid">5037447</SimpleData>
<SimpleData name="elevation">0</SimpleData>
<SimpleData name="grp_ascii" />
<SimpleData name="grp_name" />
<SimpleData name="perennial" />
<SimpleData name="temperatur" />
<SimpleData name="lake_use" />
<SimpleData name="name_ascii" />
<SimpleData name="macronated">N</SimpleData>
<SimpleData name="name" />
<SimpleData name="grp_macron">N</SimpleData>
</SchemaData>
</ExtendedData>
<Polygon><outerBoundaryIs><LinearRing><tessellate>1</tessellate>
<coordinates> 174.348993,-39.206468 174.348943,-39.206620 174.348653,-39.206044 174.348476,-39.205889 174.348470,-39.205732 174.348578,-39.205641 174.348879,-39.205860 174.349008,-39.206151 174.348993,-39.206468</coordinates>
</LinearRing>
</outerBoundaryIs>
</Polygon>
</Placemark>
<Placemark><name />
<styleUrl>#nz-lake-polygons-topo-150kId</styleUrl>
<ExtendedData><SchemaData schemaUrl="#nz-lake-polygons-topo-150kId"><SimpleData name="t50_fid">100001585</SimpleData>
<SimpleData name="elevation">0</SimpleData>
<SimpleData name="grp_ascii" />
<SimpleData name="grp_name" />
<SimpleData name="perennial" />
<SimpleData name="temperatur" />
<SimpleData name="lake_use" />
<SimpleData name="name_ascii">Lake Rotorangi</SimpleData>
<SimpleData name="macronated">N</SimpleData>
<SimpleData name="name">Lake Rotorangi</SimpleData>
<SimpleData name="grp_macron">N</SimpleData>
</SchemaData>
</ExtendedData>
<MultiGeometry><Polygon><outerBoundaryIs><LinearRing><tessellate>1</tessellate>
<coordinates> 174.493490,-39.495787 174.492990,-39.495638 174.492634,-39.495397 174.492271,-39.494930 174.492177,-39.494707 174.492136,-39.494325 174.492269,-39.493917 174.492889,-39.493297 174.493000,-39.493137 174.493189,-39.492638 174.493239,-39.492366 174.493229,-39.492073 174.493079,-39.491918 174.492814,-39.491810 174.491594,-39.491834 174.491421,-39.491927 174.491334,-39.491928 174.491270,-39.491726 174.491151,-39.491639 174.490828,-39.491555 174.489811,-39.491042 174.489703,-39.490914 174.489919,-39.490954 174.490524,-39.491132 174.491202,-39.491413 174.491553,-39.491474 174.492163,-39.491440 174.492457,-39.491524 174.493183,-39.491511 174.493600,-39.491819 174.493891,-39.491836 174.494049,-39.491756 174.494049,-39.495860 174.493490,-39.495787</coordinates>
</LinearRing>
</outerBoundaryIs>
</Polygon>
<Polygon><outerBoundaryIs><LinearRing><tessellate>1</tessellate>
<coordinates> 174.493621,-39.484294 174.492986,-39.484560 174.491946,-39.484951 174.491437,-39.484837 174.490763,-39.484701 174.490230,-39.484588 174.489689,-39.484064 174.489988,-39.483766 174.489860,-39.483380 174.489919,-39.483060 174.490113,-39.482500 174.490297,-39.482258 174.490706,-39.481900 174.490821,-39.481481 174.490595,-39.481389 174.489969,-39.481303 174.490930,-39.481085 174.491196,-39.480842 174.491411,-39.480471 174.491534,-39.480161 174.491709,-39.479772 174.491747,-39.479600 174.491728,-39.479284 174.491595,-39.479123 174.491112,-39.479120 174.490802,-39.478928 174.490405,-39.478582 174.490033,-39.478270 174.489857,-39.477737 174.489790,-39.477361 174.489746,-39.476993 174.489740,-39.476988 174.489752,-39.476979 174.489737,-39.476751 174.489684,-39.476524 174.489589,-39.476473 174.489526,-39.476465 174.489368,-39.476435 174.489293,-39.476399 174.489120,-39.476381 174.489193,-39.476348 174.489245,-39.476327 174.489462,-39.476198 174.489578,-39.476196 174.489703,-39.476158 174.489665,-39.476126 174.489532,-39.476006 174.489431,-39.475958 174.489376,-39.475857 174.489258,-39.475716 174.489204,-39.475664 174.489235,-39.475615 174.489324,-39.475605 174.489423,-39.475596 174.489502,-39.475583 174.489591,-39.475602 174.489661,-39.475674 174.489710,-39.475735 174.489832,-39.475819 174.489885,-39.475818 174.489958,-39.475797 174.490002,-39.475650 174.490077,-39.475486 174.490100,-39.475315 174.490093,-39.475254 174.490051,-39.475238 174.490019,-39.475226 174.489946,-39.475227 174.489898,-39.475212 174.489856,-39.475196 174.489812,-39.475140 174.489821,-39.475058 174.489854,-39.475014 174.489857,-39.475013 174.489858,-39.475009 174.489871,-39.474923 174.489811,-39.474851 174.489858,-39.474826 174.489906,-39.474870 174.490088,-39.475014 174.490119,-39.475018 174.490304,-39.474584 174.490416,-39.474396 174.490389,-39.474271 174.490393,-39.474266 174.490079,-39.473924 174.490078,-39.473342 174.489948,-39.472247 174.489645,-39.471785 174.489232,-39.471242 174.488768,-39.470486 174.488266,-39.470052 174.487694,-39.469734 174.487118,-39.469205 174.486745,-39.468816 174.486276,-39.468368 174.486426,-39.467649 174.486400,-39.467183 174.485990,-39.467029 174.485523,-39.467172 174.485023,-39.467201 174.484660,-39.467058 174.484098,-39.467111 174.483611,-39.467026 174.483129,-39.467135 174.482537,-39.467291 174.481918,-39.467583 174.481426,-39.468115 174.481176,-39.468283 174.481106,-39.468095 174.481254,-39.467895 174.481445,-39.467719 174.481878,-39.467465 174.482145,-39.467308 174.482866,-39.467096 174.483086,-39.466963 174.483476,-39.466842 174.483782,-39.466857 174.484391,-39.466985 174.484704,-39.466909 174.484986,-39.466972 174.485779,-39.466749 174.486111,-39.466845 174.486552,-39.467010 174.486705,-39.466815 174.487168,-39.465982 174.487596,-39.465521 174.488011,-39.465186 174.488484,-39.464656 174.488918,-39.463869 174.489252,-39.463421 174.489712,-39.462832 174.490329,-39.462451 174.490591,-39.462278 174.490754,-39.462116 174.491244,-39.461723 174.491982,-39.460966 174.492581,-39.460595 174.493538,-39.459563 174.493648,-39.459359 174.493761,-39.459029 174.493880,-39.458526 174.493832,-39.458053 174.493374,-39.457518 174.492973,-39.457077 174.492613,-39.456784 174.491975,-39.456548 174.491399,-39.456583 174.490662,-39.456918 174.490372,-39.457246 174.489536,-39.458164 174.489359,-39.458586 174.489259,-39.459371 174.488990,-39.460074 174.488795,-39.460463 174.488707,-39.460624 174.488428,-39.461056 174.487560,-39.461924 174.487354,-39.462146 174.487231,-39.462344 174.486155,-39.463242 174.485738,-39.463450 174.484835,-39.463647 174.484216,-39.463626 174.483786,-39.463444 174.483009,-39.463337 174.482107,-39.463443 174.480814,-39.463366 174.480248,-39.463343 174.479712,-39.463215 174.478984,-39.463085 174.478627,-39.463014 174.478450,-39.463043 174.478328,-39.463239 174.478400,-39.463475 174.478036,-39.463870 174.477559,-39.464252 174.477255,-39.464522 174.476794,-39.465296 174.476667,-39.464587 174.476446,-39.464272 174.476548,-39.464213 174.476713,-39.464136 174.477133,-39.464067 174.477396,-39.463903 174.477620,-39.463754 174.477775,-39.463634 174.477964,-39.463506 174.478187,-39.463472 174.478226,-39.463229 174.478220,-39.462860 174.477410,-39.462754 174.476724,-39.462387 174.475888,-39.461869 174.475447,-39.461605 174.475234,-39.461235 174.475361,-39.460902 174.475639,-39.460493 174.475795,-39.460358 174.476119,-39.460267 174.476445,-39.460240 174.476750,-39.459958 174.476802,-39.459732 174.477032,-39.459439 174.477135,-39.459778 174.477186,-39.459973 174.477305,-39.460061 174.477978,-39.460206 174.478736,-39.460282 174.479695,-39.460288 174.480424,-39.460365 174.481238,-39.460373 174.481731,-39.460296 174.482191,-39.460152 174.483497,-39.460061 174.483665,-39.459900 174.483884,-39.459446 174.484139,-39.458999 174.484771,-39.458989 174.484796,-39.459812 174.484689,-39.460107 174.484493,-39.460336 174.484095,-39.460636 174.483836,-39.460774 174.483456,-39.460769 174.482759,-39.460851 174.481534,-39.460888 174.480695,-39.460941 174.479882,-39.460951 174.478813,-39.460955 174.477771,-39.460875 174.477085,-39.460781 174.476373,-39.460832 174.476149,-39.460990 174.476414,-39.461361 174.476568,-39.461652 174.476777,-39.461828 174.478248,-39.462387 174.479589,-39.462565 174.480526,-39.462773 174.480846,-39.462768 174.481226,-39.462852 174.481867,-39.462907 174.483522,-39.462855 174.484652,-39.462722 174.485341,-39.462439 174.485683,-39.462230 174.486391,-39.461608 174.487849,-39.460292 174.487738,-39.460007 174.488019,-39.459663 174.488375,-39.458982 174.488577,-39.458596 174.488693,-39.458122 174.488898,-39.457681 174.489509,-39.456821 174.489598,-39.456732 174.489912,-39.456419 174.490313,-39.456119 174.490602,-39.455939 174.490945,-39.455779 174.491227,-39.455665 174.491420,-39.455641 174.491626,-39.455507 174.491730,-39.455268 174.491845,-39.454968 174.491942,-39.454720 174.491700,-39.454518 174.491835,-39.454256 174.491787,-39.454127 174.491749,-39.454027 174.492173,-39.453682 174.492592,-39.453535 174.492719,-39.453433 174.492835,-39.453319 174.492865,-39.453184 174.493195,-39.452996 174.493443,-39.452616 174.493471,-39.453057 174.493274,-39.453243 174.492864,-39.453533 174.492350,-39.454062 174.492237,-39.454240 174.492121,-39.454460 174.492034,-39.454820 174.491972,-39.455090 174.491952,-39.455313 174.491835,-39.455436 174.491807,-39.455492 174.491907,-39.455550 174.492046,-39.455513 174.492517,-39.455667 174.492798,-39.455725 174.493145,-39.455927 174.493377,-39.456233 174.493644,-39.456605 174.494046,-39.456994 174.494046,-39.460766 174.492595,-39.461757 174.491611,-39.462566 174.490352,-39.463653 174.489656,-39.464709 174.488611,-39.465804 174.488301,-39.466125 174.488010,-39.466399 174.487646,-39.466950 174.487504,-39.467612 174.487637,-39.467952 174.487803,-39.468359 174.488655,-39.469160 174.489295,-39.470162 174.489841,-39.470712 174.490017,-39.470938 174.490253,-39.471254 174.490408,-39.471381 174.490546,-39.471696 174.490596,-39.471772 174.490783,-39.472058 174.490802,-39.472086 174.491123,-39.472762 174.491280,-39.473128 174.491346,-39.473282 174.491470,-39.473447 174.491516,-39.474483 174.491505,-39.474990 174.491339,-39.475508 174.491101,-39.476444 174.491010,-39.476625 174.491123,-39.476878 174.491271,-39.476716 174.491525,-39.476482 174.491686,-39.476263 174.491754,-39.476179 174.492260,-39.476102 174.492948,-39.475906 174.493857,-39.475558 174.494047,-39.475524 174.494047,-39.475821 174.494011,-39.475839 174.493598,-39.476059 174.493367,-39.476149 174.493179,-39.476207 174.492833,-39.476217 174.492110,-39.476311 174.491788,-39.476641 174.491455,-39.477031 174.491281,-39.477170 174.491893,-39.477667 174.491846,-39.477681 174.492259,-39.477701 174.492405,-39.477913 174.492402,-39.478324 174.493026,-39.478855 174.493415,-39.479390 174.493264,-39.480252 174.493254,-39.480398 174.493243,-39.480523 174.493105,-39.480821 174.492517,-39.481367 174.491911,-39.482411 174.491744,-39.482544 174.491195,-39.483011 174.491004,-39.483293 174.490994,-39.483697 174.491162,-39.483831 174.491560,-39.483983 174.491684,-39.483996 174.491804,-39.484019 174.492088,-39.483996 174.492286,-39.483901 174.492585,-39.483756 174.492989,-39.483625 174.493349,-39.483513 174.493818,-39.483371 174.494048,-39.483247 174.494048,-39.484236 174.493621,-39.484294</coordinates>
</LinearRing>
</outerBoundaryIs>
</Polygon>
</MultiGeometry>
</Placemark>
<Placemark><name />
<styleUrl>#nz-lake-polygons-topo-150kId</styleUrl>
<ExtendedData><SchemaData schemaUrl="#nz-lake-polygons-topo-150kId"><SimpleData name="t50_fid">5037550</SimpleData>
<SimpleData name="elevation">0</SimpleData>
<SimpleData name="grp_ascii" />
<SimpleData name="grp_name" />
<SimpleData name="perennial" />
<SimpleData name="temperatur" />
<SimpleData name="lake_use" />
<SimpleData name="name_ascii" />
<SimpleData name="macronated">N</SimpleData>
<SimpleData name="name" />
<SimpleData name="grp_macron">N</SimpleData>
</SchemaData>
</ExtendedData>
<Polygon><outerBoundaryIs><LinearRing><tessellate>1</tessellate>
<coordinates> 174.438643,-39.254393 174.438721,-39.254075 174.438862,-39.253915 174.439314,-39.253935 174.439186,-39.254112 174.438986,-39.254184 174.438994,-39.254454 174.438691,-39.254665 174.438643,-39.254393</coordinates>
</LinearRing>
</outerBoundaryIs>
</Polygon>
</Placemark>
<Placemark><name />
<styleUrl>#nz-lake-polygons-topo-150kId</styleUrl>
<ExtendedData><SchemaData schemaUrl="#nz-lake-polygons-topo-150kId"><SimpleData name="t50_fid">5037573</SimpleData>
<SimpleData name="elevation">0</SimpleData>
<SimpleData name="grp_ascii" />
<SimpleData name="grp_name" />
<SimpleData name="perennial" />
<SimpleData name="temperatur" />
<SimpleData name="lake_use" />
<SimpleData name="name_ascii" />
<SimpleData name="macronated">N</SimpleData>
<SimpleData name="name" />
<SimpleData name="grp_macron">N</SimpleData>
</SchemaData>
</ExtendedData>
<Polygon><outerBoundaryIs><LinearRing><tessellate>1</tessellate>
<coordinates> 174.405097,-39.194625 174.405243,-39.194450 174.405473,-39.194596 174.405480,-39.194844 174.405341,-39.195049 174.405095,-39.195016 174.405097,-39.194625</coordinates>
</LinearRing>
</outerBoundaryIs>
</Polygon>
</Placemark>
<Placemark><name />
<styleUrl>#nz-lake-polygons-topo-150kId</styleUrl>
<ExtendedData><SchemaData schemaUrl="#nz-lake-polygons-topo-150kId"><SimpleData name="t50_fid">5037549</SimpleData>
<SimpleData name="elevation">0</SimpleData>
<SimpleData name="grp_ascii" />
<SimpleData name="grp_name" />
<SimpleData name="perennial" />
<SimpleData name="temperatur" />
<SimpleData name="lake_use" />
<SimpleData name="name_ascii" />
<SimpleData name="macronated">N</SimpleData>
<SimpleData name="name" />
<SimpleData name="grp_macron">N</SimpleData>
</SchemaData>
</ExtendedData>
<Polygon><outerBoundaryIs><LinearRing><tessellate>1</tessellate>
<coordinates> 174.410674,-39.258267 174.410853,-39.258422 174.411005,-39.258689 174.411299,-39.258922 174.411129,-39.258958 174.410716,-39.258695 174.410433,-39.258204 174.410674,-39.258267</coordinates>
</LinearRing>
</outerBoundaryIs>
</Polygon>
</Placemark>
<Placemark><name />
<styleUrl>#nz-lake-polygons-topo-150kId</styleUrl>
<ExtendedData><SchemaData schemaUrl="#nz-lake-polygons-topo-150kId"><SimpleData name="t50_fid">5037574</SimpleData>
<SimpleData name="elevation">0</SimpleData>
<SimpleData name="grp_ascii" />
<SimpleData name="grp_name" />
<SimpleData name="perennial" />
<SimpleData name="temperatur" />
<SimpleData name="lake_use" />
<SimpleData name="name_ascii" />
<SimpleData name="macronated">N</SimpleData>
<SimpleData name="name" />
<SimpleData name="grp_macron">N</SimpleData>
</SchemaData>
</ExtendedData>
<Polygon><outerBoundaryIs><LinearRing><tessellate>1</tessellate>
<coordinates> 174.406490,-39.164029 174.406775,-39.163990 174.406899,-39.164352 174.406749,-39.164549 174.406604,-39.164529 174.406242,-39.164249 174.406490,-39.164029</coordinates>
</LinearRing>
</outerBoundaryIs>
</Polygon>
</Placemark>
<Placemark><name />
<styleUrl>#nz-lake-polygons-topo-150kId</styleUrl>
<ExtendedData><SchemaData schemaUrl="#nz-lake-polygons-topo-150kId"><SimpleData name="t50_fid">5037583</SimpleData>
<SimpleData name="elevation">0</SimpleData>
<SimpleData name="grp_ascii" />
<SimpleData name="grp_name" />
<SimpleData name="perennial" />
<SimpleData name="temperatur" />
<SimpleData name="lake_use" />
<SimpleData name="name_ascii" />
<SimpleData name="macronated">N</SimpleData>
<SimpleData name="name" />
<SimpleData name="grp_macron">N</SimpleData>
</SchemaData>
</ExtendedData>
<Polygon><outerBoundaryIs><LinearRing><tessellate>1</tessellate>
<coordinates> 174.404758,-39.120067 174.404847,-39.120133 174.404850,-39.120223 174.404737,-39.120338 174.404607,-39.120328 174.404537,-39.120305 174.404416,-39.120253 174.404384,-39.120033 174.404758,-39.120067</coordinates>
</LinearRing>
</outerBoundaryIs>
</Polygon>
</Placemark>
<Placemark><name />
<styleUrl>#nz-lake-polygons-topo-150kId</styleUrl>
<ExtendedData><SchemaData schemaUrl="#nz-lake-polygons-topo-150kId"><SimpleData name="t50_fid">7966250</SimpleData>
<SimpleData name="elevation">0</SimpleData>
<SimpleData name="grp_ascii" />
<SimpleData name="grp_name" />
<SimpleData name="perennial" />
<SimpleData name="temperatur" />
<SimpleData name="lake_use" />
<SimpleData name="name_ascii" />
<SimpleData name="macronated">N</SimpleData>
<SimpleData name="name" />
<SimpleData name="grp_macron">N</SimpleData>
</SchemaData>
</ExtendedData>
<Polygon><outerBoundaryIs><LinearRing><tessellate>1</tessellate>
<coordinates> 174.434411,-39.115615 174.434343,-39.115701 174.434221,-39.115700 174.434167,-39.115602 174.434156,-39.115504 174.434074,-39.115458 174.434012,-39.115401 174.434048,-39.115366 174.434080,-39.115366 174.434142,-39.115397 174.434330,-39.115451 174.434432,-39.115444 174.434482,-39.115519 174.434455,-39.115555 174.434411,-39.115615</coordinates>
</LinearRing>
</outerBoundaryIs>
</Polygon>
</Placemark>
<Placemark><name />
<styleUrl>#nz-lake-polygons-topo-150kId</styleUrl>
<ExtendedData><SchemaData schemaUrl="#nz-lake-polygons-topo-150kId"><SimpleData name="t50_fid">5037599</SimpleData>
<SimpleData name="elevation">0</SimpleData>
<SimpleData name="grp_ascii" />
<SimpleData name="grp_name" />
<SimpleData name="perennial" />
<SimpleData name="temperatur" />
<SimpleData name="lake_use" />
<SimpleData name="name_ascii" />
<SimpleData name="macronated">N</SimpleData>
<SimpleData name="name" />
<SimpleData name="grp_macron">N</SimpleData>
</SchemaData>
</ExtendedData>
<Polygon><outerBoundaryIs><LinearRing><tessellate>1</tessellate>
<coordinates> 174.436529,-39.083163 174.436629,-39.083127 174.436767,-39.083230 174.436529,-39.083163</coordinates>
</LinearRing>
</outerBoundaryIs>
</Polygon>
</Placemark>
<Placemark><name />
<styleUrl>#nz-lake-polygons-topo-150kId</styleUrl>
<ExtendedData><SchemaData schemaUrl="#nz-lake-polygons-topo-150kId"><SimpleData name="t50_fid">5037600</SimpleData>
<SimpleData name="elevation">0</SimpleData>
<SimpleData name="grp_ascii" />
<SimpleData name="grp_name" />
<SimpleData name="perennial" />
<SimpleData name="temperatur" />
<SimpleData name="lake_use" />
<SimpleData name="name_ascii" />
<SimpleData name="macronated">N</SimpleData>
<SimpleData name="name" />
<SimpleData name="grp_macron">N</SimpleData>
</SchemaData>
</ExtendedData>
<Polygon><outerBoundaryIs><LinearRing><tessellate>1</tessellate>
<coordinates> 174.440210,-39.082711 174.440143,-39.082612 174.440294,-39.082543 174.440431,-39.082644 174.440210,-39.082711</coordinates>
</LinearRing>
</outerBoundaryIs>
</Polygon>
</Placemark>
<Placemark><name />
<styleUrl>#nz-lake-polygons-topo-150kId</styleUrl>
<ExtendedData><SchemaData schemaUrl="#nz-lake-polygons-topo-150kId"><SimpleData name="t50_fid">5037594</SimpleData>
<SimpleData name="elevation">0</SimpleData>
<SimpleData name="grp_ascii" />
<SimpleData name="grp_name" />
<SimpleData name="perennial" />
<SimpleData name="temperatur" />
<SimpleData name="lake_use" />
<SimpleData name="name_ascii" />
<SimpleData name="macronated">N</SimpleData>
<SimpleData name="name" />
<SimpleData name="grp_macron">N</SimpleData>
</SchemaData>
</ExtendedData>
<Polygon><outerBoundaryIs><LinearRing><tessellate>1</tessellate>
<coordinates> 174.444755,-39.115505 174.444552,-39.115486 174.444302,-39.115335 174.444574,-39.115155 174.445139,-39.115059 174.444755,-39.115505</coordinates>
</LinearRing>
</outerBoundaryIs>
</Polygon>
</Placemark>
<Placemark><name />
<styleUrl>#nz-lake-polygons-topo-150kId</styleUrl>
<ExtendedData><SchemaData schemaUrl="#nz-lake-polygons-topo-150kId"><SimpleData name="t50_fid">7966259</SimpleData>
<SimpleData name="elevation">0</SimpleData>
<SimpleData name="grp_ascii" />
<SimpleData name="grp_name" />
<SimpleData name="perennial" />
<SimpleData name="temperatur" />
<SimpleData name="lake_use" />
<SimpleData name="name_ascii" />
<SimpleData name="macronated">N</SimpleData>
<SimpleData name="name" />
<SimpleData name="grp_macron">N</SimpleData>
</SchemaData>
</ExtendedData>
<Polygon><outerBoundaryIs><LinearRing><tessellate>1</tessellate>
<coordinates> 174.472216,-38.934489 174.472121,-38.934732 174.471891,-38.934689 174.471934,-38.934541 174.471975,-38.934453 174.472216,-38.934489</coordinates>
</LinearRing>
</outerBoundaryIs>
</Polygon>
</Placemark>
<Placemark><name />
<styleUrl>#nz-lake-polygons-topo-150kId</styleUrl>
<ExtendedData><SchemaData schemaUrl="#nz-lake-polygons-topo-150kId"><SimpleData name="t50_fid">7966258</SimpleData>
<SimpleData name="elevation">0</SimpleData>
<SimpleData name="grp_ascii" />
<SimpleData name="grp_name" />
<SimpleData name="perennial" />
<SimpleData name="temperatur" />
<SimpleData name="lake_use" />
<SimpleData name="name_ascii" />
<SimpleData name="macronated">N</SimpleData>
<SimpleData name="name" />
<SimpleData name="grp_macron">N</SimpleData>
</SchemaData>
</ExtendedData>
<Polygon><outerBoundaryIs><LinearRing><tessellate>1</tessellate>
<coordinates> 174.472165,-38.935192 174.472108,-38.935287 174.472064,-38.935336 174.471954,-38.935377 174.471810,-38.935280 174.472026,-38.934967 174.472072,-38.934941 174.472188,-38.934960 174.472165,-38.935192</coordinates>
</LinearRing>
</outerBoundaryIs>
</Polygon>
</Placemark>
<Placemark><name />
<styleUrl>#nz-lake-polygons-topo-150kId</styleUrl>
<ExtendedData><SchemaData schemaUrl="#nz-lake-polygons-topo-150kId"><SimpleData name="t50_fid">7966257</SimpleData>
<SimpleData name="elevation">0</SimpleData>
<SimpleData name="grp_ascii" />
<SimpleData name="grp_name" />
<SimpleData name="perennial" />
<SimpleData name="temperatur" />
<SimpleData name="lake_use" />
<SimpleData name="name_ascii" />
<SimpleData name="macronated">N</SimpleData>
<SimpleData name="name" />
<SimpleData name="grp_macron">N</SimpleData>
</SchemaData>
</ExtendedData>
<Polygon><outerBoundaryIs><LinearRing><tessellate>1</tessellate>
<coordinates> 174.470514,-38.935617 174.470610,-38.935697 174.470679,-38.935780 174.470748,-38.935879 174.470585,-38.936002 174.470396,-38.935791 174.470181,-38.935604 174.470364,-38.935477 174.470514,-38.935617</coordinates>
</LinearRing>
</outerBoundaryIs>
</Polygon>
</Placemark>
<Placemark><name />
<styleUrl>#nz-lake-polygons-topo-150kId</styleUrl>
<ExtendedData><SchemaData schemaUrl="#nz-lake-polygons-topo-150kId"><SimpleData name="t50_fid">5037663</SimpleData>
<SimpleData name="elevation">0</SimpleData>
<SimpleData name="grp_ascii" />
<SimpleData name="grp_name" />
<SimpleData name="perennial" />
<SimpleData name="temperatur" />
<SimpleData name="lake_use" />
<SimpleData name="name_ascii" />
<SimpleData name="macronated">N</SimpleData>
<SimpleData name="name" />
<SimpleData name="grp_macron">N</SimpleData>
</SchemaData>
</ExtendedData>
<Polygon><outerBoundaryIs><LinearRing><tessellate>1</tessellate>
<coordinates> 174.463489,-38.947742 174.463748,-38.947737 174.463477,-38.947915 174.463489,-38.947742</coordinates>
</LinearRing>
</outerBoundaryIs>
</Polygon>
</Placemark>
<Placemark><name />
<styleUrl>#nz-lake-polygons-topo-150kId</styleUrl>
<ExtendedData><SchemaData schemaUrl="#nz-lake-polygons-topo-150kId"><SimpleData name="t50_fid">5037662</SimpleData>
<SimpleData name="elevation">0</SimpleData>
<SimpleData name="grp_ascii" />
<SimpleData name="grp_name" />
<SimpleData name="perennial" />
<SimpleData name="temperatur" />
<SimpleData name="lake_use" />
<SimpleData name="name_ascii" />
<SimpleData name="macronated">N</SimpleData>
<SimpleData name="name" />
<SimpleData name="grp_macron">N</SimpleData>
</SchemaData>
</ExtendedData>
<Polygon><outerBoundaryIs><LinearRing><tessellate>1</tessellate>
<coordinates> 174.463585,-38.948079 174.463529,-38.948124 174.463385,-38.948127 174.463324,-38.948015 174.463477,-38.947915 174.463585,-38.948079</coordinates>
</LinearRing>
</outerBoundaryIs>
</Polygon>
</Placemark>
<Placemark><name />
<styleUrl>#nz-lake-polygons-topo-150kId</styleUrl>
<ExtendedData><SchemaData schemaUrl="#nz-lake-polygons-topo-150kId"><SimpleData name="t50_fid">7966256</SimpleData>
<SimpleData name="elevation">0</SimpleData>
<SimpleData name="grp_ascii" />
<SimpleData name="grp_name" />
<SimpleData name="perennial" />
<SimpleData name="temperatur" />
<SimpleData name="lake_use" />
<SimpleData name="name_ascii" />
<SimpleData name="macronated">N</SimpleData>
<SimpleData name="name" />
<SimpleData name="grp_macron">N</SimpleData>
</SchemaData>
</ExtendedData>
<Polygon><outerBoundaryIs><LinearRing><tessellate>1</tessellate>
<coordinates> 174.478758,-38.945072 174.478853,-38.945180 174.478670,-38.945309 174.478475,-38.945227 174.478455,-38.945173 174.478470,-38.945138 174.478643,-38.945017 174.478758,-38.945072</coordinates>
</LinearRing>
</outerBoundaryIs>
</Polygon>
</Placemark>
<Placemark><name />
<styleUrl>#nz-lake-polygons-topo-150kId</styleUrl>
<ExtendedData><SchemaData schemaUrl="#nz-lake-polygons-topo-150kId"><SimpleData name="t50_fid">7966255</SimpleData>
<SimpleData name="elevation">0</SimpleData>
<SimpleData name="grp_ascii" />
<SimpleData name="grp_name" />
<SimpleData name="perennial" />
<SimpleData name="temperatur" />
<SimpleData name="lake_use" />
<SimpleData name="name_ascii" />
<SimpleData name="macronated">N</SimpleData>
<SimpleData name="name" />
<SimpleData name="grp_macron">N</SimpleData>
</SchemaData>
</ExtendedData>
<Polygon><outerBoundaryIs><LinearRing><tessellate>1</tessellate>
<coordinates> 174.478425,-38.945014 174.478442,-38.945041 174.478069,-38.945366 174.477980,-38.945305 174.478122,-38.945101 174.478273,-38.944943 174.478425,-38.945014</coordinates>
</LinearRing>
</outerBoundaryIs>
</Polygon>
</Placemark>
<Placemark><name />
<styleUrl>#nz-lake-polygons-topo-150kId</styleUrl>
<ExtendedData><SchemaData schemaUrl="#nz-lake-polygons-topo-150kId"><SimpleData name="t50_fid">5037467</SimpleData>
<SimpleData name="elevation">0</SimpleData>
<SimpleData name="grp_ascii" />
<SimpleData name="grp_name" />
<SimpleData name="perennial" />
<SimpleData name="temperatur" />
<SimpleData name="lake_use" />
<SimpleData name="name_ascii" />
<SimpleData name="macronated">N</SimpleData>
<SimpleData name="name" />
<SimpleData name="grp_macron">N</SimpleData>
</SchemaData>
</ExtendedData>
<Polygon><outerBoundaryIs><LinearRing><tessellate>1</tessellate>
<coordinates> 174.297643,-39.177649 174.297871,-39.177487 174.298189,-39.177482 174.298481,-39.177544 174.298712,-39.177541 174.298883,-39.177425 174.299028,-39.177490 174.299032,-39.177625 174.298179,-39.178158 174.298006,-39.178206 174.297704,-39.178051 174.297643,-39.177649</coordinates>
</LinearRing>
</outerBoundaryIs>
</Polygon>
</Placemark>
<Placemark><name />
<styleUrl>#nz-lake-polygons-topo-150kId</styleUrl>
<ExtendedData><SchemaData schemaUrl="#nz-lake-polygons-topo-150kId"><SimpleData name="t50_fid">5037470</SimpleData>
<SimpleData name="elevation">0</SimpleData>
<SimpleData name="grp_ascii" />
<SimpleData name="grp_name" />
<SimpleData name="perennial" />
<SimpleData name="temperatur" />
<SimpleData name="lake_use" />
<SimpleData name="name_ascii" />
<SimpleData name="macronated">N</SimpleData>
<SimpleData name="name" />
<SimpleData name="grp_macron">N</SimpleData>
</SchemaData>
</ExtendedData>
<Polygon><outerBoundaryIs><LinearRing><tessellate>1</tessellate>
<coordinates> 174.301966,-39.158483 174.301959,-39.158243 174.302164,-39.158345 174.302195,-39.158412 174.302082,-39.158527 174.301966,-39.158483</coordinates>
</LinearRing>
</outerBoundaryIs>
</Polygon>
</Placemark>
<Placemark><name />
<styleUrl>#nz-lake-polygons-topo-150kId</styleUrl>
<ExtendedData><SchemaData schemaUrl="#nz-lake-polygons-topo-150kId"><SimpleData name="t50_fid">5037469</SimpleData>
<SimpleData name="elevation">0</SimpleData>
<SimpleData name="grp_ascii" />
<SimpleData name="grp_name" />
<SimpleData name="perennial" />
<SimpleData name="temperatur" />
<SimpleData name="lake_use" />
<SimpleData name="name_ascii" />
<SimpleData name="macronated">N</SimpleData>
<SimpleData name="name" />
<SimpleData name="grp_macron">N</SimpleData>
</SchemaData>
</ExtendedData>
<Polygon><outerBoundaryIs><LinearRing><tessellate>1</tessellate>
<coordinates> 174.321445,-39.167812 174.321444,-39.167970 174.321314,-39.168064 174.321163,-39.168028 174.321122,-39.167943 174.321234,-39.167842 174.321377,-39.167710 174.321445,-39.167812</coordinates>
</LinearRing>
</outerBoundaryIs>
</Polygon>
</Placemark>
<Placemark><name />
<styleUrl>#nz-lake-polygons-topo-150kId</styleUrl>
<ExtendedData><SchemaData schemaUrl="#nz-lake-polygons-topo-150kId"><SimpleData name="t50_fid">5037468</SimpleData>
<SimpleData name="elevation">0</SimpleData>
<SimpleData name="grp_ascii" />
<SimpleData name="grp_name" />
<SimpleData name="perennial" />
<SimpleData name="temperatur" />
<SimpleData name="lake_use" />
<SimpleData name="name_ascii" />
<SimpleData name="macronated">N</SimpleData>
<SimpleData name="name" />
<SimpleData name="grp_macron">N</SimpleData>
</SchemaData>
</ExtendedData>
<Polygon><outerBoundaryIs><LinearRing><tessellate>1</tessellate>
<coordinates> 174.314954,-39.167275 174.315115,-39.166974 174.315210,-39.167113 174.315168,-39.167359 174.314954,-39.167275</coordinates>
</LinearRing>
</outerBoundaryIs>
</Polygon>
</Placemark>
<Placemark><name />
<styleUrl>#nz-lake-polygons-topo-150kId</styleUrl>
<ExtendedData><SchemaData schemaUrl="#nz-lake-polygons-topo-150kId"><SimpleData name="t50_fid">5037464</SimpleData>
<SimpleData name="elevation">0</SimpleData>
<SimpleData name="grp_ascii" />
<SimpleData name="grp_name" />
<SimpleData name="perennial" />
<SimpleData name="temperatur" />
<SimpleData name="lake_use" />
<SimpleData name="name_ascii" />
<SimpleData name="macronated">N</SimpleData>
<SimpleData name="name" />
<SimpleData name="grp_macron">N</SimpleData>
</SchemaData>
</ExtendedData>
<Polygon><outerBoundaryIs><LinearRing><tessellate>1</tessellate>
<coordinates> 174.321586,-39.186338 174.321378,-39.186368 174.321288,-39.186258 174.321282,-39.186050 174.321484,-39.185932 174.321598,-39.185959 174.321708,-39.186002 174.321749,-39.186204 174.321586,-39.186338</coordinates>
</LinearRing>
</outerBoundaryIs>
</Polygon>
</Placemark>
<Placemark><name />
<styleUrl>#nz-lake-polygons-topo-150kId</styleUrl>
<ExtendedData><SchemaData schemaUrl="#nz-lake-polygons-topo-150kId"><SimpleData name="t50_fid">5037465</SimpleData>
<SimpleData name="elevation">0</SimpleData>
<SimpleData name="grp_ascii" />
<SimpleData name="grp_name" />
<SimpleData name="perennial" />
<SimpleData name="temperatur" />
<SimpleData name="lake_use" />
<SimpleData name="name_ascii" />
<SimpleData name="macronated">N</SimpleData>
<SimpleData name="name" />
<SimpleData name="grp_macron">N</SimpleData>
</SchemaData>
</ExtendedData>
<Polygon><outerBoundaryIs><LinearRing><tessellate>1</tessellate>
<coordinates> 174.327348,-39.185757 174.327312,-39.186015 174.327213,-39.186151 174.326992,-39.186215 174.327348,-39.185757</coordinates>
</LinearRing>
</outerBoundaryIs>
</Polygon>
</Placemark>
<Placemark><name />
<styleUrl>#nz-lake-polygons-topo-150kId</styleUrl>
<ExtendedData><SchemaData schemaUrl="#nz-lake-polygons-topo-150kId"><SimpleData name="t50_fid">5037315</SimpleData>
<SimpleData name="elevation">0</SimpleData>
<SimpleData name="grp_ascii" />
<SimpleData name="grp_name" />
<SimpleData name="perennial" />
<SimpleData name="temperatur" />
<SimpleData name="lake_use" />
<SimpleData name="name_ascii" />
<SimpleData name="macronated">N</SimpleData>
<SimpleData name="name" />
<SimpleData name="grp_macron">N</SimpleData>
</SchemaData>
</ExtendedData>
<Polygon><outerBoundaryIs><LinearRing><tessellate>1</tessellate>
<coordinates> 174.393482,-39.310299 174.393685,-39.310273 174.393763,-39.310312 174.393885,-39.310411 174.393807,-39.310485 174.393689,-39.310509 174.393363,-39.310463 174.393482,-39.310299</coordinates>
</LinearRing>
</outerBoundaryIs>
</Polygon>
</Placemark>
<Placemark><name />
<styleUrl>#nz-lake-polygons-topo-150kId</styleUrl>
<ExtendedData><SchemaData schemaUrl="#nz-lake-polygons-topo-150kId"><SimpleData name="t50_fid">8075173</SimpleData>
<SimpleData name="elevation">0</SimpleData>
<SimpleData name="grp_ascii" />
<SimpleData name="grp_name" />
<SimpleData name="perennial" />
<SimpleData name="temperatur" />
<SimpleData name="lake_use" />
<SimpleData name="name_ascii" />
<SimpleData name="macronated">N</SimpleData>
<SimpleData name="name" />
<SimpleData name="grp_macron">N</SimpleData>
</SchemaData>
</ExtendedData>
<Polygon><outerBoundaryIs><LinearRing><tessellate>1</tessellate>
<coordinates> 174.378064,-39.317706 174.378018,-39.317666 174.378012,-39.317606 174.378034,-39.317574 174.378093,-39.317554 174.378168,-39.317549 174.378223,-39.317565 174.378244,-39.317612 174.378189,-39.317703 174.378158,-39.317740 174.378128,-39.317741 174.378064,-39.317706</coordinates>
</LinearRing>
</outerBoundaryIs>
</Polygon>
</Placemark>
<Placemark><name />
<styleUrl>#nz-lake-polygons-topo-150kId</styleUrl>
<ExtendedData><SchemaData schemaUrl="#nz-lake-polygons-topo-150kId"><SimpleData name="t50_fid">8075180</SimpleData>
<SimpleData name="elevation">0</SimpleData>
<SimpleData name="grp_ascii" />
<SimpleData name="grp_name" />
<SimpleData name="perennial" />
<SimpleData name="temperatur" />
<SimpleData name="lake_use" />
<SimpleData name="name_ascii" />
<SimpleData name="macronated">N</SimpleData>
<SimpleData name="name" />
<SimpleData name="grp_macron">N</SimpleData>
</SchemaData>
</ExtendedData>
<Polygon><outerBoundaryIs><LinearRing><tessellate>1</tessellate>
<coordinates> 174.364113,-39.288118 174.364244,-39.288127 174.364414,-39.288145 174.364523,-39.288027 174.364601,-39.287934 174.364642,-39.287891 174.364663,-39.287816 174.364755,-39.287790 174.364869,-39.287762 174.364926,-39.287697 174.364923,-39.287580 174.364989,-39.287497 174.365061,-39.287603 174.365132,-39.287652 174.365171,-39.287679 174.365218,-39.287775 174.365353,-39.287828 174.365518,-39.287764 174.365632,-39.287713 174.365829,-39.287641 174.366008,-39.287510 174.366127,-39.287529 174.365975,-39.287622 174.365821,-39.287733 174.365622,-39.287852 174.365438,-39.287939 174.365307,-39.287945 174.365121,-39.287900 174.365012,-39.287855 174.364911,-39.287915 174.364776,-39.288039 174.364603,-39.288194 174.364451,-39.288278 174.364273,-39.288300 174.364059,-39.288288 174.364016,-39.288244 174.364111,-39.288121 174.364113,-39.288118</coordinates>
</LinearRing>
</outerBoundaryIs>
</Polygon>
</Placemark>
<Placemark><name />
<styleUrl>#nz-lake-polygons-topo-150kId</styleUrl>
<ExtendedData><SchemaData schemaUrl="#nz-lake-polygons-topo-150kId"><SimpleData name="t50_fid">5037294</SimpleData>
<SimpleData name="elevation">0</SimpleData>
<SimpleData name="grp_ascii" />
<SimpleData name="grp_name" />
<SimpleData name="perennial" />
<SimpleData name="temperatur" />
<SimpleData name="lake_use" />
<SimpleData name="name_ascii" />
<SimpleData name="macronated">N</SimpleData>
<SimpleData name="name" />
<SimpleData name="grp_macron">N</SimpleData>
</SchemaData>
</ExtendedData>
<Polygon><outerBoundaryIs><LinearRing><tessellate>1</tessellate>
<coordinates> 174.354006,-39.326525 174.354000,-39.326345 174.354057,-39.326299 174.354204,-39.326364 174.354238,-39.326544 174.354124,-39.326636 174.354006,-39.326525</coordinates>
</LinearRing>
</outerBoundaryIs>
</Polygon>
</Placemark>
<Placemark><name />
<styleUrl>#nz-lake-polygons-topo-150kId</styleUrl>
<ExtendedData><SchemaData schemaUrl="#nz-lake-polygons-topo-150kId"><SimpleData name="t50_fid">5037303</SimpleData>
<SimpleData name="elevation">0</SimpleData>
<SimpleData name="grp_ascii" />
<SimpleData name="grp_name" />
<SimpleData name="perennial" />
<SimpleData name="temperatur" />
<SimpleData name="lake_use" />
<SimpleData name="name_ascii" />
<SimpleData name="macronated">N</SimpleData>
<SimpleData name="name" />
<SimpleData name="grp_macron">N</SimpleData>
</SchemaData>
</ExtendedData>
<Polygon><outerBoundaryIs><LinearRing><tessellate>1</tessellate>
<coordinates> 174.366369,-39.319600 174.366488,-39.319688 174.366785,-39.320164 174.366780,-39.320230 174.366419,-39.320365 174.366302,-39.320277 174.366178,-39.320031 174.366170,-39.319739 174.366282,-39.319601 174.366369,-39.319600</coordinates>
</LinearRing>
</outerBoundaryIs>
</Polygon>
</Placemark>
<Placemark><name />
<styleUrl>#nz-lake-polygons-topo-150kId</styleUrl>
<ExtendedData><SchemaData schemaUrl="#nz-lake-polygons-topo-150kId"><SimpleData name="t50_fid">8075184</SimpleData>
<SimpleData name="elevation">0</SimpleData>
<SimpleData name="grp_ascii" />
<SimpleData name="grp_name" />
<SimpleData name="perennial" />
<SimpleData name="temperatur" />
<SimpleData name="lake_use" />
<SimpleData name="name_ascii" />
<SimpleData name="macronated">N</SimpleData>
<SimpleData name="name" />
<SimpleData name="grp_macron">N</SimpleData>
</SchemaData>
</ExtendedData>
<Polygon><outerBoundaryIs><LinearRing><tessellate>1</tessellate>
<coordinates> 174.415263,-39.298637 174.415691,-39.298262 174.415803,-39.298292 174.415801,-39.298732 174.415550,-39.298814 174.415263,-39.298637</coordinates>
</LinearRing>
</outerBoundaryIs>
</Polygon>
</Placemark>
<Placemark><name />
<styleUrl>#nz-lake-polygons-topo-150kId</styleUrl>
<ExtendedData><SchemaData schemaUrl="#nz-lake-polygons-topo-150kId"><SimpleData name="t50_fid">5037348</SimpleData>
<SimpleData name="elevation">0</SimpleData>
<SimpleData name="grp_ascii" />
<SimpleData name="grp_name" />
<SimpleData name="perennial" />
<SimpleData name="temperatur" />
<SimpleData name="lake_use" />
<SimpleData name="name_ascii" />
<SimpleData name="macronated">N</SimpleData>
<SimpleData name="name" />
<SimpleData name="grp_macron">N</SimpleData>
</SchemaData>
</ExtendedData>
<Polygon><outerBoundaryIs><LinearRing><tessellate>1</tessellate>
<coordinates> 174.412995,-39.320364 174.412972,-39.320232 174.413020,-39.319893 174.413160,-39.319733 174.413247,-39.319732 174.413366,-39.319820 174.413289,-39.320159 174.413234,-39.320295 174.413177,-39.320379 174.413051,-39.320393 174.412995,-39.320364</coordinates>
</LinearRing>
</outerBoundaryIs>
</Polygon>
</Placemark>
<Placemark><name />
<styleUrl>#nz-lake-polygons-topo-150kId</styleUrl>
<ExtendedData><SchemaData schemaUrl="#nz-lake-polygons-topo-150kId"><SimpleData name="t50_fid">5037347</SimpleData>
<SimpleData name="elevation">0</SimpleData>
<SimpleData name="grp_ascii" />
<SimpleData name="grp_name" />
<SimpleData name="perennial" />
<SimpleData name="temperatur" />
<SimpleData name="lake_use" />
<SimpleData name="name_ascii" />
<SimpleData name="macronated">N</SimpleData>
<SimpleData name="name" />
<SimpleData name="grp_macron">N</SimpleData>
</SchemaData>
</ExtendedData>
<Polygon><outerBoundaryIs><LinearRing><tessellate>1</tessellate>
<coordinates> 174.412290,-39.321753 174.412575,-39.321569 174.412752,-39.321559 174.412271,-39.322058 174.412290,-39.321753</coordinates>
</LinearRing>
</outerBoundaryIs>
</Polygon>
</Placemark>
<Placemark><name />
<styleUrl>#nz-lake-polygons-topo-150kId</styleUrl>
<ExtendedData><SchemaData schemaUrl="#nz-lake-polygons-topo-150kId"><SimpleData name="t50_fid">5037346</SimpleData>
<SimpleData name="elevation">0</SimpleData>
<SimpleData name="grp_ascii" />
<SimpleData name="grp_name" />
<SimpleData name="perennial" />
<SimpleData name="temperatur" />
<SimpleData name="lake_use" />
<SimpleData name="name_ascii" />
<SimpleData name="macronated">N</SimpleData>
<SimpleData name="name" />
<SimpleData name="grp_macron">N</SimpleData>
</SchemaData>
</ExtendedData>
<Polygon><outerBoundaryIs><LinearRing><tessellate>1</tessellate>
<coordinates> 174.411732,-39.325479 174.411616,-39.325481 174.411497,-39.325370 174.411540,-39.325183 174.411852,-39.325212 174.411732,-39.325479</coordinates>
</LinearRing>
</outerBoundaryIs>
</Polygon>
</Placemark>
<Placemark><name />
<styleUrl>#nz-lake-polygons-topo-150kId</styleUrl>
<ExtendedData><SchemaData schemaUrl="#nz-lake-polygons-topo-150kId"><SimpleData name="t50_fid">5037591</SimpleData>
<SimpleData name="elevation">0</SimpleData>
<SimpleData name="grp_ascii" />
<SimpleData name="grp_name" />
<SimpleData name="perennial" />
<SimpleData name="temperatur" />
<SimpleData name="lake_use" />
<SimpleData name="name_ascii" />
<SimpleData name="macronated">N</SimpleData>
<SimpleData name="name" />
<SimpleData name="grp_macron">N</SimpleData>
</SchemaData>
</ExtendedData>
<Polygon><outerBoundaryIs><LinearRing><tessellate>1</tessellate>
<coordinates> 174.466036,-39.139546 174.465894,-39.139662 174.465535,-39.139368 174.465737,-39.139214 174.465790,-39.139078 174.465933,-39.139030 174.466051,-39.139118 174.466135,-39.139353 174.466036,-39.139546</coordinates>
</LinearRing>
</outerBoundaryIs>
</Polygon>
</Placemark>
<Placemark><name />
<styleUrl>#nz-lake-polygons-topo-150kId</styleUrl>
<ExtendedData><SchemaData schemaUrl="#nz-lake-polygons-topo-150kId"><SimpleData name="t50_fid">5037596</SimpleData>
<SimpleData name="elevation">0</SimpleData>
<SimpleData name="grp_ascii" />
<SimpleData name="grp_name" />
<SimpleData name="perennial" />
<SimpleData name="temperatur" />
<SimpleData name="lake_use" />
<SimpleData name="name_ascii" />
<SimpleData name="macronated">N</SimpleData>
<SimpleData name="name" />
<SimpleData name="grp_macron">N</SimpleData>
</SchemaData>
</ExtendedData>
<Polygon><outerBoundaryIs><LinearRing><tessellate>1</tessellate>
<coordinates> 174.465122,-39.121981 174.465008,-39.122074 174.464826,-39.122096 174.464802,-39.121965 174.465014,-39.121751 174.465239,-39.121666 174.465188,-39.121883 174.465122,-39.121981</coordinates>
</LinearRing>
</outerBoundaryIs>
</Polygon>
</Placemark>
<Placemark><name />
<styleUrl>#nz-lake-polygons-topo-150kId</styleUrl>
<ExtendedData><SchemaData schemaUrl="#nz-lake-polygons-topo-150kId"><SimpleData name="t50_fid">5037595</SimpleData>
<SimpleData name="elevation">0</SimpleData>
<SimpleData name="grp_ascii" />
<SimpleData name="grp_name" />
<SimpleData name="perennial" />
<SimpleData name="temperatur" />
<SimpleData name="lake_use" />
<SimpleData name="name_ascii" />
<SimpleData name="macronated">N</SimpleData>
<SimpleData name="name" />
<SimpleData name="grp_macron">N</SimpleData>
</SchemaData>
</ExtendedData>
<Polygon><outerBoundaryIs><LinearRing><tessellate>1</tessellate>
<coordinates> 174.465719,-39.123548 174.465254,-39.123489 174.465141,-39.123317 174.465608,-39.123271 174.465903,-39.123398 174.465719,-39.123548</coordinates>
</LinearRing>
</outerBoundaryIs>
</Polygon>
</Placemark>
<Placemark><name />
<styleUrl>#nz-lake-polygons-topo-150kId</styleUrl>
<ExtendedData><SchemaData schemaUrl="#nz-lake-polygons-topo-150kId"><SimpleData name="t50_fid">5037589</SimpleData>
<SimpleData name="elevation">0</SimpleData>
<SimpleData name="grp_ascii" />
<SimpleData name="grp_name" />
<SimpleData name="perennial" />
<SimpleData name="temperatur" />
<SimpleData name="lake_use" />
<SimpleData name="name_ascii" />
<SimpleData name="macronated">N</SimpleData>
<SimpleData name="name" />
<SimpleData name="grp_macron">N</SimpleData>
</SchemaData>
</ExtendedData>
<Polygon><outerBoundaryIs><LinearRing><tessellate>1</tessellate>
<coordinates> 174.459502,-39.140727 174.459507,-39.140907 174.459234,-39.141075 174.459502,-39.140727</coordinates>
</LinearRing>
</outerBoundaryIs>
</Polygon>
</Placemark>
<Placemark><name />
<styleUrl>#nz-lake-polygons-topo-150kId</styleUrl>
<ExtendedData><SchemaData schemaUrl="#nz-lake-polygons-topo-150kId"><SimpleData name="t50_fid">5037590</SimpleData>
<SimpleData name="elevation">0</SimpleData>
<SimpleData name="grp_ascii" />
<SimpleData name="grp_name" />
<SimpleData name="perennial" />
<SimpleData name="temperatur" />
<SimpleData name="lake_use" />
<SimpleData name="name_ascii" />
<SimpleData name="macronated">N</SimpleData>
<SimpleData name="name" />
<SimpleData name="grp_macron">N</SimpleData>
</SchemaData>
</ExtendedData>
<Polygon><outerBoundaryIs><LinearRing><tessellate>1</tessellate>
<coordinates> 174.460115,-39.144706 174.459971,-39.144564 174.460352,-39.144571 174.460115,-39.144706</coordinates>
</LinearRing>
</outerBoundaryIs>
</Polygon>
</Placemark>
<Placemark><name />
<styleUrl>#nz-lake-polygons-topo-150kId</styleUrl>
<ExtendedData><SchemaData schemaUrl="#nz-lake-polygons-topo-150kId"><SimpleData name="t50_fid">5037584</SimpleData>
<SimpleData name="elevation">0</SimpleData>
<SimpleData name="grp_ascii" />
<SimpleData name="grp_name" />
<SimpleData name="perennial" />
<SimpleData name="temperatur" />
<SimpleData name="lake_use" />
<SimpleData name="name_ascii" />
<SimpleData name="macronated">N</SimpleData>
<SimpleData name="name" />
<SimpleData name="grp_macron">N</SimpleData>
</SchemaData>
</ExtendedData>
<Polygon><outerBoundaryIs><LinearRing><tessellate>1</tessellate>
<coordinates> 174.459380,-39.144985 174.459391,-39.144698 174.459717,-39.144938 174.459623,-39.145140 174.459380,-39.144985</coordinates>
</LinearRing>
</outerBoundaryIs>
</Polygon>
</Placemark>
<Placemark><name />
<styleUrl>#nz-lake-polygons-topo-150kId</styleUrl>
<ExtendedData><SchemaData schemaUrl="#nz-lake-polygons-topo-150kId"><SimpleData name="t50_fid">5037302</SimpleData>
<SimpleData name="elevation">0</SimpleData>
<SimpleData name="grp_ascii" />
<SimpleData name="grp_name" />
<SimpleData name="perennial" />
<SimpleData name="temperatur" />
<SimpleData name="lake_use" />
<SimpleData name="name_ascii" />
<SimpleData name="macronated">N</SimpleData>
<SimpleData name="name" />
<SimpleData name="grp_macron">N</SimpleData>
</SchemaData>
</ExtendedData>
<Polygon><outerBoundaryIs><LinearRing><tessellate>1</tessellate>
<coordinates> 174.388264,-39.332537 174.388259,-39.332357 174.388342,-39.332221 174.388458,-39.332241 174.388608,-39.332396 174.388610,-39.332464 174.388497,-39.332556 174.388324,-39.332582 174.388264,-39.332537</coordinates>
</LinearRing>
</outerBoundaryIs>
</Polygon>
</Placemark>
<Placemark><name />
<styleUrl>#nz-lake-polygons-topo-150kId</styleUrl>
<ExtendedData><SchemaData schemaUrl="#nz-lake-polygons-topo-150kId"><SimpleData name="t50_fid">5037300</SimpleData>
<SimpleData name="elevation">0</SimpleData>
<SimpleData name="grp_ascii" />
<SimpleData name="grp_name" />
<SimpleData name="perennial" />
<SimpleData name="temperatur" />
<SimpleData name="lake_use" />
<SimpleData name="name_ascii" />
<SimpleData name="macronated">N</SimpleData>
<SimpleData name="name" />
<SimpleData name="grp_macron">N</SimpleData>
</SchemaData>
</ExtendedData>
<Polygon><outerBoundaryIs><LinearRing><tessellate>1</tessellate>
<coordinates> 174.387420,-39.338500 174.386965,-39.338721 174.386928,-39.338531 174.387067,-39.338326 174.387212,-39.338324 174.387443,-39.338426 174.387420,-39.338500</coordinates>
</LinearRing>
</outerBoundaryIs>
</Polygon>
</Placemark>
<Placemark><name />
<styleUrl>#nz-lake-polygons-topo-150kId</styleUrl>
<ExtendedData><SchemaData schemaUrl="#nz-lake-polygons-topo-150kId"><SimpleData name="t50_fid">5037298</SimpleData>
<SimpleData name="elevation">0</SimpleData>
<SimpleData name="grp_ascii" />
<SimpleData name="grp_name" />
<SimpleData name="perennial" />
<SimpleData name="temperatur" />
<SimpleData name="lake_use" />
<SimpleData name="name_ascii" />
<SimpleData name="macronated">N</SimpleData>
<SimpleData name="name" />
<SimpleData name="grp_macron">N</SimpleData>
</SchemaData>
</ExtendedData>
<Polygon><outerBoundaryIs><LinearRing><tessellate>1</tessellate>
<coordinates> 174.362145,-39.349874 174.362079,-39.349959 174.362054,-39.350078 174.361830,-39.350190 174.361445,-39.350363 174.361133,-39.350398 174.361109,-39.350339 174.361147,-39.350180 174.361136,-39.350086 174.361271,-39.350045 174.361460,-39.349980 174.361688,-39.349847 174.361849,-39.349768 174.362040,-39.349819 174.362171,-39.349817 174.362145,-39.349874</coordinates>
</LinearRing>
</outerBoundaryIs>
</Polygon>
</Placemark>
<Placemark><name />
<styleUrl>#nz-lake-polygons-topo-150kId</styleUrl>
<ExtendedData><SchemaData schemaUrl="#nz-lake-polygons-topo-150kId"><SimpleData name="t50_fid">5037297</SimpleData>
<SimpleData name="elevation">0</SimpleData>
<SimpleData name="grp_ascii" />
<SimpleData name="grp_name" />
<SimpleData name="perennial" />
<SimpleData name="temperatur" />
<SimpleData name="lake_use" />
<SimpleData name="name_ascii" />
<SimpleData name="macronated">N</SimpleData>
<SimpleData name="name" />
<SimpleData name="grp_macron">N</SimpleData>
</SchemaData>
</ExtendedData>
<Polygon><outerBoundaryIs><LinearRing><tessellate>1</tessellate>
<coordinates> 174.360311,-39.349405 174.360296,-39.349906 174.360210,-39.349886 174.360118,-39.349813 174.359986,-39.349751 174.359800,-39.349722 174.359644,-39.349643 174.359579,-39.349521 174.359730,-39.349365 174.360075,-39.349206 174.360160,-39.349184 174.360248,-39.349282 174.360311,-39.349405</coordinates>
</LinearRing>
</outerBoundaryIs>
</Polygon>
</Placemark>
<Placemark><name />
<styleUrl>#nz-lake-polygons-topo-150kId</styleUrl>
<ExtendedData><SchemaData schemaUrl="#nz-lake-polygons-topo-150kId"><SimpleData name="t50_fid">5008587</SimpleData>
<SimpleData name="elevation">0</SimpleData>
<SimpleData name="grp_ascii" />
<SimpleData name="grp_name" />
<SimpleData name="perennial" />
<SimpleData name="temperatur" />
<SimpleData name="lake_use" />
<SimpleData name="name_ascii" />
<SimpleData name="macronated">N</SimpleData>
<SimpleData name="name" />
<SimpleData name="grp_macron">N</SimpleData>
</SchemaData>
</ExtendedData>
<Polygon><outerBoundaryIs><LinearRing><tessellate>1</tessellate>
<coordinates> 174.359138,-39.352552 174.358958,-39.352597 174.358769,-39.352641 174.358624,-39.352636 174.358519,-39.352363 174.358644,-39.352249 174.359263,-39.352024 174.359534,-39.352000 174.359919,-39.351778 174.359983,-39.351805 174.360104,-39.351986 174.360015,-39.352079 174.359916,-39.352115 174.359837,-39.352235 174.359630,-39.352273 174.359424,-39.352367 174.359138,-39.352552</coordinates>
</LinearRing>
</outerBoundaryIs>
</Polygon>
</Placemark>
<Placemark><name />
<styleUrl>#nz-lake-polygons-topo-150kId</styleUrl>
<ExtendedData><SchemaData schemaUrl="#nz-lake-polygons-topo-150kId"><SimpleData name="t50_fid">8075044</SimpleData>
<SimpleData name="elevation">0</SimpleData>
<SimpleData name="grp_ascii" />
<SimpleData name="grp_name" />
<SimpleData name="perennial" />
<SimpleData name="temperatur" />
<SimpleData name="lake_use" />
<SimpleData name="name_ascii" />
<SimpleData name="macronated">N</SimpleData>
<SimpleData name="name" />
<SimpleData name="grp_macron">N</SimpleData>
</SchemaData>
</ExtendedData>
<Polygon><outerBoundaryIs><LinearRing><tessellate>1</tessellate>
<coordinates> 174.413165,-39.351174 174.412929,-39.350752 174.413534,-39.350287 174.413735,-39.350239 174.413871,-39.350309 174.414001,-39.350458 174.413880,-39.350754 174.413493,-39.351190 174.413335,-39.351257 174.413165,-39.351174</coordinates>
</LinearRing>
</outerBoundaryIs>
</Polygon>
</Placemark>
<Placemark><name />
<styleUrl>#nz-lake-polygons-topo-150kId</styleUrl>
<ExtendedData><SchemaData schemaUrl="#nz-lake-polygons-topo-150kId"><SimpleData name="t50_fid">5037305</SimpleData>
<SimpleData name="elevation">0</SimpleData>
<SimpleData name="grp_ascii" />
<SimpleData name="grp_name" />
<SimpleData name="perennial" />
<SimpleData name="temperatur" />
<SimpleData name="lake_use" />
<SimpleData name="name_ascii" />
<SimpleData name="macronated">N</SimpleData>
<SimpleData name="name" />
<SimpleData name="grp_macron">N</SimpleData>
</SchemaData>
</ExtendedData>
<Polygon><outerBoundaryIs><LinearRing><tessellate>1</tessellate>
<coordinates> 174.400264,-39.332183 174.400028,-39.332052 174.400153,-39.331881 174.400405,-39.332068 174.400351,-39.332182 174.400264,-39.332183</coordinates>
</LinearRing>
</outerBoundaryIs>
</Polygon>
</Placemark>
<Placemark><name />
<styleUrl>#nz-lake-polygons-topo-150kId</styleUrl>
<ExtendedData><SchemaData schemaUrl="#nz-lake-polygons-topo-150kId"><SimpleData name="t50_fid">5037345</SimpleData>
<SimpleData name="elevation">0</SimpleData>
<SimpleData name="grp_ascii" />
<SimpleData name="grp_name" />
<SimpleData name="perennial" />
<SimpleData name="temperatur" />
<SimpleData name="lake_use" />
<SimpleData name="name_ascii" />
<SimpleData name="macronated">N</SimpleData>
<SimpleData name="name" />
<SimpleData name="grp_macron">N</SimpleData>
</SchemaData>
</ExtendedData>
<Polygon><outerBoundaryIs><LinearRing><tessellate>1</tessellate>
<coordinates> 174.417064,-39.340190 174.417055,-39.339875 174.417138,-39.339761 174.417225,-39.339759 174.417345,-39.339870 174.417378,-39.340026 174.417325,-39.340186 174.417212,-39.340277 174.417064,-39.340190</coordinates>
</LinearRing>
</outerBoundaryIs>
</Polygon>
</Placemark>
<Placemark><name />
<styleUrl>#nz-lake-polygons-topo-150kId</styleUrl>
<ExtendedData><SchemaData schemaUrl="#nz-lake-polygons-topo-150kId"><SimpleData name="t50_fid">5037429</SimpleData>
<SimpleData name="elevation">0</SimpleData>
<SimpleData name="grp_ascii" />
<SimpleData name="grp_name" />
<SimpleData name="perennial" />
<SimpleData name="temperatur" />
<SimpleData name="lake_use" />
<SimpleData name="name_ascii" />
<SimpleData name="macronated">N</SimpleData>
<SimpleData name="name" />
<SimpleData name="grp_macron">N</SimpleData>
</SchemaData>
</ExtendedData>
<Polygon><outerBoundaryIs><LinearRing><tessellate>1</tessellate>
<coordinates> 174.113322,-39.082169 174.113257,-39.082229 174.112995,-39.082279 174.112749,-39.082345 174.112618,-39.082398 174.112593,-39.082548 174.112612,-39.082706 174.112739,-39.082760 174.112768,-39.082845 174.112554,-39.082847 174.112340,-39.082849 174.112184,-39.082693 174.112137,-39.082458 174.112189,-39.082295 174.112369,-39.082217 174.112520,-39.082091 174.112723,-39.082081 174.112838,-39.082097 174.112938,-39.082143 174.113162,-39.082141 174.113282,-39.082105 174.113322,-39.082169</coordinates>
</LinearRing>
</outerBoundaryIs>
</Polygon>
</Placemark>
<Placemark><name />
<styleUrl>#nz-lake-polygons-topo-150kId</styleUrl>
<ExtendedData><SchemaData schemaUrl="#nz-lake-polygons-topo-150kId"><SimpleData name="t50_fid">5008619</SimpleData>
<SimpleData name="elevation">0</SimpleData>
<SimpleData name="grp_ascii" />
<SimpleData name="grp_name" />
<SimpleData name="perennial" />
<SimpleData name="temperatur" />
<SimpleData name="lake_use" />
<SimpleData name="name_ascii" />
<SimpleData name="macronated">N</SimpleData>
<SimpleData name="name" />
<SimpleData name="grp_macron">N</SimpleData>
</SchemaData>
</ExtendedData>
<Polygon><outerBoundaryIs><LinearRing><tessellate>1</tessellate>
<coordinates> 174.154009,-39.082455 174.153942,-39.082467 174.153934,-39.082589 174.153983,-39.082746 174.153990,-39.082864 174.153939,-39.082941 174.153889,-39.083014 174.154070,-39.083304 174.154209,-39.083533 174.154366,-39.083637 174.154394,-39.083722 174.154290,-39.083751 174.154080,-39.083628 174.153810,-39.083262 174.153686,-39.082980 174.153695,-39.082899 174.153865,-39.082808 174.153751,-39.082534 174.153749,-39.082392 174.153893,-39.082306 174.153998,-39.082362 174.154009,-39.082455</coordinates>
</LinearRing>
</outerBoundaryIs>
</Polygon>
</Placemark>
<Placemark><name />
<styleUrl>#nz-lake-polygons-topo-150kId</styleUrl>
<ExtendedData><SchemaData schemaUrl="#nz-lake-polygons-topo-150kId"><SimpleData name="t50_fid">5037498</SimpleData>
<SimpleData name="elevation">0</SimpleData>
<SimpleData name="grp_ascii" />
<SimpleData name="grp_name" />
<SimpleData name="perennial" />
<SimpleData name="temperatur" />
<SimpleData name="lake_use" />
<SimpleData name="name_ascii" />
<SimpleData name="macronated">N</SimpleData>
<SimpleData name="name" />
<SimpleData name="grp_macron">N</SimpleData>
</SchemaData>
</ExtendedData>
<Polygon><outerBoundaryIs><LinearRing><tessellate>1</tessellate>
<coordinates> 174.134729,-39.074633 174.134847,-39.074745 174.134892,-39.074899 174.135004,-39.075055 174.134961,-39.075190 174.134916,-39.075309 174.134811,-39.075333 174.134720,-39.075215 174.134640,-39.075028 174.134527,-39.074833 174.134401,-39.074721 174.134533,-39.074588 174.134729,-39.074633</coordinates>
</LinearRing>
</outerBoundaryIs>
</Polygon>
</Placemark>
<Placemark><name />
<styleUrl>#nz-lake-polygons-topo-150kId</styleUrl>
<ExtendedData><SchemaData schemaUrl="#nz-lake-polygons-topo-150kId"><SimpleData name="t50_fid">5008621</SimpleData>
<SimpleData name="elevation">0</SimpleData>
<SimpleData name="grp_ascii" />
<SimpleData name="grp_name" />
<SimpleData name="perennial" />
<SimpleData name="temperatur" />
<SimpleData name="lake_use" />
<SimpleData name="name_ascii" />
<SimpleData name="macronated">N</SimpleData>
<SimpleData name="name" />
<SimpleData name="grp_macron">N</SimpleData>
</SchemaData>
</ExtendedData>
<Polygon><outerBoundaryIs><LinearRing><tessellate>1</tessellate>
<coordinates> 174.133744,-39.072799 174.133884,-39.072734 174.134149,-39.072668 174.134416,-39.072723 174.134521,-39.072852 174.134693,-39.072956 174.134790,-39.073019 174.134825,-39.073096 174.134781,-39.073152 174.134626,-39.073139 174.134410,-39.073020 174.134289,-39.072909 174.134094,-39.072916 174.133951,-39.072995 174.133818,-39.072985 174.133701,-39.072885 174.133744,-39.072799</coordinates>
</LinearRing>
</outerBoundaryIs>
</Polygon>
</Placemark>
<Placemark><name />
<styleUrl>#nz-lake-polygons-topo-150kId</styleUrl>
<ExtendedData><SchemaData schemaUrl="#nz-lake-polygons-topo-150kId"><SimpleData name="t50_fid">5008618</SimpleData>
<SimpleData name="elevation">0</SimpleData>
<SimpleData name="grp_ascii" />
<SimpleData name="grp_name" />
<SimpleData name="perennial" />
<SimpleData name="temperatur" />
<SimpleData name="lake_use" />
<SimpleData name="name_ascii" />
<SimpleData name="macronated">N</SimpleData>
<SimpleData name="name" />
<SimpleData name="grp_macron">N</SimpleData>
</SchemaData>
</ExtendedData>
<Polygon><outerBoundaryIs><LinearRing><tessellate>1</tessellate>
<coordinates> 174.136437,-39.085791 174.136596,-39.085494 174.136554,-39.085108 174.136706,-39.084995 174.136803,-39.085010 174.136912,-39.085092 174.136998,-39.085363 174.137193,-39.085692 174.137369,-39.086137 174.137239,-39.086337 174.136929,-39.086418 174.136527,-39.086536 174.136295,-39.086540 174.136089,-39.086385 174.136113,-39.086008 174.136437,-39.085791</coordinates>
</LinearRing>
</outerBoundaryIs>
</Polygon>
</Placemark>
<Placemark><name />
<styleUrl>#nz-lake-polygons-topo-150kId</styleUrl>
<ExtendedData><SchemaData schemaUrl="#nz-lake-polygons-topo-150kId"><SimpleData name="t50_fid">5037497</SimpleData>
<SimpleData name="elevation">0</SimpleData>
<SimpleData name="grp_ascii" />
<SimpleData name="grp_name" />
<SimpleData name="perennial" />
<SimpleData name="temperatur" />
<SimpleData name="lake_use" />
<SimpleData name="name_ascii" />
<SimpleData name="macronated">N</SimpleData>
<SimpleData name="name" />
<SimpleData name="grp_macron">N</SimpleData>
</SchemaData>
</ExtendedData>
<Polygon><outerBoundaryIs><LinearRing><tessellate>1</tessellate>
<coordinates> 174.153853,-39.097392 174.153870,-39.097519 174.153876,-39.097616 174.153723,-39.097677 174.153573,-39.097862 174.153470,-39.097998 174.153340,-39.097969 174.153315,-39.097909 174.153478,-39.097609 174.153610,-39.097507 174.153573,-39.097367 174.153707,-39.097340 174.153758,-39.097294 174.153832,-39.097299 174.153853,-39.097392</coordinates>
</LinearRing>
</outerBoundaryIs>
</Polygon>
</Placemark>
<Placemark><name />
<styleUrl>#nz-lake-polygons-topo-150kId</styleUrl>
<ExtendedData><SchemaData schemaUrl="#nz-lake-polygons-topo-150kId"><SimpleData name="t50_fid">5037405</SimpleData>
<SimpleData name="elevation">0</SimpleData>
<SimpleData name="grp_ascii" />
<SimpleData name="grp_name" />
<SimpleData name="perennial" />
<SimpleData name="temperatur" />
<SimpleData name="lake_use" />
<SimpleData name="name_ascii" />
<SimpleData name="macronated">N</SimpleData>
<SimpleData name="name" />
<SimpleData name="grp_macron">N</SimpleData>
</SchemaData>
</ExtendedData>
<Polygon><outerBoundaryIs><LinearRing><tessellate>1</tessellate>
<coordinates> 174.118404,-39.144488 174.118417,-39.144347 174.118392,-39.143922 174.118407,-39.143806 174.118539,-39.143642 174.118734,-39.143542 174.118917,-39.143520 174.119077,-39.143563 174.118962,-39.143723 174.118810,-39.143827 174.118653,-39.143922 174.118611,-39.144085 174.118587,-39.144260 174.118580,-39.144525 174.118489,-39.144506 174.118404,-39.144488</coordinates>
</LinearRing>
</outerBoundaryIs>
</Polygon>
</Placemark>
<Placemark><name />
<styleUrl>#nz-lake-polygons-topo-150kId</styleUrl>
<ExtendedData><SchemaData schemaUrl="#nz-lake-polygons-topo-150kId"><SimpleData name="t50_fid">5037413</SimpleData>
<SimpleData name="elevation">0</SimpleData>
<SimpleData name="grp_ascii" />
<SimpleData name="grp_name" />
<SimpleData name="perennial" />
<SimpleData name="temperatur" />
<SimpleData name="lake_use" />
<SimpleData name="name_ascii" />
<SimpleData name="macronated">N</SimpleData>
<SimpleData name="name" />
<SimpleData name="grp_macron">N</SimpleData>
</SchemaData>
</ExtendedData>
<Polygon><outerBoundaryIs><LinearRing><tessellate>1</tessellate>
<coordinates> 174.110374,-39.139868 174.110380,-39.139939 174.110376,-39.139994 174.110326,-39.140055 174.110237,-39.140099 174.110221,-39.140205 174.110351,-39.140335 174.110482,-39.140354 174.110475,-39.140433 174.110415,-39.140506 174.110330,-39.140463 174.110124,-39.140279 174.110087,-39.140219 174.110010,-39.140216 174.109934,-39.140317 174.109839,-39.140446 174.109789,-39.140559 174.109681,-39.140572 174.109714,-39.140339 174.109839,-39.140137 174.109953,-39.139916 174.110040,-39.139855 174.110219,-39.139821 174.110374,-39.139868</coordinates>
</LinearRing>
</outerBoundaryIs>
</Polygon>
</Placemark>
<Placemark><name />
<styleUrl>#nz-lake-polygons-topo-150kId</styleUrl>
<ExtendedData><SchemaData schemaUrl="#nz-lake-polygons-topo-150kId"><SimpleData name="t50_fid">5037415</SimpleData>
<SimpleData name="elevation">0</SimpleData>
<SimpleData name="grp_ascii" />
<SimpleData name="grp_name" />
<SimpleData name="perennial" />
<SimpleData name="temperatur" />
<SimpleData name="lake_use" />
<SimpleData name="name_ascii" />
<SimpleData name="macronated">N</SimpleData>
<SimpleData name="name" />
<SimpleData name="grp_macron">N</SimpleData>
</SchemaData>
</ExtendedData>
<Polygon><outerBoundaryIs><LinearRing><tessellate>1</tessellate>
<coordinates> 174.116049,-39.116293 174.116159,-39.116249 174.116222,-39.116306 174.116323,-39.116376 174.116433,-39.116449 174.116570,-39.116480 174.116675,-39.116446 174.116755,-39.116421 174.116954,-39.116370 174.117145,-39.116368 174.117255,-39.116413 174.117266,-39.116540 174.117236,-39.116629 174.117099,-39.116591 174.116935,-39.116593 174.116799,-39.116685 174.116541,-39.116689 174.116436,-39.116630 174.116334,-39.116503 174.116215,-39.116476 174.116061,-39.116460 174.115995,-39.116365 174.116049,-39.116293</coordinates>
</LinearRing>
</outerBoundaryIs>
</Polygon>
</Placemark>
<Placemark><name />
<styleUrl>#nz-lake-polygons-topo-150kId</styleUrl>
<ExtendedData><SchemaData schemaUrl="#nz-lake-polygons-topo-150kId"><SimpleData name="t50_fid">5008614</SimpleData>
<SimpleData name="elevation">0</SimpleData>
<SimpleData name="grp_ascii" />
<SimpleData name="grp_name" />
<SimpleData name="perennial" />
<SimpleData name="temperatur" />
<SimpleData name="lake_use" />
<SimpleData name="name_ascii" />
<SimpleData name="macronated">N</SimpleData>
<SimpleData name="name" />
<SimpleData name="grp_macron">N</SimpleData>
</SchemaData>
</ExtendedData>
<Polygon><outerBoundaryIs><LinearRing><tessellate>1</tessellate>
<coordinates> 174.130002,-39.112602 174.129936,-39.112509 174.129989,-39.112348 174.130197,-39.112171 174.130420,-39.112048 174.130456,-39.112008 174.130547,-39.111906 174.130651,-39.111702 174.130956,-39.111429 174.131051,-39.111399 174.131124,-39.111413 174.131171,-39.111446 174.131059,-39.111523 174.130952,-39.111568 174.130851,-39.111700 174.130690,-39.111910 174.130459,-39.112139 174.130214,-39.112316 174.130147,-39.112525 174.130003,-39.112603 174.130002,-39.112602</coordinates>
</LinearRing>
</outerBoundaryIs>
</Polygon>
</Placemark>
<Placemark><name />
<styleUrl>#nz-lake-polygons-topo-150kId</styleUrl>
<ExtendedData><SchemaData schemaUrl="#nz-lake-polygons-topo-150kId"><SimpleData name="t50_fid">5037477</SimpleData>
<SimpleData name="elevation">0</SimpleData>
<SimpleData name="grp_ascii" />
<SimpleData name="grp_name" />
<SimpleData name="perennial" />
<SimpleData name="temperatur" />
<SimpleData name="lake_use" />
<SimpleData name="name_ascii" />
<SimpleData name="macronated">N</SimpleData>
<SimpleData name="name" />
<SimpleData name="grp_macron">N</SimpleData>
</SchemaData>
</ExtendedData>
<Polygon><outerBoundaryIs><LinearRing><tessellate>1</tessellate>
<coordinates> 174.135204,-39.116827 174.135415,-39.117035 174.135596,-39.117365 174.135879,-39.117548 174.136048,-39.117692 174.136034,-39.117789 174.135865,-39.117945 174.135731,-39.117990 174.135489,-39.117774 174.135354,-39.117485 174.135175,-39.117325 174.134972,-39.116971 174.135028,-39.116877 174.135204,-39.116827</coordinates>
</LinearRing>
</outerBoundaryIs>
</Polygon>
</Placemark>
<Placemark><name />
<styleUrl>#nz-lake-polygons-topo-150kId</styleUrl>
<ExtendedData><SchemaData schemaUrl="#nz-lake-polygons-topo-150kId"><SimpleData name="t50_fid">5008611</SimpleData>
<SimpleData name="elevation">0</SimpleData>
<SimpleData name="grp_ascii" />
<SimpleData name="grp_name" />
<SimpleData name="perennial" />
<SimpleData name="temperatur" />
<SimpleData name="lake_use" />
<SimpleData name="name_ascii" />
<SimpleData name="macronated">N</SimpleData>
<SimpleData name="name" />
<SimpleData name="grp_macron">N</SimpleData>
</SchemaData>
</ExtendedData>
<Polygon><outerBoundaryIs><LinearRing><tessellate>1</tessellate>
<coordinates> 174.143161,-39.117569 174.143299,-39.117623 174.143368,-39.117865 174.143314,-39.118079 174.143471,-39.118328 174.143489,-39.118534 174.143386,-39.118726 174.143405,-39.119010 174.143294,-39.119224 174.143217,-39.119218 174.143130,-39.118782 174.142888,-39.118167 174.142753,-39.117864 174.142792,-39.117587 174.142935,-39.117564 174.143161,-39.117569</coordinates>
</LinearRing>
</outerBoundaryIs>
</Polygon>
</Placemark>
<Placemark><name />
<styleUrl>#nz-lake-polygons-topo-150kId</styleUrl>
<ExtendedData><SchemaData schemaUrl="#nz-lake-polygons-topo-150kId"><SimpleData name="t50_fid">5008615</SimpleData>
<SimpleData name="elevation">0</SimpleData>
<SimpleData name="grp_ascii" />
<SimpleData name="grp_name" />
<SimpleData name="perennial" />
<SimpleData name="temperatur" />
<SimpleData name="lake_use" />
<SimpleData name="name_ascii" />
<SimpleData name="macronated">N</SimpleData>
<SimpleData name="name" />
<SimpleData name="grp_macron">N</SimpleData>
</SchemaData>
</ExtendedData>
<Polygon><outerBoundaryIs><LinearRing><tessellate>1</tessellate>
<coordinates> 174.145264,-39.112289 174.145473,-39.112295 174.145648,-39.112379 174.145655,-39.112475 174.145501,-39.112500 174.145330,-39.112676 174.145257,-39.112778 174.145298,-39.112874 174.145442,-39.112845 174.145571,-39.112864 174.145643,-39.112967 174.145654,-39.113080 174.145755,-39.113152 174.145692,-39.113230 174.145517,-39.113182 174.145366,-39.113102 174.145242,-39.113115 174.145059,-39.113140 174.144898,-39.113025 174.144786,-39.112875 174.144813,-39.112693 174.144974,-39.112494 174.145095,-39.112330 174.145264,-39.112289</coordinates>
</LinearRing>
</outerBoundaryIs>
</Polygon>
</Placemark>
<Placemark><name />
<styleUrl>#nz-lake-polygons-topo-150kId</styleUrl>
<ExtendedData><SchemaData schemaUrl="#nz-lake-polygons-topo-150kId"><SimpleData name="t50_fid">5037478</SimpleData>
<SimpleData name="elevation">0</SimpleData>
<SimpleData name="grp_ascii" />
<SimpleData name="grp_name" />
<SimpleData name="perennial" />
<SimpleData name="temperatur" />
<SimpleData name="lake_use" />
<SimpleData name="name_ascii" />
<SimpleData name="macronated">N</SimpleData>
<SimpleData name="name" />
<SimpleData name="grp_macron">N</SimpleData>
</SchemaData>
</ExtendedData>
<Polygon><outerBoundaryIs><LinearRing><tessellate>1</tessellate>
<coordinates> 174.144596,-39.113117 174.144806,-39.113208 174.144945,-39.113478 174.144947,-39.113633 174.144810,-39.113746 174.144616,-39.113760 174.144625,-39.113686 174.144694,-39.113616 174.144717,-39.113527 174.144632,-39.113477 174.144467,-39.113452 174.144435,-39.113285 174.144497,-39.113130 174.144596,-39.113117</coordinates>
</LinearRing>
</outerBoundaryIs>
</Polygon>
</Placemark>
<Placemark><name />
<styleUrl>#nz-lake-polygons-topo-150kId</styleUrl>
<ExtendedData><SchemaData schemaUrl="#nz-lake-polygons-topo-150kId"><SimpleData name="t50_fid">5037480</SimpleData>
<SimpleData name="elevation">0</SimpleData>
<SimpleData name="grp_ascii" />
<SimpleData name="grp_name" />
<SimpleData name="perennial" />
<SimpleData name="temperatur" />
<SimpleData name="lake_use" />
<SimpleData name="name_ascii" />
<SimpleData name="macronated">N</SimpleData>
<SimpleData name="name" />
<SimpleData name="grp_macron">N</SimpleData>
</SchemaData>
</ExtendedData>
<Polygon><outerBoundaryIs><LinearRing><tessellate>1</tessellate>
<coordinates> 174.158683,-39.112843 174.158590,-39.112752 174.158391,-39.112605 174.158330,-39.112436 174.158448,-39.112270 174.158504,-39.112133 174.158620,-39.112034 174.158734,-39.111887 174.159062,-39.111818 174.159175,-39.111817 174.159285,-39.111868 174.159333,-39.112063 174.159165,-39.112243 174.158916,-39.112846 174.158836,-39.112956 174.158683,-39.112843</coordinates>
</LinearRing>
</outerBoundaryIs>
</Polygon>
</Placemark>
<Placemark><name />
<styleUrl>#nz-lake-polygons-topo-150kId</styleUrl>
<ExtendedData><SchemaData schemaUrl="#nz-lake-polygons-topo-150kId"><SimpleData name="t50_fid">8075145</SimpleData>
<SimpleData name="elevation">0</SimpleData>
<SimpleData name="grp_ascii" />
<SimpleData name="grp_name" />
<SimpleData name="perennial" />
<SimpleData name="temperatur" />
<SimpleData name="lake_use" />
<SimpleData name="name_ascii" />
<SimpleData name="macronated">N</SimpleData>
<SimpleData name="name" />
<SimpleData name="grp_macron">N</SimpleData>
</SchemaData>
</ExtendedData>
<Polygon><outerBoundaryIs><LinearRing><tessellate>1</tessellate>
<coordinates> 174.332231,-39.462733 174.332235,-39.462649 174.332243,-39.462524 174.332435,-39.462451 174.332479,-39.462479 174.332498,-39.462600 174.332452,-39.462734 174.332463,-39.462772 174.332474,-39.462788 174.332210,-39.462791 174.332231,-39.462733</coordinates>
</LinearRing>
</outerBoundaryIs>
</Polygon>
</Placemark>
<Placemark><name />
<styleUrl>#nz-lake-polygons-topo-150kId</styleUrl>
<ExtendedData><SchemaData schemaUrl="#nz-lake-polygons-topo-150kId"><SimpleData name="t50_fid">8075144</SimpleData>
<SimpleData name="elevation">0</SimpleData>
<SimpleData name="grp_ascii" />
<SimpleData name="grp_name" />
<SimpleData name="perennial" />
<SimpleData name="temperatur" />
<SimpleData name="lake_use" />
<SimpleData name="name_ascii" />
<SimpleData name="macronated">N</SimpleData>
<SimpleData name="name" />
<SimpleData name="grp_macron">N</SimpleData>
</SchemaData>
</ExtendedData>
<Polygon><outerBoundaryIs><LinearRing><tessellate>1</tessellate>
<coordinates> 174.332676,-39.462915 174.332666,-39.462978 174.332573,-39.463146 174.332474,-39.463068 174.332343,-39.462974 174.332439,-39.462901 174.332492,-39.462859 174.332676,-39.462915</coordinates>
</LinearRing>
</outerBoundaryIs>
</Polygon>
</Placemark>
<Placemark><name />
<styleUrl>#nz-lake-polygons-topo-150kId</styleUrl>
<ExtendedData><SchemaData schemaUrl="#nz-lake-polygons-topo-150kId"><SimpleData name="t50_fid">8075153</SimpleData>
<SimpleData name="elevation">0</SimpleData>
<SimpleData name="grp_ascii" />
<SimpleData name="grp_name" />
<SimpleData name="perennial" />
<SimpleData name="temperatur" />
<SimpleData name="lake_use" />
<SimpleData name="name_ascii" />
<SimpleData name="macronated">N</SimpleData>
<SimpleData name="name" />
<SimpleData name="grp_macron">N</SimpleData>
</SchemaData>
</ExtendedData>
<Polygon><outerBoundaryIs><LinearRing><tessellate>1</tessellate>
<coordinates> 174.337790,-39.446053 174.337766,-39.446260 174.337545,-39.446236 174.337601,-39.446046 174.337790,-39.446053</coordinates>
</LinearRing>
</outerBoundaryIs>
</Polygon>
</Placemark>
<Placemark><name />
<styleUrl>#nz-lake-polygons-topo-150kId</styleUrl>
<ExtendedData><SchemaData schemaUrl="#nz-lake-polygons-topo-150kId"><SimpleData name="t50_fid">8075152</SimpleData>
<SimpleData name="elevation">0</SimpleData>
<SimpleData name="grp_ascii" />
<SimpleData name="grp_name" />
<SimpleData name="perennial" />
<SimpleData name="temperatur" />
<SimpleData name="lake_use" />
<SimpleData name="name_ascii" />
<SimpleData name="macronated">N</SimpleData>
<SimpleData name="name" />
<SimpleData name="grp_macron">N</SimpleData>
</SchemaData>
</ExtendedData>
<Polygon><outerBoundaryIs><LinearRing><tessellate>1</tessellate>
<coordinates> 174.337356,-39.445708 174.337590,-39.445981 174.337425,-39.446118 174.337172,-39.445811 174.337356,-39.445708</coordinates>
</LinearRing>
</outerBoundaryIs>
</Polygon>
</Placemark>
<Placemark><name />
<styleUrl>#nz-lake-polygons-topo-150kId</styleUrl>
<ExtendedData><SchemaData schemaUrl="#nz-lake-polygons-topo-150kId"><SimpleData name="t50_fid">5037257</SimpleData>
<SimpleData name="elevation">0</SimpleData>
<SimpleData name="grp_ascii" />
<SimpleData name="grp_name" />
<SimpleData name="perennial" />
<SimpleData name="temperatur" />
<SimpleData name="lake_use" />
<SimpleData name="name_ascii" />
<SimpleData name="macronated">N</SimpleData>
<SimpleData name="name" />
<SimpleData name="grp_macron">N</SimpleData>
</SchemaData>
</ExtendedData>
<Polygon><outerBoundaryIs><LinearRing><tessellate>1</tessellate>
<coordinates> 174.312725,-39.472090 174.312494,-39.472204 174.312402,-39.472004 174.312459,-39.471914 174.312759,-39.471736 174.312725,-39.472090</coordinates>
</LinearRing>
</outerBoundaryIs>
</Polygon>
</Placemark>
<Placemark><name />
<styleUrl>#nz-lake-polygons-topo-150kId</styleUrl>
<ExtendedData><SchemaData schemaUrl="#nz-lake-polygons-topo-150kId"><SimpleData name="t50_fid">5037256</SimpleData>
<SimpleData name="elevation">0</SimpleData>
<SimpleData name="grp_ascii" />
<SimpleData name="grp_name" />
<SimpleData name="perennial" />
<SimpleData name="temperatur" />
<SimpleData name="lake_use" />
<SimpleData name="name_ascii" />
<SimpleData name="macronated">N</SimpleData>
<SimpleData name="name" />
<SimpleData name="grp_macron">N</SimpleData>
</SchemaData>
</ExtendedData>
<Polygon><outerBoundaryIs><LinearRing><tessellate>1</tessellate>
<coordinates> 174.315270,-39.473714 174.315622,-39.473821 174.315697,-39.473935 174.315597,-39.473979 174.315150,-39.473816 174.315270,-39.473714</coordinates>
</LinearRing>
</outerBoundaryIs>
</Polygon>
</Placemark>
<Placemark><name />
<styleUrl>#nz-lake-polygons-topo-150kId</styleUrl>
<ExtendedData><SchemaData schemaUrl="#nz-lake-polygons-topo-150kId"><SimpleData name="t50_fid">8075150</SimpleData>
<SimpleData name="elevation">0</SimpleData>
<SimpleData name="grp_ascii" />
<SimpleData name="grp_name" />
<SimpleData name="perennial" />
<SimpleData name="temperatur" />
<SimpleData name="lake_use" />
<SimpleData name="name_ascii" />
<SimpleData name="macronated">N</SimpleData>
<SimpleData name="name" />
<SimpleData name="grp_macron">N</SimpleData>
</SchemaData>
</ExtendedData>
<Polygon><outerBoundaryIs><LinearRing><tessellate>1</tessellate>
<coordinates> 174.290497,-39.434657 174.290423,-39.434697 174.290293,-39.434705 174.290204,-39.434708 174.290138,-39.434733 174.290063,-39.434846 174.289948,-39.434826 174.289796,-39.434780 174.289794,-39.434742 174.289858,-39.434669 174.289859,-39.434604 174.289829,-39.434570 174.289833,-39.434549 174.289901,-39.434520 174.289973,-39.434546 174.290019,-39.434566 174.290078,-39.434552 174.290105,-39.434548 174.290158,-39.434567 174.290234,-39.434603 174.290293,-39.434601 174.290364,-39.434593 174.290396,-39.434587 174.290430,-39.434571 174.290484,-39.434570 174.290542,-39.434578 174.290542,-39.434601 174.290536,-39.434624 174.290526,-39.434633 174.290497,-39.434657</coordinates>
</LinearRing>
</outerBoundaryIs>
</Polygon>
</Placemark>
<Placemark><name />
<styleUrl>#nz-lake-polygons-topo-150kId</styleUrl>
<ExtendedData><SchemaData schemaUrl="#nz-lake-polygons-topo-150kId"><SimpleData name="t50_fid">8075042</SimpleData>
<SimpleData name="elevation">0</SimpleData>
<SimpleData name="grp_ascii" />
<SimpleData name="grp_name" />
<SimpleData name="perennial" />
<SimpleData name="temperatur" />
<SimpleData name="lake_use" />
<SimpleData name="name_ascii" />
<SimpleData name="macronated">N</SimpleData>
<SimpleData name="name" />
<SimpleData name="grp_macron">N</SimpleData>
</SchemaData>
</ExtendedData>
<Polygon><outerBoundaryIs><LinearRing><tessellate>1</tessellate>
<coordinates> 174.286469,-39.431976 174.286621,-39.432096 174.286641,-39.432189 174.286295,-39.432409 174.286215,-39.432720 174.286041,-39.432741 174.285251,-39.432468 174.285193,-39.432410 174.285207,-39.432225 174.285234,-39.432114 174.285559,-39.431933 174.285875,-39.431852 174.286117,-39.431824 174.286213,-39.431812 174.286225,-39.431820 174.286469,-39.431976</coordinates>
</LinearRing>
</outerBoundaryIs>
</Polygon>
</Placemark>
<Placemark><name />
<styleUrl>#nz-lake-polygons-topo-150kId</styleUrl>
<ExtendedData><SchemaData schemaUrl="#nz-lake-polygons-topo-150kId"><SimpleData name="t50_fid">5037165</SimpleData>
<SimpleData name="elevation">0</SimpleData>
<SimpleData name="grp_ascii" />
<SimpleData name="grp_name" />
<SimpleData name="perennial" />
<SimpleData name="temperatur" />
<SimpleData name="lake_use" />
<SimpleData name="name_ascii" />
<SimpleData name="macronated">N</SimpleData>
<SimpleData name="name" />
<SimpleData name="grp_macron">N</SimpleData>
</SchemaData>
</ExtendedData>
<Polygon><outerBoundaryIs><LinearRing><tessellate>1</tessellate>
<coordinates> 174.289683,-39.483060 174.289825,-39.482922 174.289941,-39.482920 174.290178,-39.483097 174.290494,-39.483146 174.290331,-39.483342 174.289809,-39.483440 174.289659,-39.483257 174.289683,-39.483060</coordinates>
</LinearRing>
</outerBoundaryIs>
</Polygon>
</Placemark>
<Placemark><name />
<styleUrl>#nz-lake-polygons-topo-150kId</styleUrl>
<ExtendedData><SchemaData schemaUrl="#nz-lake-polygons-topo-150kId"><SimpleData name="t50_fid">5037164</SimpleData>
<SimpleData name="elevation">0</SimpleData>
<SimpleData name="grp_ascii" />
<SimpleData name="grp_name" />
<SimpleData name="perennial" />
<SimpleData name="temperatur" />
<SimpleData name="lake_use" />
<SimpleData name="name_ascii" />
<SimpleData name="macronated">N</SimpleData>
<SimpleData name="name" />
<SimpleData name="grp_macron">N</SimpleData>
</SchemaData>
</ExtendedData>
<Polygon><outerBoundaryIs><LinearRing><tessellate>1</tessellate>
<coordinates> 174.272507,-39.485459 174.272572,-39.485661 174.272579,-39.485953 174.272459,-39.486102 174.272249,-39.485553 174.272071,-39.485421 174.272038,-39.485309 174.272198,-39.485179 174.272507,-39.485459</coordinates>
</LinearRing>
</outerBoundaryIs>
</Polygon>
</Placemark>
<Placemark><name />
<styleUrl>#nz-lake-polygons-topo-150kId</styleUrl>
<ExtendedData><SchemaData schemaUrl="#nz-lake-polygons-topo-150kId"><SimpleData name="t50_fid">5037163</SimpleData>
<SimpleData name="elevation">0</SimpleData>
<SimpleData name="grp_ascii" />
<SimpleData name="grp_name" />
<SimpleData name="perennial" />
<SimpleData name="temperatur" />
<SimpleData name="lake_use" />
<SimpleData name="name_ascii" />
<SimpleData name="macronated">N</SimpleData>
<SimpleData name="name" />
<SimpleData name="grp_macron">N</SimpleData>
</SchemaData>
</ExtendedData>
<Polygon><outerBoundaryIs><LinearRing><tessellate>1</tessellate>
<coordinates> 174.273447,-39.487486 174.273287,-39.487406 174.273195,-39.487227 174.273243,-39.487104 174.273486,-39.487222 174.273663,-39.487544 174.273447,-39.487486</coordinates>
</LinearRing>
</outerBoundaryIs>
</Polygon>
</Placemark>
<Placemark><name />
<styleUrl>#nz-lake-polygons-topo-150kId</styleUrl>
<ExtendedData><SchemaData schemaUrl="#nz-lake-polygons-topo-150kId"><SimpleData name="t50_fid">8075147</SimpleData>
<SimpleData name="elevation">0</SimpleData>
<SimpleData name="grp_ascii" />
<SimpleData name="grp_name" />
<SimpleData name="perennial" />
<SimpleData name="temperatur" />
<SimpleData name="lake_use" />
<SimpleData name="name_ascii" />
<SimpleData name="macronated">N</SimpleData>
<SimpleData name="name" />
<SimpleData name="grp_macron">N</SimpleData>
</SchemaData>
</ExtendedData>
<Polygon><outerBoundaryIs><LinearRing><tessellate>1</tessellate>
<coordinates> 174.274491,-39.444591 174.274359,-39.444774 174.274196,-39.444846 174.273931,-39.444848 174.273864,-39.444792 174.273883,-39.444700 174.273981,-39.444689 174.274186,-39.444508 174.274444,-39.444467 174.274490,-39.444587 174.274491,-39.444591</coordinates>
</LinearRing>
</outerBoundaryIs>
</Polygon>
</Placemark>
<Placemark><name />
<styleUrl>#nz-lake-polygons-topo-150kId</styleUrl>
<ExtendedData><SchemaData schemaUrl="#nz-lake-polygons-topo-150kId"><SimpleData name="t50_fid">8075149</SimpleData>
<SimpleData name="elevation">0</SimpleData>
<SimpleData name="grp_ascii" />
<SimpleData name="grp_name" />
<SimpleData name="perennial" />
<SimpleData name="temperatur" />
<SimpleData name="lake_use" />
<SimpleData name="name_ascii" />
<SimpleData name="macronated">N</SimpleData>
<SimpleData name="name" />
<SimpleData name="grp_macron">N</SimpleData>
</SchemaData>
</ExtendedData>
<Polygon><outerBoundaryIs><LinearRing><tessellate>1</tessellate>
<coordinates> 174.273991,-39.443929 174.274030,-39.444137 174.273585,-39.444164 174.273570,-39.443940 174.273991,-39.443929</coordinates>
</LinearRing>
</outerBoundaryIs>
</Polygon>
</Placemark>
<Placemark><name />
<styleUrl>#nz-lake-polygons-topo-150kId</styleUrl>
<ExtendedData><SchemaData schemaUrl="#nz-lake-polygons-topo-150kId"><SimpleData name="t50_fid">8075148</SimpleData>
<SimpleData name="elevation">0</SimpleData>
<SimpleData name="grp_ascii" />
<SimpleData name="grp_name" />
<SimpleData name="perennial" />
<SimpleData name="temperatur" />
<SimpleData name="lake_use" />
<SimpleData name="name_ascii" />
<SimpleData name="macronated">N</SimpleData>
<SimpleData name="name" />
<SimpleData name="grp_macron">N</SimpleData>
</SchemaData>
</ExtendedData>
<Polygon><outerBoundaryIs><LinearRing><tessellate>1</tessellate>
<coordinates> 174.274040,-39.444504 174.273948,-39.444611 174.273850,-39.444609 174.273828,-39.444539 174.273864,-39.444371 174.273867,-39.444206 174.274042,-39.444199 174.274040,-39.444504</coordinates>
</LinearRing>
</outerBoundaryIs>
</Polygon>
</Placemark>
<Placemark><name />
<styleUrl>#nz-lake-polygons-topo-150kId</styleUrl>
<ExtendedData><SchemaData schemaUrl="#nz-lake-polygons-topo-150kId"><SimpleData name="t50_fid">5037166</SimpleData>
<SimpleData name="elevation">0</SimpleData>
<SimpleData name="grp_ascii" />
<SimpleData name="grp_name" />
<SimpleData name="perennial" />
<SimpleData name="temperatur" />
<SimpleData name="lake_use" />
<SimpleData name="name_ascii" />
<SimpleData name="macronated">N</SimpleData>
<SimpleData name="name" />
<SimpleData name="grp_macron">N</SimpleData>
</SchemaData>
</ExtendedData>
<Polygon><outerBoundaryIs><LinearRing><tessellate>1</tessellate>
<coordinates> 174.314892,-39.503661 174.314677,-39.503236 174.314674,-39.503168 174.314731,-39.503123 174.314849,-39.503166 174.315179,-39.503520 174.315241,-39.503677 174.315145,-39.503854 174.314892,-39.503661</coordinates>
</LinearRing>
</outerBoundaryIs>
</Polygon>
</Placemark>
<Placemark><name />
<styleUrl>#nz-lake-polygons-topo-150kId</styleUrl>
<ExtendedData><SchemaData schemaUrl="#nz-lake-polygons-topo-150kId"><SimpleData name="t50_fid">5037161</SimpleData>
<SimpleData name="elevation">0</SimpleData>
<SimpleData name="grp_ascii" />
<SimpleData name="grp_name" />
<SimpleData name="perennial" />
<SimpleData name="temperatur" />
<SimpleData name="lake_use" />
<SimpleData name="name_ascii" />
<SimpleData name="macronated">N</SimpleData>
<SimpleData name="name" />
<SimpleData name="grp_macron">N</SimpleData>
</SchemaData>
</ExtendedData>
<Polygon><outerBoundaryIs><LinearRing><tessellate>1</tessellate>
<coordinates> 174.316437,-39.517042 174.316859,-39.517067 174.316414,-39.517268 174.315921,-39.517237 174.316437,-39.517042</coordinates>
</LinearRing>
</outerBoundaryIs>
</Polygon>
</Placemark>
<Placemark><name />
<styleUrl>#nz-lake-polygons-topo-150kId</styleUrl>
<ExtendedData><SchemaData schemaUrl="#nz-lake-polygons-topo-150kId"><SimpleData name="t50_fid">5037168</SimpleData>
<SimpleData name="elevation">0</SimpleData>
<SimpleData name="grp_ascii" />
<SimpleData name="grp_name" />
<SimpleData name="perennial" />
<SimpleData name="temperatur" />
<SimpleData name="lake_use" />
<SimpleData name="name_ascii" />
<SimpleData name="macronated">N</SimpleData>
<SimpleData name="name" />
<SimpleData name="grp_macron">N</SimpleData>
</SchemaData>
</ExtendedData>
<Polygon><outerBoundaryIs><LinearRing><tessellate>1</tessellate>
<coordinates> 174.319492,-39.500006 174.319208,-39.499937 174.318879,-39.499671 174.318351,-39.499455 174.318121,-39.499226 174.318609,-39.499338 174.319023,-39.499578 174.319346,-39.499686 174.319583,-39.499862 174.319492,-39.500006</coordinates>
</LinearRing>
</outerBoundaryIs>
</Polygon>
</Placemark>
<Placemark><name />
<styleUrl>#nz-lake-polygons-topo-150kId</styleUrl>
<ExtendedData><SchemaData schemaUrl="#nz-lake-polygons-topo-150kId"><SimpleData name="t50_fid">5037150</SimpleData>
<SimpleData name="elevation">0</SimpleData>
<SimpleData name="grp_ascii" />
<SimpleData name="grp_name" />
<SimpleData name="perennial" />
<SimpleData name="temperatur" />
<SimpleData name="lake_use" />
<SimpleData name="name_ascii" />
<SimpleData name="macronated">N</SimpleData>
<SimpleData name="name" />
<SimpleData name="grp_macron">N</SimpleData>
</SchemaData>
</ExtendedData>
<Polygon><outerBoundaryIs><LinearRing><tessellate>1</tessellate>
<coordinates> 174.349214,-39.546633 174.349219,-39.546535 174.349387,-39.546348 174.349652,-39.546335 174.349695,-39.546494 174.349646,-39.546723 174.349311,-39.546673 174.349214,-39.546633</coordinates>
</LinearRing>
</outerBoundaryIs>
</Polygon>
</Placemark>
<Placemark><name />
<styleUrl>#nz-lake-polygons-topo-150kId</styleUrl>
<ExtendedData><SchemaData schemaUrl="#nz-lake-polygons-topo-150kId"><SimpleData name="t50_fid">5037148</SimpleData>
<SimpleData name="elevation">0</SimpleData>
<SimpleData name="grp_ascii" />
<SimpleData name="grp_name" />
<SimpleData name="perennial" />
<SimpleData name="temperatur" />
<SimpleData name="lake_use" />
<SimpleData name="name_ascii" />
<SimpleData name="macronated">N</SimpleData>
<SimpleData name="name" />
<SimpleData name="grp_macron">N</SimpleData>
</SchemaData>
</ExtendedData>
<Polygon><outerBoundaryIs><LinearRing><tessellate>1</tessellate>
<coordinates> 174.346776,-39.546292 174.346808,-39.546230 174.346874,-39.546224 174.346887,-39.546193 174.346818,-39.546040 174.346916,-39.546008 174.347003,-39.546022 174.347106,-39.546206 174.347298,-39.546203 174.347442,-39.546130 174.347575,-39.546128 174.347586,-39.546157 174.347593,-39.546175 174.347595,-39.546180 174.347379,-39.546305 174.347247,-39.546327 174.347135,-39.546354 174.346929,-39.546331 174.346776,-39.546292</coordinates>
</LinearRing>
</outerBoundaryIs>
</Polygon>
</Placemark>
<Placemark><name />
<styleUrl>#nz-lake-polygons-topo-150kId</styleUrl>
<ExtendedData><SchemaData schemaUrl="#nz-lake-polygons-topo-150kId"><SimpleData name="t50_fid">5037149</SimpleData>
<SimpleData name="elevation">0</SimpleData>
<SimpleData name="grp_ascii" />
<SimpleData name="grp_name" />
<SimpleData name="perennial" />
<SimpleData name="temperatur" />
<SimpleData name="lake_use" />
<SimpleData name="name_ascii" />
<SimpleData name="macronated">N</SimpleData>
<SimpleData name="name" />
<SimpleData name="grp_macron">N</SimpleData>
</SchemaData>
</ExtendedData>
<Polygon><outerBoundaryIs><LinearRing><tessellate>1</tessellate>
<coordinates> 174.348503,-39.545856 174.348502,-39.545769 174.348836,-39.545570 174.348869,-39.545603 174.348903,-39.545636 174.348747,-39.545761 174.348749,-39.545884 174.348638,-39.545957 174.348560,-39.545899 174.348544,-39.545887 174.348503,-39.545856</coordinates>
</LinearRing>
</outerBoundaryIs>
</Polygon>
</Placemark>
<Placemark><name />
<styleUrl>#nz-lake-polygons-topo-150kId</styleUrl>
<ExtendedData><SchemaData schemaUrl="#nz-lake-polygons-topo-150kId"><SimpleData name="t50_fid">5037152</SimpleData>
<SimpleData name="elevation">0</SimpleData>
<SimpleData name="grp_ascii" />
<SimpleData name="grp_name" />
<SimpleData name="perennial" />
<SimpleData name="temperatur" />
<SimpleData name="lake_use" />
<SimpleData name="name_ascii" />
<SimpleData name="macronated">N</SimpleData>
<SimpleData name="name" />
<SimpleData name="grp_macron">N</SimpleData>
</SchemaData>
</ExtendedData>
<Polygon><outerBoundaryIs><LinearRing><tessellate>1</tessellate>
<coordinates> 174.349327,-39.544964 174.349293,-39.544898 174.349378,-39.544841 174.349487,-39.544650 174.349596,-39.544489 174.349770,-39.544539 174.349707,-39.544714 174.349587,-39.545018 174.349481,-39.545050 174.349421,-39.545017 174.349327,-39.544964</coordinates>
</LinearRing>
</outerBoundaryIs>
</Polygon>
</Placemark>
<Placemark><name />
<styleUrl>#nz-lake-polygons-topo-150kId</styleUrl>
<ExtendedData><SchemaData schemaUrl="#nz-lake-polygons-topo-150kId"><SimpleData name="t50_fid">5037169</SimpleData>
<SimpleData name="elevation">0</SimpleData>
<SimpleData name="grp_ascii" />
<SimpleData name="grp_name" />
<SimpleData name="perennial" />
<SimpleData name="temperatur" />
<SimpleData name="lake_use" />
<SimpleData name="name_ascii" />
<SimpleData name="macronated">N</SimpleData>
<SimpleData name="name" />
<SimpleData name="grp_macron">N</SimpleData>
</SchemaData>
</ExtendedData>
<Polygon><outerBoundaryIs><LinearRing><tessellate>1</tessellate>
<coordinates> 174.350545,-39.525423 174.350777,-39.525560 174.350463,-39.525604 174.350146,-39.525430 174.350545,-39.525423</coordinates>
</LinearRing>
</outerBoundaryIs>
</Polygon>
</Placemark>
<Placemark><name />
<styleUrl>#nz-lake-polygons-topo-150kId</styleUrl>
<ExtendedData><SchemaData schemaUrl="#nz-lake-polygons-topo-150kId"><SimpleData name="t50_fid">5037580</SimpleData>
<SimpleData name="elevation">0</SimpleData>
<SimpleData name="grp_ascii" />
<SimpleData name="grp_name" />
<SimpleData name="perennial" />
<SimpleData name="temperatur" />
<SimpleData name="lake_use" />
<SimpleData name="name_ascii" />
<SimpleData name="macronated">N</SimpleData>
<SimpleData name="name" />
<SimpleData name="grp_macron">N</SimpleData>
</SchemaData>
</ExtendedData>
<Polygon><outerBoundaryIs><LinearRing><tessellate>1</tessellate>
<coordinates> 174.478188,-39.199653 174.478345,-39.199724 174.478427,-39.199806 174.478515,-39.199887 174.478544,-39.199941 174.478525,-39.200108 174.478406,-39.200253 174.478163,-39.200044 174.478036,-39.199901 174.477987,-39.199664 174.478188,-39.199653</coordinates>
</LinearRing>
</outerBoundaryIs>
</Polygon>
</Placemark>
<Placemark><name />
<styleUrl>#nz-lake-polygons-topo-150kId</styleUrl>
<ExtendedData><SchemaData schemaUrl="#nz-lake-polygons-topo-150kId"><SimpleData name="t50_fid">5037578</SimpleData>
<SimpleData name="elevation">0</SimpleData>
<SimpleData name="grp_ascii" />
<SimpleData name="grp_name" />
<SimpleData name="perennial" />
<SimpleData name="temperatur" />
<SimpleData name="lake_use" />
<SimpleData name="name_ascii" />
<SimpleData name="macronated">N</SimpleData>
<SimpleData name="name" />
<SimpleData name="grp_macron">N</SimpleData>
</SchemaData>
</ExtendedData>
<Polygon><outerBoundaryIs><LinearRing><tessellate>1</tessellate>
<coordinates> 174.467036,-39.175932 174.467177,-39.175817 174.467354,-39.175926 174.467446,-39.176083 174.467840,-39.176461 174.467131,-39.176201 174.466919,-39.176193 174.467036,-39.175932</coordinates>
</LinearRing>
</outerBoundaryIs>
</Polygon>
</Placemark>
<Placemark><name />
<styleUrl>#nz-lake-polygons-topo-150kId</styleUrl>
<ExtendedData><SchemaData schemaUrl="#nz-lake-polygons-topo-150kId"><SimpleData name="t50_fid">5037579</SimpleData>
<SimpleData name="elevation">0</SimpleData>
<SimpleData name="grp_ascii" />
<SimpleData name="grp_name" />
<SimpleData name="perennial" />
<SimpleData name="temperatur" />
<SimpleData name="lake_use" />
<SimpleData name="name_ascii" />
<SimpleData name="macronated">N</SimpleData>
<SimpleData name="name" />
<SimpleData name="grp_macron">N</SimpleData>
</SchemaData>
</ExtendedData>
<Polygon><outerBoundaryIs><LinearRing><tessellate>1</tessellate>
<coordinates> 174.463375,-39.156615 174.463338,-39.156926 174.463147,-39.156754 174.463142,-39.156619 174.463267,-39.156484 174.463375,-39.156615</coordinates>
</LinearRing>
</outerBoundaryIs>
</Polygon>
</Placemark>
<Placemark><name />
<styleUrl>#nz-lake-polygons-topo-150kId</styleUrl>
<ExtendedData><SchemaData schemaUrl="#nz-lake-polygons-topo-150kId"><SimpleData name="t50_fid">5037576</SimpleData>
<SimpleData name="elevation">0</SimpleData>
<SimpleData name="grp_ascii" />
<SimpleData name="grp_name" />
<SimpleData name="perennial" />
<SimpleData name="temperatur" />
<SimpleData name="lake_use" />
<SimpleData name="name_ascii" />
<SimpleData name="macronated">N</SimpleData>
<SimpleData name="name" />
<SimpleData name="grp_macron">N</SimpleData>
</SchemaData>
</ExtendedData>
<Polygon><outerBoundaryIs><LinearRing><tessellate>1</tessellate>
<coordinates> 174.443638,-39.192256 174.443703,-39.192458 174.443462,-39.192619 174.443480,-39.192493 174.443349,-39.192239 174.443426,-39.192082 174.443638,-39.192256</coordinates>
</LinearRing>
</outerBoundaryIs>
</Polygon>
</Placemark>
<Placemark><name />
<styleUrl>#nz-lake-polygons-topo-150kId</styleUrl>
<ExtendedData><SchemaData schemaUrl="#nz-lake-polygons-topo-150kId"><SimpleData name="t50_fid">5008633</SimpleData>
<SimpleData name="elevation">0</SimpleData>
<SimpleData name="grp_ascii" />
<SimpleData name="grp_name" />
<SimpleData name="perennial" />
<SimpleData name="temperatur" />
<SimpleData name="lake_use" />
<SimpleData name="name_ascii" />
<SimpleData name="macronated">N</SimpleData>
<SimpleData name="name" />
<SimpleData name="grp_macron">N</SimpleData>
</SchemaData>
</ExtendedData>
<Polygon><outerBoundaryIs><LinearRing><tessellate>1</tessellate>
<coordinates> 174.448946,-39.148062 174.449444,-39.148534 174.449625,-39.148731 174.449781,-39.148924 174.449718,-39.149090 174.449429,-39.148966 174.449185,-39.148699 174.448955,-39.148460 174.448813,-39.148367 174.448604,-39.148265 174.448619,-39.148118 174.448757,-39.148012 174.448946,-39.148062</coordinates>
</LinearRing>
</outerBoundaryIs>
</Polygon>
</Placemark>
<Placemark><name />
<styleUrl>#nz-lake-polygons-topo-150kId</styleUrl>
<ExtendedData><SchemaData schemaUrl="#nz-lake-polygons-topo-150kId"><SimpleData name="t50_fid">5037577</SimpleData>
<SimpleData name="elevation">0</SimpleData>
<SimpleData name="grp_ascii" />
<SimpleData name="grp_name" />
<SimpleData name="perennial" />
<SimpleData name="temperatur" />
<SimpleData name="lake_use" />
<SimpleData name="name_ascii" />
<SimpleData name="macronated">N</SimpleData>
<SimpleData name="name" />
<SimpleData name="grp_macron">N</SimpleData>
</SchemaData>
</ExtendedData>
<Polygon><outerBoundaryIs><LinearRing><tessellate>1</tessellate>
<coordinates> 174.422710,-39.168114 174.422920,-39.168039 174.422951,-39.168255 174.422506,-39.168568 174.422390,-39.168547 174.422710,-39.168114</coordinates>
</LinearRing>
</outerBoundaryIs>
</Polygon>
</Placemark>
<Placemark><name />
<styleUrl>#nz-lake-polygons-topo-150kId</styleUrl>
<ExtendedData><SchemaData schemaUrl="#nz-lake-polygons-topo-150kId"><SimpleData name="t50_fid">5037575</SimpleData>
<SimpleData name="elevation">0</SimpleData>
<SimpleData name="grp_ascii" />
<SimpleData name="grp_name" />
<SimpleData name="perennial" />
<SimpleData name="temperatur" />
<SimpleData name="lake_use" />
<SimpleData name="name_ascii" />
<SimpleData name="macronated">N</SimpleData>
<SimpleData name="name" />
<SimpleData name="grp_macron">N</SimpleData>
</SchemaData>
</ExtendedData>
<Polygon><outerBoundaryIs><LinearRing><tessellate>1</tessellate>
<coordinates> 174.429846,-39.187624 174.429852,-39.187504 174.429998,-39.187380 174.430132,-39.187324 174.430143,-39.187447 174.430087,-39.187613 174.429991,-39.187698 174.429859,-39.187746 174.429846,-39.187624</coordinates>
</LinearRing>
</outerBoundaryIs>
</Polygon>
</Placemark>
<Placemark><name />
<styleUrl>#nz-lake-polygons-topo-150kId</styleUrl>
<ExtendedData><SchemaData schemaUrl="#nz-lake-polygons-topo-150kId"><SimpleData name="t50_fid">5037311</SimpleData>
<SimpleData name="elevation">0</SimpleData>
<SimpleData name="grp_ascii" />
<SimpleData name="grp_name" />
<SimpleData name="perennial" />
<SimpleData name="temperatur" />
<SimpleData name="lake_use" />
<SimpleData name="name_ascii" />
<SimpleData name="macronated">N</SimpleData>
<SimpleData name="name" />
<SimpleData name="grp_macron">N</SimpleData>
</SchemaData>
</ExtendedData>
<Polygon><outerBoundaryIs><LinearRing><tessellate>1</tessellate>
<coordinates> 174.322487,-39.263718 174.322478,-39.263595 174.322585,-39.263585 174.322651,-39.263515 174.322690,-39.263512 174.322715,-39.263557 174.322710,-39.263733 174.322619,-39.263802 174.322487,-39.263718</coordinates>
</LinearRing>
</outerBoundaryIs>
</Polygon>
</Placemark>
<Placemark><name />
<styleUrl>#nz-lake-polygons-topo-150kId</styleUrl>
<ExtendedData><SchemaData schemaUrl="#nz-lake-polygons-topo-150kId"><SimpleData name="t50_fid">5037313</SimpleData>
<SimpleData name="elevation">0</SimpleData>
<SimpleData name="grp_ascii" />
<SimpleData name="grp_name" />
<SimpleData name="perennial" />
<SimpleData name="temperatur" />
<SimpleData name="lake_use" />
<SimpleData name="name_ascii" />
<SimpleData name="macronated">N</SimpleData>
<SimpleData name="name" />
<SimpleData name="grp_macron">N</SimpleData>
</SchemaData>
</ExtendedData>
<Polygon><outerBoundaryIs><LinearRing><tessellate>1</tessellate>
<coordinates> 174.323031,-39.261124 174.323053,-39.260876 174.322904,-39.260721 174.322988,-39.260606 174.323104,-39.260627 174.323252,-39.260737 174.323291,-39.261075 174.323178,-39.261189 174.323031,-39.261124</coordinates>
</LinearRing>
</outerBoundaryIs>
</Polygon>
</Placemark>
<Placemark><name />
<styleUrl>#nz-lake-polygons-topo-150kId</styleUrl>
<ExtendedData><SchemaData schemaUrl="#nz-lake-polygons-topo-150kId"><SimpleData name="t50_fid">5037312</SimpleData>
<SimpleData name="elevation">0</SimpleData>
<SimpleData name="grp_ascii" />
<SimpleData name="grp_name" />
<SimpleData name="perennial" />
<SimpleData name="temperatur" />
<SimpleData name="lake_use" />
<SimpleData name="name_ascii" />
<SimpleData name="macronated">N</SimpleData>
<SimpleData name="name" />
<SimpleData name="grp_macron">N</SimpleData>
</SchemaData>
</ExtendedData>
<Polygon><outerBoundaryIs><LinearRing><tessellate>1</tessellate>
<coordinates> 174.321158,-39.260697 174.321039,-39.260586 174.321093,-39.260450 174.321239,-39.260470 174.321357,-39.260581 174.321245,-39.260695 174.321158,-39.260697</coordinates>
</LinearRing>
</outerBoundaryIs>
</Polygon>
</Placemark>
<Placemark><name />
<styleUrl>#nz-lake-polygons-topo-150kId</styleUrl>
<ExtendedData><SchemaData schemaUrl="#nz-lake-polygons-topo-150kId"><SimpleData name="t50_fid">5037310</SimpleData>
<SimpleData name="elevation">0</SimpleData>
<SimpleData name="grp_ascii" />
<SimpleData name="grp_name" />
<SimpleData name="perennial" />
<SimpleData name="temperatur" />
<SimpleData name="lake_use" />
<SimpleData name="name_ascii" />
<SimpleData name="macronated">N</SimpleData>
<SimpleData name="name" />
<SimpleData name="grp_macron">N</SimpleData>
</SchemaData>
</ExtendedData>
<Polygon><outerBoundaryIs><LinearRing><tessellate>1</tessellate>
<coordinates> 174.322041,-39.264040 174.321969,-39.264046 174.321763,-39.264042 174.321723,-39.264008 174.321700,-39.263968 174.321695,-39.263933 174.321706,-39.263897 174.321713,-39.263850 174.321856,-39.263907 174.322067,-39.263923 174.322114,-39.263957 174.322111,-39.264020 174.322041,-39.264040</coordinates>
</LinearRing>
</outerBoundaryIs>
</Polygon>
</Placemark>
<Placemark><name />
<styleUrl>#nz-lake-polygons-topo-150kId</styleUrl>
<ExtendedData><SchemaData schemaUrl="#nz-lake-polygons-topo-150kId"><SimpleData name="t50_fid">8075178</SimpleData>
<SimpleData name="elevation">0</SimpleData>
<SimpleData name="grp_ascii" />
<SimpleData name="grp_name" />
<SimpleData name="perennial" />
<SimpleData name="temperatur" />
<SimpleData name="lake_use" />
<SimpleData name="name_ascii" />
<SimpleData name="macronated">N</SimpleData>
<SimpleData name="name" />
<SimpleData name="grp_macron">N</SimpleData>
</SchemaData>
</ExtendedData>
<Polygon><outerBoundaryIs><LinearRing><tessellate>1</tessellate>
<coordinates> 174.320834,-39.262844 174.320932,-39.262909 174.321018,-39.262912 174.321179,-39.262927 174.321284,-39.263080 174.321167,-39.263107 174.321016,-39.263069 174.320894,-39.263022 174.320837,-39.263004 174.320791,-39.262982 174.320728,-39.262930 174.320743,-39.262872 174.320834,-39.262844</coordinates>
</LinearRing>
</outerBoundaryIs>
</Polygon>
</Placemark>
<Placemark><name />
<styleUrl>#nz-lake-polygons-topo-150kId</styleUrl>
<ExtendedData><SchemaData schemaUrl="#nz-lake-polygons-topo-150kId"><SimpleData name="t50_fid">8075282</SimpleData>
<SimpleData name="elevation">0</SimpleData>
<SimpleData name="grp_ascii" />
<SimpleData name="grp_name" />
<SimpleData name="perennial" />
<SimpleData name="temperatur" />
<SimpleData name="lake_use" />
<SimpleData name="name_ascii" />
<SimpleData name="macronated">N</SimpleData>
<SimpleData name="name" />
<SimpleData name="grp_macron">N</SimpleData>
</SchemaData>
</ExtendedData>
<Polygon><outerBoundaryIs><LinearRing><tessellate>1</tessellate>
<coordinates> 174.321507,-39.258944 174.321553,-39.258939 174.321596,-39.258892 174.321634,-39.258792 174.321657,-39.258727 174.321754,-39.258648 174.321776,-39.258604 174.321775,-39.258554 174.321821,-39.258533 174.321915,-39.258455 174.322008,-39.258492 174.322064,-39.258512 174.322130,-39.258511 174.322186,-39.258537 174.322220,-39.258579 174.322261,-39.258620 174.322340,-39.258637 174.322386,-39.258646 174.322349,-39.258680 174.322271,-39.258682 174.322204,-39.258665 174.322144,-39.258622 174.322118,-39.258592 174.322058,-39.258616 174.321974,-39.258618 174.321932,-39.258630 174.321844,-39.258725 174.321788,-39.258778 174.321702,-39.258841 174.321681,-39.258904 174.321649,-39.258957 174.321553,-39.259003 174.321544,-39.259008 174.321507,-39.258944</coordinates>
</LinearRing>
</outerBoundaryIs>
</Polygon>
</Placemark>
<Placemark><name />
<styleUrl>#nz-lake-polygons-topo-150kId</styleUrl>
<ExtendedData><SchemaData schemaUrl="#nz-lake-polygons-topo-150kId"><SimpleData name="t50_fid">8075283</SimpleData>
<SimpleData name="elevation">0</SimpleData>
<SimpleData name="grp_ascii" />
<SimpleData name="grp_name" />
<SimpleData name="perennial" />
<SimpleData name="temperatur" />
<SimpleData name="lake_use" />
<SimpleData name="name_ascii" />
<SimpleData name="macronated">N</SimpleData>
<SimpleData name="name" />
<SimpleData name="grp_macron">N</SimpleData>
</SchemaData>
</ExtendedData>
<Polygon><outerBoundaryIs><LinearRing><tessellate>1</tessellate>
<coordinates> 174.327041,-39.260082 174.326997,-39.260065 174.326992,-39.260019 174.327084,-39.259969 174.327082,-39.259903 174.327029,-39.259835 174.326925,-39.259804 174.326724,-39.259714 174.326572,-39.259710 174.326497,-39.259648 174.326451,-39.259565 174.326599,-39.259586 174.326692,-39.259577 174.326780,-39.259556 174.326854,-39.259555 174.326970,-39.259608 174.327066,-39.259604 174.327099,-39.259589 174.327126,-39.259491 174.327132,-39.259385 174.327131,-39.259322 174.327111,-39.259270 174.326988,-39.259220 174.326983,-39.259134 174.326984,-39.259030 174.327125,-39.259011 174.327262,-39.259027 174.327326,-39.259084 174.327443,-39.259197 174.327437,-39.259272 174.327377,-39.259425 174.327365,-39.259589 174.327348,-39.259679 174.327194,-39.259752 174.327139,-39.259764 174.327107,-39.259828 174.327204,-39.259907 174.327220,-39.259947 174.327178,-39.260072 174.327134,-39.260092 174.327041,-39.260082</coordinates>
</LinearRing>
</outerBoundaryIs>
</Polygon>
</Placemark>
<Placemark><name />
<styleUrl>#nz-lake-polygons-topo-150kId</styleUrl>
<ExtendedData><SchemaData schemaUrl="#nz-lake-polygons-topo-150kId"><SimpleData name="t50_fid">8075179</SimpleData>
<SimpleData name="elevation">0</SimpleData>
<SimpleData name="grp_ascii" />
<SimpleData name="grp_name" />
<SimpleData name="perennial" />
<SimpleData name="temperatur" />
<SimpleData name="lake_use" />
<SimpleData name="name_ascii" />
<SimpleData name="macronated">N</SimpleData>
<SimpleData name="name" />
<SimpleData name="grp_macron">N</SimpleData>
</SchemaData>
</ExtendedData>
<Polygon><outerBoundaryIs><LinearRing><tessellate>1</tessellate>
<coordinates> 174.325174,-39.260715 174.325227,-39.260738 174.325306,-39.260812 174.325369,-39.260860 174.325371,-39.260958 174.325573,-39.261070 174.325656,-39.261133 174.325652,-39.261351 174.325643,-39.261417 174.325562,-39.261289 174.325501,-39.261186 174.325336,-39.261064 174.325246,-39.261002 174.325184,-39.261017 174.325102,-39.261211 174.325017,-39.261192 174.324964,-39.261120 174.324899,-39.261046 174.324945,-39.261057 174.325015,-39.261074 174.325106,-39.261021 174.325123,-39.260949 174.325111,-39.260900 174.325066,-39.260878 174.325032,-39.260806 174.325079,-39.260745 174.325167,-39.260718 174.325174,-39.260715</coordinates>
</LinearRing>
</outerBoundaryIs>
</Polygon>
</Placemark>
<Placemark><name />
<styleUrl>#nz-lake-polygons-topo-150kId</styleUrl>
<ExtendedData><SchemaData schemaUrl="#nz-lake-polygons-topo-150kId"><SimpleData name="t50_fid">5037314</SimpleData>
<SimpleData name="elevation">0</SimpleData>
<SimpleData name="grp_ascii" />
<SimpleData name="grp_name" />
<SimpleData name="perennial" />
<SimpleData name="temperatur" />
<SimpleData name="lake_use" />
<SimpleData name="name_ascii" />
<SimpleData name="macronated">N</SimpleData>
<SimpleData name="name" />
<SimpleData name="grp_macron">N</SimpleData>
</SchemaData>
</ExtendedData>
<Polygon><outerBoundaryIs><LinearRing><tessellate>1</tessellate>
<coordinates> 174.325676,-39.267663 174.325558,-39.267617 174.325609,-39.267392 174.325621,-39.266918 174.325921,-39.267251 174.326016,-39.267411 174.325987,-39.267498 174.325783,-39.267571 174.325676,-39.267663</coordinates>
</LinearRing>
</outerBoundaryIs>
</Polygon>
</Placemark>
<Placemark><name />
<styleUrl>#nz-lake-polygons-topo-150kId</styleUrl>
<ExtendedData><SchemaData schemaUrl="#nz-lake-polygons-topo-150kId"><SimpleData name="t50_fid">8075055</SimpleData>
<SimpleData name="elevation">0</SimpleData>
<SimpleData name="grp_ascii" />
<SimpleData name="grp_name" />
<SimpleData name="perennial" />
<SimpleData name="temperatur" />
<SimpleData name="lake_use" />
<SimpleData name="name_ascii" />
<SimpleData name="macronated">N</SimpleData>
<SimpleData name="name" />
<SimpleData name="grp_macron">N</SimpleData>
</SchemaData>
</ExtendedData>
<Polygon><outerBoundaryIs><LinearRing><tessellate>1</tessellate>
<coordinates> 174.332867,-39.255993 174.332992,-39.255971 174.333125,-39.255742 174.333134,-39.255624 174.333132,-39.255561 174.333069,-39.255542 174.333016,-39.255479 174.333062,-39.255364 174.333124,-39.255300 174.333268,-39.255281 174.333345,-39.255260 174.333504,-39.255275 174.333570,-39.255257 174.333588,-39.255191 174.333587,-39.255139 174.333586,-39.255093 174.333585,-39.255059 174.333629,-39.255041 174.333703,-39.255049 174.333830,-39.255099 174.333937,-39.255103 174.333989,-39.255074 174.334137,-39.254917 174.334180,-39.254816 174.334268,-39.254803 174.334361,-39.254817 174.334402,-39.254862 174.334394,-39.254995 174.334349,-39.254987 174.334326,-39.254941 174.334256,-39.254924 174.334230,-39.254953 174.334009,-39.255197 174.333870,-39.255251 174.333883,-39.255371 174.333941,-39.255517 174.333929,-39.255630 174.333901,-39.255713 174.333732,-39.255793 174.333610,-39.255783 174.333442,-39.255707 174.333325,-39.255760 174.333301,-39.255861 174.333304,-39.256034 174.333359,-39.256208 174.333245,-39.256238 174.333086,-39.256246 174.332981,-39.256187 174.332903,-39.256124 174.332832,-39.256099 174.332794,-39.256065 174.332798,-39.256068 174.332805,-39.256060 174.332867,-39.255993</coordinates>
</LinearRing>
</outerBoundaryIs>
</Polygon>
</Placemark>
<Placemark><name />
<styleUrl>#nz-lake-polygons-topo-150kId</styleUrl>
<ExtendedData><SchemaData schemaUrl="#nz-lake-polygons-topo-150kId"><SimpleData name="t50_fid">5037442</SimpleData>
<SimpleData name="elevation">0</SimpleData>
<SimpleData name="grp_ascii" />
<SimpleData name="grp_name" />
<SimpleData name="perennial" />
<SimpleData name="temperatur" />
<SimpleData name="lake_use" />
<SimpleData name="name_ascii" />
<SimpleData name="macronated">N</SimpleData>
<SimpleData name="name" />
<SimpleData name="grp_macron">N</SimpleData>
</SchemaData>
</ExtendedData>
<Polygon><outerBoundaryIs><LinearRing><tessellate>1</tessellate>
<coordinates> 174.345212,-39.243020 174.345444,-39.243039 174.345616,-39.242968 174.345792,-39.243055 174.345651,-39.243170 174.345217,-39.243200 174.345127,-39.243112 174.345212,-39.243020</coordinates>
</LinearRing>
</outerBoundaryIs>
</Polygon>
</Placemark>
<Placemark><name />
<styleUrl>#nz-lake-polygons-topo-150kId</styleUrl>
<ExtendedData><SchemaData schemaUrl="#nz-lake-polygons-topo-150kId"><SimpleData name="t50_fid">5037443</SimpleData>
<SimpleData name="elevation">0</SimpleData>
<SimpleData name="grp_ascii" />
<SimpleData name="grp_name" />
<SimpleData name="perennial" />
<SimpleData name="temperatur" />
<SimpleData name="lake_use" />
<SimpleData name="name_ascii" />
<SimpleData name="macronated">N</SimpleData>
<SimpleData name="name" />
<SimpleData name="grp_macron">N</SimpleData>
</SchemaData>
</ExtendedData>
<Polygon><outerBoundaryIs><LinearRing><tessellate>1</tessellate>
<coordinates> 174.344999,-39.241765 174.345000,-39.241832 174.344892,-39.241944 174.344830,-39.241810 174.344868,-39.241740 174.344933,-39.241723 174.344999,-39.241765</coordinates>
</LinearRing>
</outerBoundaryIs>
</Polygon>
</Placemark>
<Placemark><name />
<styleUrl>#nz-lake-polygons-topo-150kId</styleUrl>
<ExtendedData><SchemaData schemaUrl="#nz-lake-polygons-topo-150kId"><SimpleData name="t50_fid">5037445</SimpleData>
<SimpleData name="elevation">0</SimpleData>
<SimpleData name="grp_ascii" />
<SimpleData name="grp_name" />
<SimpleData name="perennial" />
<SimpleData name="temperatur" />
<SimpleData name="lake_use" />
<SimpleData name="name_ascii" />
<SimpleData name="macronated">N</SimpleData>
<SimpleData name="name" />
<SimpleData name="grp_macron">N</SimpleData>
</SchemaData>
</ExtendedData>
<Polygon><outerBoundaryIs><LinearRing><tessellate>1</tessellate>
<coordinates> 174.347855,-39.241195 174.347939,-39.241104 174.348055,-39.241102 174.348174,-39.241212 174.348091,-39.241326 174.347855,-39.241195</coordinates>
</LinearRing>
</outerBoundaryIs>
</Polygon>
</Placemark>
<Placemark><name />
<styleUrl>#nz-lake-polygons-topo-150kId</styleUrl>
<ExtendedData><SchemaData schemaUrl="#nz-lake-polygons-topo-150kId"><SimpleData name="t50_fid">5037444</SimpleData>
<SimpleData name="elevation">0</SimpleData>
<SimpleData name="grp_ascii" />
<SimpleData name="grp_name" />
<SimpleData name="perennial" />
<SimpleData name="temperatur" />
<SimpleData name="lake_use" />
<SimpleData name="name_ascii" />
<SimpleData name="macronated">N</SimpleData>
<SimpleData name="name" />
<SimpleData name="grp_macron">N</SimpleData>
</SchemaData>
</ExtendedData>
<Polygon><outerBoundaryIs><LinearRing><tessellate>1</tessellate>
<coordinates> 174.350636,-39.244234 174.350546,-39.244168 174.350542,-39.244033 174.350686,-39.243964 174.350907,-39.244129 174.350636,-39.244234</coordinates>
</LinearRing>
</outerBoundaryIs>
</Polygon>
</Placemark>
<Placemark><name />
<styleUrl>#nz-lake-polygons-topo-150kId</styleUrl>
<ExtendedData><SchemaData schemaUrl="#nz-lake-polygons-topo-150kId"><SimpleData name="t50_fid">8075279</SimpleData>
<SimpleData name="elevation">0</SimpleData>
<SimpleData name="grp_ascii" />
<SimpleData name="grp_name" />
<SimpleData name="perennial" />
<SimpleData name="temperatur" />
<SimpleData name="lake_use" />
<SimpleData name="name_ascii" />
<SimpleData name="macronated">N</SimpleData>
<SimpleData name="name" />
<SimpleData name="grp_macron">N</SimpleData>
</SchemaData>
</ExtendedData>
<Polygon><outerBoundaryIs><LinearRing><tessellate>1</tessellate>
<coordinates> 174.223211,-39.147135 174.223340,-39.147152 174.223453,-39.147128 174.223496,-39.147055 174.223580,-39.147027 174.223714,-39.147039 174.223825,-39.147038 174.223927,-39.147057 174.223949,-39.147146 174.223911,-39.147296 174.223962,-39.147384 174.224034,-39.147467 174.224009,-39.147540 174.223846,-39.147599 174.223642,-39.147596 174.223442,-39.147503 174.223291,-39.147366 174.223217,-39.147283 174.223189,-39.147204 174.223191,-39.147154 174.223211,-39.147135</coordinates>
</LinearRing>
</outerBoundaryIs>
</Polygon>
</Placemark>
<Placemark><name />
<styleUrl>#nz-lake-polygons-topo-150kId</styleUrl>
<ExtendedData><SchemaData schemaUrl="#nz-lake-polygons-topo-150kId"><SimpleData name="t50_fid">5037485</SimpleData>
<SimpleData name="elevation">0</SimpleData>
<SimpleData name="grp_ascii" />
<SimpleData name="grp_name" />
<SimpleData name="perennial" />
<SimpleData name="temperatur" />
<SimpleData name="lake_use" />
<SimpleData name="name_ascii" />
<SimpleData name="macronated">N</SimpleData>
<SimpleData name="name" />
<SimpleData name="grp_macron">N</SimpleData>
</SchemaData>
</ExtendedData>
<Polygon><outerBoundaryIs><LinearRing><tessellate>1</tessellate>
<coordinates> 174.217239,-39.130989 174.217345,-39.131036 174.217637,-39.131136 174.217951,-39.131222 174.218244,-39.131378 174.218317,-39.131485 174.218260,-39.131580 174.218181,-39.131660 174.218065,-39.131587 174.218041,-39.131440 174.217941,-39.131347 174.217814,-39.131346 174.217522,-39.131248 174.217321,-39.131236 174.217242,-39.131319 174.217272,-39.131467 174.217380,-39.131599 174.217375,-39.131710 174.217193,-39.131687 174.217068,-39.131604 174.217038,-39.131489 174.216960,-39.131437 174.216909,-39.131353 174.216908,-39.131286 174.216878,-39.131178 174.216767,-39.131030 174.216791,-39.130984 174.216884,-39.130988 174.217052,-39.131021 174.217239,-39.130989</coordinates>
</LinearRing>
</outerBoundaryIs>
</Polygon>
</Placemark>
<Placemark><name />
<styleUrl>#nz-lake-polygons-topo-150kId</styleUrl>
<ExtendedData><SchemaData schemaUrl="#nz-lake-polygons-topo-150kId"><SimpleData name="t50_fid">5037433</SimpleData>
<SimpleData name="elevation">0</SimpleData>
<SimpleData name="grp_ascii" />
<SimpleData name="grp_name" />
<SimpleData name="perennial" />
<SimpleData name="temperatur" />
<SimpleData name="lake_use" />
<SimpleData name="name_ascii" />
<SimpleData name="macronated">N</SimpleData>
<SimpleData name="name" />
<SimpleData name="grp_macron">N</SimpleData>
</SchemaData>
</ExtendedData>
<Polygon><outerBoundaryIs><LinearRing><tessellate>1</tessellate>
<coordinates> 174.247736,-39.247103 174.247442,-39.247146 174.247132,-39.247378 174.247028,-39.247268 174.247206,-39.246998 174.247408,-39.246933 174.247672,-39.246954 174.247736,-39.247103</coordinates>
</LinearRing>
</outerBoundaryIs>
</Polygon>
</Placemark>
<Placemark><name />
<styleUrl>#nz-lake-polygons-topo-150kId</styleUrl>
<ExtendedData><SchemaData schemaUrl="#nz-lake-polygons-topo-150kId"><SimpleData name="t50_fid">5037285</SimpleData>
<SimpleData name="elevation">0</SimpleData>
<SimpleData name="grp_ascii" />
<SimpleData name="grp_name" />
<SimpleData name="perennial" />
<SimpleData name="temperatur" />
<SimpleData name="lake_use" />
<SimpleData name="name_ascii" />
<SimpleData name="macronated">N</SimpleData>
<SimpleData name="name" />
<SimpleData name="grp_macron">N</SimpleData>
</SchemaData>
</ExtendedData>
<Polygon><outerBoundaryIs><LinearRing><tessellate>1</tessellate>
<coordinates> 174.247809,-39.265637 174.247779,-39.265806 174.247649,-39.265995 174.247627,-39.266137 174.247496,-39.266294 174.247329,-39.266224 174.247351,-39.266082 174.247395,-39.265732 174.247393,-39.265629 174.247408,-39.265558 174.247592,-39.265575 174.247809,-39.265637</coordinates>
</LinearRing>
</outerBoundaryIs>
</Polygon>
</Placemark>
<Placemark><name />
<styleUrl>#nz-lake-polygons-topo-150kId</styleUrl>
<ExtendedData><SchemaData schemaUrl="#nz-lake-polygons-topo-150kId"><SimpleData name="t50_fid">5037284</SimpleData>
<SimpleData name="elevation">0</SimpleData>
<SimpleData name="grp_ascii" />
<SimpleData name="grp_name" />
<SimpleData name="perennial" />
<SimpleData name="temperatur" />
<SimpleData name="lake_use" />
<SimpleData name="name_ascii" />
<SimpleData name="macronated">N</SimpleData>
<SimpleData name="name" />
<SimpleData name="grp_macron">N</SimpleData>
</SchemaData>
</ExtendedData>
<Polygon><outerBoundaryIs><LinearRing><tessellate>1</tessellate>
<coordinates> 174.247645,-39.275591 174.247610,-39.275670 174.247462,-39.275750 174.247423,-39.275853 174.247238,-39.275890 174.247127,-39.275960 174.247145,-39.276085 174.246925,-39.276179 174.246654,-39.276131 174.246636,-39.276044 174.246773,-39.276014 174.246901,-39.275950 174.247184,-39.275749 174.247230,-39.275614 174.247263,-39.275429 174.247391,-39.275374 174.247566,-39.275469 174.247645,-39.275591</coordinates>
</LinearRing>
</outerBoundaryIs>
</Polygon>
</Placemark>
<Placemark><name />
<styleUrl>#nz-lake-polygons-topo-150kId</styleUrl>
<ExtendedData><SchemaData schemaUrl="#nz-lake-polygons-topo-150kId"><SimpleData name="t50_fid">5037282</SimpleData>
<SimpleData name="elevation">0</SimpleData>
<SimpleData name="grp_ascii" />
<SimpleData name="grp_name" />
<SimpleData name="perennial" />
<SimpleData name="temperatur" />
<SimpleData name="lake_use" />
<SimpleData name="name_ascii" />
<SimpleData name="macronated">N</SimpleData>
<SimpleData name="name" />
<SimpleData name="grp_macron">N</SimpleData>
</SchemaData>
</ExtendedData>
<Polygon><outerBoundaryIs><LinearRing><tessellate>1</tessellate>
<coordinates> 174.243062,-39.278189 174.243119,-39.278258 174.242983,-39.278416 174.242820,-39.278595 174.242691,-39.278725 174.242546,-39.278759 174.242338,-39.278697 174.242207,-39.278752 174.241939,-39.278862 174.241852,-39.279030 174.241694,-39.279091 174.241706,-39.278978 174.241821,-39.278815 174.241998,-39.278684 174.242322,-39.278600 174.242557,-39.278555 174.242741,-39.278407 174.242883,-39.278223 174.243000,-39.278201 174.243062,-39.278189</coordinates>
</LinearRing>
</outerBoundaryIs>
</Polygon>
</Placemark>
<Placemark><name />
<styleUrl>#nz-lake-polygons-topo-150kId</styleUrl>
<ExtendedData><SchemaData schemaUrl="#nz-lake-polygons-topo-150kId"><SimpleData name="t50_fid">5037283</SimpleData>
<SimpleData name="elevation">0</SimpleData>
<SimpleData name="grp_ascii" />
<SimpleData name="grp_name" />
<SimpleData name="perennial" />
<SimpleData name="temperatur" />
<SimpleData name="lake_use" />
<SimpleData name="name_ascii" />
<SimpleData name="macronated">N</SimpleData>
<SimpleData name="name" />
<SimpleData name="grp_macron">N</SimpleData>
</SchemaData>
</ExtendedData>
<Polygon><outerBoundaryIs><LinearRing><tessellate>1</tessellate>
<coordinates> 174.243399,-39.277176 174.243242,-39.277282 174.243156,-39.277399 174.243125,-39.277513 174.242991,-39.277521 174.242956,-39.277402 174.242879,-39.277337 174.242794,-39.277244 174.242824,-39.277026 174.243065,-39.276942 174.243187,-39.276996 174.243363,-39.277063 174.243399,-39.277176</coordinates>
</LinearRing>
</outerBoundaryIs>
</Polygon>
</Placemark>
<Placemark><name />
<styleUrl>#nz-lake-polygons-topo-150kId</styleUrl>
<ExtendedData><SchemaData schemaUrl="#nz-lake-polygons-topo-150kId"><SimpleData name="t50_fid">7889963</SimpleData>
<SimpleData name="elevation">0</SimpleData>
<SimpleData name="grp_ascii" />
<SimpleData name="grp_name" />
<SimpleData name="perennial" />
<SimpleData name="temperatur" />
<SimpleData name="lake_use" />
<SimpleData name="name_ascii" />
<SimpleData name="macronated">N</SimpleData>
<SimpleData name="name" />
<SimpleData name="grp_macron">N</SimpleData>
</SchemaData>
</ExtendedData>
<Polygon><outerBoundaryIs><LinearRing><tessellate>1</tessellate>
<coordinates> 174.233240,-39.277694 174.233122,-39.277734 174.232989,-39.277794 174.232869,-39.277878 174.232773,-39.277946 174.232680,-39.278017 174.232577,-39.278115 174.232480,-39.278218 174.232426,-39.278257 174.232380,-39.278211 174.232456,-39.278131 174.232580,-39.277997 174.232690,-39.277882 174.232734,-39.277847 174.232770,-39.277792 174.232912,-39.277665 174.233018,-39.277608 174.233092,-39.277594 174.233167,-39.277608 174.233230,-39.277652 174.233240,-39.277694</coordinates>
</LinearRing>
</outerBoundaryIs>
</Polygon>
</Placemark>
<Placemark><name />
<styleUrl>#nz-lake-polygons-topo-150kId</styleUrl>
<ExtendedData><SchemaData schemaUrl="#nz-lake-polygons-topo-150kId"><SimpleData name="t50_fid">7889964</SimpleData>
<SimpleData name="elevation">0</SimpleData>
<SimpleData name="grp_ascii" />
<SimpleData name="grp_name" />
<SimpleData name="perennial" />
<SimpleData name="temperatur" />
<SimpleData name="lake_use" />
<SimpleData name="name_ascii" />
<SimpleData name="macronated">N</SimpleData>
<SimpleData name="name" />
<SimpleData name="grp_macron">N</SimpleData>
</SchemaData>
</ExtendedData>
<Polygon><outerBoundaryIs><LinearRing><tessellate>1</tessellate>
<coordinates> 174.233829,-39.277146 174.233920,-39.277099 174.234013,-39.277087 174.234083,-39.277123 174.234114,-39.277184 174.234087,-39.277216 174.234003,-39.277231 174.233927,-39.277264 174.233868,-39.277257 174.233822,-39.277217 174.233807,-39.277182 174.233829,-39.277146</coordinates>
</LinearRing>
</outerBoundaryIs>
</Polygon>
</Placemark>
<Placemark><name />
<styleUrl>#nz-lake-polygons-topo-150kId</styleUrl>
<ExtendedData><SchemaData schemaUrl="#nz-lake-polygons-topo-150kId"><SimpleData name="t50_fid">7889965</SimpleData>
<SimpleData name="elevation">0</SimpleData>
<SimpleData name="grp_ascii" />
<SimpleData name="grp_name" />
<SimpleData name="perennial" />
<SimpleData name="temperatur" />
<SimpleData name="lake_use" />
<SimpleData name="name_ascii" />
<SimpleData name="macronated">N</SimpleData>
<SimpleData name="name" />
<SimpleData name="grp_macron">N</SimpleData>
</SchemaData>
</ExtendedData>
<Polygon><outerBoundaryIs><LinearRing><tessellate>1</tessellate>
<coordinates> 174.234110,-39.277064 174.234107,-39.277044 174.234154,-39.276995 174.234364,-39.276891 174.234509,-39.276808 174.234616,-39.276775 174.234706,-39.276802 174.234698,-39.276860 174.234631,-39.276915 174.234579,-39.276952 174.234521,-39.276959 174.234403,-39.277012 174.234318,-39.277058 174.234245,-39.277113 174.234191,-39.277131 174.234142,-39.277115 174.234110,-39.277064</coordinates>
</LinearRing>
</outerBoundaryIs>
</Polygon>
</Placemark>
<Placemark><name />
<styleUrl>#nz-lake-polygons-topo-150kId</styleUrl>
<ExtendedData><SchemaData schemaUrl="#nz-lake-polygons-topo-150kId"><SimpleData name="t50_fid">5037287</SimpleData>
<SimpleData name="elevation">0</SimpleData>
<SimpleData name="grp_ascii" />
<SimpleData name="grp_name" />
<SimpleData name="perennial" />
<SimpleData name="temperatur" />
<SimpleData name="lake_use" />
<SimpleData name="name_ascii" />
<SimpleData name="macronated">N</SimpleData>
<SimpleData name="name" />
<SimpleData name="grp_macron">N</SimpleData>
</SchemaData>
</ExtendedData>
<Polygon><outerBoundaryIs><LinearRing><tessellate>1</tessellate>
<coordinates> 174.260838,-39.271980 174.260639,-39.272141 174.260435,-39.272076 174.260403,-39.271964 174.260456,-39.271783 174.260712,-39.271621 174.260906,-39.271677 174.260838,-39.271980</coordinates>
</LinearRing>
</outerBoundaryIs>
</Polygon>
</Placemark>
<Placemark><name />
<styleUrl>#nz-lake-polygons-topo-150kId</styleUrl>
<ExtendedData><SchemaData schemaUrl="#nz-lake-polygons-topo-150kId"><SimpleData name="t50_fid">5037309</SimpleData>
<SimpleData name="elevation">0</SimpleData>
<SimpleData name="grp_ascii" />
<SimpleData name="grp_name" />
<SimpleData name="perennial" />
<SimpleData name="temperatur" />
<SimpleData name="lake_use" />
<SimpleData name="name_ascii" />
<SimpleData name="macronated">N</SimpleData>
<SimpleData name="name" />
<SimpleData name="grp_macron">N</SimpleData>
</SchemaData>
</ExtendedData>
<Polygon><outerBoundaryIs><LinearRing><tessellate>1</tessellate>
<coordinates> 174.296645,-39.272360 174.296297,-39.272366 174.296094,-39.272346 174.296035,-39.272302 174.296033,-39.272212 174.296147,-39.272143 174.296524,-39.272137 174.296730,-39.272246 174.296645,-39.272360</coordinates>
</LinearRing>
</outerBoundaryIs>
</Polygon>
</Placemark>
<Placemark><name />
<styleUrl>#nz-lake-polygons-topo-150kId</styleUrl>
<ExtendedData><SchemaData schemaUrl="#nz-lake-polygons-topo-150kId"><SimpleData name="t50_fid">5037052</SimpleData>
<SimpleData name="elevation">0</SimpleData>
<SimpleData name="grp_ascii" />
<SimpleData name="grp_name" />
<SimpleData name="perennial" />
<SimpleData name="temperatur" />
<SimpleData name="lake_use" />
<SimpleData name="name_ascii" />
<SimpleData name="macronated">N</SimpleData>
<SimpleData name="name" />
<SimpleData name="grp_macron">N</SimpleData>
</SchemaData>
</ExtendedData>
<Polygon><outerBoundaryIs><LinearRing><tessellate>1</tessellate>
<coordinates> 174.239663,-39.600316 174.239665,-39.600121 174.239934,-39.600023 174.240054,-39.600007 174.240159,-39.599993 174.240299,-39.600010 174.240324,-39.600251 174.240221,-39.600329 174.240088,-39.600340 174.240085,-39.600338 174.239783,-39.600322 174.239663,-39.600316</coordinates>
</LinearRing>
</outerBoundaryIs>
</Polygon>
</Placemark>
<Placemark><name />
<styleUrl>#nz-lake-polygons-topo-150kId</styleUrl>
<ExtendedData><SchemaData schemaUrl="#nz-lake-polygons-topo-150kId"><SimpleData name="t50_fid">5008565</SimpleData>
<SimpleData name="elevation">0</SimpleData>
<SimpleData name="grp_ascii" />
<SimpleData name="grp_name" />
<SimpleData name="perennial" />
<SimpleData name="temperatur" />
<SimpleData name="lake_use" />
<SimpleData name="name_ascii" />
<SimpleData name="macronated">N</SimpleData>
<SimpleData name="name" />
<SimpleData name="grp_macron">N</SimpleData>
</SchemaData>
</ExtendedData>
<Polygon><outerBoundaryIs><LinearRing><tessellate>1</tessellate>
<coordinates> 174.245661,-39.572095 174.245551,-39.572102 174.245371,-39.572077 174.245354,-39.571977 174.245417,-39.571870 174.245392,-39.571758 174.245281,-39.571564 174.245198,-39.571408 174.244978,-39.571256 174.244940,-39.571103 174.244927,-39.570864 174.244933,-39.570729 174.245061,-39.570794 174.245138,-39.570937 174.245150,-39.571059 174.245176,-39.571254 174.245282,-39.571380 174.245405,-39.571453 174.245531,-39.571629 174.245654,-39.571876 174.245705,-39.571973 174.245661,-39.572095</coordinates>
</LinearRing>
</outerBoundaryIs>
</Polygon>
</Placemark>
<Placemark><name />
<styleUrl>#nz-lake-polygons-topo-150kId</styleUrl>
<ExtendedData><SchemaData schemaUrl="#nz-lake-polygons-topo-150kId"><SimpleData name="t50_fid">5005031</SimpleData>
<SimpleData name="elevation">0</SimpleData>
<SimpleData name="grp_ascii" />
<SimpleData name="grp_name" />
<SimpleData name="perennial" />
<SimpleData name="temperatur" />
<SimpleData name="lake_use" />
<SimpleData name="name_ascii" />
<SimpleData name="macronated">N</SimpleData>
<SimpleData name="name" />
<SimpleData name="grp_macron">N</SimpleData>
</SchemaData>
</ExtendedData>
<Polygon><outerBoundaryIs><LinearRing><tessellate>1</tessellate>
<coordinates> 174.224248,-39.591963 174.224281,-39.591650 174.224412,-39.591511 174.224623,-39.591500 174.224688,-39.591426 174.224780,-39.591279 174.224912,-39.591218 174.225232,-39.591111 174.225332,-39.591123 174.225467,-39.591216 174.225628,-39.591232 174.225798,-39.591123 174.225863,-39.591058 174.226005,-39.590932 174.226024,-39.590725 174.226138,-39.590587 174.226153,-39.590488 174.226285,-39.590431 174.226322,-39.590344 174.226360,-39.590249 174.226408,-39.590150 174.226578,-39.590063 174.226665,-39.589959 174.226581,-39.589886 174.226573,-39.589792 174.226761,-39.589726 174.226861,-39.589755 174.227046,-39.589864 174.227309,-39.589973 174.227598,-39.589992 174.227613,-39.589914 174.227724,-39.589900 174.227791,-39.589934 174.227817,-39.590135 174.227707,-39.590209 174.227496,-39.590177 174.227346,-39.590183 174.227079,-39.590113 174.226907,-39.590128 174.226714,-39.590229 174.226622,-39.590320 174.226726,-39.590563 174.226926,-39.590879 174.227032,-39.590946 174.227168,-39.591091 174.227236,-39.591202 174.227382,-39.591248 174.227485,-39.591139 174.227784,-39.591072 174.227943,-39.590988 174.227975,-39.590889 174.228045,-39.590794 174.228003,-39.590636 174.228116,-39.590544 174.228218,-39.590539 174.228260,-39.590702 174.228305,-39.590744 174.228388,-39.590748 174.228548,-39.590703 174.228667,-39.590721 174.228583,-39.590793 174.228451,-39.590863 174.228298,-39.590980 174.227979,-39.591164 174.227676,-39.591275 174.227551,-39.591387 174.227325,-39.591489 174.226988,-39.591600 174.226801,-39.591700 174.226530,-39.591729 174.226348,-39.591774 174.226162,-39.591943 174.226036,-39.592022 174.225787,-39.592076 174.225661,-39.592163 174.225247,-39.592283 174.224882,-39.592347 174.224399,-39.592344 174.224313,-39.592220 174.224281,-39.592095 174.224248,-39.591963</coordinates>
</LinearRing>
</outerBoundaryIs>
</Polygon>
</Placemark>
<Placemark><name />
<styleUrl>#nz-lake-polygons-topo-150kId</styleUrl>
<ExtendedData><SchemaData schemaUrl="#nz-lake-polygons-topo-150kId"><SimpleData name="t50_fid">5008564</SimpleData>
<SimpleData name="elevation">0</SimpleData>
<SimpleData name="grp_ascii" />
<SimpleData name="grp_name" />
<SimpleData name="perennial" />
<SimpleData name="temperatur" />
<SimpleData name="lake_use" />
<SimpleData name="name_ascii" />
<SimpleData name="macronated">N</SimpleData>
<SimpleData name="name" />
<SimpleData name="grp_macron">N</SimpleData>
</SchemaData>
</ExtendedData>
<Polygon><outerBoundaryIs><LinearRing><tessellate>1</tessellate>
<coordinates> 174.219017,-39.587115 174.219098,-39.587282 174.219106,-39.587498 174.219105,-39.587601 174.219234,-39.587950 174.219211,-39.588212 174.219045,-39.588273 174.218886,-39.588208 174.218775,-39.587918 174.218627,-39.587734 174.218588,-39.587612 174.218743,-39.587473 174.218771,-39.587337 174.218674,-39.587063 174.218848,-39.586843 174.219005,-39.587095 174.219017,-39.587115</coordinates>
</LinearRing>
</outerBoundaryIs>
</Polygon>
</Placemark>
<Placemark><name />
<styleUrl>#nz-lake-polygons-topo-150kId</styleUrl>
<ExtendedData><SchemaData schemaUrl="#nz-lake-polygons-topo-150kId"><SimpleData name="t50_fid">5037053</SimpleData>
<SimpleData name="elevation">0</SimpleData>
<SimpleData name="grp_ascii" />
<SimpleData name="grp_name" />
<SimpleData name="perennial" />
<SimpleData name="temperatur" />
<SimpleData name="lake_use" />
<SimpleData name="name_ascii" />
<SimpleData name="macronated">N</SimpleData>
<SimpleData name="name" />
<SimpleData name="grp_macron">N</SimpleData>
</SchemaData>
</ExtendedData>
<Polygon><outerBoundaryIs><LinearRing><tessellate>1</tessellate>
<coordinates> 174.259629,-39.588479 174.259554,-39.588457 174.259539,-39.588435 174.259534,-39.588399 174.259494,-39.588363 174.259418,-39.588342 174.259310,-39.588329 174.259273,-39.588252 174.259214,-39.588163 174.259151,-39.588094 174.259189,-39.588013 174.259250,-39.587976 174.259343,-39.587984 174.259399,-39.588042 174.259389,-39.588120 174.259383,-39.588195 174.259427,-39.588236 174.259499,-39.588230 174.259532,-39.588255 174.259522,-39.588299 174.259616,-39.588320 174.259703,-39.588370 174.259690,-39.588459 174.259629,-39.588479</coordinates>
</LinearRing>
</outerBoundaryIs>
</Polygon>
</Placemark>
<Placemark><name />
<styleUrl>#nz-lake-polygons-topo-150kId</styleUrl>
<ExtendedData><SchemaData schemaUrl="#nz-lake-polygons-topo-150kId"><SimpleData name="t50_fid">8352133</SimpleData>
<SimpleData name="elevation">0</SimpleData>
<SimpleData name="grp_ascii" />
<SimpleData name="grp_name" />
<SimpleData name="perennial" />
<SimpleData name="temperatur" />
<SimpleData name="lake_use" />
<SimpleData name="name_ascii" />
<SimpleData name="macronated">N</SimpleData>
<SimpleData name="name" />
<SimpleData name="grp_macron">N</SimpleData>
</SchemaData>
</ExtendedData>
<Polygon><outerBoundaryIs><LinearRing><tessellate>1</tessellate>
<coordinates> 174.262271,-39.573480 174.262433,-39.573494 174.262537,-39.573500 174.262664,-39.573540 174.262742,-39.573617 174.262867,-39.573666 174.262945,-39.573702 174.262990,-39.573768 174.263010,-39.573930 174.263010,-39.573949 174.262770,-39.573965 174.262626,-39.573925 174.262525,-39.573904 174.262380,-39.573827 174.262226,-39.573800 174.262226,-39.573713 174.262225,-39.573606 174.262235,-39.573561 174.262245,-39.573512 174.262268,-39.573484 174.262271,-39.573480</coordinates>
</LinearRing>
</outerBoundaryIs>
</Polygon>
</Placemark>
<Placemark><name />
<styleUrl>#nz-lake-polygons-topo-150kId</styleUrl>
<ExtendedData><SchemaData schemaUrl="#nz-lake-polygons-topo-150kId"><SimpleData name="t50_fid">8352132</SimpleData>
<SimpleData name="elevation">0</SimpleData>
<SimpleData name="grp_ascii" />
<SimpleData name="grp_name" />
<SimpleData name="perennial" />
<SimpleData name="temperatur" />
<SimpleData name="lake_use" />
<SimpleData name="name_ascii" />
<SimpleData name="macronated">N</SimpleData>
<SimpleData name="name" />
<SimpleData name="grp_macron">N</SimpleData>
</SchemaData>
</ExtendedData>
<Polygon><outerBoundaryIs><LinearRing><tessellate>1</tessellate>
<coordinates> 174.261808,-39.577224 174.261887,-39.577216 174.262012,-39.577282 174.262281,-39.577353 174.262331,-39.577377 174.262332,-39.577399 174.262303,-39.577429 174.262222,-39.577411 174.262125,-39.577424 174.261944,-39.577393 174.261808,-39.577344 174.261787,-39.577318 174.261803,-39.577275 174.261808,-39.577224</coordinates>
</LinearRing>
</outerBoundaryIs>
</Polygon>
</Placemark>
<Placemark><name />
<styleUrl>#nz-lake-polygons-topo-150kId</styleUrl>
<ExtendedData><SchemaData schemaUrl="#nz-lake-polygons-topo-150kId"><SimpleData name="t50_fid">5008562</SimpleData>
<SimpleData name="elevation">0</SimpleData>
<SimpleData name="grp_ascii" />
<SimpleData name="grp_name" />
<SimpleData name="perennial" />
<SimpleData name="temperatur" />
<SimpleData name="lake_use" />
<SimpleData name="name_ascii" />
<SimpleData name="macronated">N</SimpleData>
<SimpleData name="name" />
<SimpleData name="grp_macron">N</SimpleData>
</SchemaData>
</ExtendedData>
<Polygon><outerBoundaryIs><LinearRing><tessellate>1</tessellate>
<coordinates> 174.265601,-39.581084 174.265686,-39.580995 174.265687,-39.580995 174.265857,-39.581010 174.265998,-39.581070 174.265994,-39.581257 174.266112,-39.581925 174.266232,-39.582281 174.266429,-39.582421 174.266685,-39.582363 174.266847,-39.582266 174.266995,-39.581947 174.267693,-39.581963 174.268078,-39.582245 174.268181,-39.582281 174.268189,-39.582284 174.268298,-39.582279 174.268323,-39.582232 174.268375,-39.582177 174.268489,-39.582189 174.268617,-39.582279 174.268640,-39.582350 174.268580,-39.582405 174.268453,-39.582409 174.268256,-39.582398 174.268101,-39.582371 174.267801,-39.582248 174.267676,-39.582138 174.267164,-39.582175 174.266973,-39.582423 174.266739,-39.582548 174.266607,-39.582618 174.266329,-39.582558 174.265881,-39.582189 174.265558,-39.581375 174.265572,-39.581281 174.265601,-39.581084</coordinates>
</LinearRing>
</outerBoundaryIs>
</Polygon>
</Placemark>
<Placemark><name />
<styleUrl>#nz-lake-polygons-topo-150kId</styleUrl>
<ExtendedData><SchemaData schemaUrl="#nz-lake-polygons-topo-150kId"><SimpleData name="t50_fid">5037115</SimpleData>
<SimpleData name="elevation">0</SimpleData>
<SimpleData name="grp_ascii" />
<SimpleData name="grp_name" />
<SimpleData name="perennial" />
<SimpleData name="temperatur" />
<SimpleData name="lake_use" />
<SimpleData name="name_ascii" />
<SimpleData name="macronated">N</SimpleData>
<SimpleData name="name" />
<SimpleData name="grp_macron">N</SimpleData>
</SchemaData>
</ExtendedData>
<Polygon><outerBoundaryIs><LinearRing><tessellate>1</tessellate>
<coordinates> 174.268238,-39.586544 174.268295,-39.586583 174.268352,-39.586614 174.268362,-39.586737 174.268452,-39.586839 174.268498,-39.586934 174.268551,-39.586995 174.268613,-39.587091 174.268589,-39.587140 174.268517,-39.587144 174.268469,-39.587114 174.268452,-39.587052 174.268401,-39.586907 174.268289,-39.586902 174.268207,-39.586804 174.268182,-39.586727 174.268105,-39.586678 174.268083,-39.586601 174.268130,-39.586542 174.268238,-39.586544</coordinates>
</LinearRing>
</outerBoundaryIs>
</Polygon>
</Placemark>
<Placemark><name />
<styleUrl>#nz-lake-polygons-topo-150kId</styleUrl>
<ExtendedData><SchemaData schemaUrl="#nz-lake-polygons-topo-150kId"><SimpleData name="t50_fid">5037116</SimpleData>
<SimpleData name="elevation">0</SimpleData>
<SimpleData name="grp_ascii" />
<SimpleData name="grp_name" />
<SimpleData name="perennial" />
<SimpleData name="temperatur" />
<SimpleData name="lake_use" />
<SimpleData name="name_ascii" />
<SimpleData name="macronated">N</SimpleData>
<SimpleData name="name" />
<SimpleData name="grp_macron">N</SimpleData>
</SchemaData>
</ExtendedData>
<Polygon><outerBoundaryIs><LinearRing><tessellate>1</tessellate>
<coordinates> 174.271376,-39.585749 174.271317,-39.585749 174.271051,-39.585691 174.270985,-39.585694 174.270888,-39.585667 174.270874,-39.585613 174.270810,-39.585563 174.270708,-39.585556 174.270669,-39.585603 174.270483,-39.585559 174.270435,-39.585508 174.270431,-39.585464 174.270479,-39.585361 174.270524,-39.585317 174.270597,-39.585306 174.270846,-39.585368 174.270923,-39.585369 174.271042,-39.585394 174.271040,-39.585432 174.271097,-39.585470 174.271205,-39.585443 174.271415,-39.585492 174.271468,-39.585522 174.271492,-39.585581 174.271435,-39.585720 174.271376,-39.585749</coordinates>
</LinearRing>
</outerBoundaryIs>
</Polygon>
</Placemark>
<Placemark><name />
<styleUrl>#nz-lake-polygons-topo-150kId</styleUrl>
<ExtendedData><SchemaData schemaUrl="#nz-lake-polygons-topo-150kId"><SimpleData name="t50_fid">5005034</SimpleData>
<SimpleData name="elevation">0</SimpleData>
<SimpleData name="grp_ascii" />
<SimpleData name="grp_name" />
<SimpleData name="perennial" />
<SimpleData name="temperatur" />
<SimpleData name="lake_use" />
<SimpleData name="name_ascii" />
<SimpleData name="macronated">N</SimpleData>
<SimpleData name="name" />
<SimpleData name="grp_macron">N</SimpleData>
</SchemaData>
</ExtendedData>
<Polygon><outerBoundaryIs><LinearRing><tessellate>1</tessellate>
<coordinates> 174.292237,-39.619757 174.292171,-39.619699 174.292079,-39.619573 174.291798,-39.619404 174.291599,-39.619097 174.291323,-39.618976 174.291065,-39.618771 174.290662,-39.618353 174.290593,-39.618205 174.290586,-39.618066 174.290481,-39.617995 174.290389,-39.617890 174.290340,-39.617796 174.290296,-39.617658 174.290071,-39.617591 174.290011,-39.617574 174.289953,-39.617465 174.290059,-39.617347 174.290051,-39.617183 174.289897,-39.616515 174.289744,-39.616393 174.289614,-39.615946 174.289682,-39.615836 174.289862,-39.615896 174.290079,-39.616123 174.290202,-39.616162 174.290441,-39.616123 174.290445,-39.616104 174.290484,-39.615911 174.290497,-39.615845 174.290367,-39.615653 174.290340,-39.615502 174.290309,-39.615319 174.290396,-39.615190 174.290448,-39.615167 174.290716,-39.615051 174.290765,-39.615030 174.290868,-39.615007 174.290879,-39.615087 174.290810,-39.615139 174.290595,-39.615294 174.290526,-39.615378 174.290547,-39.615480 174.290664,-39.615676 174.290803,-39.616042 174.290959,-39.616091 174.291133,-39.616097 174.291453,-39.616071 174.291739,-39.616013 174.291788,-39.616108 174.291747,-39.616192 174.291469,-39.616235 174.291218,-39.616280 174.291146,-39.616293 174.290889,-39.616405 174.290713,-39.616553 174.290530,-39.616606 174.290378,-39.616775 174.290493,-39.617106 174.290673,-39.617198 174.290764,-39.617256 174.290794,-39.617383 174.290774,-39.617427 174.290745,-39.617489 174.290845,-39.617590 174.290866,-39.617917 174.290959,-39.618102 174.291135,-39.618206 174.291217,-39.618314 174.291276,-39.618467 174.291523,-39.618583 174.291738,-39.618611 174.291850,-39.618671 174.291875,-39.618757 174.291925,-39.618879 174.292081,-39.618977 174.292135,-39.619051 174.292344,-39.619143 174.292487,-39.619255 174.292697,-39.619365 174.292728,-39.619514 174.292608,-39.619672 174.292352,-39.619806 174.292237,-39.619757</coordinates>
</LinearRing>
</outerBoundaryIs>
</Polygon>
</Placemark>
<Placemark><name />
<styleUrl>#nz-lake-polygons-topo-150kId</styleUrl>
<ExtendedData><SchemaData schemaUrl="#nz-lake-polygons-topo-150kId"><SimpleData name="t50_fid">5037069</SimpleData>
<SimpleData name="elevation">0</SimpleData>
<SimpleData name="grp_ascii" />
<SimpleData name="grp_name" />
<SimpleData name="perennial" />
<SimpleData name="temperatur" />
<SimpleData name="lake_use" />
<SimpleData name="name_ascii" />
<SimpleData name="macronated">N</SimpleData>
<SimpleData name="name" />
<SimpleData name="grp_macron">N</SimpleData>
</SchemaData>
</ExtendedData>
<Polygon><outerBoundaryIs><LinearRing><tessellate>1</tessellate>
<coordinates> 174.292666,-39.620276 174.292542,-39.620183 174.292492,-39.620001 174.292732,-39.620013 174.292851,-39.620067 174.292881,-39.620183 174.292775,-39.620228 174.292666,-39.620276</coordinates>
</LinearRing>
</outerBoundaryIs>
</Polygon>
</Placemark>
<Placemark><name />
<styleUrl>#nz-lake-polygons-topo-150kId</styleUrl>
<ExtendedData><SchemaData schemaUrl="#nz-lake-polygons-topo-150kId"><SimpleData name="t50_fid">5008557</SimpleData>
<SimpleData name="elevation">0</SimpleData>
<SimpleData name="grp_ascii" />
<SimpleData name="grp_name" />
<SimpleData name="perennial" />
<SimpleData name="temperatur" />
<SimpleData name="lake_use" />
<SimpleData name="name_ascii" />
<SimpleData name="macronated">N</SimpleData>
<SimpleData name="name" />
<SimpleData name="grp_macron">N</SimpleData>
</SchemaData>
</ExtendedData>
<Polygon><outerBoundaryIs><LinearRing><tessellate>1</tessellate>
<coordinates> 174.284167,-39.611331 174.284500,-39.611455 174.284574,-39.611497 174.284702,-39.611908 174.284782,-39.612298 174.284682,-39.612370 174.284572,-39.612365 174.284485,-39.612138 174.284498,-39.611846 174.284411,-39.611599 174.284235,-39.611515 174.284004,-39.611461 174.284016,-39.611347 174.284167,-39.611331</coordinates>
</LinearRing>
</outerBoundaryIs>
</Polygon>
</Placemark>
<Placemark><name />
<styleUrl>#nz-lake-polygons-topo-150kId</styleUrl>
<ExtendedData><SchemaData schemaUrl="#nz-lake-polygons-topo-150kId"><SimpleData name="t50_fid">5003697</SimpleData>
<SimpleData name="elevation">0</SimpleData>
<SimpleData name="grp_ascii" />
<SimpleData name="grp_name" />
<SimpleData name="perennial" />
<SimpleData name="temperatur" />
<SimpleData name="lake_use" />
<SimpleData name="name_ascii" />
<SimpleData name="macronated">N</SimpleData>
<SimpleData name="name" />
<SimpleData name="grp_macron">N</SimpleData>
</SchemaData>
</ExtendedData>
<Polygon><outerBoundaryIs><LinearRing><tessellate>1</tessellate>
<coordinates> 174.286123,-39.615328 174.286073,-39.614969 174.285950,-39.614572 174.285896,-39.614404 174.285734,-39.614299 174.285456,-39.614213 174.285287,-39.614068 174.285189,-39.613895 174.285176,-39.613630 174.285315,-39.613619 174.285440,-39.613713 174.285578,-39.613712 174.285768,-39.613771 174.285863,-39.613821 174.286030,-39.613808 174.286207,-39.613968 174.286151,-39.614098 174.286147,-39.614284 174.286165,-39.614474 174.286258,-39.614754 174.286378,-39.614966 174.286447,-39.615167 174.286384,-39.615280 174.286400,-39.615404 174.286487,-39.615499 174.286497,-39.615509 174.286636,-39.615592 174.286639,-39.615749 174.286496,-39.615869 174.286462,-39.616369 174.286622,-39.616760 174.286602,-39.616878 174.286693,-39.617102 174.286781,-39.617129 174.286821,-39.617347 174.286786,-39.617432 174.286686,-39.617506 174.286498,-39.617559 174.286324,-39.617521 174.286157,-39.617557 174.286036,-39.617676 174.285624,-39.617793 174.285544,-39.618176 174.285446,-39.618351 174.285318,-39.618521 174.285273,-39.618807 174.285324,-39.619211 174.285162,-39.619510 174.285054,-39.619545 174.284858,-39.619525 174.284726,-39.619448 174.284628,-39.619286 174.284685,-39.619207 174.284870,-39.618997 174.285042,-39.618866 174.285002,-39.618664 174.284791,-39.618285 174.284546,-39.617996 174.284313,-39.617543 174.284203,-39.617460 174.283984,-39.617401 174.283903,-39.617346 174.283887,-39.617262 174.283929,-39.617205 174.284045,-39.617165 174.284219,-39.617157 174.284395,-39.617245 174.284461,-39.617284 174.284577,-39.617282 174.284600,-39.617344 174.284616,-39.617450 174.284765,-39.617628 174.284919,-39.617750 174.285051,-39.617782 174.285203,-39.617781 174.285251,-39.617600 174.285596,-39.617417 174.285710,-39.617337 174.285713,-39.617073 174.285946,-39.616717 174.285957,-39.616548 174.286005,-39.616391 174.286130,-39.616097 174.286163,-39.615895 174.286130,-39.615715 174.286069,-39.615520 174.286101,-39.615406 174.286123,-39.615328</coordinates>
</LinearRing>
</outerBoundaryIs>
</Polygon>
</Placemark>
<Placemark><name />
<styleUrl>#nz-lake-polygons-topo-150kId</styleUrl>
<ExtendedData><SchemaData schemaUrl="#nz-lake-polygons-topo-150kId"><SimpleData name="t50_fid">5037075</SimpleData>
<SimpleData name="elevation">0</SimpleData>
<SimpleData name="grp_ascii" />
<SimpleData name="grp_name" />
<SimpleData name="perennial" />
<SimpleData name="temperatur" />
<SimpleData name="lake_use" />
<SimpleData name="name_ascii" />
<SimpleData name="macronated">N</SimpleData>
<SimpleData name="name" />
<SimpleData name="grp_macron">N</SimpleData>
</SchemaData>
</ExtendedData>
<Polygon><outerBoundaryIs><LinearRing><tessellate>1</tessellate>
<coordinates> 174.303296,-39.610510 174.303542,-39.610534 174.303680,-39.610622 174.303730,-39.610748 174.303548,-39.610845 174.303425,-39.610841 174.303227,-39.610823 174.303231,-39.610685 174.303155,-39.610618 174.303296,-39.610510</coordinates>
</LinearRing>
</outerBoundaryIs>
</Polygon>
</Placemark>
<Placemark><name />
<styleUrl>#nz-lake-polygons-topo-150kId</styleUrl>
<ExtendedData><SchemaData schemaUrl="#nz-lake-polygons-topo-150kId"><SimpleData name="t50_fid">5037074</SimpleData>
<SimpleData name="elevation">0</SimpleData>
<SimpleData name="grp_ascii" />
<SimpleData name="grp_name" />
<SimpleData name="perennial" />
<SimpleData name="temperatur" />
<SimpleData name="lake_use" />
<SimpleData name="name_ascii" />
<SimpleData name="macronated">N</SimpleData>
<SimpleData name="name" />
<SimpleData name="grp_macron">N</SimpleData>
</SchemaData>
</ExtendedData>
<Polygon><outerBoundaryIs><LinearRing><tessellate>1</tessellate>
<coordinates> 174.304058,-39.610750 174.304174,-39.610796 174.304260,-39.610990 174.304377,-39.611073 174.304382,-39.611327 174.304165,-39.611392 174.304052,-39.611198 174.303988,-39.611020 174.303848,-39.610858 174.303888,-39.610778 174.304058,-39.610750</coordinates>
</LinearRing>
</outerBoundaryIs>
</Polygon>
</Placemark>
<Placemark><name />
<styleUrl>#nz-lake-polygons-topo-150kId</styleUrl>
<ExtendedData><SchemaData schemaUrl="#nz-lake-polygons-topo-150kId"><SimpleData name="t50_fid">5037076</SimpleData>
<SimpleData name="elevation">0</SimpleData>
<SimpleData name="grp_ascii" />
<SimpleData name="grp_name" />
<SimpleData name="perennial" />
<SimpleData name="temperatur" />
<SimpleData name="lake_use" />
<SimpleData name="name_ascii" />
<SimpleData name="macronated">N</SimpleData>
<SimpleData name="name" />
<SimpleData name="grp_macron">N</SimpleData>
</SchemaData>
</ExtendedData>
<Polygon><outerBoundaryIs><LinearRing><tessellate>1</tessellate>
<coordinates> 174.305702,-39.612594 174.305536,-39.612485 174.305424,-39.612333 174.305517,-39.612206 174.305673,-39.612162 174.305789,-39.612160 174.305868,-39.612328 174.305871,-39.612502 174.305815,-39.612542 174.305702,-39.612594</coordinates>
</LinearRing>
</outerBoundaryIs>
</Polygon>
</Placemark>
<Placemark><name />
<styleUrl>#nz-lake-polygons-topo-150kId</styleUrl>
<ExtendedData><SchemaData schemaUrl="#nz-lake-polygons-topo-150kId"><SimpleData name="t50_fid">5037073</SimpleData>
<SimpleData name="elevation">0</SimpleData>
<SimpleData name="grp_ascii" />
<SimpleData name="grp_name" />
<SimpleData name="perennial" />
<SimpleData name="temperatur" />
<SimpleData name="lake_use" />
<SimpleData name="name_ascii" />
<SimpleData name="macronated">N</SimpleData>
<SimpleData name="name" />
<SimpleData name="grp_macron">N</SimpleData>
</SchemaData>
</ExtendedData>
<Polygon><outerBoundaryIs><LinearRing><tessellate>1</tessellate>
<coordinates> 174.298087,-39.613301 174.297894,-39.612581 174.298051,-39.612656 174.298284,-39.612989 174.298331,-39.613266 174.298206,-39.613366 174.298087,-39.613301</coordinates>
</LinearRing>
</outerBoundaryIs>
</Polygon>
</Placemark>
<Placemark><name />
<styleUrl>#nz-lake-polygons-topo-150kId</styleUrl>
<ExtendedData><SchemaData schemaUrl="#nz-lake-polygons-topo-150kId"><SimpleData name="t50_fid">5037070</SimpleData>
<SimpleData name="elevation">0</SimpleData>
<SimpleData name="grp_ascii" />
<SimpleData name="grp_name" />
<SimpleData name="perennial" />
<SimpleData name="temperatur" />
<SimpleData name="lake_use" />
<SimpleData name="name_ascii" />
<SimpleData name="macronated">N</SimpleData>
<SimpleData name="name" />
<SimpleData name="grp_macron">N</SimpleData>
</SchemaData>
</ExtendedData>
<Polygon><outerBoundaryIs><LinearRing><tessellate>1</tessellate>
<coordinates> 174.300166,-39.622084 174.300203,-39.621972 174.300352,-39.621879 174.300323,-39.621748 174.300308,-39.621641 174.300372,-39.621554 174.300445,-39.621569 174.300453,-39.621675 174.300534,-39.621853 174.300561,-39.621836 174.300650,-39.622033 174.300511,-39.622133 174.300435,-39.622210 174.300436,-39.622213 174.300166,-39.622084</coordinates>
</LinearRing>
</outerBoundaryIs>
</Polygon>
</Placemark>
<Placemark><name />
<styleUrl>#nz-lake-polygons-topo-150kId</styleUrl>
<ExtendedData><SchemaData schemaUrl="#nz-lake-polygons-topo-150kId"><SimpleData name="t50_fid">5037277</SimpleData>
<SimpleData name="elevation">0</SimpleData>
<SimpleData name="grp_ascii" />
<SimpleData name="grp_name" />
<SimpleData name="perennial" />
<SimpleData name="temperatur" />
<SimpleData name="lake_use" />
<SimpleData name="name_ascii" />
<SimpleData name="macronated">N</SimpleData>
<SimpleData name="name" />
<SimpleData name="grp_macron">N</SimpleData>
</SchemaData>
</ExtendedData>
<Polygon><outerBoundaryIs><LinearRing><tessellate>1</tessellate>
<coordinates> 174.234701,-39.355818 174.234816,-39.355698 174.234850,-39.355600 174.234881,-39.355551 174.235010,-39.355532 174.235122,-39.355465 174.235310,-39.355439 174.235472,-39.355454 174.235454,-39.355560 174.235348,-39.355585 174.235219,-39.355617 174.235090,-39.355692 174.235010,-39.355752 174.234868,-39.355862 174.234727,-39.355905 174.234701,-39.355818</coordinates>
</LinearRing>
</outerBoundaryIs>
</Polygon>
</Placemark>
<Placemark><name />
<styleUrl>#nz-lake-polygons-topo-150kId</styleUrl>
<ExtendedData><SchemaData schemaUrl="#nz-lake-polygons-topo-150kId"><SimpleData name="t50_fid">5037276</SimpleData>
<SimpleData name="elevation">0</SimpleData>
<SimpleData name="grp_ascii" />
<SimpleData name="grp_name" />
<SimpleData name="perennial" />
<SimpleData name="temperatur" />
<SimpleData name="lake_use" />
<SimpleData name="name_ascii" />
<SimpleData name="macronated">N</SimpleData>
<SimpleData name="name" />
<SimpleData name="grp_macron">N</SimpleData>
</SchemaData>
</ExtendedData>
<Polygon><outerBoundaryIs><LinearRing><tessellate>1</tessellate>
<coordinates> 174.233830,-39.361343 174.233561,-39.361095 174.233358,-39.360845 174.233556,-39.360799 174.233841,-39.360841 174.233941,-39.360970 174.234102,-39.361196 174.234012,-39.361320 174.233830,-39.361343</coordinates>
</LinearRing>
</outerBoundaryIs>
</Polygon>
</Placemark>
<Placemark><name />
<styleUrl>#nz-lake-polygons-topo-150kId</styleUrl>
<ExtendedData><SchemaData schemaUrl="#nz-lake-polygons-topo-150kId"><SimpleData name="t50_fid">5037278</SimpleData>
<SimpleData name="elevation">0</SimpleData>
<SimpleData name="grp_ascii" />
<SimpleData name="grp_name" />
<SimpleData name="perennial" />
<SimpleData name="temperatur" />
<SimpleData name="lake_use" />
<SimpleData name="name_ascii" />
<SimpleData name="macronated">N</SimpleData>
<SimpleData name="name" />
<SimpleData name="grp_macron">N</SimpleData>
</SchemaData>
</ExtendedData>
<Polygon><outerBoundaryIs><LinearRing><tessellate>1</tessellate>
<coordinates> 174.237461,-39.355027 174.237426,-39.355079 174.237347,-39.355172 174.237252,-39.355190 174.237116,-39.355205 174.236973,-39.355250 174.236930,-39.355302 174.236848,-39.355354 174.236711,-39.355342 174.236553,-39.355295 174.236532,-39.355234 174.236568,-39.355205 174.236689,-39.355202 174.236823,-39.355203 174.236876,-39.355151 174.236961,-39.355108 174.237046,-39.355107 174.237167,-39.355042 174.237270,-39.354971 174.237377,-39.354922 174.237432,-39.354914 174.237470,-39.354946 174.237461,-39.355027</coordinates>
</LinearRing>
</outerBoundaryIs>
</Polygon>
</Placemark>
<Placemark><name />
<styleUrl>#nz-lake-polygons-topo-150kId</styleUrl>
<ExtendedData><SchemaData schemaUrl="#nz-lake-polygons-topo-150kId"><SimpleData name="t50_fid">7889962</SimpleData>
<SimpleData name="elevation">0</SimpleData>
<SimpleData name="grp_ascii" />
<SimpleData name="grp_name" />
<SimpleData name="perennial" />
<SimpleData name="temperatur" />
<SimpleData name="lake_use" />
<SimpleData name="name_ascii" />
<SimpleData name="macronated">N</SimpleData>
<SimpleData name="name" />
<SimpleData name="grp_macron">N</SimpleData>
</SchemaData>
</ExtendedData>
<Polygon><outerBoundaryIs><LinearRing><tessellate>1</tessellate>
<coordinates> 174.247456,-39.416896 174.247532,-39.416947 174.247557,-39.417004 174.247572,-39.417120 174.247573,-39.417192 174.247560,-39.417243 174.247498,-39.417276 174.247452,-39.417287 174.247406,-39.417298 174.247322,-39.417289 174.247303,-39.417264 174.247288,-39.417205 174.247300,-39.417087 174.247306,-39.417001 174.247326,-39.416930 174.247335,-39.416916 174.247377,-39.416892 174.247400,-39.416893 174.247456,-39.416896</coordinates>
</LinearRing>
</outerBoundaryIs>
</Polygon>
</Placemark>
<Placemark><name />
<styleUrl>#nz-lake-polygons-topo-150kId</styleUrl>
<ExtendedData><SchemaData schemaUrl="#nz-lake-polygons-topo-150kId"><SimpleData name="t50_fid">8075041</SimpleData>
<SimpleData name="elevation">0</SimpleData>
<SimpleData name="grp_ascii" />
<SimpleData name="grp_name" />
<SimpleData name="perennial" />
<SimpleData name="temperatur" />
<SimpleData name="lake_use" />
<SimpleData name="name_ascii" />
<SimpleData name="macronated">N</SimpleData>
<SimpleData name="name" />
<SimpleData name="grp_macron">N</SimpleData>
</SchemaData>
</ExtendedData>
<Polygon><outerBoundaryIs><LinearRing><tessellate>1</tessellate>
<coordinates> 174.255914,-39.417021 174.255867,-39.417068 174.255790,-39.417082 174.255755,-39.417079 174.255739,-39.417075 174.255736,-39.417060 174.255703,-39.417013 174.255598,-39.416848 174.255576,-39.416700 174.255609,-39.416593 174.255633,-39.416524 174.255610,-39.416465 174.255499,-39.416300 174.255494,-39.416208 174.255486,-39.416122 174.255561,-39.416054 174.255589,-39.416009 174.255588,-39.415955 174.255568,-39.415896 174.255442,-39.415788 174.255528,-39.415797 174.255530,-39.415797 174.255582,-39.415777 174.255719,-39.415783 174.255735,-39.415936 174.255744,-39.416119 174.255714,-39.416211 174.255810,-39.416378 174.255825,-39.416522 174.255856,-39.416677 174.255865,-39.416789 174.255950,-39.416926 174.255914,-39.417019 174.255914,-39.417021</coordinates>
</LinearRing>
</outerBoundaryIs>
</Polygon>
</Placemark>
<Placemark><name />
<styleUrl>#nz-lake-polygons-topo-150kId</styleUrl>
<ExtendedData><SchemaData schemaUrl="#nz-lake-polygons-topo-150kId"><SimpleData name="t50_fid">5037249</SimpleData>
<SimpleData name="elevation">0</SimpleData>
<SimpleData name="grp_ascii" />
<SimpleData name="grp_name" />
<SimpleData name="perennial" />
<SimpleData name="temperatur" />
<SimpleData name="lake_use" />
<SimpleData name="name_ascii" />
<SimpleData name="macronated">N</SimpleData>
<SimpleData name="name" />
<SimpleData name="grp_macron">N</SimpleData>
</SchemaData>
</ExtendedData>
<Polygon><outerBoundaryIs><LinearRing><tessellate>1</tessellate>
<coordinates> 174.263439,-39.387717 174.263025,-39.387431 174.262815,-39.387187 174.262752,-39.387007 174.262835,-39.386849 174.262923,-39.386869 174.263576,-39.387422 174.263758,-39.387591 174.263762,-39.387663 174.263723,-39.387714 174.263673,-39.387758 174.263439,-39.387717</coordinates>
</LinearRing>
</outerBoundaryIs>
</Polygon>
</Placemark>
<Placemark><name />
<styleUrl>#nz-lake-polygons-topo-150kId</styleUrl>
<ExtendedData><SchemaData schemaUrl="#nz-lake-polygons-topo-150kId"><SimpleData name="t50_fid">5037264</SimpleData>
<SimpleData name="elevation">0</SimpleData>
<SimpleData name="grp_ascii" />
<SimpleData name="grp_name" />
<SimpleData name="perennial" />
<SimpleData name="temperatur" />
<SimpleData name="lake_use" />
<SimpleData name="name_ascii" />
<SimpleData name="macronated">N</SimpleData>
<SimpleData name="name" />
<SimpleData name="grp_macron">N</SimpleData>
</SchemaData>
</ExtendedData>
<Polygon><outerBoundaryIs><LinearRing><tessellate>1</tessellate>
<coordinates> 174.275088,-39.395435 174.275090,-39.395502 174.275097,-39.395548 174.274918,-39.395573 174.274858,-39.395528 174.274800,-39.395485 174.274662,-39.395185 174.275088,-39.395435</coordinates>
</LinearRing>
</outerBoundaryIs>
</Polygon>
</Placemark>
<Placemark><name />
<styleUrl>#nz-lake-polygons-topo-150kId</styleUrl>
<ExtendedData><SchemaData schemaUrl="#nz-lake-polygons-topo-150kId"><SimpleData name="t50_fid">8075157</SimpleData>
<SimpleData name="elevation">0</SimpleData>
<SimpleData name="grp_ascii" />
<SimpleData name="grp_name" />
<SimpleData name="perennial" />
<SimpleData name="temperatur" />
<SimpleData name="lake_use" />
<SimpleData name="name_ascii" />
<SimpleData name="macronated">N</SimpleData>
<SimpleData name="name" />
<SimpleData name="grp_macron">N</SimpleData>
</SchemaData>
</ExtendedData>
<Polygon><outerBoundaryIs><LinearRing><tessellate>1</tessellate>
<coordinates> 174.272523,-39.375412 174.272546,-39.375426 174.272562,-39.375503 174.272542,-39.375548 174.272500,-39.375572 174.272447,-39.375563 174.272439,-39.375521 174.272406,-39.375489 174.272385,-39.375477 174.272442,-39.375404 174.272468,-39.375396 174.272523,-39.375412</coordinates>
</LinearRing>
</outerBoundaryIs>
</Polygon>
</Placemark>
<Placemark><name />
<styleUrl>#nz-lake-polygons-topo-150kId</styleUrl>
<ExtendedData><SchemaData schemaUrl="#nz-lake-polygons-topo-150kId"><SimpleData name="t50_fid">8075158</SimpleData>
<SimpleData name="elevation">0</SimpleData>
<SimpleData name="grp_ascii" />
<SimpleData name="grp_name" />
<SimpleData name="perennial" />
<SimpleData name="temperatur" />
<SimpleData name="lake_use" />
<SimpleData name="name_ascii" />
<SimpleData name="macronated">N</SimpleData>
<SimpleData name="name" />
<SimpleData name="grp_macron">N</SimpleData>
</SchemaData>
</ExtendedData>
<Polygon><outerBoundaryIs><LinearRing><tessellate>1</tessellate>
<coordinates> 174.272063,-39.373648 174.272148,-39.373695 174.272173,-39.373749 174.272174,-39.373815 174.272123,-39.373823 174.272061,-39.373827 174.272042,-39.373824 174.272004,-39.373799 174.271971,-39.373770 174.271964,-39.373664 174.272063,-39.373648</coordinates>
</LinearRing>
</outerBoundaryIs>
</Polygon>
</Placemark>
<Placemark><name />
<styleUrl>#nz-lake-polygons-topo-150kId</styleUrl>
<ExtendedData><SchemaData schemaUrl="#nz-lake-polygons-topo-150kId"><SimpleData name="t50_fid">8075140</SimpleData>
<SimpleData name="elevation">0</SimpleData>
<SimpleData name="grp_ascii" />
<SimpleData name="grp_name" />
<SimpleData name="perennial" />
<SimpleData name="temperatur" />
<SimpleData name="lake_use" />
<SimpleData name="name_ascii" />
<SimpleData name="macronated">N</SimpleData>
<SimpleData name="name" />
<SimpleData name="grp_macron">N</SimpleData>
</SchemaData>
</ExtendedData>
<Polygon><outerBoundaryIs><LinearRing><tessellate>1</tessellate>
<coordinates> 174.262395,-39.332457 174.262454,-39.332436 174.262522,-39.332419 174.262632,-39.332434 174.262839,-39.332428 174.262895,-39.332427 174.262920,-39.332456 174.262895,-39.332547 174.262868,-39.332551 174.262694,-39.332493 174.262497,-39.332481 174.262412,-39.332486 174.262362,-39.332516 174.262335,-39.332487 174.262395,-39.332457</coordinates>
</LinearRing>
</outerBoundaryIs>
</Polygon>
</Placemark>
<Placemark><name />
<styleUrl>#nz-lake-polygons-topo-150kId</styleUrl>
<ExtendedData><SchemaData schemaUrl="#nz-lake-polygons-topo-150kId"><SimpleData name="t50_fid">8075166</SimpleData>
<SimpleData name="elevation">0</SimpleData>
<SimpleData name="grp_ascii" />
<SimpleData name="grp_name" />
<SimpleData name="perennial" />
<SimpleData name="temperatur" />
<SimpleData name="lake_use" />
<SimpleData name="name_ascii" />
<SimpleData name="macronated">N</SimpleData>
<SimpleData name="name" />
<SimpleData name="grp_macron">N</SimpleData>
</SchemaData>
</ExtendedData>
<Polygon><outerBoundaryIs><LinearRing><tessellate>1</tessellate>
<coordinates> 174.263186,-39.332436 174.263236,-39.332419 174.263332,-39.332410 174.263419,-39.332392 174.263456,-39.332371 174.263504,-39.332365 174.263666,-39.332373 174.263752,-39.332385 174.263797,-39.332372 174.263820,-39.332343 174.263812,-39.332320 174.263793,-39.332297 174.263723,-39.332271 174.263718,-39.332253 174.263728,-39.332234 174.263808,-39.332233 174.263883,-39.332278 174.264020,-39.332361 174.264053,-39.332396 174.264038,-39.332429 174.264001,-39.332454 174.263849,-39.332473 174.263631,-39.332489 174.263413,-39.332506 174.263216,-39.332515 174.263131,-39.332493 174.263128,-39.332474 174.263186,-39.332436</coordinates>
</LinearRing>
</outerBoundaryIs>
</Polygon>
</Placemark>
<Placemark><name />
<styleUrl>#nz-lake-polygons-topo-150kId</styleUrl>
<ExtendedData><SchemaData schemaUrl="#nz-lake-polygons-topo-150kId"><SimpleData name="t50_fid">6324328</SimpleData>
<SimpleData name="elevation">0</SimpleData>
<SimpleData name="grp_ascii" />
<SimpleData name="grp_name" />
<SimpleData name="perennial" />
<SimpleData name="temperatur" />
<SimpleData name="lake_use" />
<SimpleData name="name_ascii" />
<SimpleData name="macronated">N</SimpleData>
<SimpleData name="name" />
<SimpleData name="grp_macron">N</SimpleData>
</SchemaData>
</ExtendedData>
<Polygon><outerBoundaryIs><LinearRing><tessellate>1</tessellate>
<coordinates> 174.278490,-39.341423 174.278376,-39.341486 174.278322,-39.341442 174.278293,-39.341312 174.278244,-39.341247 174.278088,-39.341204 174.278012,-39.341153 174.277914,-39.341127 174.277777,-39.341142 174.277715,-39.341112 174.277714,-39.341074 174.277760,-39.341029 174.277770,-39.341019 174.277881,-39.341004 174.278103,-39.341032 174.278366,-39.341143 174.278389,-39.341194 174.278479,-39.341299 174.278490,-39.341423</coordinates>
</LinearRing>
</outerBoundaryIs>
</Polygon>
</Placemark>
<Placemark><name />
<styleUrl>#nz-lake-polygons-topo-150kId</styleUrl>
<ExtendedData><SchemaData schemaUrl="#nz-lake-polygons-topo-150kId"><SimpleData name="t50_fid">5037273</SimpleData>
<SimpleData name="elevation">0</SimpleData>
<SimpleData name="grp_ascii" />
<SimpleData name="grp_name" />
<SimpleData name="perennial" />
<SimpleData name="temperatur" />
<SimpleData name="lake_use" />
<SimpleData name="name_ascii" />
<SimpleData name="macronated">N</SimpleData>
<SimpleData name="name" />
<SimpleData name="grp_macron">N</SimpleData>
</SchemaData>
</ExtendedData>
<Polygon><outerBoundaryIs><LinearRing><tessellate>1</tessellate>
<coordinates> 174.215927,-39.340464 174.215629,-39.340500 174.215389,-39.340531 174.215254,-39.340507 174.215227,-39.340396 174.215421,-39.340390 174.215602,-39.340379 174.215677,-39.340329 174.215768,-39.340279 174.215907,-39.340281 174.215972,-39.340375 174.215927,-39.340464</coordinates>
</LinearRing>
</outerBoundaryIs>
</Polygon>
</Placemark>
<Placemark><name />
<styleUrl>#nz-lake-polygons-topo-150kId</styleUrl>
<ExtendedData><SchemaData schemaUrl="#nz-lake-polygons-topo-150kId"><SimpleData name="t50_fid">5037274</SimpleData>
<SimpleData name="elevation">0</SimpleData>
<SimpleData name="grp_ascii" />
<SimpleData name="grp_name" />
<SimpleData name="perennial" />
<SimpleData name="temperatur" />
<SimpleData name="lake_use" />
<SimpleData name="name_ascii" />
<SimpleData name="macronated">N</SimpleData>
<SimpleData name="name" />
<SimpleData name="grp_macron">N</SimpleData>
</SchemaData>
</ExtendedData>
<Polygon><outerBoundaryIs><LinearRing><tessellate>1</tessellate>
<coordinates> 174.218265,-39.340651 174.218088,-39.340605 174.217965,-39.340528 174.217794,-39.340440 174.217548,-39.340337 174.217324,-39.340319 174.217273,-39.340224 174.217349,-39.340176 174.217533,-39.340232 174.217675,-39.340194 174.217988,-39.340280 174.218173,-39.340394 174.218268,-39.340536 174.218265,-39.340651</coordinates>
</LinearRing>
</outerBoundaryIs>
</Polygon>
</Placemark>
<Placemark><name />
<styleUrl>#nz-lake-polygons-topo-150kId</styleUrl>
<ExtendedData><SchemaData schemaUrl="#nz-lake-polygons-topo-150kId"><SimpleData name="t50_fid">5037275</SimpleData>
<SimpleData name="elevation">0</SimpleData>
<SimpleData name="grp_ascii" />
<SimpleData name="grp_name" />
<SimpleData name="perennial" />
<SimpleData name="temperatur" />
<SimpleData name="lake_use" />
<SimpleData name="name_ascii" />
<SimpleData name="macronated">N</SimpleData>
<SimpleData name="name" />
<SimpleData name="grp_macron">N</SimpleData>
</SchemaData>
</ExtendedData>
<Polygon><outerBoundaryIs><LinearRing><tessellate>1</tessellate>
<coordinates> 174.222153,-39.336452 174.222402,-39.336394 174.222579,-39.336309 174.222745,-39.336288 174.222807,-39.336426 174.222690,-39.336548 174.222583,-39.336567 174.222368,-39.336533 174.222262,-39.336580 174.222037,-39.336619 174.221940,-39.336537 174.222153,-39.336452</coordinates>
</LinearRing>
</outerBoundaryIs>
</Polygon>
</Placemark>
<Placemark><name />
<styleUrl>#nz-lake-polygons-topo-150kId</styleUrl>
<ExtendedData><SchemaData schemaUrl="#nz-lake-polygons-topo-150kId"><SimpleData name="t50_fid">5008584</SimpleData>
<SimpleData name="elevation">0</SimpleData>
<SimpleData name="grp_ascii" />
<SimpleData name="grp_name" />
<SimpleData name="perennial" />
<SimpleData name="temperatur" />
<SimpleData name="lake_use" />
<SimpleData name="name_ascii" />
<SimpleData name="macronated">N</SimpleData>
<SimpleData name="name" />
<SimpleData name="grp_macron">N</SimpleData>
</SchemaData>
</ExtendedData>
<Polygon><outerBoundaryIs><LinearRing><tessellate>1</tessellate>
<coordinates> 174.223209,-39.328692 174.223222,-39.328618 174.223244,-39.328519 174.223219,-39.328423 174.223137,-39.328336 174.223139,-39.328214 174.223071,-39.328112 174.223077,-39.327920 174.223156,-39.327813 174.223200,-39.327878 174.223212,-39.328026 174.223291,-39.328212 174.223255,-39.328316 174.223342,-39.328400 174.223386,-39.328521 174.223389,-39.328664 174.223343,-39.328738 174.223209,-39.328692</coordinates>
</LinearRing>
</outerBoundaryIs>
</Polygon>
</Placemark>
<Placemark><name />
<styleUrl>#nz-lake-polygons-topo-150kId</styleUrl>
<ExtendedData><SchemaData schemaUrl="#nz-lake-polygons-topo-150kId"><SimpleData name="t50_fid">5037255</SimpleData>
<SimpleData name="elevation">0</SimpleData>
<SimpleData name="grp_ascii" />
<SimpleData name="grp_name" />
<SimpleData name="perennial" />
<SimpleData name="temperatur" />
<SimpleData name="lake_use" />
<SimpleData name="name_ascii" />
<SimpleData name="macronated">N</SimpleData>
<SimpleData name="name" />
<SimpleData name="grp_macron">N</SimpleData>
</SchemaData>
</ExtendedData>
<Polygon><outerBoundaryIs><LinearRing><tessellate>1</tessellate>
<coordinates> 174.224211,-39.377946 174.224142,-39.377904 174.224188,-39.377821 174.224202,-39.377682 174.224263,-39.377489 174.224324,-39.377353 174.224247,-39.377328 174.224183,-39.377295 174.224208,-39.377255 174.224284,-39.377225 174.224399,-39.377247 174.224448,-39.377345 174.224391,-39.377518 174.224385,-39.377663 174.224396,-39.377832 174.224296,-39.377929 174.224211,-39.377946</coordinates>
</LinearRing>
</outerBoundaryIs>
</Polygon>
</Placemark>
<Placemark><name />
<styleUrl>#nz-lake-polygons-topo-150kId</styleUrl>
<ExtendedData><SchemaData schemaUrl="#nz-lake-polygons-topo-150kId"><SimpleData name="t50_fid">5037254</SimpleData>
<SimpleData name="elevation">0</SimpleData>
<SimpleData name="grp_ascii" />
<SimpleData name="grp_name" />
<SimpleData name="perennial" />
<SimpleData name="temperatur" />
<SimpleData name="lake_use" />
<SimpleData name="name_ascii" />
<SimpleData name="macronated">N</SimpleData>
<SimpleData name="name" />
<SimpleData name="grp_macron">N</SimpleData>
</SchemaData>
</ExtendedData>
<Polygon><outerBoundaryIs><LinearRing><tessellate>1</tessellate>
<coordinates> 174.221840,-39.376827 174.221700,-39.376800 174.221647,-39.376659 174.221704,-39.376607 174.221827,-39.376686 174.221928,-39.376633 174.222040,-39.376519 174.222038,-39.376425 174.221904,-39.376284 174.221716,-39.376022 174.221662,-39.375866 174.221735,-39.375832 174.221797,-39.375859 174.221861,-39.375950 174.221945,-39.376108 174.222064,-39.376266 174.222228,-39.376389 174.222332,-39.376504 174.222246,-39.376593 174.222111,-39.376634 174.222083,-39.376714 174.221840,-39.376827</coordinates>
</LinearRing>
</outerBoundaryIs>
</Polygon>
</Placemark>
<Placemark><name />
<styleUrl>#nz-lake-polygons-topo-150kId</styleUrl>
<ExtendedData><SchemaData schemaUrl="#nz-lake-polygons-topo-150kId"><SimpleData name="t50_fid">5037253</SimpleData>
<SimpleData name="elevation">0</SimpleData>
<SimpleData name="grp_ascii" />
<SimpleData name="grp_name" />
<SimpleData name="perennial" />
<SimpleData name="temperatur" />
<SimpleData name="lake_use" />
<SimpleData name="name_ascii" />
<SimpleData name="macronated">N</SimpleData>
<SimpleData name="name" />
<SimpleData name="grp_macron">N</SimpleData>
</SchemaData>
</ExtendedData>
<Polygon><outerBoundaryIs><LinearRing><tessellate>1</tessellate>
<coordinates> 174.215529,-39.393406 174.215441,-39.392850 174.215721,-39.392856 174.215819,-39.393342 174.215664,-39.393465 174.215529,-39.393406</coordinates>
</LinearRing>
</outerBoundaryIs>
</Polygon>
</Placemark>
<Placemark><name />
<styleUrl>#nz-lake-polygons-topo-150kId</styleUrl>
<ExtendedData><SchemaData schemaUrl="#nz-lake-polygons-topo-150kId"><SimpleData name="t50_fid">5008583</SimpleData>
<SimpleData name="elevation">0</SimpleData>
<SimpleData name="grp_ascii" />
<SimpleData name="grp_name" />
<SimpleData name="perennial" />
<SimpleData name="temperatur" />
<SimpleData name="lake_use" />
<SimpleData name="name_ascii" />
<SimpleData name="macronated">N</SimpleData>
<SimpleData name="name" />
<SimpleData name="grp_macron">N</SimpleData>
</SchemaData>
</ExtendedData>
<Polygon><outerBoundaryIs><LinearRing><tessellate>1</tessellate>
<coordinates> 174.221491,-39.410467 174.221473,-39.410330 174.221382,-39.409950 174.221417,-39.409650 174.221285,-39.409518 174.221340,-39.409439 174.221520,-39.409404 174.221690,-39.409432 174.221794,-39.409618 174.221638,-39.409667 174.221673,-39.409801 174.221890,-39.410285 174.221994,-39.410431 174.221997,-39.410658 174.221867,-39.410791 174.221491,-39.410467</coordinates>
</LinearRing>
</outerBoundaryIs>
</Polygon>
</Placemark>
<Placemark><name />
<styleUrl>#nz-lake-polygons-topo-150kId</styleUrl>
<ExtendedData><SchemaData schemaUrl="#nz-lake-polygons-topo-150kId"><SimpleData name="t50_fid">5037252</SimpleData>
<SimpleData name="elevation">0</SimpleData>
<SimpleData name="grp_ascii" />
<SimpleData name="grp_name" />
<SimpleData name="perennial" />
<SimpleData name="temperatur" />
<SimpleData name="lake_use" />
<SimpleData name="name_ascii" />
<SimpleData name="macronated">N</SimpleData>
<SimpleData name="name" />
<SimpleData name="grp_macron">N</SimpleData>
</SchemaData>
</ExtendedData>
<Polygon><outerBoundaryIs><LinearRing><tessellate>1</tessellate>
<coordinates> 174.223067,-39.400146 174.222809,-39.399942 174.222701,-39.399909 174.222695,-39.399806 174.223014,-39.399836 174.223076,-39.399936 174.223144,-39.400115 174.223067,-39.400146</coordinates>
</LinearRing>
</outerBoundaryIs>
</Polygon>
</Placemark>
<Placemark><name />
<styleUrl>#nz-lake-polygons-topo-150kId</styleUrl>
<ExtendedData><SchemaData schemaUrl="#nz-lake-polygons-topo-150kId"><SimpleData name="t50_fid">5037250</SimpleData>
<SimpleData name="elevation">0</SimpleData>
<SimpleData name="grp_ascii" />
<SimpleData name="grp_name" />
<SimpleData name="perennial" />
<SimpleData name="temperatur" />
<SimpleData name="lake_use" />
<SimpleData name="name_ascii" />
<SimpleData name="macronated">N</SimpleData>
<SimpleData name="name" />
<SimpleData name="grp_macron">N</SimpleData>
</SchemaData>
</ExtendedData>
<Polygon><outerBoundaryIs><LinearRing><tessellate>1</tessellate>
<coordinates> 174.220906,-39.408751 174.221177,-39.409055 174.221343,-39.409300 174.221078,-39.409303 174.220763,-39.408929 174.220808,-39.408681 174.220906,-39.408751</coordinates>
</LinearRing>
</outerBoundaryIs>
</Polygon>
</Placemark>
<Placemark><name />
<styleUrl>#nz-lake-polygons-topo-150kId</styleUrl>
<ExtendedData><SchemaData schemaUrl="#nz-lake-polygons-topo-150kId"><SimpleData name="t50_fid">5037251</SimpleData>
<SimpleData name="elevation">0</SimpleData>
<SimpleData name="grp_ascii" />
<SimpleData name="grp_name" />
<SimpleData name="perennial" />
<SimpleData name="temperatur" />
<SimpleData name="lake_use" />
<SimpleData name="name_ascii" />
<SimpleData name="macronated">N</SimpleData>
<SimpleData name="name" />
<SimpleData name="grp_macron">N</SimpleData>
</SchemaData>
</ExtendedData>
<Polygon><outerBoundaryIs><LinearRing><tessellate>1</tessellate>
<coordinates> 174.222849,-39.399663 174.222692,-39.399645 174.222681,-39.399492 174.222754,-39.399453 174.222952,-39.399457 174.223029,-39.399565 174.223014,-39.399655 174.222849,-39.399663</coordinates>
</LinearRing>
</outerBoundaryIs>
</Polygon>
</Placemark>
<Placemark><name />
<styleUrl>#nz-lake-polygons-topo-150kId</styleUrl>
<ExtendedData><SchemaData schemaUrl="#nz-lake-polygons-topo-150kId"><SimpleData name="t50_fid">5037334</SimpleData>
<SimpleData name="elevation">0</SimpleData>
<SimpleData name="grp_ascii" />
<SimpleData name="grp_name" />
<SimpleData name="perennial" />
<SimpleData name="temperatur" />
<SimpleData name="lake_use" />
<SimpleData name="name_ascii" />
<SimpleData name="macronated">N</SimpleData>
<SimpleData name="name" />
<SimpleData name="grp_macron">N</SimpleData>
</SchemaData>
</ExtendedData>
<Polygon><outerBoundaryIs><LinearRing><tessellate>1</tessellate>
<coordinates> 174.420613,-39.386723 174.420482,-39.386610 174.420480,-39.386407 174.420513,-39.386259 174.420710,-39.386449 174.420834,-39.386695 174.420732,-39.386766 174.420613,-39.386723</coordinates>
</LinearRing>
</outerBoundaryIs>
</Polygon>
</Placemark>
<Placemark><name />
<styleUrl>#nz-lake-polygons-topo-150kId</styleUrl>
<ExtendedData><SchemaData schemaUrl="#nz-lake-polygons-topo-150kId"><SimpleData name="t50_fid">5037335</SimpleData>
<SimpleData name="elevation">0</SimpleData>
<SimpleData name="grp_ascii" />
<SimpleData name="grp_name" />
<SimpleData name="perennial" />
<SimpleData name="temperatur" />
<SimpleData name="lake_use" />
<SimpleData name="name_ascii" />
<SimpleData name="macronated">N</SimpleData>
<SimpleData name="name" />
<SimpleData name="grp_macron">N</SimpleData>
</SchemaData>
</ExtendedData>
<Polygon><outerBoundaryIs><LinearRing><tessellate>1</tessellate>
<coordinates> 174.413784,-39.382444 174.413826,-39.382366 174.413952,-39.382352 174.413968,-39.382399 174.413925,-39.382524 174.413746,-39.382651 174.413582,-39.382612 174.413784,-39.382444</coordinates>
</LinearRing>
</outerBoundaryIs>
</Polygon>
</Placemark>
<Placemark><name />
<styleUrl>#nz-lake-polygons-topo-150kId</styleUrl>
<ExtendedData><SchemaData schemaUrl="#nz-lake-polygons-topo-150kId"><SimpleData name="t50_fid">5008589</SimpleData>
<SimpleData name="elevation">0</SimpleData>
<SimpleData name="grp_ascii" />
<SimpleData name="grp_name" />
<SimpleData name="perennial" />
<SimpleData name="temperatur" />
<SimpleData name="lake_use" />
<SimpleData name="name_ascii" />
<SimpleData name="macronated">N</SimpleData>
<SimpleData name="name" />
<SimpleData name="grp_macron">N</SimpleData>
</SchemaData>
</ExtendedData>
<Polygon><outerBoundaryIs><LinearRing><tessellate>1</tessellate>
<coordinates> 174.429300,-39.379106 174.429607,-39.379303 174.429922,-39.379462 174.430114,-39.379699 174.430138,-39.379728 174.430135,-39.379735 174.430064,-39.379949 174.430169,-39.380157 174.430212,-39.380242 174.430322,-39.380377 174.430379,-39.380533 174.430231,-39.380638 174.430089,-39.380561 174.429786,-39.379691 174.429537,-39.379444 174.429289,-39.379277 174.429293,-39.379212 174.429300,-39.379106</coordinates>
</LinearRing>
</outerBoundaryIs>
</Polygon>
</Placemark>
<Placemark><name />
<styleUrl>#nz-lake-polygons-topo-150kId</styleUrl>
<ExtendedData><SchemaData schemaUrl="#nz-lake-polygons-topo-150kId"><SimpleData name="t50_fid">5037340</SimpleData>
<SimpleData name="elevation">0</SimpleData>
<SimpleData name="grp_ascii" />
<SimpleData name="grp_name" />
<SimpleData name="perennial" />
<SimpleData name="temperatur" />
<SimpleData name="lake_use" />
<SimpleData name="name_ascii" />
<SimpleData name="macronated">N</SimpleData>
<SimpleData name="name" />
<SimpleData name="grp_macron">N</SimpleData>
</SchemaData>
</ExtendedData>
<Polygon><outerBoundaryIs><LinearRing><tessellate>1</tessellate>
<coordinates> 174.427426,-39.382815 174.427337,-39.382750 174.427302,-39.382548 174.427387,-39.382478 174.427503,-39.382477 174.427624,-39.382632 174.427628,-39.382767 174.427543,-39.382837 174.427426,-39.382815</coordinates>
</LinearRing>
</outerBoundaryIs>
</Polygon>
</Placemark>
<Placemark><name />
<styleUrl>#nz-lake-polygons-topo-150kId</styleUrl>
<ExtendedData><SchemaData schemaUrl="#nz-lake-polygons-topo-150kId"><SimpleData name="t50_fid">5037336</SimpleData>
<SimpleData name="elevation">0</SimpleData>
<SimpleData name="grp_ascii" />
<SimpleData name="grp_name" />
<SimpleData name="perennial" />
<SimpleData name="temperatur" />
<SimpleData name="lake_use" />
<SimpleData name="name_ascii" />
<SimpleData name="macronated">N</SimpleData>
<SimpleData name="name" />
<SimpleData name="grp_macron">N</SimpleData>
</SchemaData>
</ExtendedData>
<Polygon><outerBoundaryIs><LinearRing><tessellate>1</tessellate>
<coordinates> 174.423305,-39.383857 174.423357,-39.384182 174.423135,-39.384018 174.423043,-39.383817 174.423069,-39.383749 174.423155,-39.383702 174.423305,-39.383857</coordinates>
</LinearRing>
</outerBoundaryIs>
</Polygon>
</Placemark>
<Placemark><name />
<styleUrl>#nz-lake-polygons-topo-150kId</styleUrl>
<ExtendedData><SchemaData schemaUrl="#nz-lake-polygons-topo-150kId"><SimpleData name="t50_fid">8075139</SimpleData>
<SimpleData name="elevation">0</SimpleData>
<SimpleData name="grp_ascii" />
<SimpleData name="grp_name" />
<SimpleData name="perennial" />
<SimpleData name="temperatur" />
<SimpleData name="lake_use" />
<SimpleData name="name_ascii" />
<SimpleData name="macronated">N</SimpleData>
<SimpleData name="name" />
<SimpleData name="grp_macron">N</SimpleData>
</SchemaData>
</ExtendedData>
<Polygon><outerBoundaryIs><LinearRing><tessellate>1</tessellate>
<coordinates> 174.310110,-39.525956 174.310125,-39.525932 174.310256,-39.525847 174.310368,-39.525910 174.310372,-39.525956 174.310253,-39.526029 174.310175,-39.525989 174.310110,-39.525956</coordinates>
</LinearRing>
</outerBoundaryIs>
</Polygon>
</Placemark>
<Placemark><name />
<styleUrl>#nz-lake-polygons-topo-150kId</styleUrl>
<ExtendedData><SchemaData schemaUrl="#nz-lake-polygons-topo-150kId"><SimpleData name="t50_fid">5037160</SimpleData>
<SimpleData name="elevation">0</SimpleData>
<SimpleData name="grp_ascii" />
<SimpleData name="grp_name" />
<SimpleData name="perennial" />
<SimpleData name="temperatur" />
<SimpleData name="lake_use" />
<SimpleData name="name_ascii" />
<SimpleData name="macronated">N</SimpleData>
<SimpleData name="name" />
<SimpleData name="grp_macron">N</SimpleData>
</SchemaData>
</ExtendedData>
<Polygon><outerBoundaryIs><LinearRing><tessellate>1</tessellate>
<coordinates> 174.307549,-39.516562 174.307817,-39.516761 174.307824,-39.517008 174.307699,-39.517195 174.307299,-39.516950 174.307237,-39.516815 174.307233,-39.516703 174.307334,-39.516574 174.307549,-39.516562</coordinates>
</LinearRing>
</outerBoundaryIs>
</Polygon>
</Placemark>
<Placemark><name />
<styleUrl>#nz-lake-polygons-topo-150kId</styleUrl>
<ExtendedData><SchemaData schemaUrl="#nz-lake-polygons-topo-150kId"><SimpleData name="t50_fid">5037167</SimpleData>
<SimpleData name="elevation">0</SimpleData>
<SimpleData name="grp_ascii" />
<SimpleData name="grp_name" />
<SimpleData name="perennial" />
<SimpleData name="temperatur" />
<SimpleData name="lake_use" />
<SimpleData name="name_ascii" />
<SimpleData name="macronated">N</SimpleData>
<SimpleData name="name" />
<SimpleData name="grp_macron">N</SimpleData>
</SchemaData>
</ExtendedData>
<Polygon><outerBoundaryIs><LinearRing><tessellate>1</tessellate>
<coordinates> 174.311322,-39.500883 174.311565,-39.500878 174.311358,-39.501085 174.311063,-39.501051 174.311322,-39.500883</coordinates>
</LinearRing>
</outerBoundaryIs>
</Polygon>
</Placemark>
<Placemark><name />
<styleUrl>#nz-lake-polygons-topo-150kId</styleUrl>
<ExtendedData><SchemaData schemaUrl="#nz-lake-polygons-topo-150kId"><SimpleData name="t50_fid">8075136</SimpleData>
<SimpleData name="elevation">0</SimpleData>
<SimpleData name="grp_ascii" />
<SimpleData name="grp_name" />
<SimpleData name="perennial" />
<SimpleData name="temperatur" />
<SimpleData name="lake_use" />
<SimpleData name="name_ascii" />
<SimpleData name="macronated">N</SimpleData>
<SimpleData name="name" />
<SimpleData name="grp_macron">N</SimpleData>
</SchemaData>
</ExtendedData>
<Polygon><outerBoundaryIs><LinearRing><tessellate>1</tessellate>
<coordinates> 174.300661,-39.528080 174.300746,-39.527956 174.300828,-39.527985 174.300937,-39.528049 174.300908,-39.528111 174.300798,-39.528200 174.300703,-39.528176 174.300641,-39.528129 174.300661,-39.528080</coordinates>
</LinearRing>
</outerBoundaryIs>
</Polygon>
</Placemark>
<Placemark><name />
<styleUrl>#nz-lake-polygons-topo-150kId</styleUrl>
<ExtendedData><SchemaData schemaUrl="#nz-lake-polygons-topo-150kId"><SimpleData name="t50_fid">8075137</SimpleData>
<SimpleData name="elevation">0</SimpleData>
<SimpleData name="grp_ascii" />
<SimpleData name="grp_name" />
<SimpleData name="perennial" />
<SimpleData name="temperatur" />
<SimpleData name="lake_use" />
<SimpleData name="name_ascii" />
<SimpleData name="macronated">N</SimpleData>
<SimpleData name="name" />
<SimpleData name="grp_macron">N</SimpleData>
</SchemaData>
</ExtendedData>
<Polygon><outerBoundaryIs><LinearRing><tessellate>1</tessellate>
<coordinates> 174.300948,-39.527824 174.300953,-39.527814 174.301040,-39.527796 174.301101,-39.527814 174.301163,-39.527871 174.301131,-39.527924 174.301072,-39.527944 174.300984,-39.527923 174.300945,-39.527896 174.300924,-39.527847 174.300929,-39.527828 174.300948,-39.527824</coordinates>
</LinearRing>
</outerBoundaryIs>
</Polygon>
</Placemark>
<Placemark><name />
<styleUrl>#nz-lake-polygons-topo-150kId</styleUrl>
<ExtendedData><SchemaData schemaUrl="#nz-lake-polygons-topo-150kId"><SimpleData name="t50_fid">8075135</SimpleData>
<SimpleData name="elevation">0</SimpleData>
<SimpleData name="grp_ascii" />
<SimpleData name="grp_name" />
<SimpleData name="perennial" />
<SimpleData name="temperatur" />
<SimpleData name="lake_use" />
<SimpleData name="name_ascii" />
<SimpleData name="macronated">N</SimpleData>
<SimpleData name="name" />
<SimpleData name="grp_macron">N</SimpleData>
</SchemaData>
</ExtendedData>
<Polygon><outerBoundaryIs><LinearRing><tessellate>1</tessellate>
<coordinates> 174.302540,-39.540540 174.302357,-39.540416 174.302311,-39.540390 174.302311,-39.540348 174.302374,-39.540328 174.302502,-39.540237 174.302556,-39.540126 174.302537,-39.540071 174.302530,-39.540033 174.302636,-39.539996 174.302689,-39.540036 174.302689,-39.540112 174.302656,-39.540281 174.302597,-39.540494 174.302559,-39.540547 174.302540,-39.540540</coordinates>
</LinearRing>
</outerBoundaryIs>
</Polygon>
</Placemark>
<Placemark><name />
<styleUrl>#nz-lake-polygons-topo-150kId</styleUrl>
<ExtendedData><SchemaData schemaUrl="#nz-lake-polygons-topo-150kId"><SimpleData name="t50_fid">100121862</SimpleData>
<SimpleData name="elevation">0</SimpleData>
<SimpleData name="grp_ascii" />
<SimpleData name="grp_name" />
<SimpleData name="perennial" />
<SimpleData name="temperatur" />
<SimpleData name="lake_use" />
<SimpleData name="name_ascii" />
<SimpleData name="macronated">N</SimpleData>
<SimpleData name="name" />
<SimpleData name="grp_macron">N</SimpleData>
</SchemaData>
</ExtendedData>
<Polygon><outerBoundaryIs><LinearRing><tessellate>1</tessellate>
<coordinates> 174.284063,-39.544632 174.284074,-39.544637 174.284138,-39.544663 174.284158,-39.544716 174.284165,-39.544788 174.284131,-39.544881 174.284085,-39.545006 174.284148,-39.545201 174.284002,-39.545408 174.284100,-39.545701 174.283988,-39.545884 174.283907,-39.545849 174.283737,-39.545546 174.283700,-39.545396 174.283737,-39.545263 174.283861,-39.545204 174.283822,-39.545106 174.283893,-39.544909 174.283869,-39.544812 174.283829,-39.544705 174.283795,-39.544638 174.283769,-39.544626 174.283697,-39.544591 174.283599,-39.544414 174.283157,-39.544196 174.283037,-39.544107 174.282984,-39.543921 174.283505,-39.544167 174.283803,-39.544410 174.283956,-39.544588 174.283963,-39.544591 174.284063,-39.544632</coordinates>
</LinearRing>
</outerBoundaryIs>
</Polygon>
</Placemark>
<Placemark><name />
<styleUrl>#nz-lake-polygons-topo-150kId</styleUrl>
<ExtendedData><SchemaData schemaUrl="#nz-lake-polygons-topo-150kId"><SimpleData name="t50_fid">8075138</SimpleData>
<SimpleData name="elevation">0</SimpleData>
<SimpleData name="grp_ascii" />
<SimpleData name="grp_name" />
<SimpleData name="perennial" />
<SimpleData name="temperatur" />
<SimpleData name="lake_use" />
<SimpleData name="name_ascii" />
<SimpleData name="macronated">N</SimpleData>
<SimpleData name="name" />
<SimpleData name="grp_macron">N</SimpleData>
</SchemaData>
</ExtendedData>
<Polygon><outerBoundaryIs><LinearRing><tessellate>1</tessellate>
<coordinates> 174.290186,-39.517849 174.290152,-39.517841 174.290120,-39.517742 174.290030,-39.517265 174.289949,-39.517072 174.289928,-39.517038 174.289978,-39.516980 174.290039,-39.516995 174.290278,-39.517500 174.290412,-39.517807 174.290352,-39.517847 174.290193,-39.517849 174.290186,-39.517849</coordinates>
</LinearRing>
</outerBoundaryIs>
</Polygon>
</Placemark>
<Placemark><name />
<styleUrl>#nz-lake-polygons-topo-150kId</styleUrl>
<ExtendedData><SchemaData schemaUrl="#nz-lake-polygons-topo-150kId"><SimpleData name="t50_fid">5037162</SimpleData>
<SimpleData name="elevation">0</SimpleData>
<SimpleData name="grp_ascii" />
<SimpleData name="grp_name" />
<SimpleData name="perennial" />
<SimpleData name="temperatur" />
<SimpleData name="lake_use" />
<SimpleData name="name_ascii" />
<SimpleData name="macronated">N</SimpleData>
<SimpleData name="name" />
<SimpleData name="grp_macron">N</SimpleData>
</SchemaData>
</ExtendedData>
<Polygon><outerBoundaryIs><LinearRing><tessellate>1</tessellate>
<coordinates> 174.277715,-39.511928 174.277892,-39.511993 174.277605,-39.512072 174.277715,-39.511928</coordinates>
</LinearRing>
</outerBoundaryIs>
</Polygon>
</Placemark>
<Placemark><name />
<styleUrl>#nz-lake-polygons-topo-150kId</styleUrl>
<ExtendedData><SchemaData schemaUrl="#nz-lake-polygons-topo-150kId"><SimpleData name="t50_fid">5008585</SimpleData>
<SimpleData name="elevation">0</SimpleData>
<SimpleData name="grp_ascii" />
<SimpleData name="grp_name" />
<SimpleData name="perennial" />
<SimpleData name="temperatur" />
<SimpleData name="lake_use" />
<SimpleData name="name_ascii" />
<SimpleData name="macronated">N</SimpleData>
<SimpleData name="name" />
<SimpleData name="grp_macron">N</SimpleData>
</SchemaData>
</ExtendedData>
<Polygon><outerBoundaryIs><LinearRing><tessellate>1</tessellate>
<coordinates> 174.237857,-39.284146 174.237751,-39.284147 174.237620,-39.284224 174.237414,-39.284376 174.237212,-39.284449 174.236855,-39.284362 174.236217,-39.284263 174.236044,-39.284205 174.236108,-39.284133 174.236292,-39.284143 174.236618,-39.284191 174.236892,-39.284196 174.237099,-39.284119 174.237296,-39.283994 174.237481,-39.283826 174.237785,-39.283799 174.237872,-39.283830 174.237929,-39.283905 174.237983,-39.284050 174.237857,-39.284146</coordinates>
</LinearRing>
</outerBoundaryIs>
</Polygon>
</Placemark>
<Placemark><name />
<styleUrl>#nz-lake-polygons-topo-150kId</styleUrl>
<ExtendedData><SchemaData schemaUrl="#nz-lake-polygons-topo-150kId"><SimpleData name="t50_fid">5037281</SimpleData>
<SimpleData name="elevation">0</SimpleData>
<SimpleData name="grp_ascii" />
<SimpleData name="grp_name" />
<SimpleData name="perennial" />
<SimpleData name="temperatur" />
<SimpleData name="lake_use" />
<SimpleData name="name_ascii" />
<SimpleData name="macronated">N</SimpleData>
<SimpleData name="name" />
<SimpleData name="grp_macron">N</SimpleData>
</SchemaData>
</ExtendedData>
<Polygon><outerBoundaryIs><LinearRing><tessellate>1</tessellate>
<coordinates> 174.221048,-39.295987 174.220761,-39.296162 174.220692,-39.296194 174.220615,-39.296127 174.220550,-39.296056 174.220370,-39.296053 174.220287,-39.295991 174.220397,-39.295926 174.220581,-39.295848 174.220724,-39.295738 174.221042,-39.295640 174.221181,-39.295950 174.221048,-39.295987</coordinates>
</LinearRing>
</outerBoundaryIs>
</Polygon>
</Placemark>
<Placemark><name />
<styleUrl>#nz-lake-polygons-topo-150kId</styleUrl>
<ExtendedData><SchemaData schemaUrl="#nz-lake-polygons-topo-150kId"><SimpleData name="t50_fid">5037280</SimpleData>
<SimpleData name="elevation">0</SimpleData>
<SimpleData name="grp_ascii" />
<SimpleData name="grp_name" />
<SimpleData name="perennial" />
<SimpleData name="temperatur" />
<SimpleData name="lake_use" />
<SimpleData name="name_ascii" />
<SimpleData name="macronated">N</SimpleData>
<SimpleData name="name" />
<SimpleData name="grp_macron">N</SimpleData>
</SchemaData>
</ExtendedData>
<Polygon><outerBoundaryIs><LinearRing><tessellate>1</tessellate>
<coordinates> 174.225745,-39.314312 174.225626,-39.314427 174.225587,-39.314586 174.225504,-39.314702 174.225345,-39.314841 174.225067,-39.314791 174.225207,-39.314741 174.225327,-39.314682 174.225424,-39.314547 174.225448,-39.314429 174.225473,-39.314327 174.225279,-39.314361 174.225029,-39.314405 174.224819,-39.314378 174.224630,-39.314397 174.224608,-39.314307 174.224769,-39.314212 174.225057,-39.314242 174.225329,-39.314178 174.225522,-39.314127 174.225722,-39.314186 174.225745,-39.314312</coordinates>
</LinearRing>
</outerBoundaryIs>
</Polygon>
</Placemark>
<Placemark><name />
<styleUrl>#nz-lake-polygons-topo-150kId</styleUrl>
<ExtendedData><SchemaData schemaUrl="#nz-lake-polygons-topo-150kId"><SimpleData name="t50_fid">8075141</SimpleData>
<SimpleData name="elevation">0</SimpleData>
<SimpleData name="grp_ascii" />
<SimpleData name="grp_name" />
<SimpleData name="perennial" />
<SimpleData name="temperatur" />
<SimpleData name="lake_use" />
<SimpleData name="name_ascii" />
<SimpleData name="macronated">N</SimpleData>
<SimpleData name="name" />
<SimpleData name="grp_macron">N</SimpleData>
</SchemaData>
</ExtendedData>
<Polygon><outerBoundaryIs><LinearRing><tessellate>1</tessellate>
<coordinates> 174.258906,-39.286770 174.259023,-39.286758 174.259282,-39.286717 174.259350,-39.286712 174.259424,-39.286742 174.259476,-39.286932 174.259467,-39.286974 174.259375,-39.287013 174.259233,-39.287033 174.259150,-39.287038 174.259048,-39.287088 174.258995,-39.287108 174.258838,-39.287094 174.258793,-39.287065 174.258906,-39.286770</coordinates>
</LinearRing>
</outerBoundaryIs>
</Polygon>
</Placemark>
<Placemark><name />
<styleUrl>#nz-lake-polygons-topo-150kId</styleUrl>
<ExtendedData><SchemaData schemaUrl="#nz-lake-polygons-topo-150kId"><SimpleData name="t50_fid">8075143</SimpleData>
<SimpleData name="elevation">0</SimpleData>
<SimpleData name="grp_ascii" />
<SimpleData name="grp_name" />
<SimpleData name="perennial" />
<SimpleData name="temperatur" />
<SimpleData name="lake_use" />
<SimpleData name="name_ascii" />
<SimpleData name="macronated">N</SimpleData>
<SimpleData name="name" />
<SimpleData name="grp_macron">N</SimpleData>
</SchemaData>
</ExtendedData>
<Polygon><outerBoundaryIs><LinearRing><tessellate>1</tessellate>
<coordinates> 174.260550,-39.285638 174.261317,-39.285561 174.261338,-39.285648 174.261248,-39.285809 174.261214,-39.285851 174.260795,-39.285936 174.260682,-39.285937 174.260623,-39.285884 174.260526,-39.285699 174.260550,-39.285638</coordinates>
</LinearRing>
</outerBoundaryIs>
</Polygon>
</Placemark>
<Placemark><name />
<styleUrl>#nz-lake-polygons-topo-150kId</styleUrl>
<ExtendedData><SchemaData schemaUrl="#nz-lake-polygons-topo-150kId"><SimpleData name="t50_fid">8075142</SimpleData>
<SimpleData name="elevation">0</SimpleData>
<SimpleData name="grp_ascii" />
<SimpleData name="grp_name" />
<SimpleData name="perennial" />
<SimpleData name="temperatur" />
<SimpleData name="lake_use" />
<SimpleData name="name_ascii" />
<SimpleData name="macronated">N</SimpleData>
<SimpleData name="name" />
<SimpleData name="grp_macron">N</SimpleData>
</SchemaData>
</ExtendedData>
<Polygon><outerBoundaryIs><LinearRing><tessellate>1</tessellate>
<coordinates> 174.260498,-39.286026 174.260050,-39.286176 174.259976,-39.286139 174.259975,-39.286055 174.260007,-39.285921 174.260127,-39.285802 174.260301,-39.285679 174.260394,-39.285704 174.260498,-39.286026</coordinates>
</LinearRing>
</outerBoundaryIs>
</Polygon>
</Placemark>
<Placemark><name />
<styleUrl>#nz-lake-polygons-topo-150kId</styleUrl>
<ExtendedData><SchemaData schemaUrl="#nz-lake-polygons-topo-150kId"><SimpleData name="t50_fid">8075174</SimpleData>
<SimpleData name="elevation">0</SimpleData>
<SimpleData name="grp_ascii" />
<SimpleData name="grp_name" />
<SimpleData name="perennial" />
<SimpleData name="temperatur" />
<SimpleData name="lake_use" />
<SimpleData name="name_ascii" />
<SimpleData name="macronated">N</SimpleData>
<SimpleData name="name" />
<SimpleData name="grp_macron">N</SimpleData>
</SchemaData>
</ExtendedData>
<Polygon><outerBoundaryIs><LinearRing><tessellate>1</tessellate>
<coordinates> 174.272440,-39.313644 174.272653,-39.314101 174.272677,-39.314273 174.272358,-39.314179 174.272197,-39.314097 174.272080,-39.313745 174.272440,-39.313644</coordinates>
</LinearRing>
</outerBoundaryIs>
</Polygon>
</Placemark>
<Placemark><name />
<styleUrl>#nz-lake-polygons-topo-150kId</styleUrl>
<ExtendedData><SchemaData schemaUrl="#nz-lake-polygons-topo-150kId"><SimpleData name="t50_fid">8075175</SimpleData>
<SimpleData name="elevation">0</SimpleData>
<SimpleData name="grp_ascii" />
<SimpleData name="grp_name" />
<SimpleData name="perennial" />
<SimpleData name="temperatur" />
<SimpleData name="lake_use" />
<SimpleData name="name_ascii" />
<SimpleData name="macronated">N</SimpleData>
<SimpleData name="name" />
<SimpleData name="grp_macron">N</SimpleData>
</SchemaData>
</ExtendedData>
<Polygon><outerBoundaryIs><LinearRing><tessellate>1</tessellate>
<coordinates> 174.272814,-39.314131 174.272897,-39.314092 174.272976,-39.314065 174.273074,-39.314084 174.273133,-39.314133 174.273167,-39.314201 174.273181,-39.314278 174.273140,-39.314339 174.273047,-39.314386 174.272971,-39.314392 174.272885,-39.314377 174.272826,-39.314349 174.272801,-39.314321 174.272794,-39.314239 174.272784,-39.314184 174.272814,-39.314131</coordinates>
</LinearRing>
</outerBoundaryIs>
</Polygon>
</Placemark>
<Placemark><name />
<styleUrl>#nz-lake-polygons-topo-150kId</styleUrl>
<ExtendedData><SchemaData schemaUrl="#nz-lake-polygons-topo-150kId"><SimpleData name="t50_fid">8075176</SimpleData>
<SimpleData name="elevation">0</SimpleData>
<SimpleData name="grp_ascii" />
<SimpleData name="grp_name" />
<SimpleData name="perennial" />
<SimpleData name="temperatur" />
<SimpleData name="lake_use" />
<SimpleData name="name_ascii" />
<SimpleData name="macronated">N</SimpleData>
<SimpleData name="name" />
<SimpleData name="grp_macron">N</SimpleData>
</SchemaData>
</ExtendedData>
<Polygon><outerBoundaryIs><LinearRing><tessellate>1</tessellate>
<coordinates> 174.277826,-39.305834 174.277840,-39.305881 174.277660,-39.305929 174.277618,-39.305973 174.277562,-39.305974 174.277561,-39.305951 174.277569,-39.305884 174.277516,-39.305804 174.277769,-39.305791 174.277813,-39.305824 174.277826,-39.305834</coordinates>
</LinearRing>
</outerBoundaryIs>
</Polygon>
</Placemark>
<Placemark><name />
<styleUrl>#nz-lake-polygons-topo-150kId</styleUrl>
<ExtendedData><SchemaData schemaUrl="#nz-lake-polygons-topo-150kId"><SimpleData name="t50_fid">8075167</SimpleData>
<SimpleData name="elevation">0</SimpleData>
<SimpleData name="grp_ascii" />
<SimpleData name="grp_name" />
<SimpleData name="perennial" />
<SimpleData name="temperatur" />
<SimpleData name="lake_use" />
<SimpleData name="name_ascii" />
<SimpleData name="macronated">N</SimpleData>
<SimpleData name="name" />
<SimpleData name="grp_macron">N</SimpleData>
</SchemaData>
</ExtendedData>
<Polygon><outerBoundaryIs><LinearRing><tessellate>1</tessellate>
<coordinates> 174.300864,-39.316335 174.300827,-39.316473 174.300590,-39.316426 174.300326,-39.316348 174.300209,-39.316277 174.300066,-39.316212 174.299973,-39.316120 174.299948,-39.316060 174.299945,-39.316012 174.300040,-39.315997 174.300206,-39.316035 174.300396,-39.316145 174.300585,-39.316192 174.300828,-39.316214 174.300863,-39.316332 174.300864,-39.316335</coordinates>
</LinearRing>
</outerBoundaryIs>
</Polygon>
</Placemark>
<Placemark><name />
<styleUrl>#nz-lake-polygons-topo-150kId</styleUrl>
<ExtendedData><SchemaData schemaUrl="#nz-lake-polygons-topo-150kId"><SimpleData name="t50_fid">5037295</SimpleData>
<SimpleData name="elevation">0</SimpleData>
<SimpleData name="grp_ascii" />
<SimpleData name="grp_name" />
<SimpleData name="perennial" />
<SimpleData name="temperatur" />
<SimpleData name="lake_use" />
<SimpleData name="name_ascii" />
<SimpleData name="macronated">N</SimpleData>
<SimpleData name="name" />
<SimpleData name="grp_macron">N</SimpleData>
</SchemaData>
</ExtendedData>
<Polygon><outerBoundaryIs><LinearRing><tessellate>1</tessellate>
<coordinates> 174.338589,-39.318834 174.338648,-39.318901 174.338649,-39.318946 174.338388,-39.318950 174.338271,-39.318885 174.338250,-39.318713 174.338589,-39.318834</coordinates>
</LinearRing>
</outerBoundaryIs>
</Polygon>
</Placemark>
<Placemark><name />
<styleUrl>#nz-lake-polygons-topo-150kId</styleUrl>
<ExtendedData><SchemaData schemaUrl="#nz-lake-polygons-topo-150kId"><SimpleData name="t50_fid">8075177</SimpleData>
<SimpleData name="elevation">0</SimpleData>
<SimpleData name="grp_ascii" />
<SimpleData name="grp_name" />
<SimpleData name="perennial" />
<SimpleData name="temperatur" />
<SimpleData name="lake_use" />
<SimpleData name="name_ascii" />
<SimpleData name="macronated">N</SimpleData>
<SimpleData name="name" />
<SimpleData name="grp_macron">N</SimpleData>
</SchemaData>
</ExtendedData>
<Polygon><outerBoundaryIs><LinearRing><tessellate>1</tessellate>
<coordinates> 174.327151,-39.288199 174.327319,-39.287999 174.327371,-39.287987 174.327508,-39.288096 174.327658,-39.288123 174.327733,-39.288134 174.327832,-39.288197 174.327856,-39.288278 174.327867,-39.288447 174.327771,-39.288512 174.327567,-39.288462 174.327522,-39.288433 174.327476,-39.288382 174.327446,-39.288370 174.327370,-39.288319 174.327339,-39.288278 174.327301,-39.288226 174.327190,-39.288292 174.327040,-39.288293 174.326994,-39.288207 174.327151,-39.288199</coordinates>
</LinearRing>
</outerBoundaryIs>
</Polygon>
</Placemark>
<Placemark><name />
<styleUrl>#nz-lake-polygons-topo-150kId</styleUrl>
<ExtendedData><SchemaData schemaUrl="#nz-lake-polygons-topo-150kId"><SimpleData name="t50_fid">5037308</SimpleData>
<SimpleData name="elevation">0</SimpleData>
<SimpleData name="grp_ascii" />
<SimpleData name="grp_name" />
<SimpleData name="perennial" />
<SimpleData name="temperatur" />
<SimpleData name="lake_use" />
<SimpleData name="name_ascii" />
<SimpleData name="macronated">N</SimpleData>
<SimpleData name="name" />
<SimpleData name="grp_macron">N</SimpleData>
</SchemaData>
</ExtendedData>
<Polygon><outerBoundaryIs><LinearRing><tessellate>1</tessellate>
<coordinates> 174.316239,-39.298309 174.316203,-39.298168 174.316340,-39.297896 174.316542,-39.297825 174.316745,-39.297821 174.316874,-39.297918 174.316693,-39.298092 174.316430,-39.298180 174.316239,-39.298309</coordinates>
</LinearRing>
</outerBoundaryIs>
</Polygon>
</Placemark>
<Placemark><name />
<styleUrl>#nz-lake-polygons-topo-150kId</styleUrl>
<ExtendedData><SchemaData schemaUrl="#nz-lake-polygons-topo-150kId"><SimpleData name="t50_fid">5037307</SimpleData>
<SimpleData name="elevation">0</SimpleData>
<SimpleData name="grp_ascii" />
<SimpleData name="grp_name" />
<SimpleData name="perennial" />
<SimpleData name="temperatur" />
<SimpleData name="lake_use" />
<SimpleData name="name_ascii" />
<SimpleData name="macronated">N</SimpleData>
<SimpleData name="name" />
<SimpleData name="grp_macron">N</SimpleData>
</SchemaData>
</ExtendedData>
<Polygon><outerBoundaryIs><LinearRing><tessellate>1</tessellate>
<coordinates> 174.305033,-39.288509 174.305036,-39.288599 174.304922,-39.288692 174.304714,-39.288492 174.304739,-39.288334 174.304881,-39.288264 174.305259,-39.288231 174.305284,-39.288306 174.305033,-39.288509</coordinates>
</LinearRing>
</outerBoundaryIs>
</Polygon>
</Placemark>
<Placemark><name />
<styleUrl>#nz-lake-polygons-topo-150kId</styleUrl>
<ExtendedData><SchemaData schemaUrl="#nz-lake-polygons-topo-150kId"><SimpleData name="t50_fid">5037618</SimpleData>
<SimpleData name="elevation">0</SimpleData>
<SimpleData name="grp_ascii" />
<SimpleData name="grp_name" />
<SimpleData name="perennial" />
<SimpleData name="temperatur" />
<SimpleData name="lake_use" />
<SimpleData name="name_ascii" />
<SimpleData name="macronated">N</SimpleData>
<SimpleData name="name" />
<SimpleData name="grp_macron">N</SimpleData>
</SchemaData>
</ExtendedData>
<Polygon><outerBoundaryIs><LinearRing><tessellate>1</tessellate>
<coordinates> 174.206323,-39.022720 174.206182,-39.022630 174.206007,-39.022451 174.205876,-39.022265 174.205984,-39.022188 174.206081,-39.022193 174.206097,-39.022257 174.206197,-39.022382 174.206403,-39.022614 174.206423,-39.022675 174.206323,-39.022720</coordinates>
</LinearRing>
</outerBoundaryIs>
</Polygon>
</Placemark>
<Placemark><name />
<styleUrl>#nz-lake-polygons-topo-150kId</styleUrl>
<ExtendedData><SchemaData schemaUrl="#nz-lake-polygons-topo-150kId"><SimpleData name="t50_fid">5037615</SimpleData>
<SimpleData name="elevation">0</SimpleData>
<SimpleData name="grp_ascii" />
<SimpleData name="grp_name" />
<SimpleData name="perennial" />
<SimpleData name="temperatur" />
<SimpleData name="lake_use" />
<SimpleData name="name_ascii" />
<SimpleData name="macronated">N</SimpleData>
<SimpleData name="name" />
<SimpleData name="grp_macron">N</SimpleData>
</SchemaData>
</ExtendedData>
<Polygon><outerBoundaryIs><LinearRing><tessellate>1</tessellate>
<coordinates> 174.205208,-39.033662 174.205429,-39.033805 174.205451,-39.033894 174.205359,-39.033984 174.205223,-39.033929 174.205056,-39.033850 174.204975,-39.033972 174.205062,-39.034213 174.205055,-39.034391 174.204828,-39.034426 174.204657,-39.034169 174.204706,-39.033999 174.204797,-39.033820 174.204762,-39.033626 174.204885,-39.033536 174.204999,-39.033511 174.205208,-39.033662</coordinates>
</LinearRing>
</outerBoundaryIs>
</Polygon>
</Placemark>
<Placemark><name />
<styleUrl>#nz-lake-polygons-topo-150kId</styleUrl>
<ExtendedData><SchemaData schemaUrl="#nz-lake-polygons-topo-150kId"><SimpleData name="t50_fid">5037517</SimpleData>
<SimpleData name="elevation">0</SimpleData>
<SimpleData name="grp_ascii" />
<SimpleData name="grp_name" />
<SimpleData name="perennial" />
<SimpleData name="temperatur" />
<SimpleData name="lake_use" />
<SimpleData name="name_ascii" />
<SimpleData name="macronated">N</SimpleData>
<SimpleData name="name" />
<SimpleData name="grp_macron">N</SimpleData>
</SchemaData>
</ExtendedData>
<Polygon><outerBoundaryIs><LinearRing><tessellate>1</tessellate>
<coordinates> 174.201688,-39.052470 174.201843,-39.052366 174.201861,-39.052236 174.202015,-39.052077 174.202221,-39.052004 174.202332,-39.052018 174.202419,-39.052092 174.202432,-39.052238 174.202389,-39.052388 174.202356,-39.052507 174.202195,-39.052564 174.201973,-39.052578 174.201903,-39.052653 174.201717,-39.052706 174.201509,-39.052638 174.201562,-39.052511 174.201688,-39.052470</coordinates>
</LinearRing>
</outerBoundaryIs>
</Polygon>
</Placemark>
<Placemark><name />
<styleUrl>#nz-lake-polygons-topo-150kId</styleUrl>
<ExtendedData><SchemaData schemaUrl="#nz-lake-polygons-topo-150kId"><SimpleData name="t50_fid">5037622</SimpleData>
<SimpleData name="elevation">0</SimpleData>
<SimpleData name="grp_ascii" />
<SimpleData name="grp_name" />
<SimpleData name="perennial" />
<SimpleData name="temperatur" />
<SimpleData name="lake_use" />
<SimpleData name="name_ascii" />
<SimpleData name="macronated">N</SimpleData>
<SimpleData name="name" />
<SimpleData name="grp_macron">N</SimpleData>
</SchemaData>
</ExtendedData>
<Polygon><outerBoundaryIs><LinearRing><tessellate>1</tessellate>
<coordinates> 174.257865,-38.993159 174.257954,-38.993270 174.257930,-38.993473 174.257819,-38.993611 174.257731,-38.993545 174.257606,-38.993079 174.257865,-38.993159</coordinates>
</LinearRing>
</outerBoundaryIs>
</Polygon>
</Placemark>
<Placemark><name />
<styleUrl>#nz-lake-polygons-topo-150kId</styleUrl>
<ExtendedData><SchemaData schemaUrl="#nz-lake-polygons-topo-150kId"><SimpleData name="t50_fid">5037623</SimpleData>
<SimpleData name="elevation">0</SimpleData>
<SimpleData name="grp_ascii" />
<SimpleData name="grp_name" />
<SimpleData name="perennial" />
<SimpleData name="temperatur" />
<SimpleData name="lake_use" />
<SimpleData name="name_ascii" />
<SimpleData name="macronated">N</SimpleData>
<SimpleData name="name" />
<SimpleData name="grp_macron">N</SimpleData>
</SchemaData>
</ExtendedData>
<Polygon><outerBoundaryIs><LinearRing><tessellate>1</tessellate>
<coordinates> 174.273473,-39.043272 174.273330,-39.043342 174.273126,-39.043277 174.272890,-39.043102 174.272757,-39.042813 174.273473,-39.043272</coordinates>
</LinearRing>
</outerBoundaryIs>
</Polygon>
</Placemark>
<Placemark><name />
<styleUrl>#nz-lake-polygons-topo-150kId</styleUrl>
<ExtendedData><SchemaData schemaUrl="#nz-lake-polygons-topo-150kId"><SimpleData name="t50_fid">5037624</SimpleData>
<SimpleData name="elevation">0</SimpleData>
<SimpleData name="grp_ascii" />
<SimpleData name="grp_name" />
<SimpleData name="perennial" />
<SimpleData name="temperatur" />
<SimpleData name="lake_use" />
<SimpleData name="name_ascii" />
<SimpleData name="macronated">N</SimpleData>
<SimpleData name="name" />
<SimpleData name="grp_macron">N</SimpleData>
</SchemaData>
</ExtendedData>
<Polygon><outerBoundaryIs><LinearRing><tessellate>1</tessellate>
<coordinates> 174.277411,-39.041492 174.277527,-39.041490 174.278003,-39.041680 174.277680,-39.041781 174.277234,-39.041678 174.277411,-39.041492</coordinates>
</LinearRing>
</outerBoundaryIs>
</Polygon>
</Placemark>
<Placemark><name />
<styleUrl>#nz-lake-polygons-topo-150kId</styleUrl>
<ExtendedData><SchemaData schemaUrl="#nz-lake-polygons-topo-150kId"><SimpleData name="t50_fid">5037633</SimpleData>
<SimpleData name="elevation">0</SimpleData>
<SimpleData name="grp_ascii" />
<SimpleData name="grp_name" />
<SimpleData name="perennial" />
<SimpleData name="temperatur" />
<SimpleData name="lake_use" />
<SimpleData name="name_ascii" />
<SimpleData name="macronated">N</SimpleData>
<SimpleData name="name" />
<SimpleData name="grp_macron">N</SimpleData>
</SchemaData>
</ExtendedData>
<Polygon><outerBoundaryIs><LinearRing><tessellate>1</tessellate>
<coordinates> 174.277029,-39.006133 174.277045,-39.006673 174.276864,-39.006429 174.276814,-39.006018 174.276810,-39.005888 174.277029,-39.006133</coordinates>
</LinearRing>
</outerBoundaryIs>
</Polygon>
</Placemark>
<Placemark><name />
<styleUrl>#nz-lake-polygons-topo-150kId</styleUrl>
<ExtendedData><SchemaData schemaUrl="#nz-lake-polygons-topo-150kId"><SimpleData name="t50_fid">5037634</SimpleData>
<SimpleData name="elevation">0</SimpleData>
<SimpleData name="grp_ascii" />
<SimpleData name="grp_name" />
<SimpleData name="perennial" />
<SimpleData name="temperatur" />
<SimpleData name="lake_use" />
<SimpleData name="name_ascii" />
<SimpleData name="macronated">N</SimpleData>
<SimpleData name="name" />
<SimpleData name="grp_macron">N</SimpleData>
</SchemaData>
</ExtendedData>
<Polygon><outerBoundaryIs><LinearRing><tessellate>1</tessellate>
<coordinates> 174.271815,-38.999369 174.271825,-38.999753 174.272005,-38.999998 174.272008,-39.000088 174.271910,-39.000207 174.271537,-38.999780 174.271527,-38.999442 174.271699,-38.999268 174.271815,-38.999369</coordinates>
</LinearRing>
</outerBoundaryIs>
</Polygon>
</Placemark>
<Placemark><name />
<styleUrl>#nz-lake-polygons-topo-150kId</styleUrl>
<ExtendedData><SchemaData schemaUrl="#nz-lake-polygons-topo-150kId"><SimpleData name="t50_fid">5037649</SimpleData>
<SimpleData name="elevation">0</SimpleData>
<SimpleData name="grp_ascii" />
<SimpleData name="grp_name" />
<SimpleData name="perennial" />
<SimpleData name="temperatur" />
<SimpleData name="lake_use" />
<SimpleData name="name_ascii" />
<SimpleData name="macronated">N</SimpleData>
<SimpleData name="name" />
<SimpleData name="grp_macron">N</SimpleData>
</SchemaData>
</ExtendedData>
<Polygon><outerBoundaryIs><LinearRing><tessellate>1</tessellate>
<coordinates> 174.279893,-38.987647 174.279983,-38.987780 174.279996,-38.988253 174.280086,-38.988387 174.280524,-38.988537 174.280701,-38.988670 174.280644,-38.988738 174.280470,-38.988696 174.280182,-38.988724 174.279976,-38.988569 174.279661,-38.988665 174.279545,-38.988667 174.279456,-38.988578 174.279614,-38.988035 174.279577,-38.987720 174.279698,-38.987620 174.279893,-38.987647</coordinates>
</LinearRing>
</outerBoundaryIs>
</Polygon>
</Placemark>
<Placemark><name />
<styleUrl>#nz-lake-polygons-topo-150kId</styleUrl>
<ExtendedData><SchemaData schemaUrl="#nz-lake-polygons-topo-150kId"><SimpleData name="t50_fid">5037629</SimpleData>
<SimpleData name="elevation">0</SimpleData>
<SimpleData name="grp_ascii" />
<SimpleData name="grp_name" />
<SimpleData name="perennial" />
<SimpleData name="temperatur" />
<SimpleData name="lake_use" />
<SimpleData name="name_ascii" />
<SimpleData name="macronated">N</SimpleData>
<SimpleData name="name" />
<SimpleData name="grp_macron">N</SimpleData>
</SchemaData>
</ExtendedData>
<Polygon><outerBoundaryIs><LinearRing><tessellate>1</tessellate>
<coordinates> 174.292250,-39.013176 174.292107,-39.013246 174.291991,-39.013181 174.291930,-39.013069 174.291926,-39.012957 174.292240,-39.013020 174.292250,-39.013176</coordinates>
</LinearRing>
</outerBoundaryIs>
</Polygon>
</Placemark>
<Placemark><name />
<styleUrl>#nz-lake-polygons-topo-150kId</styleUrl>
<ExtendedData><SchemaData schemaUrl="#nz-lake-polygons-topo-150kId"><SimpleData name="t50_fid">5037628</SimpleData>
<SimpleData name="elevation">0</SimpleData>
<SimpleData name="grp_ascii" />
<SimpleData name="grp_name" />
<SimpleData name="perennial" />
<SimpleData name="temperatur" />
<SimpleData name="lake_use" />
<SimpleData name="name_ascii" />
<SimpleData name="macronated">N</SimpleData>
<SimpleData name="name" />
<SimpleData name="grp_macron">N</SimpleData>
</SchemaData>
</ExtendedData>
<Polygon><outerBoundaryIs><LinearRing><tessellate>1</tessellate>
<coordinates> 174.289469,-39.011894 174.289212,-39.012140 174.289462,-39.011635 174.289469,-39.011894</coordinates>
</LinearRing>
</outerBoundaryIs>
</Polygon>
</Placemark>
<Placemark><name />
<styleUrl>#nz-lake-polygons-topo-150kId</styleUrl>
<ExtendedData><SchemaData schemaUrl="#nz-lake-polygons-topo-150kId"><SimpleData name="t50_fid">5037515</SimpleData>
<SimpleData name="elevation">0</SimpleData>
<SimpleData name="grp_ascii" />
<SimpleData name="grp_name" />
<SimpleData name="perennial" />
<SimpleData name="temperatur" />
<SimpleData name="lake_use" />
<SimpleData name="name_ascii" />
<SimpleData name="macronated">N</SimpleData>
<SimpleData name="name" />
<SimpleData name="grp_macron">N</SimpleData>
</SchemaData>
</ExtendedData>
<Polygon><outerBoundaryIs><LinearRing><tessellate>1</tessellate>
<coordinates> 174.235264,-39.081442 174.235309,-39.081602 174.235274,-39.081756 174.235258,-39.081902 174.235344,-39.082000 174.235360,-39.082083 174.235276,-39.082106 174.235133,-39.081980 174.235075,-39.081835 174.235146,-39.081652 174.235126,-39.081579 174.235102,-39.081510 174.235194,-39.081418 174.235264,-39.081442</coordinates>
</LinearRing>
</outerBoundaryIs>
</Polygon>
</Placemark>
<Placemark><name />
<styleUrl>#nz-lake-polygons-topo-150kId</styleUrl>
<ExtendedData><SchemaData schemaUrl="#nz-lake-polygons-topo-150kId"><SimpleData name="t50_fid">5037514</SimpleData>
<SimpleData name="elevation">0</SimpleData>
<SimpleData name="grp_ascii" />
<SimpleData name="grp_name" />
<SimpleData name="perennial" />
<SimpleData name="temperatur" />
<SimpleData name="lake_use" />
<SimpleData name="name_ascii" />
<SimpleData name="macronated">N</SimpleData>
<SimpleData name="name" />
<SimpleData name="grp_macron">N</SimpleData>
</SchemaData>
</ExtendedData>
<Polygon><outerBoundaryIs><LinearRing><tessellate>1</tessellate>
<coordinates> 174.241579,-39.086407 174.241555,-39.086308 174.241481,-39.086228 174.241548,-39.086161 174.241754,-39.086060 174.241899,-39.086122 174.242011,-39.086289 174.241880,-39.086329 174.241764,-39.086398 174.241653,-39.086476 174.241579,-39.086407</coordinates>
</LinearRing>
</outerBoundaryIs>
</Polygon>
</Placemark>
<Placemark><name />
<styleUrl>#nz-lake-polygons-topo-150kId</styleUrl>
<ExtendedData><SchemaData schemaUrl="#nz-lake-polygons-topo-150kId"><SimpleData name="t50_fid">5008626</SimpleData>
<SimpleData name="elevation">0</SimpleData>
<SimpleData name="grp_ascii" />
<SimpleData name="grp_name" />
<SimpleData name="perennial" />
<SimpleData name="temperatur" />
<SimpleData name="lake_use" />
<SimpleData name="name_ascii" />
<SimpleData name="macronated">N</SimpleData>
<SimpleData name="name" />
<SimpleData name="grp_macron">N</SimpleData>
</SchemaData>
</ExtendedData>
<Polygon><outerBoundaryIs><LinearRing><tessellate>1</tessellate>
<coordinates> 174.242073,-39.092418 174.242100,-39.092470 174.242068,-39.092543 174.241899,-39.092806 174.241758,-39.093125 174.241787,-39.093265 174.241843,-39.093400 174.241798,-39.093542 174.241618,-39.093580 174.241629,-39.093444 174.241634,-39.093309 174.241537,-39.093159 174.241523,-39.093081 174.241659,-39.092871 174.241736,-39.092682 174.241767,-39.092536 174.241785,-39.092400 174.241912,-39.092394 174.242073,-39.092418</coordinates>
</LinearRing>
</outerBoundaryIs>
</Polygon>
</Placemark>
<Placemark><name />
<styleUrl>#nz-lake-polygons-topo-150kId</styleUrl>
<ExtendedData><SchemaData schemaUrl="#nz-lake-polygons-topo-150kId"><SimpleData name="t50_fid">5037494</SimpleData>
<SimpleData name="elevation">0</SimpleData>
<SimpleData name="grp_ascii" />
<SimpleData name="grp_name" />
<SimpleData name="perennial" />
<SimpleData name="temperatur" />
<SimpleData name="lake_use" />
<SimpleData name="name_ascii" />
<SimpleData name="macronated">N</SimpleData>
<SimpleData name="name" />
<SimpleData name="grp_macron">N</SimpleData>
</SchemaData>
</ExtendedData>
<Polygon><outerBoundaryIs><LinearRing><tessellate>1</tessellate>
<coordinates> 174.238639,-39.098211 174.238641,-39.098298 174.238582,-39.098503 174.238365,-39.098583 174.238260,-39.098648 174.238142,-39.098712 174.238054,-39.098679 174.238047,-39.098606 174.238170,-39.098527 174.238362,-39.098442 174.238348,-39.098345 174.238297,-39.098263 174.238508,-39.098198 174.238639,-39.098211</coordinates>
</LinearRing>
</outerBoundaryIs>
</Polygon>
</Placemark>
<Placemark><name />
<styleUrl>#nz-lake-polygons-topo-150kId</styleUrl>
<ExtendedData><SchemaData schemaUrl="#nz-lake-polygons-topo-150kId"><SimpleData name="t50_fid">5005046</SimpleData>
<SimpleData name="elevation">0</SimpleData>
<SimpleData name="grp_ascii" />
<SimpleData name="grp_name" />
<SimpleData name="perennial" />
<SimpleData name="temperatur" />
<SimpleData name="lake_use" />
<SimpleData name="name_ascii" />
<SimpleData name="macronated">N</SimpleData>
<SimpleData name="name" />
<SimpleData name="grp_macron">N</SimpleData>
</SchemaData>
</ExtendedData>
<Polygon><outerBoundaryIs><LinearRing><tessellate>1</tessellate>
<coordinates> 174.262723,-39.078773 174.262816,-39.079020 174.262857,-39.079448 174.262816,-39.080035 174.262970,-39.080370 174.262984,-39.080691 174.262701,-39.081118 174.262633,-39.081521 174.262471,-39.081167 174.262798,-39.080463 174.262737,-39.080328 174.262165,-39.079527 174.262101,-39.079281 174.262094,-39.079009 174.262218,-39.078422 174.262723,-39.078773</coordinates>
</LinearRing>
</outerBoundaryIs>
</Polygon>
</Placemark>
<Placemark><name />
<styleUrl>#nz-lake-polygons-topo-150kId</styleUrl>
<ExtendedData><SchemaData schemaUrl="#nz-lake-polygons-topo-150kId"><SimpleData name="t50_fid">5037510</SimpleData>
<SimpleData name="elevation">0</SimpleData>
<SimpleData name="grp_ascii" />
<SimpleData name="grp_name" />
<SimpleData name="perennial" />
<SimpleData name="temperatur" />
<SimpleData name="lake_use" />
<SimpleData name="name_ascii" />
<SimpleData name="macronated">N</SimpleData>
<SimpleData name="name" />
<SimpleData name="grp_macron">N</SimpleData>
</SchemaData>
</ExtendedData>
<Polygon><outerBoundaryIs><LinearRing><tessellate>1</tessellate>
<coordinates> 174.255820,-39.071767 174.255810,-39.071407 174.255886,-39.071045 174.256034,-39.070834 174.256229,-39.070904 174.256466,-39.071103 174.256447,-39.071442 174.256018,-39.072050 174.255820,-39.071767</coordinates>
</LinearRing>
</outerBoundaryIs>
</Polygon>
</Placemark>
<Placemark><name />
<styleUrl>#nz-lake-polygons-topo-150kId</styleUrl>
<ExtendedData><SchemaData schemaUrl="#nz-lake-polygons-topo-150kId"><SimpleData name="t50_fid">5037537</SimpleData>
<SimpleData name="elevation">0</SimpleData>
<SimpleData name="grp_ascii" />
<SimpleData name="grp_name" />
<SimpleData name="perennial" />
<SimpleData name="temperatur" />
<SimpleData name="lake_use" />
<SimpleData name="name_ascii" />
<SimpleData name="macronated">N</SimpleData>
<SimpleData name="name" />
<SimpleData name="grp_macron">N</SimpleData>
</SchemaData>
</ExtendedData>
<Polygon><outerBoundaryIs><LinearRing><tessellate>1</tessellate>
<coordinates> 174.282209,-39.066161 174.282238,-39.066246 174.282378,-39.066394 174.282382,-39.066565 174.282356,-39.066651 174.282274,-39.066695 174.282192,-39.066696 174.282052,-39.066526 174.281965,-39.066271 174.282044,-39.066141 174.282125,-39.066076 174.282209,-39.066161</coordinates>
</LinearRing>
</outerBoundaryIs>
</Polygon>
</Placemark>
<Placemark><name />
<styleUrl>#nz-lake-polygons-topo-150kId</styleUrl>
<ExtendedData><SchemaData schemaUrl="#nz-lake-polygons-topo-150kId"><SimpleData name="t50_fid">5037137</SimpleData>
<SimpleData name="elevation">0</SimpleData>
<SimpleData name="grp_ascii" />
<SimpleData name="grp_name" />
<SimpleData name="perennial" />
<SimpleData name="temperatur" />
<SimpleData name="lake_use" />
<SimpleData name="name_ascii" />
<SimpleData name="macronated">N</SimpleData>
<SimpleData name="name" />
<SimpleData name="grp_macron">N</SimpleData>
</SchemaData>
</ExtendedData>
<Polygon><outerBoundaryIs><LinearRing><tessellate>1</tessellate>
<coordinates> 174.329006,-39.566609 174.328749,-39.566870 174.328445,-39.566868 174.328446,-39.566566 174.328635,-39.566443 174.328946,-39.566429 174.329006,-39.566609</coordinates>
</LinearRing>
</outerBoundaryIs>
</Polygon>
</Placemark>
<Placemark><name />
<styleUrl>#nz-lake-polygons-topo-150kId</styleUrl>
<ExtendedData><SchemaData schemaUrl="#nz-lake-polygons-topo-150kId"><SimpleData name="t50_fid">5037136</SimpleData>
<SimpleData name="elevation">0</SimpleData>
<SimpleData name="grp_ascii" />
<SimpleData name="grp_name" />
<SimpleData name="perennial" />
<SimpleData name="temperatur" />
<SimpleData name="lake_use" />
<SimpleData name="name_ascii" />
<SimpleData name="macronated">N</SimpleData>
<SimpleData name="name" />
<SimpleData name="grp_macron">N</SimpleData>
</SchemaData>
</ExtendedData>
<Polygon><outerBoundaryIs><LinearRing><tessellate>1</tessellate>
<coordinates> 174.325645,-39.566795 174.325611,-39.566856 174.325449,-39.566918 174.325356,-39.566908 174.325326,-39.566804 174.325537,-39.566692 174.325645,-39.566795</coordinates>
</LinearRing>
</outerBoundaryIs>
</Polygon>
</Placemark>
<Placemark><name />
<styleUrl>#nz-lake-polygons-topo-150kId</styleUrl>
<ExtendedData><SchemaData schemaUrl="#nz-lake-polygons-topo-150kId"><SimpleData name="t50_fid">5037135</SimpleData>
<SimpleData name="elevation">0</SimpleData>
<SimpleData name="grp_ascii" />
<SimpleData name="grp_name" />
<SimpleData name="perennial" />
<SimpleData name="temperatur" />
<SimpleData name="lake_use" />
<SimpleData name="name_ascii" />
<SimpleData name="macronated">N</SimpleData>
<SimpleData name="name" />
<SimpleData name="grp_macron">N</SimpleData>
</SchemaData>
</ExtendedData>
<Polygon><outerBoundaryIs><LinearRing><tessellate>1</tessellate>
<coordinates> 174.323449,-39.566431 174.323583,-39.566408 174.323690,-39.566445 174.323756,-39.566570 174.323786,-39.566679 174.323660,-39.566752 174.323531,-39.566677 174.323332,-39.566624 174.323317,-39.566570 174.323202,-39.566511 174.323221,-39.566390 174.323449,-39.566431</coordinates>
</LinearRing>
</outerBoundaryIs>
</Polygon>
</Placemark>
<Placemark><name />
<styleUrl>#nz-lake-polygons-topo-150kId</styleUrl>
<ExtendedData><SchemaData schemaUrl="#nz-lake-polygons-topo-150kId"><SimpleData name="t50_fid">5037125</SimpleData>
<SimpleData name="elevation">0</SimpleData>
<SimpleData name="grp_ascii" />
<SimpleData name="grp_name" />
<SimpleData name="perennial" />
<SimpleData name="temperatur" />
<SimpleData name="lake_use" />
<SimpleData name="name_ascii" />
<SimpleData name="macronated">N</SimpleData>
<SimpleData name="name" />
<SimpleData name="grp_macron">N</SimpleData>
</SchemaData>
</ExtendedData>
<Polygon><outerBoundaryIs><LinearRing><tessellate>1</tessellate>
<coordinates> 174.312199,-39.560295 174.312282,-39.560266 174.312441,-39.560345 174.312548,-39.560370 174.312699,-39.560357 174.312703,-39.560357 174.312824,-39.560367 174.312979,-39.560402 174.313086,-39.560427 174.313129,-39.560471 174.313170,-39.560513 174.313286,-39.560537 174.313402,-39.560514 174.313532,-39.560523 174.313629,-39.560526 174.313646,-39.560523 174.313783,-39.560502 174.313915,-39.560538 174.313936,-39.560624 174.313910,-39.560789 174.313867,-39.560834 174.313732,-39.560832 174.313480,-39.560794 174.313325,-39.560803 174.313085,-39.560884 174.313017,-39.560851 174.312938,-39.560800 174.312966,-39.560747 174.312975,-39.560653 174.312711,-39.560559 174.312435,-39.560547 174.312114,-39.560420 174.312118,-39.560379 174.312199,-39.560295</coordinates>
</LinearRing>
</outerBoundaryIs>
</Polygon>
</Placemark>
<Placemark><name />
<styleUrl>#nz-lake-polygons-topo-150kId</styleUrl>
<ExtendedData><SchemaData schemaUrl="#nz-lake-polygons-topo-150kId"><SimpleData name="t50_fid">5037141</SimpleData>
<SimpleData name="elevation">0</SimpleData>
<SimpleData name="grp_ascii" />
<SimpleData name="grp_name" />
<SimpleData name="perennial" />
<SimpleData name="temperatur" />
<SimpleData name="lake_use" />
<SimpleData name="name_ascii" />
<SimpleData name="macronated">N</SimpleData>
<SimpleData name="name" />
<SimpleData name="grp_macron">N</SimpleData>
</SchemaData>
</ExtendedData>
<Polygon><outerBoundaryIs><LinearRing><tessellate>1</tessellate>
<coordinates> 174.327910,-39.560653 174.327651,-39.560672 174.327387,-39.560779 174.327171,-39.560769 174.327134,-39.560634 174.327825,-39.560482 174.328021,-39.560590 174.327910,-39.560653</coordinates>
</LinearRing>
</outerBoundaryIs>
</Polygon>
</Placemark>
<Placemark><name />
<styleUrl>#nz-lake-polygons-topo-150kId</styleUrl>
<ExtendedData><SchemaData schemaUrl="#nz-lake-polygons-topo-150kId"><SimpleData name="t50_fid">5037147</SimpleData>
<SimpleData name="elevation">0</SimpleData>
<SimpleData name="grp_ascii" />
<SimpleData name="grp_name" />
<SimpleData name="perennial" />
<SimpleData name="temperatur" />
<SimpleData name="lake_use" />
<SimpleData name="name_ascii" />
<SimpleData name="macronated">N</SimpleData>
<SimpleData name="name" />
<SimpleData name="grp_macron">N</SimpleData>
</SchemaData>
</ExtendedData>
<Polygon><outerBoundaryIs><LinearRing><tessellate>1</tessellate>
<coordinates> 174.352064,-39.560950 174.352379,-39.560938 174.352413,-39.560973 174.352436,-39.560995 174.352391,-39.561055 174.352187,-39.561154 174.351898,-39.561185 174.351878,-39.560899 174.352064,-39.560950</coordinates>
</LinearRing>
</outerBoundaryIs>
</Polygon>
</Placemark>
<Placemark><name />
<styleUrl>#nz-lake-polygons-topo-150kId</styleUrl>
<ExtendedData><SchemaData schemaUrl="#nz-lake-polygons-topo-150kId"><SimpleData name="t50_fid">8352152</SimpleData>
<SimpleData name="elevation">0</SimpleData>
<SimpleData name="grp_ascii" />
<SimpleData name="grp_name" />
<SimpleData name="perennial" />
<SimpleData name="temperatur" />
<SimpleData name="lake_use" />
<SimpleData name="name_ascii" />
<SimpleData name="macronated">N</SimpleData>
<SimpleData name="name" />
<SimpleData name="grp_macron">N</SimpleData>
</SchemaData>
</ExtendedData>
<Polygon><outerBoundaryIs><LinearRing><tessellate>1</tessellate>
<coordinates> 174.298327,-39.558632 174.298408,-39.558620 174.298532,-39.558571 174.298564,-39.558523 174.298657,-39.558484 174.298694,-39.558476 174.298730,-39.558482 174.298760,-39.558510 174.298740,-39.558548 174.298726,-39.558559 174.298657,-39.558566 174.298622,-39.558617 174.298549,-39.558663 174.298426,-39.558700 174.298385,-39.558709 174.298363,-39.558704 174.298327,-39.558632</coordinates>
</LinearRing>
</outerBoundaryIs>
</Polygon>
</Placemark>
<Placemark><name />
<styleUrl>#nz-lake-polygons-topo-150kId</styleUrl>
<ExtendedData><SchemaData schemaUrl="#nz-lake-polygons-topo-150kId"><SimpleData name="t50_fid">8352153</SimpleData>
<SimpleData name="elevation">0</SimpleData>
<SimpleData name="grp_ascii" />
<SimpleData name="grp_name" />
<SimpleData name="perennial" />
<SimpleData name="temperatur" />
<SimpleData name="lake_use" />
<SimpleData name="name_ascii" />
<SimpleData name="macronated">N</SimpleData>
<SimpleData name="name" />
<SimpleData name="grp_macron">N</SimpleData>
</SchemaData>
</ExtendedData>
<Polygon><outerBoundaryIs><LinearRing><tessellate>1</tessellate>
<coordinates> 174.298778,-39.558455 174.298812,-39.558422 174.298882,-39.558392 174.298964,-39.558377 174.299014,-39.558366 174.299072,-39.558360 174.299086,-39.558337 174.299117,-39.558340 174.299120,-39.558356 174.299107,-39.558376 174.299081,-39.558394 174.299003,-39.558426 174.298934,-39.558460 174.298868,-39.558500 174.298810,-39.558505 174.298763,-39.558475 174.298778,-39.558455</coordinates>
</LinearRing>
</outerBoundaryIs>
</Polygon>
</Placemark>
<Placemark><name />
<styleUrl>#nz-lake-polygons-topo-150kId</styleUrl>
<ExtendedData><SchemaData schemaUrl="#nz-lake-polygons-topo-150kId"><SimpleData name="t50_fid">5008568</SimpleData>
<SimpleData name="elevation">0</SimpleData>
<SimpleData name="grp_ascii" />
<SimpleData name="grp_name" />
<SimpleData name="perennial" />
<SimpleData name="temperatur" />
<SimpleData name="lake_use" />
<SimpleData name="name_ascii" />
<SimpleData name="macronated">N</SimpleData>
<SimpleData name="name" />
<SimpleData name="grp_macron">N</SimpleData>
</SchemaData>
</ExtendedData>
<Polygon><outerBoundaryIs><LinearRing><tessellate>1</tessellate>
<coordinates> 174.295660,-39.561647 174.295858,-39.561758 174.296157,-39.561867 174.296279,-39.561956 174.296384,-39.561994 174.296580,-39.561982 174.296763,-39.561999 174.296765,-39.562077 174.296603,-39.562092 174.296328,-39.562114 174.296231,-39.562076 174.296050,-39.561995 174.295799,-39.561920 174.295661,-39.561912 174.295494,-39.561862 174.295517,-39.561781 174.295660,-39.561647</coordinates>
</LinearRing>
</outerBoundaryIs>
</Polygon>
</Placemark>
<Placemark><name />
<styleUrl>#nz-lake-polygons-topo-150kId</styleUrl>
<ExtendedData><SchemaData schemaUrl="#nz-lake-polygons-topo-150kId"><SimpleData name="t50_fid">5037139</SimpleData>
<SimpleData name="elevation">0</SimpleData>
<SimpleData name="grp_ascii" />
<SimpleData name="grp_name" />
<SimpleData name="perennial" />
<SimpleData name="temperatur" />
<SimpleData name="lake_use" />
<SimpleData name="name_ascii" />
<SimpleData name="macronated">N</SimpleData>
<SimpleData name="name" />
<SimpleData name="grp_macron">N</SimpleData>
</SchemaData>
</ExtendedData>
<Polygon><outerBoundaryIs><LinearRing><tessellate>1</tessellate>
<coordinates> 174.284166,-39.563603 174.283866,-39.563727 174.283512,-39.563701 174.283505,-39.563589 174.283830,-39.563612 174.284132,-39.563492 174.284166,-39.563603</coordinates>
</LinearRing>
</outerBoundaryIs>
</Polygon>
</Placemark>
<Placemark><name />
<styleUrl>#nz-lake-polygons-topo-150kId</styleUrl>
<ExtendedData><SchemaData schemaUrl="#nz-lake-polygons-topo-150kId"><SimpleData name="t50_fid">5037265</SimpleData>
<SimpleData name="elevation">0</SimpleData>
<SimpleData name="grp_ascii" />
<SimpleData name="grp_name" />
<SimpleData name="perennial" />
<SimpleData name="temperatur" />
<SimpleData name="lake_use" />
<SimpleData name="name_ascii" />
<SimpleData name="macronated">N</SimpleData>
<SimpleData name="name" />
<SimpleData name="grp_macron">N</SimpleData>
</SchemaData>
</ExtendedData>
<Polygon><outerBoundaryIs><LinearRing><tessellate>1</tessellate>
<coordinates> 174.295956,-39.370782 174.296593,-39.370277 174.296362,-39.370730 174.296018,-39.370954 174.295956,-39.370782</coordinates>
</LinearRing>
</outerBoundaryIs>
</Polygon>
</Placemark>
<Placemark><name />
<styleUrl>#nz-lake-polygons-topo-150kId</styleUrl>
<ExtendedData><SchemaData schemaUrl="#nz-lake-polygons-topo-150kId"><SimpleData name="t50_fid">5037288</SimpleData>
<SimpleData name="elevation">0</SimpleData>
<SimpleData name="grp_ascii" />
<SimpleData name="grp_name" />
<SimpleData name="perennial" />
<SimpleData name="temperatur" />
<SimpleData name="lake_use" />
<SimpleData name="name_ascii" />
<SimpleData name="macronated">N</SimpleData>
<SimpleData name="name" />
<SimpleData name="grp_macron">N</SimpleData>
</SchemaData>
</ExtendedData>
<Polygon><outerBoundaryIs><LinearRing><tessellate>1</tessellate>
<coordinates> 174.296479,-39.369601 174.296439,-39.369354 174.296524,-39.369263 174.296671,-39.369328 174.296646,-39.369598 174.296658,-39.369915 174.296489,-39.370084 174.296479,-39.369601</coordinates>
</LinearRing>
</outerBoundaryIs>
</Polygon>
</Placemark>
<Placemark><name />
<styleUrl>#nz-lake-polygons-topo-150kId</styleUrl>
<ExtendedData><SchemaData schemaUrl="#nz-lake-polygons-topo-150kId"><SimpleData name="t50_fid">5008586</SimpleData>
<SimpleData name="elevation">0</SimpleData>
<SimpleData name="grp_ascii" />
<SimpleData name="grp_name" />
<SimpleData name="perennial" />
<SimpleData name="temperatur" />
<SimpleData name="lake_use" />
<SimpleData name="name_ascii" />
<SimpleData name="macronated">N</SimpleData>
<SimpleData name="name" />
<SimpleData name="grp_macron">N</SimpleData>
</SchemaData>
</ExtendedData>
<Polygon><outerBoundaryIs><LinearRing><tessellate>1</tessellate>
<coordinates> 174.292319,-39.357208 174.292564,-39.357095 174.291997,-39.356869 174.291985,-39.356864 174.291907,-39.356687 174.292195,-39.356425 174.292340,-39.356359 174.292477,-39.356304 174.292499,-39.356276 174.292569,-39.356251 174.292729,-39.356466 174.292661,-39.356487 174.292379,-39.356576 174.292428,-39.356767 174.292527,-39.356870 174.292588,-39.356982 174.292794,-39.357069 174.292799,-39.357180 174.292578,-39.357331 174.292319,-39.357208</coordinates>
</LinearRing>
</outerBoundaryIs>
</Polygon>
</Placemark>
<Placemark><name />
<styleUrl>#nz-lake-polygons-topo-150kId</styleUrl>
<ExtendedData><SchemaData schemaUrl="#nz-lake-polygons-topo-150kId"><SimpleData name="t50_fid">5037291</SimpleData>
<SimpleData name="elevation">0</SimpleData>
<SimpleData name="grp_ascii" />
<SimpleData name="grp_name" />
<SimpleData name="perennial" />
<SimpleData name="temperatur" />
<SimpleData name="lake_use" />
<SimpleData name="name_ascii" />
<SimpleData name="macronated">N</SimpleData>
<SimpleData name="name" />
<SimpleData name="grp_macron">N</SimpleData>
</SchemaData>
</ExtendedData>
<Polygon><outerBoundaryIs><LinearRing><tessellate>1</tessellate>
<coordinates> 174.287143,-39.352567 174.286890,-39.352484 174.286666,-39.352356 174.286560,-39.352062 174.286608,-39.351986 174.286723,-39.351953 174.287023,-39.352102 174.287112,-39.352256 174.287197,-39.352555 174.287143,-39.352567</coordinates>
</LinearRing>
</outerBoundaryIs>
</Polygon>
</Placemark>
<Placemark><name />
<styleUrl>#nz-lake-polygons-topo-150kId</styleUrl>
<ExtendedData><SchemaData schemaUrl="#nz-lake-polygons-topo-150kId"><SimpleData name="t50_fid">5037289</SimpleData>
<SimpleData name="elevation">0</SimpleData>
<SimpleData name="grp_ascii" />
<SimpleData name="grp_name" />
<SimpleData name="perennial" />
<SimpleData name="temperatur" />
<SimpleData name="lake_use" />
<SimpleData name="name_ascii" />
<SimpleData name="macronated">N</SimpleData>
<SimpleData name="name" />
<SimpleData name="grp_macron">N</SimpleData>
</SchemaData>
</ExtendedData>
<Polygon><outerBoundaryIs><LinearRing><tessellate>1</tessellate>
<coordinates> 174.283917,-39.357213 174.283717,-39.357353 174.283630,-39.357355 174.283455,-39.357108 174.283917,-39.357213</coordinates>
</LinearRing>
</outerBoundaryIs>
</Polygon>
</Placemark>
<Placemark><name />
<styleUrl>#nz-lake-polygons-topo-150kId</styleUrl>
<ExtendedData><SchemaData schemaUrl="#nz-lake-polygons-topo-150kId"><SimpleData name="t50_fid">8075164</SimpleData>
<SimpleData name="elevation">0</SimpleData>
<SimpleData name="grp_ascii" />
<SimpleData name="grp_name" />
<SimpleData name="perennial" />
<SimpleData name="temperatur" />
<SimpleData name="lake_use" />
<SimpleData name="name_ascii" />
<SimpleData name="macronated">N</SimpleData>
<SimpleData name="name" />
<SimpleData name="grp_macron">N</SimpleData>
</SchemaData>
</ExtendedData>
<Polygon><outerBoundaryIs><LinearRing><tessellate>1</tessellate>
<coordinates> 174.310427,-39.349254 174.310396,-39.349293 174.310382,-39.349386 174.310397,-39.349496 174.310400,-39.349570 174.310346,-39.349671 174.310197,-39.349768 174.310116,-39.349866 174.310008,-39.350008 174.309917,-39.350083 174.309796,-39.350122 174.309729,-39.350059 174.309739,-39.349988 174.309859,-39.349912 174.309950,-39.349813 174.310050,-39.349681 174.310160,-39.349579 174.310232,-39.349505 174.310239,-39.349458 174.310198,-39.349370 174.310167,-39.349276 174.310201,-39.349197 174.310324,-39.349184 174.310407,-39.349198 174.310427,-39.349254</coordinates>
</LinearRing>
</outerBoundaryIs>
</Polygon>
</Placemark>
<Placemark><name />
<styleUrl>#nz-lake-polygons-topo-150kId</styleUrl>
<ExtendedData><SchemaData schemaUrl="#nz-lake-polygons-topo-150kId"><SimpleData name="t50_fid">8075162</SimpleData>
<SimpleData name="elevation">0</SimpleData>
<SimpleData name="grp_ascii" />
<SimpleData name="grp_name" />
<SimpleData name="perennial" />
<SimpleData name="temperatur" />
<SimpleData name="lake_use" />
<SimpleData name="name_ascii" />
<SimpleData name="macronated">N</SimpleData>
<SimpleData name="name" />
<SimpleData name="grp_macron">N</SimpleData>
</SchemaData>
</ExtendedData>
<Polygon><outerBoundaryIs><LinearRing><tessellate>1</tessellate>
<coordinates> 174.309113,-39.350977 174.309147,-39.350919 174.309140,-39.350879 174.309148,-39.350849 174.309222,-39.350820 174.309320,-39.350759 174.309374,-39.350701 174.309445,-39.350698 174.309546,-39.350776 174.309615,-39.350854 174.309655,-39.350955 174.309608,-39.351001 174.309504,-39.350986 174.309422,-39.350898 174.309332,-39.350899 174.309295,-39.350958 174.309228,-39.351050 174.309118,-39.351037 174.309113,-39.350977</coordinates>
</LinearRing>
</outerBoundaryIs>
</Polygon>
</Placemark>
<Placemark><name />
<styleUrl>#nz-lake-polygons-topo-150kId</styleUrl>
<ExtendedData><SchemaData schemaUrl="#nz-lake-polygons-topo-150kId"><SimpleData name="t50_fid">8075163</SimpleData>
<SimpleData name="elevation">0</SimpleData>
<SimpleData name="grp_ascii" />
<SimpleData name="grp_name" />
<SimpleData name="perennial" />
<SimpleData name="temperatur" />
<SimpleData name="lake_use" />
<SimpleData name="name_ascii" />
<SimpleData name="macronated">N</SimpleData>
<SimpleData name="name" />
<SimpleData name="grp_macron">N</SimpleData>
</SchemaData>
</ExtendedData>
<Polygon><outerBoundaryIs><LinearRing><tessellate>1</tessellate>
<coordinates> 174.309800,-39.350223 174.309778,-39.350342 174.309747,-39.350495 174.309724,-39.350636 174.309698,-39.350710 174.309604,-39.350722 174.309523,-39.350655 174.309535,-39.350603 174.309577,-39.350559 174.309566,-39.350493 174.309555,-39.350378 174.309593,-39.350303 174.309595,-39.350221 174.309618,-39.350194 174.309700,-39.350190 174.309800,-39.350223</coordinates>
</LinearRing>
</outerBoundaryIs>
</Polygon>
</Placemark>
<Placemark><name />
<styleUrl>#nz-lake-polygons-topo-150kId</styleUrl>
<ExtendedData><SchemaData schemaUrl="#nz-lake-polygons-topo-150kId"><SimpleData name="t50_fid">8075165</SimpleData>
<SimpleData name="elevation">0</SimpleData>
<SimpleData name="grp_ascii" />
<SimpleData name="grp_name" />
<SimpleData name="perennial" />
<SimpleData name="temperatur" />
<SimpleData name="lake_use" />
<SimpleData name="name_ascii" />
<SimpleData name="macronated">N</SimpleData>
<SimpleData name="name" />
<SimpleData name="grp_macron">N</SimpleData>
</SchemaData>
</ExtendedData>
<Polygon><outerBoundaryIs><LinearRing><tessellate>1</tessellate>
<coordinates> 174.320171,-39.346536 174.320192,-39.346546 174.320309,-39.346637 174.320394,-39.346747 174.320409,-39.346779 174.320296,-39.346907 174.320271,-39.346983 174.320311,-39.347068 174.320372,-39.347189 174.320383,-39.347274 174.320312,-39.347327 174.320235,-39.347311 174.320182,-39.347211 174.320090,-39.347097 174.320018,-39.346971 174.320001,-39.346839 174.320051,-39.346692 174.320081,-39.346608 174.320085,-39.346561 174.320122,-39.346541 174.320171,-39.346536</coordinates>
</LinearRing>
</outerBoundaryIs>
</Polygon>
</Placemark>
<Placemark><name />
<styleUrl>#nz-lake-polygons-topo-150kId</styleUrl>
<ExtendedData><SchemaData schemaUrl="#nz-lake-polygons-topo-150kId"><SimpleData name="t50_fid">8075043</SimpleData>
<SimpleData name="elevation">0</SimpleData>
<SimpleData name="grp_ascii" />
<SimpleData name="grp_name" />
<SimpleData name="perennial" />
<SimpleData name="temperatur" />
<SimpleData name="lake_use" />
<SimpleData name="name_ascii" />
<SimpleData name="macronated">N</SimpleData>
<SimpleData name="name" />
<SimpleData name="grp_macron">N</SimpleData>
</SchemaData>
</ExtendedData>
<Polygon><outerBoundaryIs><LinearRing><tessellate>1</tessellate>
<coordinates> 174.324497,-39.397923 174.324569,-39.398074 174.324252,-39.398355 174.323634,-39.398522 174.323338,-39.398722 174.322916,-39.398906 174.322893,-39.398787 174.322891,-39.398772 174.322980,-39.398628 174.323798,-39.398065 174.324356,-39.397746 174.324376,-39.397771 174.324497,-39.397923</coordinates>
</LinearRing>
</outerBoundaryIs>
</Polygon>
</Placemark>
<Placemark><name />
<styleUrl>#nz-lake-polygons-topo-150kId</styleUrl>
<ExtendedData><SchemaData schemaUrl="#nz-lake-polygons-topo-150kId"><SimpleData name="t50_fid">8075159</SimpleData>
<SimpleData name="elevation">0</SimpleData>
<SimpleData name="grp_ascii" />
<SimpleData name="grp_name" />
<SimpleData name="perennial" />
<SimpleData name="temperatur" />
<SimpleData name="lake_use" />
<SimpleData name="name_ascii" />
<SimpleData name="macronated">N</SimpleData>
<SimpleData name="name" />
<SimpleData name="grp_macron">N</SimpleData>
</SchemaData>
</ExtendedData>
<Polygon><outerBoundaryIs><LinearRing><tessellate>1</tessellate>
<coordinates> 174.332082,-39.386770 174.332169,-39.386764 174.332296,-39.386796 174.332405,-39.386843 174.332450,-39.386891 174.332433,-39.386968 174.332384,-39.387007 174.332310,-39.387037 174.332189,-39.387033 174.332130,-39.386991 174.332079,-39.386917 174.332058,-39.386797 174.332082,-39.386770</coordinates>
</LinearRing>
</outerBoundaryIs>
</Polygon>
</Placemark>
<Placemark><name />
<styleUrl>#nz-lake-polygons-topo-150kId</styleUrl>
<ExtendedData><SchemaData schemaUrl="#nz-lake-polygons-topo-150kId"><SimpleData name="t50_fid">5037292</SimpleData>
<SimpleData name="elevation">0</SimpleData>
<SimpleData name="grp_ascii" />
<SimpleData name="grp_name" />
<SimpleData name="perennial" />
<SimpleData name="temperatur" />
<SimpleData name="lake_use" />
<SimpleData name="name_ascii" />
<SimpleData name="macronated">N</SimpleData>
<SimpleData name="name" />
<SimpleData name="grp_macron">N</SimpleData>
</SchemaData>
</ExtendedData>
<Polygon><outerBoundaryIs><LinearRing><tessellate>1</tessellate>
<coordinates> 174.346192,-39.358043 174.346482,-39.358039 174.346592,-39.358123 174.346458,-39.358264 174.346197,-39.358246 174.346075,-39.358138 174.346192,-39.358043</coordinates>
</LinearRing>
</outerBoundaryIs>
</Polygon>
</Placemark>
<Placemark><name />
<styleUrl>#nz-lake-polygons-topo-150kId</styleUrl>
<ExtendedData><SchemaData schemaUrl="#nz-lake-polygons-topo-150kId"><SimpleData name="t50_fid">5037293</SimpleData>
<SimpleData name="elevation">0</SimpleData>
<SimpleData name="grp_ascii" />
<SimpleData name="grp_name" />
<SimpleData name="perennial" />
<SimpleData name="temperatur" />
<SimpleData name="lake_use" />
<SimpleData name="name_ascii" />
<SimpleData name="macronated">N</SimpleData>
<SimpleData name="name" />
<SimpleData name="grp_macron">N</SimpleData>
</SchemaData>
</ExtendedData>
<Polygon><outerBoundaryIs><LinearRing><tessellate>1</tessellate>
<coordinates> 174.338394,-39.332121 174.338318,-39.331929 174.338374,-39.331861 174.338433,-39.331882 174.338635,-39.332034 174.338394,-39.332121</coordinates>
</LinearRing>
</outerBoundaryIs>
</Polygon>
</Placemark>
<Placemark><name />
<styleUrl>#nz-lake-polygons-topo-150kId</styleUrl>
<ExtendedData><SchemaData schemaUrl="#nz-lake-polygons-topo-150kId"><SimpleData name="t50_fid">8075172</SimpleData>
<SimpleData name="elevation">0</SimpleData>
<SimpleData name="grp_ascii" />
<SimpleData name="grp_name" />
<SimpleData name="perennial" />
<SimpleData name="temperatur" />
<SimpleData name="lake_use" />
<SimpleData name="name_ascii" />
<SimpleData name="macronated">N</SimpleData>
<SimpleData name="name" />
<SimpleData name="grp_macron">N</SimpleData>
</SchemaData>
</ExtendedData>
<Polygon><outerBoundaryIs><LinearRing><tessellate>1</tessellate>
<coordinates> 174.341715,-39.336940 174.341717,-39.337030 174.341652,-39.337119 174.341724,-39.337215 174.341765,-39.337282 174.341749,-39.337289 174.341696,-39.337334 174.341553,-39.337372 174.341462,-39.337332 174.341400,-39.337231 174.341430,-39.337060 174.341525,-39.336939 174.341598,-39.336899 174.341705,-39.336909 174.341715,-39.336940</coordinates>
</LinearRing>
</outerBoundaryIs>
</Polygon>
</Placemark>
<Placemark><name />
<styleUrl>#nz-lake-polygons-topo-150kId</styleUrl>
<ExtendedData><SchemaData schemaUrl="#nz-lake-polygons-topo-150kId"><SimpleData name="t50_fid">5037493</SimpleData>
<SimpleData name="elevation">0</SimpleData>
<SimpleData name="grp_ascii" />
<SimpleData name="grp_name" />
<SimpleData name="perennial" />
<SimpleData name="temperatur" />
<SimpleData name="lake_use" />
<SimpleData name="name_ascii" />
<SimpleData name="macronated">N</SimpleData>
<SimpleData name="name" />
<SimpleData name="grp_macron">N</SimpleData>
</SchemaData>
</ExtendedData>
<Polygon><outerBoundaryIs><LinearRing><tessellate>1</tessellate>
<coordinates> 174.234103,-39.113600 174.234354,-39.113517 174.234517,-39.113548 174.234715,-39.113580 174.234902,-39.113548 174.235012,-39.113460 174.235240,-39.113528 174.235359,-39.113746 174.235284,-39.113874 174.234852,-39.113882 174.234749,-39.113829 174.234571,-39.113678 174.234403,-39.113633 174.234327,-39.113687 174.234359,-39.113807 174.234318,-39.113881 174.234129,-39.113846 174.234046,-39.113733 174.234103,-39.113600</coordinates>
</LinearRing>
</outerBoundaryIs>
</Polygon>
</Placemark>
<Placemark><name />
<styleUrl>#nz-lake-polygons-topo-150kId</styleUrl>
<ExtendedData><SchemaData schemaUrl="#nz-lake-polygons-topo-150kId"><SimpleData name="t50_fid">5008616</SimpleData>
<SimpleData name="elevation">0</SimpleData>
<SimpleData name="grp_ascii" />
<SimpleData name="grp_name" />
<SimpleData name="perennial" />
<SimpleData name="temperatur" />
<SimpleData name="lake_use" />
<SimpleData name="name_ascii" />
<SimpleData name="macronated">N</SimpleData>
<SimpleData name="name" />
<SimpleData name="grp_macron">N</SimpleData>
</SchemaData>
</ExtendedData>
<Polygon><outerBoundaryIs><LinearRing><tessellate>1</tessellate>
<coordinates> 174.241004,-39.121867 174.241149,-39.121962 174.241169,-39.122070 174.241108,-39.122246 174.241103,-39.122262 174.241051,-39.122427 174.240957,-39.122564 174.240802,-39.122695 174.240697,-39.122761 174.240275,-39.122862 174.239944,-39.122939 174.239650,-39.122994 174.239434,-39.123036 174.239262,-39.122938 174.239033,-39.122789 174.238951,-39.122734 174.238769,-39.122422 174.238762,-39.122151 174.238900,-39.121924 174.239041,-39.121786 174.239617,-39.121686 174.240398,-39.121674 174.240747,-39.121758 174.240885,-39.121816 174.241004,-39.121867</coordinates>
</LinearRing>
</outerBoundaryIs>
</Polygon>
</Placemark>
<Placemark><name />
<styleUrl>#nz-lake-polygons-topo-150kId</styleUrl>
<ExtendedData><SchemaData schemaUrl="#nz-lake-polygons-topo-150kId"><SimpleData name="t50_fid">5037529</SimpleData>
<SimpleData name="elevation">0</SimpleData>
<SimpleData name="grp_ascii" />
<SimpleData name="grp_name" />
<SimpleData name="perennial" />
<SimpleData name="temperatur" />
<SimpleData name="lake_use" />
<SimpleData name="name_ascii" />
<SimpleData name="macronated">N</SimpleData>
<SimpleData name="name" />
<SimpleData name="grp_macron">N</SimpleData>
</SchemaData>
</ExtendedData>
<Polygon><outerBoundaryIs><LinearRing><tessellate>1</tessellate>
<coordinates> 174.263881,-39.105914 174.263829,-39.106096 174.263743,-39.106142 174.263566,-39.106010 174.263505,-39.105876 174.263634,-39.105766 174.263881,-39.105914</coordinates>
</LinearRing>
</outerBoundaryIs>
</Polygon>
</Placemark>
<Placemark><name />
<styleUrl>#nz-lake-polygons-topo-150kId</styleUrl>
<ExtendedData><SchemaData schemaUrl="#nz-lake-polygons-topo-150kId"><SimpleData name="t50_fid">5037518</SimpleData>
<SimpleData name="elevation">0</SimpleData>
<SimpleData name="grp_ascii" />
<SimpleData name="grp_name" />
<SimpleData name="perennial" />
<SimpleData name="temperatur" />
<SimpleData name="lake_use" />
<SimpleData name="name_ascii" />
<SimpleData name="macronated">N</SimpleData>
<SimpleData name="name" />
<SimpleData name="grp_macron">N</SimpleData>
</SchemaData>
</ExtendedData>
<Polygon><outerBoundaryIs><LinearRing><tessellate>1</tessellate>
<coordinates> 174.283553,-39.111058 174.283453,-39.110587 174.283594,-39.110529 174.283726,-39.110837 174.283660,-39.111058 174.283612,-39.111103 174.283553,-39.111058</coordinates>
</LinearRing>
</outerBoundaryIs>
</Polygon>
</Placemark>
<Placemark><name />
<styleUrl>#nz-lake-polygons-topo-150kId</styleUrl>
<ExtendedData><SchemaData schemaUrl="#nz-lake-polygons-topo-150kId"><SimpleData name="t50_fid">5037524</SimpleData>
<SimpleData name="elevation">0</SimpleData>
<SimpleData name="grp_ascii" />
<SimpleData name="grp_name" />
<SimpleData name="perennial" />
<SimpleData name="temperatur" />
<SimpleData name="lake_use" />
<SimpleData name="name_ascii" />
<SimpleData name="macronated">N</SimpleData>
<SimpleData name="name" />
<SimpleData name="grp_macron">N</SimpleData>
</SchemaData>
</ExtendedData>
<Polygon><outerBoundaryIs><LinearRing><tessellate>1</tessellate>
<coordinates> 174.292785,-39.126853 174.292971,-39.126991 174.292930,-39.127104 174.292978,-39.127262 174.292894,-39.127331 174.292747,-39.127289 174.292771,-39.127115 174.292624,-39.127022 174.292785,-39.126853</coordinates>
</LinearRing>
</outerBoundaryIs>
</Polygon>
</Placemark>
<Placemark><name />
<styleUrl>#nz-lake-polygons-topo-150kId</styleUrl>
<ExtendedData><SchemaData schemaUrl="#nz-lake-polygons-topo-150kId"><SimpleData name="t50_fid">7966064</SimpleData>
<SimpleData name="elevation">0</SimpleData>
<SimpleData name="grp_ascii" />
<SimpleData name="grp_name" />
<SimpleData name="perennial" />
<SimpleData name="temperatur" />
<SimpleData name="lake_use" />
<SimpleData name="name_ascii" />
<SimpleData name="macronated">N</SimpleData>
<SimpleData name="name" />
<SimpleData name="grp_macron">N</SimpleData>
</SchemaData>
</ExtendedData>
<Polygon><outerBoundaryIs><LinearRing><tessellate>1</tessellate>
<coordinates> 174.270073,-39.123165 174.270200,-39.122922 174.270341,-39.122793 174.270523,-39.122763 174.270747,-39.122844 174.270865,-39.122964 174.270967,-39.123090 174.271060,-39.123207 174.270935,-39.123347 174.270893,-39.123400 174.270994,-39.123495 174.271163,-39.123602 174.271270,-39.123610 174.271359,-39.123653 174.271405,-39.123779 174.271423,-39.123915 174.271428,-39.123980 174.271417,-39.124049 174.271304,-39.124164 174.271192,-39.124141 174.271119,-39.124024 174.271102,-39.123959 174.271101,-39.123903 174.271107,-39.123813 174.271026,-39.123752 174.270902,-39.123707 174.270801,-39.123640 174.270683,-39.123675 174.270539,-39.123668 174.270463,-39.123594 174.270458,-39.123548 174.270504,-39.123464 174.270637,-39.123369 174.270775,-39.123269 174.270818,-39.123212 174.270789,-39.123141 174.270740,-39.123074 174.270698,-39.122997 174.270554,-39.122952 174.270467,-39.122937 174.270387,-39.122941 174.270312,-39.122982 174.270258,-39.123048 174.270199,-39.123117 174.270153,-39.123189 174.270110,-39.123232 174.270027,-39.123264 174.269789,-39.123304 174.270073,-39.123165</coordinates>
</LinearRing>
</outerBoundaryIs>
</Polygon>
</Placemark>
<Placemark><name />
<styleUrl>#nz-lake-polygons-topo-150kId</styleUrl>
<ExtendedData><SchemaData schemaUrl="#nz-lake-polygons-topo-150kId"><SimpleData name="t50_fid">5037516</SimpleData>
<SimpleData name="elevation">0</SimpleData>
<SimpleData name="grp_ascii" />
<SimpleData name="grp_name" />
<SimpleData name="perennial" />
<SimpleData name="temperatur" />
<SimpleData name="lake_use" />
<SimpleData name="name_ascii" />
<SimpleData name="macronated">N</SimpleData>
<SimpleData name="name" />
<SimpleData name="grp_macron">N</SimpleData>
</SchemaData>
</ExtendedData>
<Polygon><outerBoundaryIs><LinearRing><tessellate>1</tessellate>
<coordinates> 174.223139,-39.072246 174.223162,-39.072094 174.223268,-39.071953 174.223456,-39.071867 174.223650,-39.071813 174.223707,-39.071832 174.223709,-39.071940 174.223602,-39.071993 174.223480,-39.072043 174.223440,-39.072131 174.223423,-39.072319 174.223583,-39.072398 174.223754,-39.072480 174.223776,-39.072560 174.223643,-39.072585 174.223446,-39.072491 174.223270,-39.072401 174.223139,-39.072246</coordinates>
</LinearRing>
</outerBoundaryIs>
</Polygon>
</Placemark>
<Placemark><name />
<styleUrl>#nz-lake-polygons-topo-150kId</styleUrl>
<ExtendedData><SchemaData schemaUrl="#nz-lake-polygons-topo-150kId"><SimpleData name="t50_fid">5008625</SimpleData>
<SimpleData name="elevation">0</SimpleData>
<SimpleData name="grp_ascii" />
<SimpleData name="grp_name" />
<SimpleData name="perennial" />
<SimpleData name="temperatur" />
<SimpleData name="lake_use" />
<SimpleData name="name_ascii" />
<SimpleData name="macronated">N</SimpleData>
<SimpleData name="name" />
<SimpleData name="grp_macron">N</SimpleData>
</SchemaData>
</ExtendedData>
<Polygon><outerBoundaryIs><LinearRing><tessellate>1</tessellate>
<coordinates> 174.204900,-39.069766 174.204575,-39.070261 174.204387,-39.070540 174.204126,-39.070919 174.203898,-39.071005 174.203844,-39.070910 174.203961,-39.070782 174.204011,-39.070689 174.203987,-39.070579 174.204030,-39.070469 174.204307,-39.070229 174.204601,-39.070029 174.204627,-39.069856 174.204566,-39.069752 174.204534,-39.069608 174.204673,-39.069508 174.204844,-39.069524 174.204981,-39.069606 174.204900,-39.069766</coordinates>
</LinearRing>
</outerBoundaryIs>
</Polygon>
</Placemark>
<Placemark><name />
<styleUrl>#nz-lake-polygons-topo-150kId</styleUrl>
<ExtendedData><SchemaData schemaUrl="#nz-lake-polygons-topo-150kId"><SimpleData name="t50_fid">5008624</SimpleData>
<SimpleData name="elevation">94</SimpleData>
<SimpleData name="grp_ascii" />
<SimpleData name="grp_name" />
<SimpleData name="perennial" />
<SimpleData name="temperatur" />
<SimpleData name="lake_use" />
<SimpleData name="name_ascii" />
<SimpleData name="macronated">N</SimpleData>
<SimpleData name="name" />
<SimpleData name="grp_macron">N</SimpleData>
</SchemaData>
</ExtendedData>
<Polygon><outerBoundaryIs><LinearRing><tessellate>1</tessellate>
<coordinates> 174.204422,-39.080583 174.204592,-39.080948 174.204739,-39.081542 174.204648,-39.081700 174.204482,-39.081825 174.203556,-39.081988 174.203383,-39.081991 174.203149,-39.081786 174.202986,-39.081208 174.202970,-39.080999 174.203084,-39.080824 174.203806,-39.080519 174.204030,-39.080443 174.204181,-39.080468 174.204422,-39.080583</coordinates>
</LinearRing>
</outerBoundaryIs>
</Polygon>
</Placemark>
<Placemark><name />
<styleUrl>#nz-lake-polygons-topo-150kId</styleUrl>
<ExtendedData><SchemaData schemaUrl="#nz-lake-polygons-topo-150kId"><SimpleData name="t50_fid">5037489</SimpleData>
<SimpleData name="elevation">0</SimpleData>
<SimpleData name="grp_ascii" />
<SimpleData name="grp_name" />
<SimpleData name="perennial" />
<SimpleData name="temperatur" />
<SimpleData name="lake_use" />
<SimpleData name="name_ascii" />
<SimpleData name="macronated">N</SimpleData>
<SimpleData name="name" />
<SimpleData name="grp_macron">N</SimpleData>
</SchemaData>
</ExtendedData>
<Polygon><outerBoundaryIs><LinearRing><tessellate>1</tessellate>
<coordinates> 174.205286,-39.101433 174.205290,-39.101230 174.205198,-39.100943 174.205263,-39.100769 174.205543,-39.100886 174.205487,-39.101229 174.205497,-39.101460 174.205386,-39.101490 174.205286,-39.101433</coordinates>
</LinearRing>
</outerBoundaryIs>
</Polygon>
</Placemark>
<Placemark><name />
<styleUrl>#nz-lake-polygons-topo-150kId</styleUrl>
<ExtendedData><SchemaData schemaUrl="#nz-lake-polygons-topo-150kId"><SimpleData name="t50_fid">5037488</SimpleData>
<SimpleData name="elevation">0</SimpleData>
<SimpleData name="grp_ascii" />
<SimpleData name="grp_name" />
<SimpleData name="perennial" />
<SimpleData name="temperatur" />
<SimpleData name="lake_use" />
<SimpleData name="name_ascii" />
<SimpleData name="macronated">N</SimpleData>
<SimpleData name="name" />
<SimpleData name="grp_macron">N</SimpleData>
</SchemaData>
</ExtendedData>
<Polygon><outerBoundaryIs><LinearRing><tessellate>1</tessellate>
<coordinates> 174.205139,-39.102230 174.205161,-39.102047 174.205017,-39.101947 174.204867,-39.101862 174.205072,-39.101765 174.205458,-39.101661 174.205496,-39.101739 174.205458,-39.101831 174.205424,-39.101914 174.205383,-39.102049 174.205336,-39.102189 174.205270,-39.102296 174.205085,-39.102351 174.205139,-39.102230</coordinates>
</LinearRing>
</outerBoundaryIs>
</Polygon>
</Placemark>
<Placemark><name />
<styleUrl>#nz-lake-polygons-topo-150kId</styleUrl>
<ExtendedData><SchemaData schemaUrl="#nz-lake-polygons-topo-150kId"><SimpleData name="t50_fid">8075053</SimpleData>
<SimpleData name="elevation">0</SimpleData>
<SimpleData name="grp_ascii" />
<SimpleData name="grp_name" />
<SimpleData name="perennial" />
<SimpleData name="temperatur" />
<SimpleData name="lake_use" />
<SimpleData name="name_ascii" />
<SimpleData name="macronated">N</SimpleData>
<SimpleData name="name" />
<SimpleData name="grp_macron">N</SimpleData>
</SchemaData>
</ExtendedData>
<Polygon><outerBoundaryIs><LinearRing><tessellate>1</tessellate>
<coordinates> 174.219464,-39.121595 174.219640,-39.121682 174.219668,-39.121770 174.219639,-39.121966 174.219717,-39.122065 174.219683,-39.122163 174.219645,-39.122320 174.219615,-39.122447 174.219598,-39.122597 174.219696,-39.122710 174.219715,-39.122789 174.219651,-39.122792 174.219491,-39.122655 174.219412,-39.122665 174.219366,-39.122720 174.219362,-39.122795 174.219334,-39.122866 174.219274,-39.122764 174.219289,-39.122632 174.219372,-39.122538 174.219420,-39.122436 174.219411,-39.122288 174.219366,-39.122166 174.219297,-39.122085 174.219171,-39.122027 174.219102,-39.121926 174.219139,-39.121875 174.219232,-39.121836 174.219253,-39.121717 174.219234,-39.121640 174.219250,-39.121565 174.219320,-39.121558 174.219464,-39.121595</coordinates>
</LinearRing>
</outerBoundaryIs>
</Polygon>
</Placemark>
<Placemark><name />
<styleUrl>#nz-lake-polygons-topo-150kId</styleUrl>
<ExtendedData><SchemaData schemaUrl="#nz-lake-polygons-topo-150kId"><SimpleData name="t50_fid">5037513</SimpleData>
<SimpleData name="elevation">0</SimpleData>
<SimpleData name="grp_ascii" />
<SimpleData name="grp_name" />
<SimpleData name="perennial" />
<SimpleData name="temperatur" />
<SimpleData name="lake_use" />
<SimpleData name="name_ascii" />
<SimpleData name="macronated">N</SimpleData>
<SimpleData name="name" />
<SimpleData name="grp_macron">N</SimpleData>
</SchemaData>
</ExtendedData>
<Polygon><outerBoundaryIs><LinearRing><tessellate>1</tessellate>
<coordinates> 174.230771,-39.088790 174.230782,-39.088974 174.230794,-39.089183 174.230887,-39.089379 174.230790,-39.089463 174.230634,-39.089369 174.230557,-39.089173 174.230334,-39.089029 174.230199,-39.088978 174.230154,-39.088961 174.230169,-39.088879 174.230174,-39.088878 174.230396,-39.088838 174.230501,-39.088773 174.230605,-39.088620 174.230743,-39.088631 174.230771,-39.088790</coordinates>
</LinearRing>
</outerBoundaryIs>
</Polygon>
</Placemark>
<Placemark><name />
<styleUrl>#nz-lake-polygons-topo-150kId</styleUrl>
<ExtendedData><SchemaData schemaUrl="#nz-lake-polygons-topo-150kId"><SimpleData name="t50_fid">5037492</SimpleData>
<SimpleData name="elevation">0</SimpleData>
<SimpleData name="grp_ascii" />
<SimpleData name="grp_name" />
<SimpleData name="perennial" />
<SimpleData name="temperatur" />
<SimpleData name="lake_use" />
<SimpleData name="name_ascii" />
<SimpleData name="macronated">N</SimpleData>
<SimpleData name="name" />
<SimpleData name="grp_macron">N</SimpleData>
</SchemaData>
</ExtendedData>
<Polygon><outerBoundaryIs><LinearRing><tessellate>1</tessellate>
<coordinates> 174.226527,-39.129034 174.226723,-39.129052 174.226887,-39.129051 174.226945,-39.129098 174.226858,-39.129167 174.226674,-39.129217 174.226489,-39.129215 174.226434,-39.129312 174.226297,-39.129401 174.226096,-39.129355 174.226058,-39.129252 174.226196,-39.129170 174.226308,-39.129109 174.226527,-39.129034</coordinates>
</LinearRing>
</outerBoundaryIs>
</Polygon>
</Placemark>
<Placemark><name />
<styleUrl>#nz-lake-polygons-topo-150kId</styleUrl>
<ExtendedData><SchemaData schemaUrl="#nz-lake-polygons-topo-150kId"><SimpleData name="t50_fid">5037647</SimpleData>
<SimpleData name="elevation">0</SimpleData>
<SimpleData name="grp_ascii" />
<SimpleData name="grp_name" />
<SimpleData name="perennial" />
<SimpleData name="temperatur" />
<SimpleData name="lake_use" />
<SimpleData name="name_ascii" />
<SimpleData name="macronated">N</SimpleData>
<SimpleData name="name" />
<SimpleData name="grp_macron">N</SimpleData>
</SchemaData>
</ExtendedData>
<Polygon><outerBoundaryIs><LinearRing><tessellate>1</tessellate>
<coordinates> 174.370958,-38.995670 174.370986,-38.995737 174.370940,-38.995801 174.370846,-38.995837 174.370623,-38.995992 174.370396,-38.996159 174.370295,-38.996211 174.370228,-38.996186 174.370219,-38.996145 174.370239,-38.996086 174.370331,-38.995979 174.370429,-38.995879 174.370576,-38.995779 174.370743,-38.995683 174.370853,-38.995636 174.370929,-38.995639 174.370958,-38.995670</coordinates>
</LinearRing>
</outerBoundaryIs>
</Polygon>
</Placemark>
<Placemark><name />
<styleUrl>#nz-lake-polygons-topo-150kId</styleUrl>
<ExtendedData><SchemaData schemaUrl="#nz-lake-polygons-topo-150kId"><SimpleData name="t50_fid">5037646</SimpleData>
<SimpleData name="elevation">0</SimpleData>
<SimpleData name="grp_ascii" />
<SimpleData name="grp_name" />
<SimpleData name="perennial" />
<SimpleData name="temperatur" />
<SimpleData name="lake_use" />
<SimpleData name="name_ascii" />
<SimpleData name="macronated">N</SimpleData>
<SimpleData name="name" />
<SimpleData name="grp_macron">N</SimpleData>
</SchemaData>
</ExtendedData>
<Polygon><outerBoundaryIs><LinearRing><tessellate>1</tessellate>
<coordinates> 174.376931,-39.000310 174.377021,-39.000422 174.376794,-39.000561 174.376678,-39.000563 174.376618,-39.000474 174.376614,-39.000399 174.376734,-39.000333 174.376931,-39.000310</coordinates>
</LinearRing>
</outerBoundaryIs>
</Polygon>
</Placemark>
<Placemark><name />
<styleUrl>#nz-lake-polygons-topo-150kId</styleUrl>
<ExtendedData><SchemaData schemaUrl="#nz-lake-polygons-topo-150kId"><SimpleData name="t50_fid">5037645</SimpleData>
<SimpleData name="elevation">0</SimpleData>
<SimpleData name="grp_ascii" />
<SimpleData name="grp_name" />
<SimpleData name="perennial" />
<SimpleData name="temperatur" />
<SimpleData name="lake_use" />
<SimpleData name="name_ascii" />
<SimpleData name="macronated">N</SimpleData>
<SimpleData name="name" />
<SimpleData name="grp_macron">N</SimpleData>
</SchemaData>
</ExtendedData>
<Polygon><outerBoundaryIs><LinearRing><tessellate>1</tessellate>
<coordinates> 174.375066,-39.011782 174.375006,-39.011503 174.375098,-39.011311 174.375381,-39.011496 174.375384,-39.011587 174.375113,-39.011844 174.375074,-39.011863 174.375066,-39.011782</coordinates>
</LinearRing>
</outerBoundaryIs>
</Polygon>
</Placemark>
<Placemark><name />
<styleUrl>#nz-lake-polygons-topo-150kId</styleUrl>
<ExtendedData><SchemaData schemaUrl="#nz-lake-polygons-topo-150kId"><SimpleData name="t50_fid">5008641</SimpleData>
<SimpleData name="elevation">0</SimpleData>
<SimpleData name="grp_ascii" />
<SimpleData name="grp_name" />
<SimpleData name="perennial" />
<SimpleData name="temperatur" />
<SimpleData name="lake_use" />
<SimpleData name="name_ascii" />
<SimpleData name="macronated">N</SimpleData>
<SimpleData name="name" />
<SimpleData name="grp_macron">N</SimpleData>
</SchemaData>
</ExtendedData>
<Polygon><outerBoundaryIs><LinearRing><tessellate>1</tessellate>
<coordinates> 174.384962,-39.018169 174.384819,-39.018022 174.385020,-39.017996 174.385516,-39.018123 174.385896,-39.018319 174.386100,-39.018337 174.386417,-39.018286 174.386937,-39.018299 174.387084,-39.018409 174.386915,-39.018526 174.386342,-39.018716 174.386229,-39.018808 174.386178,-39.019057 174.385951,-39.019174 174.385157,-39.019159 174.385195,-39.019097 174.385511,-39.018955 174.385741,-39.018786 174.385767,-39.018636 174.385593,-39.018478 174.384962,-39.018169</coordinates>
</LinearRing>
</outerBoundaryIs>
</Polygon>
</Placemark>
<Placemark><name />
<styleUrl>#nz-lake-polygons-topo-150kId</styleUrl>
<ExtendedData><SchemaData schemaUrl="#nz-lake-polygons-topo-150kId"><SimpleData name="t50_fid">7966065</SimpleData>
<SimpleData name="elevation">0</SimpleData>
<SimpleData name="grp_ascii" />
<SimpleData name="grp_name" />
<SimpleData name="perennial" />
<SimpleData name="temperatur" />
<SimpleData name="lake_use" />
<SimpleData name="name_ascii" />
<SimpleData name="macronated">N</SimpleData>
<SimpleData name="name" />
<SimpleData name="grp_macron">N</SimpleData>
</SchemaData>
</ExtendedData>
<Polygon><outerBoundaryIs><LinearRing><tessellate>1</tessellate>
<coordinates> 174.349190,-39.032579 174.349213,-39.032688 174.349077,-39.032879 174.348989,-39.032953 174.348875,-39.033037 174.348822,-39.033117 174.348703,-39.033162 174.348646,-39.033249 174.348537,-39.033383 174.348412,-39.033487 174.348269,-39.033558 174.348146,-39.033593 174.348065,-39.033604 174.348052,-39.033587 174.348119,-39.033520 174.348400,-39.033291 174.348481,-39.033121 174.348674,-39.032950 174.348787,-39.032846 174.348882,-39.032709 174.348952,-39.032579 174.349036,-39.032525 174.349091,-39.032534 174.349107,-39.032541 174.349190,-39.032579</coordinates>
</LinearRing>
</outerBoundaryIs>
</Polygon>
</Placemark>
<Placemark><name />
<styleUrl>#nz-lake-polygons-topo-150kId</styleUrl>
<ExtendedData><SchemaData schemaUrl="#nz-lake-polygons-topo-150kId"><SimpleData name="t50_fid">5037641</SimpleData>
<SimpleData name="elevation">0</SimpleData>
<SimpleData name="grp_ascii" />
<SimpleData name="grp_name" />
<SimpleData name="perennial" />
<SimpleData name="temperatur" />
<SimpleData name="lake_use" />
<SimpleData name="name_ascii" />
<SimpleData name="macronated">N</SimpleData>
<SimpleData name="name" />
<SimpleData name="grp_macron">N</SimpleData>
</SchemaData>
</ExtendedData>
<Polygon><outerBoundaryIs><LinearRing><tessellate>1</tessellate>
<coordinates> 174.340090,-39.000488 174.339233,-39.000691 174.339532,-39.000415 174.339889,-39.000282 174.340236,-39.000374 174.340090,-39.000488</coordinates>
</LinearRing>
</outerBoundaryIs>
</Polygon>
</Placemark>
<Placemark><name />
<styleUrl>#nz-lake-polygons-topo-150kId</styleUrl>
<ExtendedData><SchemaData schemaUrl="#nz-lake-polygons-topo-150kId"><SimpleData name="t50_fid">5037627</SimpleData>
<SimpleData name="elevation">0</SimpleData>
<SimpleData name="grp_ascii" />
<SimpleData name="grp_name" />
<SimpleData name="perennial" />
<SimpleData name="temperatur" />
<SimpleData name="lake_use" />
<SimpleData name="name_ascii" />
<SimpleData name="macronated">N</SimpleData>
<SimpleData name="name" />
<SimpleData name="grp_macron">N</SimpleData>
</SchemaData>
</ExtendedData>
<Polygon><outerBoundaryIs><LinearRing><tessellate>1</tessellate>
<coordinates> 174.323937,-39.033118 174.324018,-39.032914 174.324190,-39.032888 174.324396,-39.032997 174.324598,-39.032994 174.324705,-39.033050 174.324460,-39.033222 174.324088,-39.033243 174.323937,-39.033118</coordinates>
</LinearRing>
</outerBoundaryIs>
</Polygon>
</Placemark>
<Placemark><name />
<styleUrl>#nz-lake-polygons-topo-150kId</styleUrl>
<ExtendedData><SchemaData schemaUrl="#nz-lake-polygons-topo-150kId"><SimpleData name="t50_fid">5037632</SimpleData>
<SimpleData name="elevation">0</SimpleData>
<SimpleData name="grp_ascii" />
<SimpleData name="grp_name" />
<SimpleData name="perennial" />
<SimpleData name="temperatur" />
<SimpleData name="lake_use" />
<SimpleData name="name_ascii" />
<SimpleData name="macronated">N</SimpleData>
<SimpleData name="name" />
<SimpleData name="grp_macron">N</SimpleData>
</SchemaData>
</ExtendedData>
<Polygon><outerBoundaryIs><LinearRing><tessellate>1</tessellate>
<coordinates> 174.326179,-39.032178 174.326161,-39.032043 174.326266,-39.031703 174.326351,-39.031611 174.326470,-39.031745 174.326565,-39.032035 174.326762,-39.032240 174.326228,-39.032418 174.326179,-39.032178</coordinates>
</LinearRing>
</outerBoundaryIs>
</Polygon>
</Placemark>
<Placemark><name />
<styleUrl>#nz-lake-polygons-topo-150kId</styleUrl>
<ExtendedData><SchemaData schemaUrl="#nz-lake-polygons-topo-150kId"><SimpleData name="t50_fid">5037630</SimpleData>
<SimpleData name="elevation">0</SimpleData>
<SimpleData name="grp_ascii" />
<SimpleData name="grp_name" />
<SimpleData name="perennial" />
<SimpleData name="temperatur" />
<SimpleData name="lake_use" />
<SimpleData name="name_ascii" />
<SimpleData name="macronated">N</SimpleData>
<SimpleData name="name" />
<SimpleData name="grp_macron">N</SimpleData>
</SchemaData>
</ExtendedData>
<Polygon><outerBoundaryIs><LinearRing><tessellate>1</tessellate>
<coordinates> 174.315672,-39.018769 174.315783,-39.018766 174.315905,-39.019012 174.315881,-39.019165 174.315353,-39.018887 174.315411,-39.018766 174.315672,-39.018769</coordinates>
</LinearRing>
</outerBoundaryIs>
</Polygon>
</Placemark>
<Placemark><name />
<styleUrl>#nz-lake-polygons-topo-150kId</styleUrl>
<ExtendedData><SchemaData schemaUrl="#nz-lake-polygons-topo-150kId"><SimpleData name="t50_fid">5037642</SimpleData>
<SimpleData name="elevation">0</SimpleData>
<SimpleData name="grp_ascii" />
<SimpleData name="grp_name" />
<SimpleData name="perennial" />
<SimpleData name="temperatur" />
<SimpleData name="lake_use" />
<SimpleData name="name_ascii" />
<SimpleData name="macronated">N</SimpleData>
<SimpleData name="name" />
<SimpleData name="grp_macron">N</SimpleData>
</SchemaData>
</ExtendedData>
<Polygon><outerBoundaryIs><LinearRing><tessellate>1</tessellate>
<coordinates> 174.369613,-39.038490 174.369465,-39.038455 174.369553,-39.038358 174.369613,-39.038490</coordinates>
</LinearRing>
</outerBoundaryIs>
</Polygon>
</Placemark>
<Placemark><name />
<styleUrl>#nz-lake-polygons-topo-150kId</styleUrl>
<ExtendedData><SchemaData schemaUrl="#nz-lake-polygons-topo-150kId"><SimpleData name="t50_fid">5037548</SimpleData>
<SimpleData name="elevation">0</SimpleData>
<SimpleData name="grp_ascii" />
<SimpleData name="grp_name" />
<SimpleData name="perennial" />
<SimpleData name="temperatur" />
<SimpleData name="lake_use" />
<SimpleData name="name_ascii" />
<SimpleData name="macronated">N</SimpleData>
<SimpleData name="name" />
<SimpleData name="grp_macron">N</SimpleData>
</SchemaData>
</ExtendedData>
<Polygon><outerBoundaryIs><LinearRing><tessellate>1</tessellate>
<coordinates> 174.375178,-39.043959 174.375310,-39.044184 174.375068,-39.044141 174.374809,-39.044198 174.374999,-39.043960 174.375178,-39.043959</coordinates>
</LinearRing>
</outerBoundaryIs>
</Polygon>
</Placemark>
<Placemark><name />
<styleUrl>#nz-lake-polygons-topo-150kId</styleUrl>
<ExtendedData><SchemaData schemaUrl="#nz-lake-polygons-topo-150kId"><SimpleData name="t50_fid">5037643</SimpleData>
<SimpleData name="elevation">0</SimpleData>
<SimpleData name="grp_ascii" />
<SimpleData name="grp_name" />
<SimpleData name="perennial" />
<SimpleData name="temperatur" />
<SimpleData name="lake_use" />
<SimpleData name="name_ascii" />
<SimpleData name="macronated">N</SimpleData>
<SimpleData name="name" />
<SimpleData name="grp_macron">N</SimpleData>
</SchemaData>
</ExtendedData>
<Polygon><outerBoundaryIs><LinearRing><tessellate>1</tessellate>
<coordinates> 174.388800,-39.037358 174.388224,-39.037436 174.388021,-39.037440 174.387905,-39.037374 174.387930,-39.037239 174.387985,-39.037193 174.388276,-39.037255 174.388737,-39.037179 174.388882,-39.037199 174.388941,-39.037266 174.388800,-39.037358</coordinates>
</LinearRing>
</outerBoundaryIs>
</Polygon>
</Placemark>
<Placemark><name />
<styleUrl>#nz-lake-polygons-topo-150kId</styleUrl>
<ExtendedData><SchemaData schemaUrl="#nz-lake-polygons-topo-150kId"><SimpleData name="t50_fid">5037542</SimpleData>
<SimpleData name="elevation">0</SimpleData>
<SimpleData name="grp_ascii" />
<SimpleData name="grp_name" />
<SimpleData name="perennial" />
<SimpleData name="temperatur" />
<SimpleData name="lake_use" />
<SimpleData name="name_ascii" />
<SimpleData name="macronated">N</SimpleData>
<SimpleData name="name" />
<SimpleData name="grp_macron">N</SimpleData>
</SchemaData>
</ExtendedData>
<Polygon><outerBoundaryIs><LinearRing><tessellate>1</tessellate>
<coordinates> 174.320886,-39.043675 174.321209,-39.043828 174.321270,-39.043916 174.320986,-39.044124 174.320961,-39.044237 174.321147,-39.044621 174.320884,-39.044599 174.320649,-39.044468 174.320557,-39.044267 174.320691,-39.043904 174.320626,-39.043680 174.320640,-39.043627 174.320886,-39.043675</coordinates>
</LinearRing>
</outerBoundaryIs>
</Polygon>
</Placemark>
<Placemark><name />
<styleUrl>#nz-lake-polygons-topo-150kId</styleUrl>
<ExtendedData><SchemaData schemaUrl="#nz-lake-polygons-topo-150kId"><SimpleData name="t50_fid">7966248</SimpleData>
<SimpleData name="elevation">0</SimpleData>
<SimpleData name="grp_ascii" />
<SimpleData name="grp_name" />
<SimpleData name="perennial" />
<SimpleData name="temperatur" />
<SimpleData name="lake_use" />
<SimpleData name="name_ascii" />
<SimpleData name="macronated">N</SimpleData>
<SimpleData name="name" />
<SimpleData name="grp_macron">N</SimpleData>
</SchemaData>
</ExtendedData>
<Polygon><outerBoundaryIs><LinearRing><tessellate>1</tessellate>
<coordinates> 174.322008,-39.047919 174.322061,-39.047909 174.322165,-39.047894 174.322355,-39.047848 174.322488,-39.047795 174.322622,-39.047790 174.322743,-39.047863 174.322766,-39.047984 174.322723,-39.048177 174.322627,-39.048252 174.322497,-39.048261 174.322330,-39.048211 174.322157,-39.048172 174.322075,-39.048126 174.321993,-39.048044 174.321971,-39.047986 174.322008,-39.047919</coordinates>
</LinearRing>
</outerBoundaryIs>
</Polygon>
</Placemark>
<Placemark><name />
<styleUrl>#nz-lake-polygons-topo-150kId</styleUrl>
<ExtendedData><SchemaData schemaUrl="#nz-lake-polygons-topo-150kId"><SimpleData name="t50_fid">5005047</SimpleData>
<SimpleData name="elevation">0</SimpleData>
<SimpleData name="grp_ascii" />
<SimpleData name="grp_name" />
<SimpleData name="perennial" />
<SimpleData name="temperatur" />
<SimpleData name="lake_use" />
<SimpleData name="name_ascii" />
<SimpleData name="macronated">N</SimpleData>
<SimpleData name="name" />
<SimpleData name="grp_macron">N</SimpleData>
</SchemaData>
</ExtendedData>
<Polygon><outerBoundaryIs><LinearRing><tessellate>1</tessellate>
<coordinates> 174.326973,-39.046152 174.327025,-39.046047 174.327082,-39.045915 174.327211,-39.045888 174.327472,-39.046020 174.327713,-39.045983 174.327932,-39.045905 174.328028,-39.045858 174.328095,-39.045953 174.328118,-39.046050 174.328198,-39.046011 174.328283,-39.045951 174.328451,-39.045978 174.328490,-39.046049 174.328587,-39.046069 174.328806,-39.045991 174.328923,-39.045927 174.328966,-39.045888 174.328956,-39.045968 174.329012,-39.046077 174.329266,-39.046090 174.329599,-39.046078 174.329728,-39.046051 174.329634,-39.046183 174.329722,-39.046316 174.329887,-39.046448 174.329866,-39.046499 174.329655,-39.046439 174.329253,-39.046259 174.328481,-39.046142 174.327605,-39.046228 174.327240,-39.046291 174.327002,-39.046252 174.326973,-39.046152</coordinates>
</LinearRing>
</outerBoundaryIs>
</Polygon>
</Placemark>
<Placemark><name />
<styleUrl>#nz-lake-polygons-topo-150kId</styleUrl>
<ExtendedData><SchemaData schemaUrl="#nz-lake-polygons-topo-150kId"><SimpleData name="t50_fid">5037546</SimpleData>
<SimpleData name="elevation">0</SimpleData>
<SimpleData name="grp_ascii" />
<SimpleData name="grp_name" />
<SimpleData name="perennial" />
<SimpleData name="temperatur" />
<SimpleData name="lake_use" />
<SimpleData name="name_ascii" />
<SimpleData name="macronated">N</SimpleData>
<SimpleData name="name" />
<SimpleData name="grp_macron">N</SimpleData>
</SchemaData>
</ExtendedData>
<Polygon><outerBoundaryIs><LinearRing><tessellate>1</tessellate>
<coordinates> 174.342935,-39.064045 174.343012,-39.064161 174.343016,-39.064273 174.342933,-39.064410 174.342876,-39.064434 174.342728,-39.064324 174.342828,-39.063986 174.342935,-39.064045</coordinates>
</LinearRing>
</outerBoundaryIs>
</Polygon>
</Placemark>
<Placemark><name />
<styleUrl>#nz-lake-polygons-topo-150kId</styleUrl>
<ExtendedData><SchemaData schemaUrl="#nz-lake-polygons-topo-150kId"><SimpleData name="t50_fid">5037545</SimpleData>
<SimpleData name="elevation">0</SimpleData>
<SimpleData name="grp_ascii" />
<SimpleData name="grp_name" />
<SimpleData name="perennial" />
<SimpleData name="temperatur" />
<SimpleData name="lake_use" />
<SimpleData name="name_ascii" />
<SimpleData name="macronated">N</SimpleData>
<SimpleData name="name" />
<SimpleData name="grp_macron">N</SimpleData>
</SchemaData>
</ExtendedData>
<Polygon><outerBoundaryIs><LinearRing><tessellate>1</tessellate>
<coordinates> 174.340713,-39.065644 174.340629,-39.065736 174.340514,-39.065738 174.340424,-39.065649 174.340537,-39.065557 174.340713,-39.065644</coordinates>
</LinearRing>
</outerBoundaryIs>
</Polygon>
</Placemark>
<Placemark><name />
<styleUrl>#nz-lake-polygons-topo-150kId</styleUrl>
<ExtendedData><SchemaData schemaUrl="#nz-lake-polygons-topo-150kId"><SimpleData name="t50_fid">5008627</SimpleData>
<SimpleData name="elevation">0</SimpleData>
<SimpleData name="grp_ascii" />
<SimpleData name="grp_name" />
<SimpleData name="perennial" />
<SimpleData name="temperatur" />
<SimpleData name="lake_use" />
<SimpleData name="name_ascii" />
<SimpleData name="macronated">N</SimpleData>
<SimpleData name="name" />
<SimpleData name="grp_macron">N</SimpleData>
</SchemaData>
</ExtendedData>
<Polygon><outerBoundaryIs><LinearRing><tessellate>1</tessellate>
<coordinates> 174.323763,-39.049282 174.323560,-39.049241 174.323471,-39.049175 174.323408,-39.048973 174.323202,-39.048841 174.322824,-39.048736 174.322735,-39.048669 174.322730,-39.048512 174.323170,-39.048332 174.323307,-39.048479 174.323343,-39.048704 174.324145,-39.049231 174.323763,-39.049282</coordinates>
</LinearRing>
</outerBoundaryIs>
</Polygon>
</Placemark>
<Placemark><name />
<styleUrl>#nz-lake-polygons-topo-150kId</styleUrl>
<ExtendedData><SchemaData schemaUrl="#nz-lake-polygons-topo-150kId"><SimpleData name="t50_fid">5037540</SimpleData>
<SimpleData name="elevation">0</SimpleData>
<SimpleData name="grp_ascii" />
<SimpleData name="grp_name" />
<SimpleData name="perennial" />
<SimpleData name="temperatur" />
<SimpleData name="lake_use" />
<SimpleData name="name_ascii" />
<SimpleData name="macronated">N</SimpleData>
<SimpleData name="name" />
<SimpleData name="grp_macron">N</SimpleData>
</SchemaData>
</ExtendedData>
<Polygon><outerBoundaryIs><LinearRing><tessellate>1</tessellate>
<coordinates> 174.317944,-39.060113 174.317948,-39.060248 174.318038,-39.060336 174.317954,-39.060428 174.317525,-39.060616 174.317323,-39.060620 174.317291,-39.060485 174.317456,-39.060189 174.317568,-39.060097 174.317856,-39.060046 174.317944,-39.060113</coordinates>
</LinearRing>
</outerBoundaryIs>
</Polygon>
</Placemark>
<Placemark><name />
<styleUrl>#nz-lake-polygons-topo-150kId</styleUrl>
<ExtendedData><SchemaData schemaUrl="#nz-lake-polygons-topo-150kId"><SimpleData name="t50_fid">5037541</SimpleData>
<SimpleData name="elevation">0</SimpleData>
<SimpleData name="grp_ascii" />
<SimpleData name="grp_name" />
<SimpleData name="perennial" />
<SimpleData name="temperatur" />
<SimpleData name="lake_use" />
<SimpleData name="name_ascii" />
<SimpleData name="macronated">N</SimpleData>
<SimpleData name="name" />
<SimpleData name="grp_macron">N</SimpleData>
</SchemaData>
</ExtendedData>
<Polygon><outerBoundaryIs><LinearRing><tessellate>1</tessellate>
<coordinates> 174.317431,-39.058341 174.317561,-39.058372 174.317638,-39.058451 174.317495,-39.058543 174.317261,-39.058551 174.317431,-39.058341</coordinates>
</LinearRing>
</outerBoundaryIs>
</Polygon>
</Placemark>
<Placemark><name />
<styleUrl>#nz-lake-polygons-topo-150kId</styleUrl>
<ExtendedData><SchemaData schemaUrl="#nz-lake-polygons-topo-150kId"><SimpleData name="t50_fid">7966251</SimpleData>
<SimpleData name="elevation">0</SimpleData>
<SimpleData name="grp_ascii" />
<SimpleData name="grp_name" />
<SimpleData name="perennial" />
<SimpleData name="temperatur" />
<SimpleData name="lake_use" />
<SimpleData name="name_ascii" />
<SimpleData name="macronated">N</SimpleData>
<SimpleData name="name" />
<SimpleData name="grp_macron">N</SimpleData>
</SchemaData>
</ExtendedData>
<Polygon><outerBoundaryIs><LinearRing><tessellate>1</tessellate>
<coordinates> 174.318151,-39.040488 174.318181,-39.040493 174.318201,-39.040512 174.318261,-39.040701 174.318215,-39.040738 174.318007,-39.040769 174.317964,-39.040753 174.317895,-39.040571 174.318151,-39.040488</coordinates>
</LinearRing>
</outerBoundaryIs>
</Polygon>
</Placemark>
<Placemark><name />
<styleUrl>#nz-lake-polygons-topo-150kId</styleUrl>
<ExtendedData><SchemaData schemaUrl="#nz-lake-polygons-topo-150kId"><SimpleData name="t50_fid">7966252</SimpleData>
<SimpleData name="elevation">0</SimpleData>
<SimpleData name="grp_ascii" />
<SimpleData name="grp_name" />
<SimpleData name="perennial" />
<SimpleData name="temperatur" />
<SimpleData name="lake_use" />
<SimpleData name="name_ascii" />
<SimpleData name="macronated">N</SimpleData>
<SimpleData name="name" />
<SimpleData name="grp_macron">N</SimpleData>
</SchemaData>
</ExtendedData>
<Polygon><outerBoundaryIs><LinearRing><tessellate>1</tessellate>
<coordinates> 174.317918,-39.039947 174.318002,-39.039999 174.317998,-39.040059 174.318064,-39.040271 174.318042,-39.040323 174.317935,-39.040358 174.317852,-39.040375 174.317805,-39.040360 174.317767,-39.040312 174.317749,-39.040010 174.317780,-39.039935 174.317918,-39.039947</coordinates>
</LinearRing>
</outerBoundaryIs>
</Polygon>
</Placemark>
<Placemark><name />
<styleUrl>#nz-lake-polygons-topo-150kId</styleUrl>
<ExtendedData><SchemaData schemaUrl="#nz-lake-polygons-topo-150kId"><SimpleData name="t50_fid">5008609</SimpleData>
<SimpleData name="elevation">0</SimpleData>
<SimpleData name="grp_ascii" />
<SimpleData name="grp_name" />
<SimpleData name="perennial" />
<SimpleData name="temperatur" />
<SimpleData name="lake_use" />
<SimpleData name="name_ascii" />
<SimpleData name="macronated">N</SimpleData>
<SimpleData name="name" />
<SimpleData name="grp_macron">N</SimpleData>
</SchemaData>
</ExtendedData>
<Polygon><outerBoundaryIs><LinearRing><tessellate>1</tessellate>
<coordinates> 174.283725,-39.159252 174.283825,-39.158884 174.284055,-39.158857 174.284172,-39.158900 174.284518,-39.158849 174.284694,-39.158913 174.285017,-39.159155 174.284679,-39.159433 174.284479,-39.159503 174.284276,-39.159507 174.283984,-39.159422 174.283571,-39.159429 174.283725,-39.159252</coordinates>
</LinearRing>
</outerBoundaryIs>
</Polygon>
</Placemark>
<Placemark><name />
<styleUrl>#nz-lake-polygons-topo-150kId</styleUrl>
<ExtendedData><SchemaData schemaUrl="#nz-lake-polygons-topo-150kId"><SimpleData name="t50_fid">5037459</SimpleData>
<SimpleData name="elevation">0</SimpleData>
<SimpleData name="grp_ascii" />
<SimpleData name="grp_name" />
<SimpleData name="perennial" />
<SimpleData name="temperatur" />
<SimpleData name="lake_use" />
<SimpleData name="name_ascii" />
<SimpleData name="macronated">N</SimpleData>
<SimpleData name="name" />
<SimpleData name="grp_macron">N</SimpleData>
</SchemaData>
</ExtendedData>
<Polygon><outerBoundaryIs><LinearRing><tessellate>1</tessellate>
<coordinates> 174.275770,-39.183543 174.275542,-39.183638 174.275453,-39.183616 174.275506,-39.183391 174.275621,-39.183388 174.275768,-39.183476 174.275770,-39.183543</coordinates>
</LinearRing>
</outerBoundaryIs>
</Polygon>
</Placemark>
<Placemark><name />
<styleUrl>#nz-lake-polygons-topo-150kId</styleUrl>
<ExtendedData><SchemaData schemaUrl="#nz-lake-polygons-topo-150kId"><SimpleData name="t50_fid">5037461</SimpleData>
<SimpleData name="elevation">0</SimpleData>
<SimpleData name="grp_ascii" />
<SimpleData name="grp_name" />
<SimpleData name="perennial" />
<SimpleData name="temperatur" />
<SimpleData name="lake_use" />
<SimpleData name="name_ascii" />
<SimpleData name="macronated">N</SimpleData>
<SimpleData name="name" />
<SimpleData name="grp_macron">N</SimpleData>
</SchemaData>
</ExtendedData>
<Polygon><outerBoundaryIs><LinearRing><tessellate>1</tessellate>
<coordinates> 174.288316,-39.171361 174.288002,-39.171355 174.288281,-39.171182 174.288587,-39.171186 174.288316,-39.171361</coordinates>
</LinearRing>
</outerBoundaryIs>
</Polygon>
</Placemark>
<Placemark><name />
<styleUrl>#nz-lake-polygons-topo-150kId</styleUrl>
<ExtendedData><SchemaData schemaUrl="#nz-lake-polygons-topo-150kId"><SimpleData name="t50_fid">5037466</SimpleData>
<SimpleData name="elevation">0</SimpleData>
<SimpleData name="grp_ascii" />
<SimpleData name="grp_name" />
<SimpleData name="perennial" />
<SimpleData name="temperatur" />
<SimpleData name="lake_use" />
<SimpleData name="name_ascii" />
<SimpleData name="macronated">N</SimpleData>
<SimpleData name="name" />
<SimpleData name="grp_macron">N</SimpleData>
</SchemaData>
</ExtendedData>
<Polygon><outerBoundaryIs><LinearRing><tessellate>1</tessellate>
<coordinates> 174.297254,-39.183670 174.296909,-39.183499 174.296859,-39.183416 174.298096,-39.183303 174.298322,-39.183399 174.298314,-39.183513 174.297254,-39.183670</coordinates>
</LinearRing>
</outerBoundaryIs>
</Polygon>
</Placemark>
<Placemark><name />
<styleUrl>#nz-lake-polygons-topo-150kId</styleUrl>
<ExtendedData><SchemaData schemaUrl="#nz-lake-polygons-topo-150kId"><SimpleData name="t50_fid">5037490</SimpleData>
<SimpleData name="elevation">0</SimpleData>
<SimpleData name="grp_ascii" />
<SimpleData name="grp_name" />
<SimpleData name="perennial" />
<SimpleData name="temperatur" />
<SimpleData name="lake_use" />
<SimpleData name="name_ascii" />
<SimpleData name="macronated">N</SimpleData>
<SimpleData name="name" />
<SimpleData name="grp_macron">N</SimpleData>
</SchemaData>
</ExtendedData>
<Polygon><outerBoundaryIs><LinearRing><tessellate>1</tessellate>
<coordinates> 174.256274,-39.140438 174.256188,-39.140507 174.256072,-39.140487 174.256068,-39.140352 174.256270,-39.140303 174.256274,-39.140438</coordinates>
</LinearRing>
</outerBoundaryIs>
</Polygon>
</Placemark>
<Placemark><name />
<styleUrl>#nz-lake-polygons-topo-150kId</styleUrl>
<ExtendedData><SchemaData schemaUrl="#nz-lake-polygons-topo-150kId"><SimpleData name="t50_fid">5037491</SimpleData>
<SimpleData name="elevation">0</SimpleData>
<SimpleData name="grp_ascii" />
<SimpleData name="grp_name" />
<SimpleData name="perennial" />
<SimpleData name="temperatur" />
<SimpleData name="lake_use" />
<SimpleData name="name_ascii" />
<SimpleData name="macronated">N</SimpleData>
<SimpleData name="name" />
<SimpleData name="grp_macron">N</SimpleData>
</SchemaData>
</ExtendedData>
<Polygon><outerBoundaryIs><LinearRing><tessellate>1</tessellate>
<coordinates> 174.256269,-39.140281 174.256354,-39.140211 174.256498,-39.140209 174.256528,-39.140253 174.256444,-39.140345 174.256270,-39.140303 174.256269,-39.140281</coordinates>
</LinearRing>
</outerBoundaryIs>
</Polygon>
</Placemark>
<Placemark><name />
<styleUrl>#nz-lake-polygons-topo-150kId</styleUrl>
<ExtendedData><SchemaData schemaUrl="#nz-lake-polygons-topo-150kId"><SimpleData name="t50_fid">7966063</SimpleData>
<SimpleData name="elevation">0</SimpleData>
<SimpleData name="grp_ascii" />
<SimpleData name="grp_name" />
<SimpleData name="perennial" />
<SimpleData name="temperatur" />
<SimpleData name="lake_use" />
<SimpleData name="name_ascii" />
<SimpleData name="macronated">N</SimpleData>
<SimpleData name="name" />
<SimpleData name="grp_macron">N</SimpleData>
</SchemaData>
</ExtendedData>
<Polygon><outerBoundaryIs><LinearRing><tessellate>1</tessellate>
<coordinates> 174.260269,-39.145794 174.260303,-39.145669 174.260435,-39.145519 174.260581,-39.145434 174.260747,-39.145364 174.260989,-39.145321 174.261060,-39.145316 174.261212,-39.145306 174.261311,-39.145302 174.261467,-39.145344 174.261651,-39.145407 174.261760,-39.145474 174.261868,-39.145550 174.261893,-39.145603 174.261870,-39.145621 174.261844,-39.145629 174.261688,-39.145676 174.261644,-39.145689 174.261545,-39.145696 174.261405,-39.145661 174.261189,-39.145585 174.260859,-39.145611 174.260764,-39.145658 174.260612,-39.145818 174.260531,-39.145949 174.260557,-39.146076 174.260656,-39.146261 174.260794,-39.146436 174.260899,-39.146503 174.261095,-39.146584 174.261300,-39.146721 174.261374,-39.146810 174.261223,-39.146855 174.261040,-39.146861 174.260897,-39.146828 174.260779,-39.146730 174.260702,-39.146635 174.260585,-39.146525 174.260392,-39.146424 174.260246,-39.146284 174.260220,-39.146169 174.260174,-39.146052 174.260160,-39.145925 174.260170,-39.145914 174.260269,-39.145794</coordinates>
</LinearRing>
</outerBoundaryIs>
</Polygon>
</Placemark>
<Placemark><name />
<styleUrl>#nz-lake-polygons-topo-150kId</styleUrl>
<ExtendedData><SchemaData schemaUrl="#nz-lake-polygons-topo-150kId"><SimpleData name="t50_fid">8075274</SimpleData>
<SimpleData name="elevation">0</SimpleData>
<SimpleData name="grp_ascii" />
<SimpleData name="grp_name" />
<SimpleData name="perennial" />
<SimpleData name="temperatur" />
<SimpleData name="lake_use" />
<SimpleData name="name_ascii" />
<SimpleData name="macronated">N</SimpleData>
<SimpleData name="name" />
<SimpleData name="grp_macron">N</SimpleData>
</SchemaData>
</ExtendedData>
<Polygon><outerBoundaryIs><LinearRing><tessellate>1</tessellate>
<coordinates> 174.234874,-39.164345 174.235115,-39.164288 174.235306,-39.164313 174.235524,-39.164433 174.235607,-39.164532 174.235617,-39.164600 174.235489,-39.164615 174.235315,-39.164533 174.235187,-39.164530 174.235019,-39.164598 174.234911,-39.164612 174.234774,-39.164639 174.234678,-39.164640 174.234601,-39.164557 174.234577,-39.164534 174.234582,-39.164493 174.234874,-39.164345</coordinates>
</LinearRing>
</outerBoundaryIs>
</Polygon>
</Placemark>
<Placemark><name />
<styleUrl>#nz-lake-polygons-topo-150kId</styleUrl>
<ExtendedData><SchemaData schemaUrl="#nz-lake-polygons-topo-150kId"><SimpleData name="t50_fid">8075280</SimpleData>
<SimpleData name="elevation">0</SimpleData>
<SimpleData name="grp_ascii" />
<SimpleData name="grp_name" />
<SimpleData name="perennial" />
<SimpleData name="temperatur" />
<SimpleData name="lake_use" />
<SimpleData name="name_ascii" />
<SimpleData name="macronated">N</SimpleData>
<SimpleData name="name" />
<SimpleData name="grp_macron">N</SimpleData>
</SchemaData>
</ExtendedData>
<Polygon><outerBoundaryIs><LinearRing><tessellate>1</tessellate>
<coordinates> 174.223409,-39.146286 174.223429,-39.146254 174.223548,-39.146200 174.223673,-39.146188 174.223837,-39.146191 174.223903,-39.146156 174.223951,-39.146073 174.224006,-39.146023 174.224124,-39.145967 174.224227,-39.146005 174.224281,-39.146086 174.224300,-39.146172 174.224259,-39.146302 174.224201,-39.146350 174.224190,-39.146391 174.224150,-39.146437 174.224080,-39.146408 174.224020,-39.146329 174.223900,-39.146338 174.223843,-39.146390 174.223762,-39.146434 174.223648,-39.146429 174.223499,-39.146385 174.223413,-39.146327 174.223409,-39.146286</coordinates>
</LinearRing>
</outerBoundaryIs>
</Polygon>
</Placemark>
<Placemark><name />
<styleUrl>#nz-lake-polygons-topo-150kId</styleUrl>
<ExtendedData><SchemaData schemaUrl="#nz-lake-polygons-topo-150kId"><SimpleData name="t50_fid">5037536</SimpleData>
<SimpleData name="elevation">0</SimpleData>
<SimpleData name="grp_ascii" />
<SimpleData name="grp_name" />
<SimpleData name="perennial" />
<SimpleData name="temperatur" />
<SimpleData name="lake_use" />
<SimpleData name="name_ascii" />
<SimpleData name="macronated">N</SimpleData>
<SimpleData name="name" />
<SimpleData name="grp_macron">N</SimpleData>
</SchemaData>
</ExtendedData>
<Polygon><outerBoundaryIs><LinearRing><tessellate>1</tessellate>
<coordinates> 174.381546,-39.117915 174.381628,-39.117777 174.381769,-39.117773 174.381780,-39.118000 174.381648,-39.118170 174.381546,-39.117915</coordinates>
</LinearRing>
</outerBoundaryIs>
</Polygon>
</Placemark>
<Placemark><name />
<styleUrl>#nz-lake-polygons-topo-150kId</styleUrl>
<ExtendedData><SchemaData schemaUrl="#nz-lake-polygons-topo-150kId"><SimpleData name="t50_fid">5037535</SimpleData>
<SimpleData name="elevation">0</SimpleData>
<SimpleData name="grp_ascii" />
<SimpleData name="grp_name" />
<SimpleData name="perennial" />
<SimpleData name="temperatur" />
<SimpleData name="lake_use" />
<SimpleData name="name_ascii" />
<SimpleData name="macronated">N</SimpleData>
<SimpleData name="name" />
<SimpleData name="grp_macron">N</SimpleData>
</SchemaData>
</ExtendedData>
<Polygon><outerBoundaryIs><LinearRing><tessellate>1</tessellate>
<coordinates> 174.362842,-39.118540 174.363017,-39.118536 174.363339,-39.118712 174.363813,-39.119086 174.363844,-39.119131 174.363787,-39.119177 174.363699,-39.119162 174.363145,-39.118985 174.362856,-39.118991 174.362700,-39.118760 174.362842,-39.118540</coordinates>
</LinearRing>
</outerBoundaryIs>
</Polygon>
</Placemark>
<Placemark><name />
<styleUrl>#nz-lake-polygons-topo-150kId</styleUrl>
<ExtendedData><SchemaData schemaUrl="#nz-lake-polygons-topo-150kId"><SimpleData name="t50_fid">5037543</SimpleData>
<SimpleData name="elevation">0</SimpleData>
<SimpleData name="grp_ascii" />
<SimpleData name="grp_name" />
<SimpleData name="perennial" />
<SimpleData name="temperatur" />
<SimpleData name="lake_use" />
<SimpleData name="name_ascii" />
<SimpleData name="macronated">N</SimpleData>
<SimpleData name="name" />
<SimpleData name="grp_macron">N</SimpleData>
</SchemaData>
</ExtendedData>
<Polygon><outerBoundaryIs><LinearRing><tessellate>1</tessellate>
<coordinates> 174.347624,-39.077649 174.347828,-39.077691 174.347946,-39.077801 174.347919,-39.078200 174.347339,-39.077767 174.347218,-39.077611 174.347065,-39.077321 174.347071,-39.077083 174.347624,-39.077649</coordinates>
</LinearRing>
</outerBoundaryIs>
</Polygon>
</Placemark>
<Placemark><name />
<styleUrl>#nz-lake-polygons-topo-150kId</styleUrl>
<ExtendedData><SchemaData schemaUrl="#nz-lake-polygons-topo-150kId"><SimpleData name="t50_fid">5037547</SimpleData>
<SimpleData name="elevation">0</SimpleData>
<SimpleData name="grp_ascii" />
<SimpleData name="grp_name" />
<SimpleData name="perennial" />
<SimpleData name="temperatur" />
<SimpleData name="lake_use" />
<SimpleData name="name_ascii" />
<SimpleData name="macronated">N</SimpleData>
<SimpleData name="name" />
<SimpleData name="grp_macron">N</SimpleData>
</SchemaData>
</ExtendedData>
<Polygon><outerBoundaryIs><LinearRing><tessellate>1</tessellate>
<coordinates> 174.352919,-39.075753 174.352727,-39.076094 174.352659,-39.076427 174.352525,-39.076120 174.352632,-39.075803 174.352870,-39.075554 174.352919,-39.075753</coordinates>
</LinearRing>
</outerBoundaryIs>
</Polygon>
</Placemark>
<Placemark><name />
<styleUrl>#nz-lake-polygons-topo-150kId</styleUrl>
<ExtendedData><SchemaData schemaUrl="#nz-lake-polygons-topo-150kId"><SimpleData name="t50_fid">5037531</SimpleData>
<SimpleData name="elevation">0</SimpleData>
<SimpleData name="grp_ascii" />
<SimpleData name="grp_name" />
<SimpleData name="perennial" />
<SimpleData name="temperatur" />
<SimpleData name="lake_use" />
<SimpleData name="name_ascii" />
<SimpleData name="macronated">N</SimpleData>
<SimpleData name="name" />
<SimpleData name="grp_macron">N</SimpleData>
</SchemaData>
</ExtendedData>
<Polygon><outerBoundaryIs><LinearRing><tessellate>1</tessellate>
<coordinates> 174.341543,-39.104832 174.341387,-39.104616 174.341452,-39.104451 174.341687,-39.104349 174.341840,-39.104367 174.341943,-39.104465 174.341962,-39.104570 174.342022,-39.104616 174.342091,-39.104688 174.342016,-39.104735 174.341804,-39.104730 174.341695,-39.104784 174.341543,-39.104832</coordinates>
</LinearRing>
</outerBoundaryIs>
</Polygon>
</Placemark>
<Placemark><name />
<styleUrl>#nz-lake-polygons-topo-150kId</styleUrl>
<ExtendedData><SchemaData schemaUrl="#nz-lake-polygons-topo-150kId"><SimpleData name="t50_fid">5037544</SimpleData>
<SimpleData name="elevation">0</SimpleData>
<SimpleData name="grp_ascii" />
<SimpleData name="grp_name" />
<SimpleData name="perennial" />
<SimpleData name="temperatur" />
<SimpleData name="lake_use" />
<SimpleData name="name_ascii" />
<SimpleData name="macronated">N</SimpleData>
<SimpleData name="name" />
<SimpleData name="grp_macron">N</SimpleData>
</SchemaData>
</ExtendedData>
<Polygon><outerBoundaryIs><LinearRing><tessellate>1</tessellate>
<coordinates> 174.333890,-39.094751 174.333780,-39.094891 174.333750,-39.094984 174.333641,-39.095081 174.333578,-39.095109 174.333496,-39.095119 174.333426,-39.095147 174.333223,-39.095299 174.333154,-39.095291 174.333127,-39.095264 174.333148,-39.095219 174.333184,-39.095189 174.333240,-39.095047 174.333306,-39.094960 174.333321,-39.094917 174.333315,-39.094836 174.333362,-39.094763 174.333438,-39.094717 174.333555,-39.094706 174.333654,-39.094668 174.333777,-39.094659 174.333855,-39.094690 174.333890,-39.094751</coordinates>
</LinearRing>
</outerBoundaryIs>
</Polygon>
</Placemark>
<Placemark><name />
<styleUrl>#nz-lake-polygons-topo-150kId</styleUrl>
<ExtendedData><SchemaData schemaUrl="#nz-lake-polygons-topo-150kId"><SimpleData name="t50_fid">5037538</SimpleData>
<SimpleData name="elevation">0</SimpleData>
<SimpleData name="grp_ascii" />
<SimpleData name="grp_name" />
<SimpleData name="perennial" />
<SimpleData name="temperatur" />
<SimpleData name="lake_use" />
<SimpleData name="name_ascii" />
<SimpleData name="macronated">N</SimpleData>
<SimpleData name="name" />
<SimpleData name="grp_macron">N</SimpleData>
</SchemaData>
</ExtendedData>
<Polygon><outerBoundaryIs><LinearRing><tessellate>1</tessellate>
<coordinates> 174.328077,-39.087797 174.327591,-39.088008 174.327446,-39.088010 174.327414,-39.087876 174.327874,-39.087597 174.328182,-39.087620 174.328077,-39.087797</coordinates>
</LinearRing>
</outerBoundaryIs>
</Polygon>
</Placemark>
<Placemark><name />
<styleUrl>#nz-lake-polygons-topo-150kId</styleUrl>
<ExtendedData><SchemaData schemaUrl="#nz-lake-polygons-topo-150kId"><SimpleData name="t50_fid">5037539</SimpleData>
<SimpleData name="elevation">0</SimpleData>
<SimpleData name="grp_ascii" />
<SimpleData name="grp_name" />
<SimpleData name="perennial" />
<SimpleData name="temperatur" />
<SimpleData name="lake_use" />
<SimpleData name="name_ascii" />
<SimpleData name="macronated">N</SimpleData>
<SimpleData name="name" />
<SimpleData name="grp_macron">N</SimpleData>
</SchemaData>
</ExtendedData>
<Polygon><outerBoundaryIs><LinearRing><tessellate>1</tessellate>
<coordinates> 174.327326,-39.086818 174.327383,-39.086772 174.327559,-39.086882 174.327409,-39.087128 174.327326,-39.086818</coordinates>
</LinearRing>
</outerBoundaryIs>
</Polygon>
</Placemark>
<Placemark><name />
<styleUrl>#nz-lake-polygons-topo-150kId</styleUrl>
<ExtendedData><SchemaData schemaUrl="#nz-lake-polygons-topo-150kId"><SimpleData name="t50_fid">5037526</SimpleData>
<SimpleData name="elevation">0</SimpleData>
<SimpleData name="grp_ascii" />
<SimpleData name="grp_name" />
<SimpleData name="perennial" />
<SimpleData name="temperatur" />
<SimpleData name="lake_use" />
<SimpleData name="name_ascii" />
<SimpleData name="macronated">N</SimpleData>
<SimpleData name="name" />
<SimpleData name="grp_macron">N</SimpleData>
</SchemaData>
</ExtendedData>
<Polygon><outerBoundaryIs><LinearRing><tessellate>1</tessellate>
<coordinates> 174.319607,-39.116300 174.319493,-39.116391 174.319406,-39.116371 174.319403,-39.116258 174.319418,-39.116140 174.319533,-39.116039 174.319607,-39.116300</coordinates>
</LinearRing>
</outerBoundaryIs>
</Polygon>
</Placemark>
<Placemark><name />
<styleUrl>#nz-lake-polygons-topo-150kId</styleUrl>
<ExtendedData><SchemaData schemaUrl="#nz-lake-polygons-topo-150kId"><SimpleData name="t50_fid">5037527</SimpleData>
<SimpleData name="elevation">0</SimpleData>
<SimpleData name="grp_ascii" />
<SimpleData name="grp_name" />
<SimpleData name="perennial" />
<SimpleData name="temperatur" />
<SimpleData name="lake_use" />
<SimpleData name="name_ascii" />
<SimpleData name="macronated">N</SimpleData>
<SimpleData name="name" />
<SimpleData name="grp_macron">N</SimpleData>
</SchemaData>
</ExtendedData>
<Polygon><outerBoundaryIs><LinearRing><tessellate>1</tessellate>
<coordinates> 174.316970,-39.109065 174.316775,-39.109338 174.316634,-39.109454 174.316523,-39.109424 174.316511,-39.109231 174.316621,-39.108981 174.316733,-39.108843 174.316919,-39.108789 174.316970,-39.109065</coordinates>
</LinearRing>
</outerBoundaryIs>
</Polygon>
</Placemark>
<Placemark><name />
<styleUrl>#nz-lake-polygons-topo-150kId</styleUrl>
<ExtendedData><SchemaData schemaUrl="#nz-lake-polygons-topo-150kId"><SimpleData name="t50_fid">5037437</SimpleData>
<SimpleData name="elevation">0</SimpleData>
<SimpleData name="grp_ascii" />
<SimpleData name="grp_name" />
<SimpleData name="perennial" />
<SimpleData name="temperatur" />
<SimpleData name="lake_use" />
<SimpleData name="name_ascii" />
<SimpleData name="macronated">N</SimpleData>
<SimpleData name="name" />
<SimpleData name="grp_macron">N</SimpleData>
</SchemaData>
</ExtendedData>
<Polygon><outerBoundaryIs><LinearRing><tessellate>1</tessellate>
<coordinates> 174.294045,-39.242536 174.294151,-39.242706 174.294124,-39.242797 174.294010,-39.242889 174.293864,-39.242824 174.293803,-39.242734 174.293800,-39.242622 174.293960,-39.242428 174.294045,-39.242536</coordinates>
</LinearRing>
</outerBoundaryIs>
</Polygon>
</Placemark>
<Placemark><name />
<styleUrl>#nz-lake-polygons-topo-150kId</styleUrl>
<ExtendedData><SchemaData schemaUrl="#nz-lake-polygons-topo-150kId"><SimpleData name="t50_fid">8075284</SimpleData>
<SimpleData name="elevation">0</SimpleData>
<SimpleData name="grp_ascii" />
<SimpleData name="grp_name" />
<SimpleData name="perennial" />
<SimpleData name="temperatur" />
<SimpleData name="lake_use" />
<SimpleData name="name_ascii" />
<SimpleData name="macronated">N</SimpleData>
<SimpleData name="name" />
<SimpleData name="grp_macron">N</SimpleData>
</SchemaData>
</ExtendedData>
<Polygon><outerBoundaryIs><LinearRing><tessellate>1</tessellate>
<coordinates> 174.298946,-39.243270 174.298931,-39.243350 174.298916,-39.243364 174.298877,-39.243373 174.298821,-39.243357 174.298821,-39.243326 174.298797,-39.243314 174.298742,-39.243317 174.298716,-39.243340 174.298712,-39.243430 174.298738,-39.243562 174.298762,-39.243583 174.298755,-39.243619 174.298669,-39.243659 174.298633,-39.243676 174.298598,-39.243650 174.298594,-39.243564 174.298597,-39.243286 174.298638,-39.243247 174.298677,-39.243205 174.298789,-39.243155 174.298876,-39.243175 174.298946,-39.243270</coordinates>
</LinearRing>
</outerBoundaryIs>
</Polygon>
</Placemark>
<Placemark><name />
<styleUrl>#nz-lake-polygons-topo-150kId</styleUrl>
<ExtendedData><SchemaData schemaUrl="#nz-lake-polygons-topo-150kId"><SimpleData name="t50_fid">8075281</SimpleData>
<SimpleData name="elevation">0</SimpleData>
<SimpleData name="grp_ascii" />
<SimpleData name="grp_name" />
<SimpleData name="perennial" />
<SimpleData name="temperatur" />
<SimpleData name="lake_use" />
<SimpleData name="name_ascii" />
<SimpleData name="macronated">N</SimpleData>
<SimpleData name="name" />
<SimpleData name="grp_macron">N</SimpleData>
</SchemaData>
</ExtendedData>
<Polygon><outerBoundaryIs><LinearRing><tessellate>1</tessellate>
<coordinates> 174.277392,-39.253488 174.277393,-39.253304 174.277370,-39.253200 174.277290,-39.253059 174.277359,-39.253000 174.277444,-39.253032 174.277522,-39.253150 174.277627,-39.253482 174.277513,-39.253526 174.277392,-39.253488</coordinates>
</LinearRing>
</outerBoundaryIs>
</Polygon>
</Placemark>
<Placemark><name />
<styleUrl>#nz-lake-polygons-topo-150kId</styleUrl>
<ExtendedData><SchemaData schemaUrl="#nz-lake-polygons-topo-150kId"><SimpleData name="t50_fid">5008608</SimpleData>
<SimpleData name="elevation">0</SimpleData>
<SimpleData name="grp_ascii" />
<SimpleData name="grp_name" />
<SimpleData name="perennial" />
<SimpleData name="temperatur" />
<SimpleData name="lake_use" />
<SimpleData name="name_ascii" />
<SimpleData name="macronated">N</SimpleData>
<SimpleData name="name" />
<SimpleData name="grp_macron">N</SimpleData>
</SchemaData>
</ExtendedData>
<Polygon><outerBoundaryIs><LinearRing><tessellate>1</tessellate>
<coordinates> 174.280642,-39.218056 174.280338,-39.218091 174.279940,-39.218016 174.279397,-39.217904 174.279428,-39.217519 174.279284,-39.217315 174.279071,-39.217079 174.279180,-39.216958 174.279418,-39.217020 174.279646,-39.217256 174.280193,-39.217456 174.280793,-39.217503 174.281152,-39.217835 174.281142,-39.217884 174.281117,-39.217930 174.280642,-39.218056</coordinates>
</LinearRing>
</outerBoundaryIs>
</Polygon>
</Placemark>
<Placemark><name />
<styleUrl>#nz-lake-polygons-topo-150kId</styleUrl>
<ExtendedData><SchemaData schemaUrl="#nz-lake-polygons-topo-150kId"><SimpleData name="t50_fid">8075054</SimpleData>
<SimpleData name="elevation">0</SimpleData>
<SimpleData name="grp_ascii" />
<SimpleData name="grp_name" />
<SimpleData name="perennial" />
<SimpleData name="temperatur" />
<SimpleData name="lake_use" />
<SimpleData name="name_ascii" />
<SimpleData name="macronated">N</SimpleData>
<SimpleData name="name" />
<SimpleData name="grp_macron">N</SimpleData>
</SchemaData>
</ExtendedData>
<Polygon><outerBoundaryIs><LinearRing><tessellate>1</tessellate>
<coordinates> 174.275202,-39.247535 174.275289,-39.247449 174.275329,-39.247390 174.275375,-39.247305 174.275449,-39.247225 174.275481,-39.247118 174.275540,-39.247012 174.275538,-39.246906 174.275542,-39.246763 174.275580,-39.246598 174.275550,-39.246455 174.275610,-39.246386 174.275664,-39.246343 174.275841,-39.246298 174.275956,-39.246287 174.275977,-39.246318 174.275965,-39.246398 174.275926,-39.246483 174.275832,-39.246585 174.275705,-39.246718 174.275680,-39.246857 174.275703,-39.246989 174.275617,-39.247133 174.275564,-39.247202 174.275545,-39.247282 174.275533,-39.247367 174.275486,-39.247431 174.275358,-39.247517 174.275278,-39.247608 174.275245,-39.247624 174.275196,-39.247593 174.275197,-39.247582 174.275202,-39.247535</coordinates>
</LinearRing>
</outerBoundaryIs>
</Polygon>
</Placemark>
<Placemark><name />
<styleUrl>#nz-lake-polygons-topo-150kId</styleUrl>
<ExtendedData><SchemaData schemaUrl="#nz-lake-polygons-topo-150kId"><SimpleData name="t50_fid">5037435</SimpleData>
<SimpleData name="elevation">0</SimpleData>
<SimpleData name="grp_ascii" />
<SimpleData name="grp_name" />
<SimpleData name="perennial" />
<SimpleData name="temperatur" />
<SimpleData name="lake_use" />
<SimpleData name="name_ascii" />
<SimpleData name="macronated">N</SimpleData>
<SimpleData name="name" />
<SimpleData name="grp_macron">N</SimpleData>
</SchemaData>
</ExtendedData>
<Polygon><outerBoundaryIs><LinearRing><tessellate>1</tessellate>
<coordinates> 174.254846,-39.229851 174.254856,-39.229790 174.255036,-39.229599 174.255041,-39.229599 174.255109,-39.229612 174.255183,-39.229695 174.255193,-39.229845 174.255065,-39.229924 174.254992,-39.229961 174.254846,-39.229851</coordinates>
</LinearRing>
</outerBoundaryIs>
</Polygon>
</Placemark>
<Placemark><name />
<styleUrl>#nz-lake-polygons-topo-150kId</styleUrl>
<ExtendedData><SchemaData schemaUrl="#nz-lake-polygons-topo-150kId"><SimpleData name="t50_fid">5037434</SimpleData>
<SimpleData name="elevation">0</SimpleData>
<SimpleData name="grp_ascii" />
<SimpleData name="grp_name" />
<SimpleData name="perennial" />
<SimpleData name="temperatur" />
<SimpleData name="lake_use" />
<SimpleData name="name_ascii" />
<SimpleData name="macronated">N</SimpleData>
<SimpleData name="name" />
<SimpleData name="grp_macron">N</SimpleData>
</SchemaData>
</ExtendedData>
<Polygon><outerBoundaryIs><LinearRing><tessellate>1</tessellate>
<coordinates> 174.254934,-39.230405 174.254938,-39.230356 174.255119,-39.230168 174.255193,-39.230211 174.255287,-39.230244 174.255365,-39.230288 174.255305,-39.230468 174.255135,-39.230539 174.254934,-39.230405</coordinates>
</LinearRing>
</outerBoundaryIs>
</Polygon>
</Placemark>
<Placemark><name />
<styleUrl>#nz-lake-polygons-topo-150kId</styleUrl>
<ExtendedData><SchemaData schemaUrl="#nz-lake-polygons-topo-150kId"><SimpleData name="t50_fid">8075272</SimpleData>
<SimpleData name="elevation">0</SimpleData>
<SimpleData name="grp_ascii" />
<SimpleData name="grp_name" />
<SimpleData name="perennial" />
<SimpleData name="temperatur" />
<SimpleData name="lake_use" />
<SimpleData name="name_ascii" />
<SimpleData name="macronated">N</SimpleData>
<SimpleData name="name" />
<SimpleData name="grp_macron">N</SimpleData>
</SchemaData>
</ExtendedData>
<Polygon><outerBoundaryIs><LinearRing><tessellate>1</tessellate>
<coordinates> 174.255317,-39.229936 174.255514,-39.229967 174.255536,-39.229999 174.255539,-39.230062 174.255497,-39.230130 174.255445,-39.230195 174.255394,-39.230191 174.255121,-39.230074 174.255112,-39.230050 174.255176,-39.229934 174.255317,-39.229936</coordinates>
</LinearRing>
</outerBoundaryIs>
</Polygon>
</Placemark>
<Placemark><name />
<styleUrl>#nz-lake-polygons-topo-150kId</styleUrl>
<ExtendedData><SchemaData schemaUrl="#nz-lake-polygons-topo-150kId"><SimpleData name="t50_fid">5037625</SimpleData>
<SimpleData name="elevation">0</SimpleData>
<SimpleData name="grp_ascii" />
<SimpleData name="grp_name" />
<SimpleData name="perennial" />
<SimpleData name="temperatur" />
<SimpleData name="lake_use" />
<SimpleData name="name_ascii" />
<SimpleData name="macronated">N</SimpleData>
<SimpleData name="name" />
<SimpleData name="grp_macron">N</SimpleData>
</SchemaData>
</ExtendedData>
<Polygon><outerBoundaryIs><LinearRing><tessellate>1</tessellate>
<coordinates> 174.311198,-39.039425 174.311260,-39.039582 174.311124,-39.039877 174.310956,-39.039892 174.310807,-39.039905 174.310716,-39.039727 174.310740,-39.039545 174.310975,-39.039295 174.311198,-39.039425</coordinates>
</LinearRing>
</outerBoundaryIs>
</Polygon>
</Placemark>
<Placemark><name />
<styleUrl>#nz-lake-polygons-topo-150kId</styleUrl>
<ExtendedData><SchemaData schemaUrl="#nz-lake-polygons-topo-150kId"><SimpleData name="t50_fid">5037626</SimpleData>
<SimpleData name="elevation">0</SimpleData>
<SimpleData name="grp_ascii" />
<SimpleData name="grp_name" />
<SimpleData name="perennial" />
<SimpleData name="temperatur" />
<SimpleData name="lake_use" />
<SimpleData name="name_ascii" />
<SimpleData name="macronated">N</SimpleData>
<SimpleData name="name" />
<SimpleData name="grp_macron">N</SimpleData>
</SchemaData>
</ExtendedData>
<Polygon><outerBoundaryIs><LinearRing><tessellate>1</tessellate>
<coordinates> 174.311315,-39.040504 174.311322,-39.040730 174.311125,-39.040936 174.311009,-39.040894 174.310947,-39.040759 174.310943,-39.040579 174.311052,-39.040374 174.311151,-39.040384 174.311315,-39.040504</coordinates>
</LinearRing>
</outerBoundaryIs>
</Polygon>
</Placemark>
<Placemark><name />
<styleUrl>#nz-lake-polygons-topo-150kId</styleUrl>
<ExtendedData><SchemaData schemaUrl="#nz-lake-polygons-topo-150kId"><SimpleData name="t50_fid">5037640</SimpleData>
<SimpleData name="elevation">0</SimpleData>
<SimpleData name="grp_ascii" />
<SimpleData name="grp_name" />
<SimpleData name="perennial" />
<SimpleData name="temperatur" />
<SimpleData name="lake_use" />
<SimpleData name="name_ascii" />
<SimpleData name="macronated">N</SimpleData>
<SimpleData name="name" />
<SimpleData name="grp_macron">N</SimpleData>
</SchemaData>
</ExtendedData>
<Polygon><outerBoundaryIs><LinearRing><tessellate>1</tessellate>
<coordinates> 174.308472,-38.991258 174.308733,-38.991344 174.308628,-38.991684 174.308481,-38.991597 174.308386,-38.991282 174.308472,-38.991258</coordinates>
</LinearRing>
</outerBoundaryIs>
</Polygon>
</Placemark>
<Placemark><name />
<styleUrl>#nz-lake-polygons-topo-150kId</styleUrl>
<ExtendedData><SchemaData schemaUrl="#nz-lake-polygons-topo-150kId"><SimpleData name="t50_fid">5037638</SimpleData>
<SimpleData name="elevation">0</SimpleData>
<SimpleData name="grp_ascii" />
<SimpleData name="grp_name" />
<SimpleData name="perennial" />
<SimpleData name="temperatur" />
<SimpleData name="lake_use" />
<SimpleData name="name_ascii" />
<SimpleData name="macronated">N</SimpleData>
<SimpleData name="name" />
<SimpleData name="grp_macron">N</SimpleData>
</SchemaData>
</ExtendedData>
<Polygon><outerBoundaryIs><LinearRing><tessellate>1</tessellate>
<coordinates> 174.301211,-38.990381 174.301203,-38.990267 174.301250,-38.990190 174.301330,-38.990147 174.301421,-38.990152 174.301618,-38.990233 174.301748,-38.990290 174.301744,-38.990357 174.301664,-38.990398 174.301552,-38.990466 174.301464,-38.990516 174.301314,-38.990539 174.301224,-38.990464 174.301211,-38.990381</coordinates>
</LinearRing>
</outerBoundaryIs>
</Polygon>
</Placemark>
<Schema id="nz-lake-polygons-topo-150kId" name="nz-lake-polygons-topo-150k"><SimpleField name="t50_fid" type="int"><displayName><![CDATA[t50_fid]]></displayName>
</SimpleField>
<SimpleField name="elevation" type="int"><displayName><![CDATA[elevation]]></displayName>
</SimpleField>
<SimpleField name="grp_ascii" type="string"><displayName><![CDATA[grp_ascii]]></displayName>
</SimpleField>
<SimpleField name="grp_name" type="string"><displayName><![CDATA[grp_name]]></displayName>
</SimpleField>
<SimpleField name="perennial" type="string"><displayName><![CDATA[perennial]]></displayName>
</SimpleField>
<SimpleField name="temperatur" type="string"><displayName><![CDATA[temperatur]]></displayName>
</SimpleField>
<SimpleField name="lake_use" type="string"><displayName><![CDATA[lake_use]]></displayName>
</SimpleField>
<SimpleField name="name_ascii" type="string"><displayName><![CDATA[name_ascii]]></displayName>
</SimpleField>
<SimpleField name="macronated" type="string"><displayName><![CDATA[macronated]]></displayName>
</SimpleField>
<SimpleField name="name" type="string"><displayName><![CDATA[name]]></displayName>
</SimpleField>
<SimpleField name="grp_macron" type="string"><displayName><![CDATA[grp_macron]]></displayName>
</SimpleField>
</Schema>
<Style id="nz-lake-polygons-topo-150kId"><IconStyle><color>ff0000ff</color>
<scale>0.2</scale>
<Icon><href>http://maps.google.com/mapfiles/kml/pal2/icon18.png</href>
</Icon>
</IconStyle>
<LineStyle><color>ff0000ff</color>
<width>2</width>
</LineStyle>
<PolyStyle><color>7f0000ff</color>
</PolyStyle>
<BalloonStyle><text><![CDATA[
<html>
<head>
    <style type="text/css">
        table {
            width: 100%;
            border-width: 1px 0 1px 0;
            border-style: solid;
            margin-bottom: 10px;
        }

        th, td {
            text-align: left;
        }

        th {
            width:auto;
        }
    </style>
</head>
<body>
    <base href="https://data.linz.govt.nz/" />

    <h2>NZ Lake Polygons (Topo, 1:50k)</h2>

    <table>
        <tbody>
            
                <tr><th>$[nz-lake-polygons-topo-150k/t50_fid/displayName]</th><td>$[nz-lake-polygons-topo-150k/t50_fid]</th></tr>
            
                <tr><th>$[nz-lake-polygons-topo-150k/elevation/displayName]</th><td>$[nz-lake-polygons-topo-150k/elevation]</th></tr>
            
                <tr><th>$[nz-lake-polygons-topo-150k/grp_ascii/displayName]</th><td>$[nz-lake-polygons-topo-150k/grp_ascii]</th></tr>
            
                <tr><th>$[nz-lake-polygons-topo-150k/grp_name/displayName]</th><td>$[nz-lake-polygons-topo-150k/grp_name]</th></tr>
            
                <tr><th>$[nz-lake-polygons-topo-150k/perennial/displayName]</th><td>$[nz-lake-polygons-topo-150k/perennial]</th></tr>
            
                <tr><th>$[nz-lake-polygons-topo-150k/temperatur/displayName]</th><td>$[nz-lake-polygons-topo-150k/temperatur]</th></tr>
            
                <tr><th>$[nz-lake-polygons-topo-150k/lake_use/displayName]</th><td>$[nz-lake-polygons-topo-150k/lake_use]</th></tr>
            
                <tr><th>$[nz-lake-polygons-topo-150k/name_ascii/displayName]</th><td>$[nz-lake-polygons-topo-150k/name_ascii]</th></tr>
            
                <tr><th>$[nz-lake-polygons-topo-150k/macronated/displayName]</th><td>$[nz-lake-polygons-topo-150k/macronated]</th></tr>
            
                <tr><th>$[nz-lake-polygons-topo-150k/name/displayName]</th><td>$[nz-lake-polygons-topo-150k/name]</th></tr>
            
                <tr><th>$[nz-lake-polygons-topo-150k/grp_macron/displayName]</th><td>$[nz-lake-polygons-topo-150k/grp_macron]</th></tr>
            
        </tbody>
    </table>

    <div>Source: <a href="https://data.linz.govt.nz/layer/50293-nz-lake-polygons-topo-150k/" onclick="window.open('about:blank'); window.open(this.href); return false;">NZ Lake Polygons (Topo, 1:50k)</a></div>
    
        <div>License: <a href="https://data.linz.govt.nz/license/attribution-4-0-international/" onclick="window.open('about:blank'); window.open(this.href); return false;">Creative Commons Attribution 4.0 International</a></div>
    
    <div>Data last updated: 23 Apr 2026</div>
    <div>Downloaded from <a href="https://data.linz.govt.nz/" onclick="window.open('about:blank'); window.open(this.href); return false;">LINZ Data Service</a> on 21 Jul 2026</div>
</body>
</html>
]]></text>
</BalloonStyle>
</Style>
</Document>
</kml>
