<?xml version="1.0" encoding="utf-8" ?><kml xmlns="http://www.opengis.net/kml/2.2" xmlns:xsi="http://www.w3.org/2001/XMLSchema-instance" xsi:schemaLocation="http://www.opengis.net/kml/2.2 http://schemas.opengis.net/kml/2.2.0/ogckml22.xsd"><Document><name>NZ River Polygons (Topo, 1:50k)</name>
<description><![CDATA[
<style>
	.heading {
		font-size: 12px;
		font-weight: bold;
	}
</style>
<base href="https://data.linz.govt.nz/" />


    <div class="heading">Description</div>
    <hr>
<p>A natural, flowing body of water emptying into an ocean, lake or other body of water and usually fed along it's course by converging tributaries.</p>
<p>Data Dictionary for river_poly: <a href="https://docs.topo.linz.govt.nz/data-dictionary/tdd-class-river_poly.html">docs.topo.linz.govt.nz/data-dictionary/tdd-class-r...</a></p>
<p>This layer is a component of the Topo50 map series. The Topo50 map series provides topographic mapping for the New Zealand mainland, Chatham and New Zealand's offshore islands, at 1:50,000 scale.</p>
<p>Further information on Topo50:<br>
<a href="http://www.linz.govt.nz/topography/topo-maps/topo50">www.linz.govt.nz/topography/topo-maps/topo50</a></p>



	<div class="heading">License</div>
	<hr>
	License: <a href="https://data.linz.govt.nz/license/attribution-4-0-international/" onclick="window.open('about:blank'); window.open(this.href); return false;">Creative Commons Attribution 4.0 International</a>


<hr>



<div class="footer">Source: <a href="https://data.linz.govt.nz/layer/50328-nz-river-polygons-topo-150k/" onclick="window.open('about:blank'); window.open(this.href); return false;">NZ River Polygons (Topo, 1:50k)</a></div>
<div class="footer">Data last updated: 23 Apr 2026</div>
<div class="footer">Downloaded from <a href="https://data.linz.govt.nz/" onclick="window.open('about:blank'); window.open(this.href); return false;">LINZ Data Service</a> on 21 Jul 2026</div>
]]></description>
<Placemark><styleUrl>#nz-river-polygons-topo-150kId</styleUrl>
<ExtendedData><SchemaData schemaUrl="#nz-river-polygons-topo-150kId"><SimpleData name="t50_fid">7551065</SimpleData>
</SchemaData>
</ExtendedData>
<Polygon><outerBoundaryIs><LinearRing><tessellate>1</tessellate>
<coordinates> 174.203210,-39.575985 174.203630,-39.576149 174.204110,-39.576386 174.204376,-39.576580 174.204542,-39.576750 174.204823,-39.577013 174.204956,-39.577155 174.205101,-39.577375 174.205135,-39.577511 174.205158,-39.577781 174.205309,-39.577916 174.205425,-39.578027 174.205711,-39.578073 174.206144,-39.577956 174.206318,-39.577880 174.206560,-39.577764 174.206777,-39.577611 174.206954,-39.577546 174.207350,-39.577385 174.207745,-39.577211 174.208174,-39.577062 174.208434,-39.577040 174.208483,-39.577022 174.208742,-39.576985 174.208980,-39.576936 174.209320,-39.576804 174.209584,-39.576677 174.209703,-39.576564 174.209868,-39.576464 174.210181,-39.576358 174.210188,-39.576418 174.210090,-39.576534 174.210024,-39.576548 174.209882,-39.576635 174.209750,-39.576705 174.209541,-39.576776 174.209234,-39.576959 174.208877,-39.577078 174.208444,-39.577141 174.208112,-39.577239 174.207740,-39.577368 174.207385,-39.577504 174.207239,-39.577543 174.206948,-39.577672 174.206675,-39.577832 174.206209,-39.578096 174.205921,-39.578176 174.205590,-39.578183 174.205330,-39.578084 174.205069,-39.577883 174.205026,-39.577796 174.204948,-39.577475 174.204652,-39.577088 174.204429,-39.576800 174.204117,-39.576558 174.203851,-39.576385 174.203770,-39.576379 174.203573,-39.576293 174.203245,-39.576136 174.203049,-39.576085 174.202831,-39.576077 174.202531,-39.576020 174.201778,-39.575923 174.201238,-39.575865 174.200776,-39.575860 174.200278,-39.575900 174.199641,-39.575983 174.199279,-39.576036 174.198999,-39.576102 174.198919,-39.576180 174.198908,-39.576303 174.199077,-39.576410 174.199238,-39.576556 174.199467,-39.576679 174.199658,-39.576716 174.199853,-39.576767 174.200307,-39.576776 174.200515,-39.576774 174.200878,-39.576823 174.201092,-39.576890 174.201270,-39.576969 174.201975,-39.577134 174.202138,-39.577115 174.202661,-39.577256 174.203072,-39.577413 174.203256,-39.577555 174.203271,-39.577692 174.203101,-39.577802 174.203017,-39.577919 174.202714,-39.578188 174.202558,-39.578334 174.202464,-39.578422 174.202330,-39.578522 174.202164,-39.578625 174.202259,-39.578344 174.202526,-39.578043 174.202732,-39.577908 174.203010,-39.577747 174.202998,-39.577617 174.202878,-39.577485 174.202727,-39.577406 174.202186,-39.577286 174.201691,-39.577203 174.201159,-39.577076 174.200881,-39.576973 174.200395,-39.576915 174.199783,-39.576879 174.199510,-39.576795 174.199192,-39.576659 174.199099,-39.576620 174.198796,-39.576402 174.198676,-39.576281 174.198677,-39.576074 174.199033,-39.575944 174.199263,-39.575900 174.199833,-39.575841 174.200298,-39.575763 174.200574,-39.575753 174.200987,-39.575749 174.201345,-39.575754 174.201717,-39.575804 174.202080,-39.575829 174.202565,-39.575880 174.202897,-39.575943 174.203210,-39.575985</coordinates>
</LinearRing>
</outerBoundaryIs>
</Polygon>
</Placemark>
<Placemark><styleUrl>#nz-river-polygons-topo-150kId</styleUrl>
<ExtendedData><SchemaData schemaUrl="#nz-river-polygons-topo-150kId"><SimpleData name="t50_fid">7551064</SimpleData>
</SchemaData>
</ExtendedData>
<Polygon><outerBoundaryIs><LinearRing><tessellate>1</tessellate>
<coordinates> 174.192236,-39.585819 174.192280,-39.585495 174.192337,-39.585273 174.192531,-39.585088 174.192591,-39.585015 174.192873,-39.584829 174.192978,-39.584824 174.193141,-39.584707 174.193275,-39.584544 174.193506,-39.584504 174.193704,-39.584523 174.193777,-39.584599 174.193937,-39.584682 174.194039,-39.584822 174.194107,-39.584978 174.194155,-39.585169 174.194136,-39.585344 174.194121,-39.585450 174.194211,-39.585547 174.194480,-39.585553 174.194611,-39.585454 174.194828,-39.585315 174.194925,-39.585191 174.195097,-39.584968 174.195089,-39.584815 174.195030,-39.584565 174.194954,-39.584331 174.194845,-39.584069 174.194761,-39.583985 174.194725,-39.583823 174.194596,-39.583671 174.194537,-39.583430 174.194507,-39.583264 174.194658,-39.583071 174.194837,-39.582950 174.195029,-39.582901 174.195071,-39.582807 174.195246,-39.582754 174.195478,-39.582816 174.195578,-39.582879 174.195793,-39.582932 174.196075,-39.582988 174.196313,-39.583101 174.196404,-39.583249 174.196525,-39.583298 174.196684,-39.583267 174.196798,-39.583189 174.196883,-39.583014 174.196895,-39.582716 174.196890,-39.582465 174.196809,-39.582228 174.196685,-39.582021 174.196605,-39.581834 174.196468,-39.581555 174.196488,-39.581457 174.196535,-39.581278 174.196537,-39.581095 174.196420,-39.581006 174.196176,-39.580911 174.195983,-39.580883 174.195791,-39.580873 174.195597,-39.580760 174.195419,-39.580628 174.195326,-39.580312 174.195288,-39.580090 174.195427,-39.579862 174.195727,-39.579667 174.196150,-39.579648 174.196825,-39.579840 174.197013,-39.579895 174.197198,-39.579903 174.197374,-39.579828 174.197597,-39.579654 174.197867,-39.579514 174.198146,-39.579396 174.198490,-39.579392 174.198804,-39.579470 174.199087,-39.579579 174.199275,-39.579731 174.199501,-39.579950 174.199609,-39.580191 174.199688,-39.580551 174.199694,-39.580891 174.199696,-39.581052 174.199772,-39.581244 174.199959,-39.581295 174.200130,-39.581247 174.200278,-39.581172 174.200324,-39.580961 174.200411,-39.580750 174.200570,-39.580475 174.200685,-39.580309 174.200868,-39.580153 174.201096,-39.579993 174.201327,-39.579710 174.201590,-39.579472 174.201756,-39.579383 174.201754,-39.579520 174.201496,-39.579831 174.201224,-39.580058 174.200952,-39.580292 174.200770,-39.580515 174.200569,-39.580952 174.200446,-39.581184 174.200154,-39.581342 174.199911,-39.581414 174.199679,-39.581350 174.199458,-39.581170 174.199423,-39.580967 174.199470,-39.580798 174.199474,-39.580521 174.199474,-39.580262 174.199412,-39.580073 174.199318,-39.579878 174.199153,-39.579778 174.198770,-39.579617 174.198607,-39.579605 174.198308,-39.579608 174.197965,-39.579699 174.197759,-39.579813 174.197512,-39.579984 174.197259,-39.580011 174.196754,-39.579965 174.196440,-39.579913 174.196065,-39.579870 174.195910,-39.579820 174.195696,-39.579844 174.195655,-39.579985 174.195637,-39.580266 174.195643,-39.580563 174.195760,-39.580647 174.196001,-39.580649 174.196344,-39.580726 174.196571,-39.580860 174.196669,-39.581127 174.196713,-39.581429 174.196806,-39.581726 174.196993,-39.582026 174.197063,-39.582246 174.197149,-39.582492 174.197116,-39.582790 174.197060,-39.583050 174.196894,-39.583295 174.196681,-39.583403 174.196439,-39.583406 174.196283,-39.583280 174.196144,-39.583196 174.195962,-39.583130 174.195807,-39.583119 174.195696,-39.583056 174.195493,-39.583079 174.195388,-39.583042 174.195102,-39.582998 174.194987,-39.583055 174.194828,-39.583090 174.194737,-39.583211 174.194695,-39.583317 174.194850,-39.583414 174.194940,-39.583536 174.195014,-39.583654 174.195096,-39.583939 174.195132,-39.584151 174.195196,-39.584354 174.195281,-39.584473 174.195361,-39.584668 174.195385,-39.584778 174.195332,-39.584898 174.195246,-39.584975 174.195232,-39.585141 174.195201,-39.585282 174.195088,-39.585406 174.195051,-39.585517 174.194960,-39.585629 174.194736,-39.585712 174.194543,-39.585697 174.194273,-39.585674 174.194018,-39.585524 174.193988,-39.585392 174.193985,-39.585192 174.193898,-39.584942 174.193817,-39.584735 174.193728,-39.584659 174.193519,-39.584640 174.193415,-39.584683 174.193251,-39.584736 174.193198,-39.584860 174.192981,-39.584994 174.192858,-39.585200 174.192695,-39.585316 174.192647,-39.585431 174.192589,-39.585564 174.192530,-39.585650 174.192408,-39.585983 174.192213,-39.585960 174.192236,-39.585819</coordinates>
</LinearRing>
</outerBoundaryIs>
</Polygon>
</Placemark>
<Placemark><styleUrl>#nz-river-polygons-topo-150kId</styleUrl>
<ExtendedData><SchemaData schemaUrl="#nz-river-polygons-topo-150kId"><SimpleData name="t50_fid">7553320</SimpleData>
</SchemaData>
</ExtendedData>
<Polygon><outerBoundaryIs><LinearRing><tessellate>1</tessellate>
<coordinates> 174.117566,-39.508603 174.117865,-39.508775 174.118032,-39.508979 174.118068,-39.509274 174.117994,-39.509535 174.117963,-39.509994 174.117992,-39.510386 174.118013,-39.510682 174.117819,-39.510769 174.117442,-39.510615 174.116963,-39.510390 174.116462,-39.510256 174.115623,-39.509968 174.115042,-39.509690 174.114776,-39.509656 174.114622,-39.509803 174.114438,-39.509980 174.114178,-39.510278 174.113437,-39.510781 174.113037,-39.511110 174.112851,-39.511376 174.112733,-39.511752 174.112592,-39.511883 174.112570,-39.511634 174.112689,-39.511329 174.112804,-39.511137 174.113134,-39.510814 174.113473,-39.510557 174.113929,-39.510305 174.114098,-39.510134 174.114203,-39.509922 174.114581,-39.509622 174.114697,-39.509573 174.115000,-39.509552 174.115251,-39.509610 174.115675,-39.509829 174.116632,-39.510152 174.117400,-39.510428 174.117699,-39.510583 174.117862,-39.510551 174.117805,-39.510400 174.117787,-39.510225 174.117802,-39.509706 174.117845,-39.509470 174.117934,-39.509167 174.117829,-39.508945 174.117537,-39.508736 174.117269,-39.508557 174.117203,-39.508383 174.117566,-39.508603</coordinates>
</LinearRing>
</outerBoundaryIs>
</Polygon>
</Placemark>
<Placemark><styleUrl>#nz-river-polygons-topo-150kId</styleUrl>
<ExtendedData><SchemaData schemaUrl="#nz-river-polygons-topo-150kId"><SimpleData name="t50_fid">100096794</SimpleData>
</SchemaData>
</ExtendedData>
<Polygon><outerBoundaryIs><LinearRing><tessellate>1</tessellate>
<coordinates> 174.060291,-39.567218 174.060719,-39.566718 174.060685,-39.566566 174.060784,-39.566295 174.060766,-39.566185 174.060816,-39.565854 174.060821,-39.565670 174.060842,-39.565493 174.060887,-39.565272 174.060877,-39.565143 174.060780,-39.565003 174.060736,-39.564734 174.060622,-39.564551 174.060628,-39.564429 174.060546,-39.564191 174.060383,-39.563911 174.060191,-39.563747 174.060069,-39.563552 174.060045,-39.563522 174.059924,-39.563370 174.059842,-39.563150 174.059798,-39.562893 174.059835,-39.562691 174.059967,-39.562530 174.060082,-39.562333 174.060215,-39.562216 174.060420,-39.562165 174.060719,-39.562076 174.060955,-39.561964 174.061455,-39.561580 174.061619,-39.561413 174.062042,-39.561109 174.062433,-39.560830 174.062558,-39.560737 174.062943,-39.560580 174.063197,-39.560627 174.063563,-39.560752 174.063883,-39.560982 174.064170,-39.561089 174.064306,-39.561198 174.064579,-39.561465 174.064763,-39.561611 174.064861,-39.561669 174.064958,-39.561727 174.065132,-39.561926 174.065169,-39.562311 174.065154,-39.562367 174.065156,-39.562471 174.065102,-39.562594 174.065199,-39.562678 174.065349,-39.562677 174.065459,-39.562596 174.065646,-39.562465 174.065985,-39.562353 174.066362,-39.562184 174.066471,-39.562048 174.066540,-39.561901 174.066457,-39.561656 174.066246,-39.561346 174.066087,-39.561250 174.065836,-39.560897 174.065778,-39.560744 174.065583,-39.560409 174.065400,-39.560343 174.065145,-39.560193 174.064994,-39.560182 174.064763,-39.560025 174.064636,-39.560056 174.064334,-39.559955 174.064212,-39.559754 174.064216,-39.559491 174.064251,-39.559184 174.064439,-39.559048 174.064714,-39.558929 174.064928,-39.558915 174.065204,-39.558900 174.065704,-39.558987 174.065992,-39.559161 174.066270,-39.559282 174.066477,-39.559360 174.066636,-39.559413 174.066797,-39.559596 174.066940,-39.559600 174.067017,-39.559489 174.067044,-39.559275 174.067034,-39.559055 174.066966,-39.558737 174.066925,-39.558405 174.066865,-39.558315 174.066780,-39.557985 174.066625,-39.557563 174.066589,-39.557490 174.066664,-39.556592 174.066530,-39.556185 174.066351,-39.556029 174.066143,-39.555899 174.065733,-39.555804 174.065359,-39.555807 174.065052,-39.555751 174.064846,-39.555641 174.064537,-39.555479 174.064408,-39.555342 174.064260,-39.555126 174.064148,-39.555028 174.064316,-39.554915 174.064713,-39.554746 174.064925,-39.554692 174.065172,-39.554645 174.065485,-39.554608 174.065689,-39.554566 174.066012,-39.554603 174.066260,-39.554693 174.066967,-39.554759 174.067026,-39.554692 174.067721,-39.554554 174.068161,-39.554399 174.068720,-39.554236 174.069252,-39.553994 174.069446,-39.553893 174.069537,-39.553734 174.069807,-39.553580 174.069862,-39.553316 174.070086,-39.552893 174.070140,-39.552563 174.070119,-39.552287 174.070047,-39.552198 174.069901,-39.551961 174.069714,-39.551662 174.069484,-39.551330 174.069336,-39.551204 174.069126,-39.550985 174.068892,-39.550789 174.068622,-39.550613 174.068322,-39.550512 174.068023,-39.550416 174.067613,-39.550241 174.067380,-39.550106 174.067157,-39.549873 174.067014,-39.549644 174.066968,-39.549404 174.067062,-39.549238 174.067054,-39.549059 174.067000,-39.548759 174.067071,-39.548645 174.067307,-39.548563 174.067742,-39.548356 174.068161,-39.548208 174.068394,-39.548026 174.068877,-39.547856 174.069482,-39.547620 174.069886,-39.547414 174.070290,-39.547189 174.070506,-39.547027 174.070595,-39.546908 174.070696,-39.546770 174.070726,-39.546748 174.070930,-39.546591 174.071184,-39.546234 174.071411,-39.545654 174.071406,-39.545284 174.071446,-39.545142 174.071596,-39.545057 174.071659,-39.544969 174.071677,-39.544728 174.071588,-39.544522 174.071498,-39.544313 174.071418,-39.543969 174.071473,-39.543723 174.071519,-39.543552 174.071683,-39.543388 174.072009,-39.543247 174.072383,-39.543136 174.072694,-39.543100 174.073215,-39.543049 174.073564,-39.543021 174.073935,-39.543026 174.074274,-39.543002 174.074478,-39.543083 174.074678,-39.543127 174.075340,-39.543167 174.075811,-39.543092 174.076161,-39.543130 174.076301,-39.543156 174.076706,-39.543233 174.076996,-39.543247 174.077431,-39.543189 174.077769,-39.543182 174.078130,-39.543220 174.078392,-39.543143 174.078809,-39.543022 174.079313,-39.542947 174.079699,-39.542872 174.079885,-39.542754 174.080131,-39.542282 174.080196,-39.541961 174.080151,-39.541832 174.079993,-39.541730 174.079728,-39.541640 174.079678,-39.541508 174.079581,-39.541471 174.079526,-39.541397 174.079620,-39.541242 174.079898,-39.541119 174.080132,-39.540979 174.080528,-39.540842 174.080811,-39.540761 174.081017,-39.540542 174.081176,-39.540399 174.081337,-39.540356 174.081654,-39.540345 174.081906,-39.540293 174.082137,-39.540332 174.082373,-39.540272 174.082593,-39.540241 174.082861,-39.540230 174.083163,-39.540285 174.083589,-39.540335 174.083890,-39.540345 174.084244,-39.540296 174.084505,-39.540173 174.084665,-39.540088 174.084901,-39.540065 174.085121,-39.540051 174.085312,-39.539903 174.085412,-39.539744 174.085539,-39.539643 174.085671,-39.539488 174.085808,-39.539295 174.086026,-39.539148 174.086132,-39.539038 174.086119,-39.538880 174.085989,-39.538474 174.085756,-39.538006 174.085721,-39.537728 174.085953,-39.537921 174.086016,-39.538124 174.086132,-39.538360 174.086250,-39.538713 174.086276,-39.538958 174.086198,-39.539133 174.085865,-39.539482 174.085543,-39.539868 174.085160,-39.540121 174.084705,-39.540263 174.084202,-39.540409 174.083730,-39.540442 174.083182,-39.540447 174.082822,-39.540398 174.082439,-39.540346 174.082262,-39.540423 174.081924,-39.540459 174.081704,-39.540461 174.081281,-39.540544 174.081084,-39.540679 174.080750,-39.540961 174.080317,-39.541111 174.080199,-39.541144 174.080077,-39.541221 174.079904,-39.541330 174.079855,-39.541360 174.079737,-39.541461 174.079785,-39.541567 174.079822,-39.541569 174.079933,-39.541578 174.080007,-39.541583 174.080041,-39.541586 174.080111,-39.541618 174.080245,-39.541679 174.080253,-39.541683 174.080262,-39.541702 174.080369,-39.541947 174.080377,-39.541973 174.080380,-39.542135 174.080380,-39.542192 174.080358,-39.542271 174.080285,-39.542526 174.080062,-39.542904 174.079801,-39.543052 174.079649,-39.543073 174.079155,-39.543119 174.078822,-39.543159 174.078400,-39.543292 174.078030,-39.543346 174.077524,-39.543334 174.077149,-39.543396 174.076691,-39.543337 174.076238,-39.543242 174.076020,-39.543217 174.075808,-39.543234 174.075433,-39.543280 174.074783,-39.543286 174.074470,-39.543204 174.074231,-39.543150 174.074226,-39.543150 174.073930,-39.543174 174.073882,-39.543175 174.073179,-39.543195 174.072859,-39.543226 174.072676,-39.543267 174.072430,-39.543322 174.072064,-39.543442 174.071983,-39.543468 174.071830,-39.543590 174.071696,-39.543868 174.071702,-39.544223 174.071825,-39.544463 174.071835,-39.544653 174.071837,-39.544703 174.071790,-39.545165 174.071648,-39.545471 174.071590,-39.545862 174.071529,-39.546011 174.071451,-39.546203 174.071396,-39.546339 174.071226,-39.546602 174.071196,-39.546744 174.071177,-39.546838 174.071136,-39.546881 174.071011,-39.546989 174.070504,-39.547258 174.070179,-39.547487 174.069799,-39.547678 174.069636,-39.547746 174.069316,-39.547899 174.068947,-39.548035 174.068868,-39.548064 174.068636,-39.548232 174.068403,-39.548322 174.068284,-39.548394 174.068104,-39.548537 174.067892,-39.548619 174.067772,-39.548695 174.067578,-39.548786 174.067295,-39.548925 174.067229,-39.549015 174.067279,-39.549081 174.067276,-39.549312 174.067336,-39.549636 174.067541,-39.549902 174.067682,-39.549972 174.067964,-39.550162 174.068357,-39.550370 174.068662,-39.550448 174.068865,-39.550577 174.069148,-39.550801 174.069480,-39.551057 174.069717,-39.551382 174.070003,-39.551718 174.070130,-39.552069 174.070222,-39.552324 174.070262,-39.552727 174.070290,-39.552917 174.070353,-39.553128 174.070111,-39.553426 174.070023,-39.553776 174.069849,-39.554074 174.069402,-39.554361 174.069080,-39.554410 174.068327,-39.554667 174.067368,-39.554847 174.067011,-39.554850 174.066375,-39.554929 174.066195,-39.554858 174.065616,-39.554830 174.065276,-39.554866 174.065080,-39.554948 174.065059,-39.555132 174.065104,-39.555237 174.065165,-39.555368 174.065235,-39.555499 174.065314,-39.555682 174.065468,-39.555694 174.065713,-39.555613 174.066054,-39.555656 174.066370,-39.555719 174.066499,-39.555823 174.066727,-39.556268 174.066798,-39.556498 174.066803,-39.556827 174.066842,-39.557156 174.066849,-39.557397 174.066868,-39.557488 174.066901,-39.557561 174.067001,-39.557904 174.067093,-39.558252 174.067217,-39.558612 174.067215,-39.559010 174.067214,-39.559329 174.067206,-39.559396 174.067146,-39.559672 174.067045,-39.559765 174.066855,-39.559767 174.066640,-39.559671 174.066544,-39.559573 174.066353,-39.559545 174.065972,-39.559391 174.065757,-39.559379 174.065513,-39.559405 174.065388,-39.559511 174.065152,-39.559654 174.064956,-39.559759 174.064879,-39.559901 174.064952,-39.559992 174.065262,-39.560118 174.065506,-39.560018 174.065562,-39.560017 174.065651,-39.560151 174.065724,-39.560322 174.065895,-39.560645 174.066161,-39.560930 174.066490,-39.561209 174.066587,-39.561367 174.066749,-39.561593 174.066897,-39.561946 174.066885,-39.562210 174.066817,-39.562431 174.066645,-39.562543 174.066353,-39.562625 174.066014,-39.562732 174.065872,-39.562721 174.065517,-39.562767 174.065342,-39.562763 174.065288,-39.562800 174.065122,-39.562814 174.064970,-39.562711 174.064889,-39.562571 174.064948,-39.562307 174.064857,-39.562081 174.064806,-39.561812 174.064677,-39.561691 174.064598,-39.561698 174.064438,-39.561583 174.063990,-39.561275 174.063789,-39.561056 174.063359,-39.560846 174.063049,-39.560745 174.062631,-39.560840 174.062325,-39.561002 174.062067,-39.561213 174.061944,-39.561434 174.061687,-39.561737 174.061420,-39.561850 174.061108,-39.562116 174.060950,-39.562172 174.060730,-39.562266 174.060651,-39.562279 174.060439,-39.562397 174.060252,-39.562564 174.060094,-39.562560 174.059962,-39.562720 174.059948,-39.562898 174.059991,-39.563094 174.059994,-39.563265 174.060260,-39.563581 174.060517,-39.563848 174.060668,-39.563926 174.060807,-39.564188 174.060924,-39.564592 174.060918,-39.564769 174.060944,-39.564904 174.061052,-39.565203 174.061063,-39.565423 174.061146,-39.565692 174.061185,-39.566151 174.061096,-39.566531 174.060676,-39.567043 174.060489,-39.567198 174.060388,-39.567346 174.060351,-39.567542 174.060209,-39.567550 174.060246,-39.567347 174.060291,-39.567218</coordinates>
</LinearRing>
</outerBoundaryIs>
<innerBoundaryIs><LinearRing><tessellate>1</tessellate>
<coordinates> 174.064938,-39.559055 174.064677,-39.559095 174.064449,-39.559188 174.064380,-39.559312 174.064398,-39.559477 174.064527,-39.559604 174.064704,-39.559835 174.064924,-39.559699 174.065079,-39.559507 174.065259,-39.559377 174.065519,-39.559289 174.065516,-39.559124 174.065270,-39.559083 174.064938,-39.559055</coordinates>
</LinearRing>
</innerBoundaryIs>
<innerBoundaryIs><LinearRing><tessellate>1</tessellate>
<coordinates> 174.064519,-39.555270 174.064667,-39.555429 174.064879,-39.555533 174.064974,-39.555566 174.065063,-39.555481 174.065016,-39.555248 174.064913,-39.555157 174.064921,-39.554985 174.064779,-39.554944 174.064580,-39.554955 174.064511,-39.554941 174.064448,-39.555077 174.064519,-39.555270</coordinates>
</LinearRing>
</innerBoundaryIs>
</Polygon>
</Placemark>
<Placemark><styleUrl>#nz-river-polygons-topo-150kId</styleUrl>
<ExtendedData><SchemaData schemaUrl="#nz-river-polygons-topo-150kId"><SimpleData name="t50_fid">7552108</SimpleData>
</SchemaData>
</ExtendedData>
<Polygon><outerBoundaryIs><LinearRing><tessellate>1</tessellate>
<coordinates> 174.102926,-39.524006 174.102739,-39.524119 174.102458,-39.524496 174.102472,-39.524794 174.102380,-39.525212 174.102316,-39.525699 174.102370,-39.526267 174.102452,-39.526933 174.102476,-39.527308 174.102283,-39.527615 174.102002,-39.527937 174.101781,-39.528147 174.101391,-39.528457 174.101106,-39.528577 174.100642,-39.528693 174.100321,-39.528828 174.099958,-39.529067 174.099387,-39.529274 174.098558,-39.529546 174.098397,-39.529617 174.098364,-39.529804 174.098171,-39.530056 174.098140,-39.530355 174.098198,-39.530618 174.098040,-39.530849 174.097702,-39.531019 174.097265,-39.531127 174.096771,-39.531069 174.096447,-39.531003 174.096064,-39.531194 174.095553,-39.531754 174.095007,-39.532363 174.094392,-39.533160 174.093874,-39.533846 174.093381,-39.534433 174.093025,-39.534617 174.093130,-39.534477 174.093315,-39.534233 174.093394,-39.534084 174.093550,-39.533793 174.093841,-39.533478 174.094494,-39.532805 174.095056,-39.532078 174.095603,-39.531503 174.096018,-39.531097 174.096329,-39.530920 174.096579,-39.530856 174.097029,-39.530969 174.097549,-39.530971 174.097886,-39.530753 174.097980,-39.530454 174.098063,-39.530002 174.098195,-39.529756 174.098165,-39.529595 174.098653,-39.529322 174.099706,-39.529021 174.100399,-39.528660 174.100816,-39.528386 174.101218,-39.528285 174.101583,-39.528108 174.101875,-39.527841 174.102253,-39.527400 174.102304,-39.527212 174.102240,-39.526588 174.102134,-39.526124 174.102113,-39.525916 174.102134,-39.525527 174.102210,-39.525220 174.102304,-39.524942 174.102343,-39.524567 174.102507,-39.524183 174.102753,-39.523875 174.102967,-39.523797 174.102926,-39.524006</coordinates>
</LinearRing>
</outerBoundaryIs>
</Polygon>
</Placemark>
<Placemark><styleUrl>#nz-river-polygons-topo-150kId</styleUrl>
<ExtendedData><SchemaData schemaUrl="#nz-river-polygons-topo-150kId"><SimpleData name="t50_fid">7549908</SimpleData>
</SchemaData>
</ExtendedData>
<Polygon><outerBoundaryIs><LinearRing><tessellate>1</tessellate>
<coordinates> 173.890207,-39.444762 173.889953,-39.444817 173.889612,-39.444895 173.889408,-39.444973 173.888987,-39.444991 173.888567,-39.445055 173.888343,-39.445125 173.887984,-39.445310 173.887654,-39.445525 173.887511,-39.445563 173.887002,-39.445772 173.886749,-39.445896 173.886437,-39.445989 173.886026,-39.446007 173.885703,-39.445987 173.885468,-39.445966 173.885341,-39.445975 173.884842,-39.445910 173.884489,-39.445890 173.884421,-39.445891 173.884079,-39.445969 173.883885,-39.446061 173.883691,-39.446207 173.883575,-39.446314 173.883353,-39.446513 173.883315,-39.446635 173.883298,-39.446794 173.883310,-39.446991 173.883380,-39.447127 173.883472,-39.447422 173.883445,-39.447665 173.883407,-39.447756 173.883234,-39.447993 173.882895,-39.448246 173.882684,-39.448528 173.882472,-39.448840 173.882377,-39.449023 173.882299,-39.449077 173.882066,-39.449192 173.881647,-39.449302 173.881187,-39.449336 173.881002,-39.449367 173.880739,-39.449430 173.880514,-39.449454 173.880328,-39.449486 173.879841,-39.449588 173.879441,-39.449690 173.879110,-39.449844 173.878945,-39.449967 173.878770,-39.450006 173.878537,-39.450182 173.878364,-39.450396 173.878190,-39.450587 173.878201,-39.450701 173.877988,-39.450884 173.877688,-39.451106 173.877455,-39.451290 173.877300,-39.451397 173.877146,-39.451550 173.877068,-39.451612 173.877108,-39.451657 173.877284,-39.451686 173.877598,-39.451714 173.877726,-39.451804 173.877827,-39.452084 173.877830,-39.452258 173.877792,-39.452395 173.877785,-39.452615 173.877738,-39.452752 173.877690,-39.452820 173.877625,-39.453139 173.877648,-39.453382 173.877630,-39.453541 173.877583,-39.453640 173.877495,-39.453694 173.877319,-39.453665 173.877043,-39.453515 173.876726,-39.453192 173.876587,-39.453018 173.876370,-39.452861 173.876143,-39.452695 173.875867,-39.452561 173.875641,-39.452517 173.875426,-39.452519 173.875212,-39.452558 173.874909,-39.452652 173.874841,-39.452683 173.874470,-39.452723 173.873854,-39.452728 173.873560,-39.452715 173.873121,-39.452771 173.872632,-39.452836 173.872282,-39.452975 173.871892,-39.453122 173.871704,-39.453270 173.871495,-39.453421 173.871282,-39.453581 173.871174,-39.453709 173.871026,-39.453879 173.870804,-39.454099 173.870602,-39.454248 173.870513,-39.454333 173.870459,-39.454384 173.870359,-39.454494 173.870205,-39.454540 173.869909,-39.454722 173.869801,-39.454821 173.869695,-39.454801 173.869490,-39.454819 173.869211,-39.454797 173.869086,-39.454773 173.868723,-39.454746 173.868655,-39.454739 173.868409,-39.454657 173.868204,-39.454628 173.867682,-39.454420 173.867387,-39.454263 173.867269,-39.454180 173.867125,-39.454099 173.867064,-39.454014 173.866936,-39.454022 173.866783,-39.454091 173.866545,-39.454166 173.866358,-39.454300 173.866167,-39.454499 173.865633,-39.454799 173.865274,-39.455082 173.865034,-39.455403 173.865006,-39.455562 173.865037,-39.455698 173.865263,-39.455780 173.865547,-39.455755 173.865673,-39.455701 173.865858,-39.455579 173.866002,-39.455555 173.865947,-39.455730 173.865821,-39.455776 173.865440,-39.455847 173.865078,-39.455857 173.864862,-39.455730 173.864713,-39.455557 173.864963,-39.455259 173.865273,-39.454961 173.865388,-39.454786 173.865776,-39.454517 173.865986,-39.454406 173.866252,-39.454226 173.866611,-39.454041 173.866835,-39.453981 173.866989,-39.453962 173.867120,-39.453969 173.867607,-39.454153 173.868081,-39.454444 173.868495,-39.454557 173.868607,-39.454588 173.869188,-39.454681 173.869347,-39.454700 173.869647,-39.454752 173.869767,-39.454718 173.869954,-39.454586 173.869992,-39.454435 173.870029,-39.454377 173.870239,-39.454219 173.870417,-39.454043 173.870611,-39.453897 173.870881,-39.453577 173.871297,-39.453240 173.871725,-39.453040 173.872241,-39.452816 173.872836,-39.452652 173.873402,-39.452580 173.873920,-39.452576 173.874302,-39.452603 173.874771,-39.452524 173.875161,-39.452437 173.875630,-39.452411 173.876043,-39.452529 173.876377,-39.452686 173.876723,-39.452957 173.876990,-39.453197 173.877188,-39.453363 173.877395,-39.453482 173.877473,-39.453467 173.877458,-39.453027 173.877336,-39.452717 173.877462,-39.452557 173.877499,-39.452427 173.877417,-39.452087 173.877100,-39.451824 173.876873,-39.451659 173.876852,-39.451545 173.877065,-39.451392 173.877560,-39.451069 173.877724,-39.450863 173.877985,-39.450588 173.878313,-39.450214 173.878583,-39.449954 173.878797,-39.449854 173.879001,-39.449739 173.879585,-39.449522 173.879907,-39.449391 173.880072,-39.449336 173.880365,-39.449296 173.880541,-39.449249 173.880873,-39.449239 173.881508,-39.449151 173.881811,-39.449141 173.882035,-39.449094 173.882210,-39.448986 173.882316,-39.448849 173.882431,-39.448628 173.882912,-39.448063 173.883145,-39.447865 173.883327,-39.447583 173.883353,-39.447340 173.883185,-39.447166 173.883115,-39.447023 173.883095,-39.446985 173.883091,-39.446742 173.883167,-39.446530 173.883408,-39.446247 173.883601,-39.446064 173.883854,-39.445902 173.884106,-39.445764 173.884341,-39.445732 173.884664,-39.445760 173.885016,-39.445810 173.885193,-39.445824 173.885398,-39.445800 173.885730,-39.445797 173.886014,-39.445825 173.886308,-39.445838 173.886474,-39.445822 173.886844,-39.445698 173.887399,-39.445458 173.887817,-39.445273 173.888108,-39.445059 173.888420,-39.444980 173.888585,-39.444903 173.888975,-39.444824 173.889219,-39.444769 173.889532,-39.444759 173.889883,-39.444681 173.890118,-39.444649 173.890361,-39.444564 173.890537,-39.444562 173.890751,-39.444432 173.890847,-39.444325 173.890963,-39.444225 173.891088,-39.444080 173.891282,-39.443904 173.891704,-39.443287 173.891742,-39.443188 173.891962,-39.442754 173.892161,-39.442305 173.892363,-39.442030 173.892828,-39.441647 173.893157,-39.441395 173.893691,-39.441057 173.893874,-39.440820 173.894097,-39.440675 173.894350,-39.440559 173.894407,-39.440452 173.894306,-39.440241 173.894098,-39.440007 173.893930,-39.439849 173.893840,-39.439736 173.893749,-39.439487 173.893737,-39.439305 173.893694,-39.438994 173.893507,-39.438889 173.893162,-39.438695 173.892984,-39.438560 173.892805,-39.438318 173.892743,-39.438099 173.892796,-39.437628 173.892910,-39.437347 173.893123,-39.437163 173.893257,-39.436995 173.893276,-39.436896 173.893235,-39.436798 173.893204,-39.436624 173.893111,-39.436245 173.893119,-39.436071 173.893116,-39.435881 173.893236,-39.435778 173.893339,-39.435690 173.893582,-39.435590 173.893943,-39.435496 173.894215,-39.435388 173.894867,-39.435170 173.894964,-39.435101 173.895217,-39.434978 173.895537,-39.434771 173.895885,-39.434442 173.896127,-39.434212 173.896388,-39.434028 173.896671,-39.433943 173.896834,-39.433699 173.897116,-39.433537 173.897329,-39.433437 173.897631,-39.433283 173.898077,-39.433007 173.898398,-39.432913 173.898790,-39.432918 173.899034,-39.432908 173.899366,-39.432860 173.899600,-39.432767 173.899736,-39.432766 173.900175,-39.432642 173.900281,-39.432519 173.900347,-39.432307 173.900492,-39.432161 173.900647,-39.432099 173.900782,-39.431970 173.900938,-39.431908 173.901153,-39.431868 173.901338,-39.431859 173.901748,-39.431765 173.902050,-39.431656 173.902215,-39.431579 173.902342,-39.431578 173.902518,-39.431562 173.902701,-39.431363 173.902777,-39.431180 173.902989,-39.430913 173.903123,-39.430723 173.903170,-39.430563 173.903401,-39.430281 173.903615,-39.430158 173.903945,-39.429981 173.904412,-39.429825 173.904872,-39.429799 173.905165,-39.429782 173.905418,-39.429673 173.905690,-39.429542 173.905981,-39.429343 173.906136,-39.429243 173.906320,-39.429090 173.906492,-39.428808 173.906664,-39.428503 173.906649,-39.428094 173.906596,-39.427746 173.906366,-39.427361 173.906284,-39.427073 173.906262,-39.426914 173.906278,-39.426610 173.906383,-39.426405 173.906652,-39.426084 173.906990,-39.425763 173.907300,-39.425525 173.907582,-39.425387 173.908088,-39.425208 173.908469,-39.425160 173.909036,-39.425163 173.909721,-39.425180 173.909947,-39.425232 173.910045,-39.425261 173.910191,-39.425245 173.910268,-39.425161 173.910526,-39.424704 173.910727,-39.424308 173.910974,-39.423805 173.911232,-39.423318 173.911278,-39.423136 173.911480,-39.422869 173.911663,-39.422662 173.911964,-39.422455 173.912275,-39.422286 173.912643,-39.422033 173.913128,-39.421726 173.913712,-39.421509 173.914131,-39.421407 173.914345,-39.421329 173.914490,-39.421245 173.914585,-39.421001 173.914678,-39.420644 173.914674,-39.420333 173.914700,-39.420068 173.914805,-39.419862 173.915065,-39.419534 173.915422,-39.419228 173.915596,-39.419029 173.915964,-39.418738 173.916246,-39.418622 173.916568,-39.418620 173.916521,-39.418711 173.916247,-39.418743 173.916092,-39.418828 173.915802,-39.419126 173.915649,-39.419378 173.915585,-39.419727 173.915454,-39.420160 173.915367,-39.420252 173.914952,-39.420642 173.914904,-39.420749 173.914732,-39.421053 173.914637,-39.421228 173.914424,-39.421397 173.914201,-39.421543 173.913792,-39.421637 173.913510,-39.421761 173.912936,-39.422015 173.912529,-39.422322 173.912092,-39.422553 173.911782,-39.422760 173.911639,-39.423019 173.911408,-39.423302 173.911046,-39.424070 173.910645,-39.424839 173.910455,-39.425266 173.910359,-39.425357 173.910134,-39.425329 173.909919,-39.425376 173.909792,-39.425400 173.909214,-39.425336 173.908891,-39.425270 173.908686,-39.425280 173.908158,-39.425329 173.907876,-39.425430 173.907575,-39.425561 173.907187,-39.425845 173.906791,-39.426197 173.906540,-39.426472 173.906426,-39.426738 173.906470,-39.427072 173.906609,-39.427275 173.906769,-39.427577 173.906821,-39.427774 173.906865,-39.428168 173.906870,-39.428547 173.906796,-39.428844 173.906468,-39.429203 173.906062,-39.429555 173.905635,-39.429816 173.905362,-39.429894 173.904903,-39.429973 173.904493,-39.430030 173.904182,-39.430131 173.903899,-39.430209 173.903598,-39.430355 173.903415,-39.430622 173.903303,-39.431010 173.902995,-39.431406 173.902636,-39.431644 173.902190,-39.431875 173.902014,-39.431899 173.901889,-39.431949 173.901702,-39.431978 173.901487,-39.431979 173.901203,-39.431997 173.900960,-39.432059 173.900806,-39.432250 173.900712,-39.432539 173.900665,-39.432714 173.900372,-39.432769 173.900021,-39.432832 173.899651,-39.432934 173.899407,-39.432981 173.899017,-39.433075 173.898802,-39.433085 173.898616,-39.433109 173.898391,-39.433126 173.898284,-39.433134 173.898051,-39.433272 173.897584,-39.433488 173.896848,-39.433922 173.896788,-39.433957 173.896159,-39.434440 173.895897,-39.434631 173.895724,-39.434815 173.895335,-39.435045 173.894966,-39.435238 173.894879,-39.435329 173.894577,-39.435415 173.894285,-39.435478 173.894090,-39.435548 173.893896,-39.435655 173.893681,-39.435703 173.893350,-39.435826 173.893273,-39.435918 173.893304,-39.436054 173.893395,-39.436266 173.893467,-39.436576 173.893422,-39.436850 173.893347,-39.437085 173.893222,-39.437261 173.893184,-39.437360 173.892999,-39.437467 173.892991,-39.437566 173.892974,-39.437794 173.892896,-39.437787 173.892898,-39.437923 173.892970,-39.438226 173.893070,-39.438384 173.893228,-39.438489 173.893601,-39.438615 173.893798,-39.438728 173.893918,-39.438970 173.893933,-39.439326 173.893926,-39.439569 173.894006,-39.439712 173.894175,-39.439878 173.894353,-39.440043 173.894521,-39.440209 173.894582,-39.440360 173.894400,-39.440649 173.894102,-39.441061 173.893568,-39.441384 173.892995,-39.441714 173.892531,-39.442112 173.892348,-39.442364 173.892129,-39.442821 173.891919,-39.443240 173.891871,-39.443308 173.891688,-39.443552 173.891525,-39.443766 173.891371,-39.444010 173.891044,-39.444467 173.890899,-39.444567 173.890383,-39.444753 173.890207,-39.444762</coordinates>
</LinearRing>
</outerBoundaryIs>
<innerBoundaryIs><LinearRing><tessellate>1</tessellate>
<coordinates> 173.877465,-39.452033 173.877626,-39.452442 173.877672,-39.452145 173.877629,-39.451850 173.877559,-39.451782 173.877373,-39.451769 173.877237,-39.451800 173.877465,-39.452033</coordinates>
</LinearRing>
</innerBoundaryIs>
<innerBoundaryIs><LinearRing><tessellate>1</tessellate>
<coordinates> 173.900546,-39.432675 173.900636,-39.432575 173.900624,-39.432385 173.900685,-39.432173 173.900775,-39.432095 173.900559,-39.432230 173.900451,-39.432323 173.900381,-39.432535 173.900301,-39.432684 173.900546,-39.432675</coordinates>
</LinearRing>
</innerBoundaryIs>
<innerBoundaryIs><LinearRing><tessellate>1</tessellate>
<coordinates> 173.915323,-39.419429 173.915027,-39.419755 173.914867,-39.420011 173.914765,-39.420575 173.914829,-39.420582 173.915233,-39.420219 173.915402,-39.419957 173.915462,-39.419625 173.915469,-39.419477 173.915323,-39.419429</coordinates>
</LinearRing>
</innerBoundaryIs>
</Polygon>
</Placemark>
<Placemark><styleUrl>#nz-river-polygons-topo-150kId</styleUrl>
<ExtendedData><SchemaData schemaUrl="#nz-river-polygons-topo-150kId"><SimpleData name="t50_fid">7550384</SimpleData>
</SchemaData>
</ExtendedData>
<Polygon><outerBoundaryIs><LinearRing><tessellate>1</tessellate>
<coordinates> 173.920341,-39.408327 173.920293,-39.408524 173.920397,-39.408721 173.920440,-39.409057 173.920610,-39.409421 173.920830,-39.409696 173.921075,-39.409891 173.921243,-39.410088 173.921220,-39.410285 173.921132,-39.410375 173.920864,-39.410338 173.920685,-39.410280 173.920379,-39.410262 173.920089,-39.410433 173.919939,-39.410631 173.919840,-39.410909 173.919972,-39.411214 173.920027,-39.411520 173.920004,-39.411708 173.919804,-39.412055 173.919606,-39.412462 173.919621,-39.412669 173.919740,-39.412984 173.919758,-39.413330 173.919875,-39.413546 173.920093,-39.413693 173.920249,-39.413899 173.920242,-39.414344 173.920120,-39.414710 173.919997,-39.415067 173.919947,-39.415116 173.919602,-39.415099 173.919220,-39.415063 173.918594,-39.414949 173.918186,-39.414883 173.917844,-39.414995 173.917579,-39.415244 173.917606,-39.415303 173.917937,-39.415340 173.918282,-39.415416 173.918641,-39.415591 173.918809,-39.415753 173.918952,-39.416065 173.918847,-39.416227 173.918696,-39.416361 173.918315,-39.416502 173.917966,-39.416550 173.917584,-39.416548 173.917360,-39.416515 173.916966,-39.416562 173.916764,-39.416668 173.916753,-39.416777 173.916862,-39.416860 173.917061,-39.417011 173.917322,-39.417498 173.917348,-39.417833 173.917147,-39.417722 173.917041,-39.417407 173.916982,-39.417244 173.916903,-39.417106 173.916581,-39.416813 173.916591,-39.416585 173.916654,-39.416535 173.916882,-39.416454 173.917111,-39.416433 173.917480,-39.416430 173.917950,-39.416337 173.918243,-39.416296 173.918624,-39.416273 173.918712,-39.416144 173.918710,-39.415996 173.918515,-39.415720 173.918259,-39.415614 173.917824,-39.415479 173.917378,-39.415394 173.917325,-39.415305 173.917361,-39.415097 173.917461,-39.414948 173.917639,-39.414907 173.918058,-39.414815 173.918197,-39.414725 173.918475,-39.414565 173.918920,-39.414561 173.919228,-39.414697 173.919536,-39.414853 173.919792,-39.414969 173.919919,-39.414929 173.919966,-39.414682 173.919974,-39.414316 173.919844,-39.414119 173.919571,-39.413687 173.919505,-39.413470 173.919488,-39.413184 173.919498,-39.412927 173.919440,-39.412443 173.919527,-39.412265 173.919688,-39.411947 173.919825,-39.411699 173.919810,-39.411492 173.919625,-39.410980 173.919661,-39.410833 173.919722,-39.410594 173.919834,-39.410435 173.920277,-39.410184 173.920658,-39.410142 173.920913,-39.410179 173.921055,-39.410277 173.921104,-39.410168 173.921090,-39.410030 173.920896,-39.409873 173.920691,-39.409727 173.920393,-39.409383 173.920303,-39.409255 173.920210,-39.409009 173.920194,-39.408752 173.920175,-39.408298 173.920301,-39.408179 173.920617,-39.407959 173.920867,-39.407651 173.920877,-39.407394 173.920872,-39.407028 173.920983,-39.406741 173.921069,-39.406543 173.921310,-39.406452 173.921589,-39.406380 173.921945,-39.406338 173.922363,-39.406177 173.922692,-39.405986 173.922766,-39.405838 173.923006,-39.405638 173.923258,-39.405458 173.923550,-39.405377 173.923778,-39.405346 173.924033,-39.405304 173.924235,-39.405194 173.924387,-39.405123 173.924487,-39.405014 173.924676,-39.404884 173.924865,-39.404695 173.925180,-39.404465 173.925457,-39.404186 173.925519,-39.404144 173.925687,-39.403966 173.925757,-39.403764 173.925866,-39.403430 173.926059,-39.403265 173.926268,-39.403137 173.926525,-39.402921 173.926872,-39.402786 173.927219,-39.402676 173.927575,-39.402604 173.927736,-39.402490 173.928138,-39.402184 173.928403,-39.402006 173.928711,-39.401966 173.929002,-39.401882 173.929147,-39.401799 173.929330,-39.401589 173.929433,-39.401375 173.929553,-39.401241 173.929852,-39.401145 173.929949,-39.401094 173.930150,-39.400991 173.930415,-39.400813 173.930591,-39.400629 173.930742,-39.400357 173.930908,-39.400047 173.931071,-39.399511 173.931261,-39.399144 173.931422,-39.399005 173.931622,-39.398827 173.931840,-39.398705 173.932169,-39.398464 173.932467,-39.398279 173.932667,-39.398076 173.932802,-39.397898 173.932959,-39.397469 173.933038,-39.397336 173.933104,-39.397443 173.933051,-39.397664 173.932980,-39.397878 173.932901,-39.398017 173.932790,-39.398201 173.932541,-39.398410 173.931978,-39.398761 173.931537,-39.399104 173.931362,-39.399376 173.931085,-39.399958 173.930865,-39.400488 173.930682,-39.400741 173.930355,-39.401115 173.930226,-39.401236 173.929918,-39.401264 173.929653,-39.401448 173.929447,-39.401777 173.929286,-39.401923 173.928680,-39.402098 173.928236,-39.402278 173.927996,-39.402481 173.927674,-39.402717 173.927359,-39.402801 173.926865,-39.402906 173.926382,-39.403142 173.926117,-39.403352 173.925957,-39.403567 173.925959,-39.403731 173.925834,-39.404028 173.925611,-39.404294 173.925183,-39.404672 173.924866,-39.404915 173.924805,-39.404962 173.924541,-39.405211 173.924097,-39.405373 173.923869,-39.405463 173.923640,-39.405465 173.923248,-39.405656 173.922934,-39.405975 173.922630,-39.406155 173.922416,-39.406334 173.921997,-39.406446 173.921617,-39.406538 173.921491,-39.406591 173.921401,-39.406629 173.921135,-39.406700 173.921073,-39.406829 173.921038,-39.407057 173.921065,-39.407245 173.921119,-39.407402 173.921021,-39.407748 173.920821,-39.407977 173.920581,-39.408147 173.920341,-39.408327</coordinates>
</LinearRing>
</outerBoundaryIs>
<innerBoundaryIs><LinearRing><tessellate>1</tessellate>
<coordinates> 173.919902,-39.413791 173.919898,-39.413984 173.920002,-39.414167 173.920029,-39.414275 173.920116,-39.414086 173.920146,-39.413948 173.920132,-39.413849 173.920023,-39.413765 173.919902,-39.413791</coordinates>
</LinearRing>
</innerBoundaryIs>
</Polygon>
</Placemark>
<Placemark><styleUrl>#nz-river-polygons-topo-150kId</styleUrl>
<ExtendedData><SchemaData schemaUrl="#nz-river-polygons-topo-150kId"><SimpleData name="t50_fid">7551151</SimpleData>
</SchemaData>
</ExtendedData>
<Polygon><outerBoundaryIs><LinearRing><tessellate>1</tessellate>
<coordinates> 174.279079,-39.178618 174.279273,-39.179359 174.279548,-39.179851 174.280271,-39.180853 174.280539,-39.181119 174.280862,-39.181293 174.281301,-39.181466 174.281567,-39.181642 174.281776,-39.181864 174.282381,-39.182800 174.282529,-39.182888 174.282821,-39.182973 174.283402,-39.183031 174.283695,-39.183138 174.283989,-39.183336 174.284111,-39.183537 174.284117,-39.183740 174.283986,-39.184030 174.283845,-39.184180 174.283508,-39.184787 174.283034,-39.185381 174.282670,-39.186052 174.282619,-39.186117 174.282605,-39.185637 174.282743,-39.185364 174.283328,-39.184542 174.283794,-39.184100 174.283873,-39.184033 174.283911,-39.183608 174.283848,-39.183474 174.283671,-39.183341 174.282655,-39.183246 174.282420,-39.183138 174.282109,-39.182880 174.281883,-39.182584 174.281458,-39.181870 174.280867,-39.181474 174.280105,-39.181148 174.279927,-39.180971 174.279654,-39.180570 174.279270,-39.180196 174.279023,-39.179724 174.278804,-39.179164 174.278791,-39.178691 174.278902,-39.178265 174.279079,-39.178618</coordinates>
</LinearRing>
</outerBoundaryIs>
</Polygon>
</Placemark>
<Placemark><styleUrl>#nz-river-polygons-topo-150kId</styleUrl>
<ExtendedData><SchemaData schemaUrl="#nz-river-polygons-topo-150kId"><SimpleData name="t50_fid">7553443</SimpleData>
</SchemaData>
</ExtendedData>
<Polygon><outerBoundaryIs><LinearRing><tessellate>1</tessellate>
<coordinates> 174.287976,-39.188114 174.287886,-39.188026 174.287477,-39.187897 174.287073,-39.187927 174.285518,-39.188269 174.284600,-39.188600 174.284045,-39.188675 174.283842,-39.188633 174.283730,-39.188547 174.283656,-39.188343 174.284564,-39.188353 174.284853,-39.188303 174.286408,-39.187836 174.287004,-39.187555 174.287487,-39.187555 174.287855,-39.187631 174.288263,-39.187866 174.288332,-39.188047 174.288313,-39.188224 174.288258,-39.188396 174.288048,-39.188530 174.287976,-39.188114</coordinates>
</LinearRing>
</outerBoundaryIs>
</Polygon>
</Placemark>
<Placemark><styleUrl>#nz-river-polygons-topo-150kId</styleUrl>
<ExtendedData><SchemaData schemaUrl="#nz-river-polygons-topo-150kId"><SimpleData name="t50_fid">7552213</SimpleData>
</SchemaData>
</ExtendedData>
<Polygon><outerBoundaryIs><LinearRing><tessellate>1</tessellate>
<coordinates> 174.288047,-39.201976 174.287836,-39.202088 174.286768,-39.202339 174.286337,-39.202488 174.286176,-39.202595 174.285917,-39.202819 174.285895,-39.202688 174.286062,-39.202460 174.286374,-39.202229 174.286776,-39.202109 174.287296,-39.202055 174.287871,-39.201888 174.288169,-39.201648 174.288400,-39.201468 174.288622,-39.201178 174.288738,-39.200900 174.288847,-39.200677 174.288870,-39.200384 174.288856,-39.200237 174.288807,-39.200122 174.288492,-39.199989 174.288250,-39.199868 174.288108,-39.199843 174.287245,-39.199581 174.286565,-39.199449 174.285853,-39.199246 174.285476,-39.199168 174.285285,-39.199027 174.285022,-39.198765 174.284856,-39.198316 174.284889,-39.197712 174.284972,-39.197301 174.285097,-39.196761 174.285485,-39.196384 174.285825,-39.196107 174.286104,-39.195719 174.286127,-39.195244 174.286025,-39.195114 174.285732,-39.194847 174.285638,-39.194600 174.285696,-39.194387 174.286187,-39.195059 174.286226,-39.195186 174.286386,-39.195444 174.286421,-39.195646 174.286368,-39.195828 174.286035,-39.196374 174.285532,-39.196992 174.285256,-39.197515 174.285204,-39.198037 174.285178,-39.198260 174.285221,-39.198517 174.285415,-39.198802 174.285710,-39.198921 174.286059,-39.199052 174.286724,-39.199226 174.287510,-39.199381 174.287941,-39.199505 174.288548,-39.199727 174.288825,-39.199899 174.288978,-39.200067 174.289237,-39.200432 174.289308,-39.200633 174.289242,-39.200888 174.289060,-39.201045 174.288773,-39.201264 174.288453,-39.201605 174.288047,-39.201976</coordinates>
</LinearRing>
</outerBoundaryIs>
</Polygon>
</Placemark>
<Placemark><styleUrl>#nz-river-polygons-topo-150kId</styleUrl>
<ExtendedData><SchemaData schemaUrl="#nz-river-polygons-topo-150kId"><SimpleData name="t50_fid">7551150</SimpleData>
</SchemaData>
</ExtendedData>
<Polygon><outerBoundaryIs><LinearRing><tessellate>1</tessellate>
<coordinates> 174.286683,-39.204566 174.287220,-39.205151 174.287451,-39.205331 174.287634,-39.205754 174.287555,-39.206203 174.287360,-39.206382 174.286929,-39.206502 174.286322,-39.206558 174.285745,-39.206680 174.284972,-39.206986 174.284744,-39.207125 174.284606,-39.207375 174.284735,-39.207802 174.285343,-39.208828 174.285731,-39.209812 174.285644,-39.210265 174.284707,-39.210958 174.284596,-39.211162 174.284613,-39.211703 174.284508,-39.212111 174.284517,-39.212449 174.284610,-39.212650 174.284848,-39.212871 174.285111,-39.212957 174.285835,-39.212944 174.286554,-39.212730 174.287240,-39.212424 174.288581,-39.211703 174.288870,-39.211631 174.289273,-39.211579 174.289737,-39.211571 174.290435,-39.211672 174.291079,-39.211908 174.291464,-39.212195 174.291585,-39.212395 174.291683,-39.212777 174.291694,-39.213205 174.291665,-39.213528 174.291625,-39.213837 174.291544,-39.214019 174.291266,-39.214253 174.291011,-39.214404 174.290429,-39.214568 174.289926,-39.214615 174.289794,-39.214635 174.288404,-39.214659 174.288748,-39.214518 174.289123,-39.214466 174.289961,-39.214544 174.290399,-39.214512 174.290825,-39.214379 174.290952,-39.214277 174.291176,-39.214182 174.291390,-39.213684 174.291513,-39.212915 174.291411,-39.212605 174.291204,-39.212222 174.290879,-39.212002 174.290031,-39.211746 174.289423,-39.211757 174.288675,-39.211950 174.287730,-39.212348 174.286444,-39.212979 174.285898,-39.213124 174.284769,-39.213143 174.284390,-39.213059 174.284122,-39.212839 174.283971,-39.212615 174.283993,-39.212345 174.284216,-39.212048 174.284347,-39.211572 174.284338,-39.211212 174.284242,-39.210898 174.284266,-39.210740 174.284379,-39.210625 174.284693,-39.210439 174.285209,-39.210228 174.285463,-39.210020 174.285563,-39.209818 174.285416,-39.209413 174.285005,-39.208805 174.284722,-39.208387 174.284471,-39.207716 174.284198,-39.207270 174.284194,-39.207157 174.284418,-39.206860 174.284617,-39.206722 174.285047,-39.206557 174.285508,-39.206436 174.286575,-39.206283 174.287006,-39.206163 174.287261,-39.205978 174.287225,-39.205708 174.287042,-39.205395 174.286684,-39.205019 174.286473,-39.204707 174.286379,-39.204460 174.286443,-39.204314 174.286683,-39.204566</coordinates>
</LinearRing>
</outerBoundaryIs>
</Polygon>
</Placemark>
<Placemark><styleUrl>#nz-river-polygons-topo-150kId</styleUrl>
<ExtendedData><SchemaData schemaUrl="#nz-river-polygons-topo-150kId"><SimpleData name="t50_fid">7553442</SimpleData>
</SchemaData>
</ExtendedData>
<Polygon><outerBoundaryIs><LinearRing><tessellate>1</tessellate>
<coordinates> 174.275761,-39.214615 174.276194,-39.214257 174.276566,-39.214049 174.276797,-39.214044 174.277001,-39.214086 174.277635,-39.214633 174.277597,-39.214916 174.277155,-39.215362 174.276907,-39.215670 174.276876,-39.215953 174.277145,-39.216340 174.277424,-39.216506 174.277782,-39.216604 174.278065,-39.216600 174.278170,-39.216418 174.278121,-39.216125 174.278102,-39.215994 174.277862,-39.215501 174.277912,-39.215036 174.277960,-39.214912 174.278031,-39.214815 174.278208,-39.214558 174.278553,-39.214379 174.278785,-39.214371 174.279166,-39.214558 174.279351,-39.214737 174.279562,-39.214752 174.279880,-39.214652 174.280232,-39.214439 174.280489,-39.214215 174.280778,-39.214110 174.280995,-39.214063 174.280932,-39.214216 174.280250,-39.214631 174.279940,-39.214742 174.279717,-39.214869 174.279486,-39.214878 174.279134,-39.214785 174.278774,-39.214563 174.278520,-39.214560 174.278283,-39.214704 174.278112,-39.214898 174.278106,-39.215149 174.278072,-39.215205 174.278248,-39.215936 174.278326,-39.216217 174.278488,-39.216473 174.278314,-39.216716 174.277995,-39.216737 174.277545,-39.216748 174.277040,-39.216590 174.276688,-39.216346 174.276595,-39.216121 174.276614,-39.215783 174.276724,-39.215556 174.277170,-39.214940 174.277166,-39.214805 174.277075,-39.214648 174.276898,-39.214516 174.276693,-39.214474 174.276263,-39.214662 174.275952,-39.214893 174.275605,-39.215204 174.275761,-39.214615</coordinates>
</LinearRing>
</outerBoundaryIs>
</Polygon>
</Placemark>
<Placemark><styleUrl>#nz-river-polygons-topo-150kId</styleUrl>
<ExtendedData><SchemaData schemaUrl="#nz-river-polygons-topo-150kId"><SimpleData name="t50_fid">100097030</SimpleData>
</SchemaData>
</ExtendedData>
<Polygon><outerBoundaryIs><LinearRing><tessellate>1</tessellate>
<coordinates> 174.274342,-39.220638 174.274385,-39.221134 174.274510,-39.221492 174.274489,-39.221808 174.274378,-39.221967 174.274094,-39.222175 174.273806,-39.222247 174.273170,-39.222280 174.272677,-39.222243 174.270940,-39.222294 174.270509,-39.222414 174.270222,-39.222553 174.270169,-39.222689 174.270064,-39.223097 174.270096,-39.223231 174.270331,-39.223318 174.271081,-39.223358 174.271336,-39.223383 174.271571,-39.223497 174.271718,-39.223573 174.271995,-39.223809 174.272415,-39.224343 174.272593,-39.224475 174.273407,-39.224835 174.274111,-39.224923 174.274428,-39.224940 174.274738,-39.224903 174.275521,-39.224585 174.275868,-39.224579 174.276795,-39.224411 174.277033,-39.224428 174.277236,-39.224524 174.277562,-39.224686 174.277975,-39.224917 174.278277,-39.225111 174.278566,-39.225482 174.278567,-39.225572 174.278502,-39.225593 174.278226,-39.225683 174.277877,-39.226041 174.277795,-39.226162 174.277653,-39.226355 174.277349,-39.226541 174.277077,-39.226704 174.276756,-39.226779 174.276511,-39.226911 174.276352,-39.227048 174.276320,-39.227342 174.276369,-39.228062 174.276552,-39.228554 174.276556,-39.228566 174.276701,-39.228799 174.276716,-39.229233 174.276809,-39.229362 174.276933,-39.229491 174.277773,-39.229662 174.277964,-39.229825 174.278070,-39.229904 174.278183,-39.230180 174.278192,-39.230178 174.278320,-39.230280 174.278463,-39.230501 174.278468,-39.230508 174.278469,-39.230559 174.278394,-39.230759 174.278265,-39.230995 174.278179,-39.231248 174.278173,-39.231521 174.278429,-39.232118 174.278652,-39.232921 174.278661,-39.232919 174.278788,-39.233142 174.278792,-39.233373 174.278813,-39.233553 174.278785,-39.233689 174.278792,-39.233845 174.278794,-39.233951 174.278797,-39.234158 174.278751,-39.234257 174.278643,-39.234319 174.278574,-39.234395 174.278451,-39.234546 174.278300,-39.234659 174.278233,-39.234837 174.278182,-39.234939 174.278064,-39.234941 174.277753,-39.234893 174.277524,-39.234790 174.277325,-39.234704 174.277219,-39.234701 174.277029,-39.234768 174.276868,-39.234973 174.276796,-39.235059 174.276837,-39.235171 174.277116,-39.235327 174.277553,-39.235410 174.278104,-39.235401 174.278860,-39.235524 174.279212,-39.235699 174.279538,-39.235963 174.279781,-39.236388 174.279793,-39.236793 174.279682,-39.236998 174.279370,-39.237228 174.278704,-39.237445 174.278908,-39.237157 174.279597,-39.236701 174.279492,-39.236326 174.279163,-39.235902 174.278614,-39.235653 174.278109,-39.235547 174.277224,-39.235527 174.277224,-39.235528 174.277215,-39.235528 174.277079,-39.235527 174.276959,-39.235515 174.276860,-39.235496 174.276769,-39.235472 174.276708,-39.235425 174.276713,-39.235328 174.276681,-39.235224 174.276679,-39.235222 174.276671,-39.234932 174.276675,-39.234932 174.276804,-39.234832 174.277054,-39.234619 174.277163,-39.234607 174.277359,-39.234615 174.277733,-39.234710 174.278055,-39.234669 174.278125,-39.234447 174.278243,-39.234171 174.278348,-39.233928 174.278511,-39.233777 174.278483,-39.233451 174.278450,-39.233088 174.278386,-39.232986 174.278385,-39.232985 174.278320,-39.232717 174.278194,-39.232442 174.278197,-39.232442 174.278236,-39.232385 174.278172,-39.232240 174.278146,-39.232005 174.278096,-39.231810 174.278003,-39.231679 174.278001,-39.231578 174.278060,-39.231449 174.278025,-39.231301 174.278015,-39.231152 174.277969,-39.231010 174.278020,-39.230833 174.278131,-39.230596 174.278111,-39.230451 174.277983,-39.230152 174.277896,-39.230072 174.277899,-39.230020 174.277573,-39.229755 174.276727,-39.229544 174.276598,-39.229453 174.276597,-39.229415 174.276592,-39.229151 174.276545,-39.228924 174.276294,-39.228381 174.276137,-39.228043 174.275982,-39.227708 174.275854,-39.227201 174.275857,-39.227113 174.275979,-39.227022 174.276239,-39.226829 174.276655,-39.226583 174.277019,-39.226396 174.277547,-39.226111 174.277723,-39.225980 174.277981,-39.225581 174.278043,-39.225386 174.278115,-39.225338 174.278108,-39.225184 174.277908,-39.225055 174.277414,-39.224945 174.276979,-39.224864 174.276495,-39.224860 174.276174,-39.224775 174.275702,-39.224852 174.275243,-39.225018 174.274552,-39.225186 174.274175,-39.225169 174.273738,-39.225065 174.273503,-39.224956 174.273299,-39.224953 174.272598,-39.224700 174.272303,-39.224479 174.272065,-39.224236 174.271824,-39.224171 174.271738,-39.223948 174.271530,-39.223793 174.271179,-39.223642 174.270689,-39.223605 174.270095,-39.223465 174.269928,-39.223442 174.269730,-39.223320 174.269692,-39.223175 174.269679,-39.222989 174.269762,-39.222649 174.269958,-39.222401 174.270214,-39.222216 174.270529,-39.222098 174.271077,-39.221999 174.271946,-39.221985 174.273077,-39.222056 174.273859,-39.222043 174.274003,-39.221996 174.274200,-39.221835 174.274281,-39.221586 174.274089,-39.220936 174.274048,-39.220645 174.274240,-39.220323 174.274304,-39.220215 174.274571,-39.219825 174.274838,-39.219450 174.275023,-39.219028 174.275026,-39.218791 174.275311,-39.218155 174.275333,-39.217951 174.275277,-39.217068 174.275432,-39.217055 174.275655,-39.217036 174.275665,-39.217084 174.275657,-39.217483 174.275551,-39.217949 174.275467,-39.218322 174.275260,-39.219249 174.274960,-39.219930 174.274564,-39.220319 174.274424,-39.220457 174.274342,-39.220638</coordinates>
</LinearRing>
</outerBoundaryIs>
</Polygon>
</Placemark>
<Placemark><styleUrl>#nz-river-polygons-topo-150kId</styleUrl>
<ExtendedData><SchemaData schemaUrl="#nz-river-polygons-topo-150kId"><SimpleData name="t50_fid">8076147</SimpleData>
</SchemaData>
</ExtendedData>
<Polygon><outerBoundaryIs><LinearRing><tessellate>1</tessellate>
<coordinates> 174.276914,-39.398254 174.277007,-39.398470 174.277149,-39.398750 174.277175,-39.398855 174.277207,-39.398957 174.277155,-39.399068 174.277298,-39.399408 174.277385,-39.399619 174.277543,-39.399784 174.277724,-39.400248 174.277839,-39.400348 174.277996,-39.400835 174.278090,-39.401074 174.277997,-39.401177 174.277815,-39.401313 174.277719,-39.401272 174.277641,-39.401231 174.277532,-39.401163 174.277488,-39.401039 174.277486,-39.400915 174.277553,-39.400692 174.277555,-39.400471 174.277393,-39.400030 174.277262,-39.399722 174.277188,-39.399566 174.277099,-39.399239 174.277038,-39.399143 174.277036,-39.399042 174.277058,-39.398958 174.277026,-39.398816 174.276887,-39.398383 174.276811,-39.398121 174.276914,-39.398254</coordinates>
</LinearRing>
</outerBoundaryIs>
</Polygon>
</Placemark>
<Placemark><styleUrl>#nz-river-polygons-topo-150kId</styleUrl>
<ExtendedData><SchemaData schemaUrl="#nz-river-polygons-topo-150kId"><SimpleData name="t50_fid">7551152</SimpleData>
</SchemaData>
</ExtendedData>
<Polygon><outerBoundaryIs><LinearRing><tessellate>1</tessellate>
<coordinates> 174.130979,-39.131187 174.130684,-39.131335 174.130570,-39.131454 174.130612,-39.131564 174.130816,-39.131715 174.131163,-39.131952 174.131513,-39.132113 174.132480,-39.132595 174.133414,-39.132918 174.133711,-39.133034 174.134045,-39.133315 174.134277,-39.133505 174.134352,-39.133661 174.134424,-39.134109 174.134359,-39.134658 174.134166,-39.135130 174.133978,-39.135445 174.133830,-39.135560 174.133642,-39.135643 174.133491,-39.135741 174.133427,-39.135884 174.133511,-39.136093 174.133711,-39.136256 174.134056,-39.136412 174.134356,-39.136471 174.134656,-39.136537 174.134918,-39.136528 174.135291,-39.136587 174.135723,-39.136674 174.135952,-39.136735 174.136164,-39.136765 174.136497,-39.136816 174.136751,-39.136902 174.136868,-39.137078 174.136880,-39.137302 174.136797,-39.137568 174.136637,-39.137951 174.136260,-39.138390 174.136096,-39.138541 174.135793,-39.138653 174.135551,-39.138819 174.135408,-39.139167 174.135394,-39.139385 174.135501,-39.139561 174.135722,-39.139715 174.135987,-39.139876 174.136556,-39.139959 174.136828,-39.140058 174.137162,-39.140170 174.137339,-39.140312 174.137403,-39.140467 174.137405,-39.140603 174.137471,-39.140895 174.137475,-39.141133 174.137568,-39.141500 174.137608,-39.141826 174.137639,-39.142091 174.137661,-39.142376 174.137737,-39.142777 174.137848,-39.143150 174.137975,-39.143448 174.138103,-39.143801 174.138356,-39.144228 174.138500,-39.144593 174.138634,-39.144802 174.138847,-39.144984 174.139228,-39.145313 174.139472,-39.145660 174.139277,-39.145667 174.139075,-39.145587 174.138783,-39.145359 174.138532,-39.144926 174.138354,-39.144717 174.138208,-39.144378 174.138037,-39.144073 174.137732,-39.143539 174.137514,-39.143004 174.137438,-39.142685 174.137353,-39.142271 174.137385,-39.142093 174.137363,-39.141801 174.137279,-39.141475 174.137273,-39.141094 174.137201,-39.140946 174.137144,-39.140674 174.137167,-39.140490 174.137042,-39.140321 174.136542,-39.140183 174.135823,-39.140027 174.135287,-39.139781 174.135179,-39.139584 174.135184,-39.139387 174.135205,-39.139060 174.135375,-39.138766 174.135606,-39.138471 174.135942,-39.138175 174.136278,-39.137859 174.136501,-39.137612 174.136530,-39.137272 174.136591,-39.137130 174.136553,-39.137047 174.136379,-39.136942 174.136184,-39.136894 174.135832,-39.136898 174.135712,-39.136918 174.135442,-39.136875 174.135141,-39.136742 174.134717,-39.136672 174.134469,-39.136634 174.134058,-39.136571 174.133601,-39.136382 174.133508,-39.136343 174.133162,-39.136131 174.133079,-39.135967 174.133236,-39.135744 174.133345,-39.135676 174.133431,-39.135623 174.133545,-39.135474 174.133812,-39.135329 174.133926,-39.135105 174.134060,-39.134761 174.134076,-39.134222 174.134166,-39.133795 174.134154,-39.133625 174.133951,-39.133445 174.133594,-39.133141 174.133198,-39.132946 174.132262,-39.132749 174.131791,-39.132559 174.131123,-39.132208 174.131015,-39.132142 174.130827,-39.132053 174.130444,-39.131786 174.130172,-39.131509 174.130230,-39.131356 174.130394,-39.131232 174.130776,-39.131091 174.131058,-39.131045 174.130979,-39.131187</coordinates>
</LinearRing>
</outerBoundaryIs>
</Polygon>
</Placemark>
<Placemark><styleUrl>#nz-river-polygons-topo-150kId</styleUrl>
<ExtendedData><SchemaData schemaUrl="#nz-river-polygons-topo-150kId"><SimpleData name="t50_fid">7549664</SimpleData>
</SchemaData>
</ExtendedData>
<Polygon><outerBoundaryIs><LinearRing><tessellate>1</tessellate>
<coordinates> 174.108945,-39.037662 174.109199,-39.037729 174.109474,-39.037775 174.109729,-39.037863 174.110091,-39.037844 174.110405,-39.037761 174.110829,-39.037724 174.111383,-39.037666 174.111875,-39.037538 174.112546,-39.037559 174.112932,-39.037593 174.113168,-39.037664 174.113327,-39.037670 174.113929,-39.037496 174.114676,-39.037410 174.114931,-39.037456 174.115138,-39.037488 174.115438,-39.037676 174.115964,-39.038084 174.116555,-39.038754 174.117153,-39.039459 174.117433,-39.039794 174.117674,-39.040091 174.117754,-39.040300 174.117923,-39.040642 174.117974,-39.040852 174.118007,-39.041147 174.117926,-39.041594 174.117880,-39.041678 174.117828,-39.041771 174.117554,-39.042203 174.117398,-39.042395 174.117162,-39.042637 174.116930,-39.042800 174.116744,-39.042922 174.116544,-39.043002 174.116203,-39.043282 174.116065,-39.043377 174.115544,-39.043783 174.115188,-39.044056 174.114907,-39.044208 174.114683,-39.044311 174.114409,-39.044538 174.114101,-39.044814 174.113854,-39.044970 174.113617,-39.045148 174.113504,-39.045284 174.113314,-39.045458 174.113045,-39.045689 174.112818,-39.045901 174.112709,-39.046022 174.112654,-39.046176 174.112662,-39.046415 174.112675,-39.046594 174.112645,-39.046823 174.112650,-39.047122 174.112585,-39.047265 174.112448,-39.047446 174.112184,-39.047722 174.112071,-39.047843 174.111842,-39.047968 174.111613,-39.048042 174.111106,-39.048144 174.110703,-39.048163 174.110233,-39.048167 174.109801,-39.048179 174.109498,-39.048148 174.109248,-39.048105 174.108829,-39.048012 174.108395,-39.047896 174.108002,-39.047941 174.107513,-39.048242 174.107458,-39.048407 174.107516,-39.048739 174.107494,-39.048900 174.107374,-39.049231 174.107286,-39.049748 174.107271,-39.049962 174.107225,-39.050119 174.107171,-39.050314 174.107144,-39.050479 174.107090,-39.050689 174.107070,-39.050970 174.107005,-39.051076 174.106977,-39.051443 174.106953,-39.051727 174.106928,-39.051975 174.106826,-39.052249 174.106678,-39.052609 174.106498,-39.053068 174.106308,-39.053470 174.106146,-39.053831 174.106001,-39.054075 174.105877,-39.054174 174.105811,-39.054242 174.105674,-39.054370 174.105558,-39.054615 174.105389,-39.054875 174.105138,-39.055408 174.105084,-39.055645 174.105069,-39.055866 174.105028,-39.056016 174.104983,-39.056226 174.104935,-39.056522 174.104917,-39.056631 174.104953,-39.056799 174.105134,-39.056962 174.105179,-39.057122 174.105149,-39.057306 174.105115,-39.057594 174.105124,-39.057890 174.105209,-39.058125 174.105188,-39.058308 174.105276,-39.058409 174.105603,-39.058454 174.105791,-39.058505 174.106145,-39.058715 174.106487,-39.058797 174.106819,-39.058817 174.107035,-39.058837 174.107215,-39.058978 174.107530,-39.059218 174.107961,-39.059423 174.108098,-39.059568 174.108141,-39.059871 174.108293,-39.060395 174.108294,-39.060681 174.108544,-39.061179 174.108936,-39.061761 174.109239,-39.062319 174.109320,-39.062509 174.109538,-39.062699 174.109885,-39.062887 174.110220,-39.063121 174.110583,-39.063315 174.110842,-39.063598 174.110918,-39.063835 174.110922,-39.064091 174.111049,-39.064365 174.111071,-39.064521 174.111249,-39.064967 174.111387,-39.065055 174.111520,-39.065357 174.111526,-39.065597 174.111523,-39.065627 174.111508,-39.065782 174.111527,-39.065925 174.111618,-39.066024 174.111653,-39.066203 174.111668,-39.066458 174.111662,-39.066521 174.111631,-39.066828 174.111366,-39.067121 174.111275,-39.067325 174.111281,-39.067483 174.111238,-39.067607 174.111109,-39.067764 174.110991,-39.067763 174.110741,-39.067771 174.110429,-39.067705 174.110042,-39.067619 174.109560,-39.067477 174.109173,-39.067365 174.108916,-39.067346 174.108437,-39.067409 174.108249,-39.067474 174.108115,-39.067602 174.107996,-39.067719 174.108113,-39.067855 174.108216,-39.067965 174.108592,-39.068230 174.109077,-39.068542 174.109313,-39.068776 174.109461,-39.068841 174.109878,-39.069007 174.110168,-39.069123 174.110505,-39.069320 174.110736,-39.069535 174.110842,-39.069798 174.110825,-39.070062 174.110967,-39.070408 174.111081,-39.070557 174.111136,-39.070836 174.111219,-39.071293 174.111307,-39.071410 174.111461,-39.071539 174.111348,-39.071730 174.110996,-39.071913 174.110733,-39.071928 174.109975,-39.072183 174.109445,-39.072299 174.109005,-39.072538 174.108718,-39.072720 174.108597,-39.072839 174.108602,-39.072916 174.108919,-39.073246 174.109591,-39.073918 174.110358,-39.074247 174.111035,-39.074638 174.111299,-39.074750 174.111537,-39.074852 174.111979,-39.075171 174.112217,-39.075336 174.112501,-39.075406 174.112606,-39.075547 174.112717,-39.075789 174.112795,-39.075877 174.112649,-39.076011 174.112265,-39.076286 174.112008,-39.076545 174.111960,-39.076690 174.112014,-39.076900 174.112254,-39.077173 174.112444,-39.077358 174.112536,-39.077494 174.112455,-39.077610 174.112522,-39.077657 174.112642,-39.077651 174.112851,-39.077658 174.112846,-39.077754 174.112841,-39.077952 174.112711,-39.078311 174.112566,-39.078715 174.112504,-39.079038 174.112450,-39.079341 174.112391,-39.079777 174.112531,-39.079955 174.112496,-39.080625 174.112444,-39.081032 174.112252,-39.081427 174.112066,-39.081814 174.111869,-39.082430 174.111882,-39.082699 174.112089,-39.082953 174.112344,-39.083115 174.112725,-39.083236 174.113596,-39.083418 174.114420,-39.083650 174.115144,-39.084073 174.115457,-39.084317 174.115596,-39.084412 174.115772,-39.084418 174.116014,-39.084615 174.116220,-39.084819 174.116198,-39.085091 174.116285,-39.085263 174.116258,-39.085538 174.116110,-39.085806 174.115940,-39.085990 174.115781,-39.086100 174.115345,-39.086163 174.114538,-39.086139 174.114153,-39.086094 174.113648,-39.086018 174.113050,-39.085849 174.112811,-39.085825 174.112534,-39.085880 174.111823,-39.085753 174.111458,-39.085705 174.111201,-39.085759 174.111027,-39.085818 174.110366,-39.085899 174.109940,-39.086039 174.109482,-39.086204 174.109158,-39.086373 174.109126,-39.086532 174.109180,-39.086621 174.109410,-39.086835 174.109734,-39.087056 174.110098,-39.087333 174.110427,-39.087447 174.110959,-39.087621 174.111188,-39.087709 174.111395,-39.087788 174.111653,-39.087903 174.112014,-39.088043 174.112118,-39.088185 174.112071,-39.088376 174.111852,-39.088603 174.111489,-39.088898 174.111075,-39.089108 174.110823,-39.089414 174.110685,-39.089581 174.110434,-39.089790 174.110177,-39.090123 174.109939,-39.090539 174.109565,-39.091084 174.109297,-39.091744 174.109155,-39.092105 174.109141,-39.092354 174.109527,-39.092634 174.110360,-39.093124 174.110521,-39.093216 174.111023,-39.093505 174.111560,-39.093862 174.111705,-39.093996 174.111836,-39.094376 174.111930,-39.094484 174.112130,-39.094704 174.112192,-39.094906 174.112207,-39.095114 174.112210,-39.095322 174.112325,-39.095460 174.112399,-39.095621 174.112427,-39.095921 174.112403,-39.096240 174.112388,-39.096462 174.112392,-39.096656 174.112394,-39.096781 174.112348,-39.096915 174.112326,-39.097036 174.112390,-39.097197 174.112288,-39.097253 174.111981,-39.097298 174.111560,-39.097334 174.111056,-39.097432 174.110548,-39.097529 174.110297,-39.097671 174.110074,-39.097804 174.109915,-39.097952 174.109719,-39.098236 174.109718,-39.098386 174.109821,-39.098446 174.110029,-39.098674 174.110483,-39.099064 174.110996,-39.099384 174.111450,-39.099679 174.111860,-39.099965 174.112232,-39.100194 174.112682,-39.100501 174.113155,-39.100700 174.113404,-39.100771 174.113818,-39.100852 174.114123,-39.100859 174.114713,-39.100823 174.114795,-39.100817 174.115113,-39.100795 174.115458,-39.100848 174.115823,-39.101210 174.115902,-39.101302 174.115998,-39.101412 174.116242,-39.101645 174.116350,-39.101955 174.116464,-39.102111 174.116441,-39.102490 174.116357,-39.102797 174.116464,-39.103064 174.116534,-39.103535 174.116673,-39.103630 174.116905,-39.103633 174.117257,-39.103585 174.117773,-39.103372 174.118132,-39.103241 174.118475,-39.103195 174.118812,-39.103213 174.119115,-39.103237 174.119487,-39.103249 174.119872,-39.103224 174.120215,-39.103199 174.120517,-39.103116 174.120838,-39.102979 174.121139,-39.102847 174.121363,-39.102679 174.121643,-39.102537 174.121921,-39.102325 174.122283,-39.102119 174.123030,-39.101721 174.123694,-39.101592 174.124054,-39.101524 174.124614,-39.101428 174.125248,-39.101256 174.125871,-39.101093 174.126482,-39.100873 174.127114,-39.100594 174.127747,-39.100406 174.128140,-39.100402 174.128681,-39.100438 174.129127,-39.100442 174.129691,-39.100577 174.130573,-39.100676 174.131421,-39.100684 174.132322,-39.100667 174.133404,-39.100649 174.134252,-39.100624 174.134898,-39.100609 174.135333,-39.100613 174.135905,-39.100550 174.136330,-39.100595 174.136809,-39.100698 174.137226,-39.100958 174.137518,-39.101303 174.137705,-39.101689 174.137690,-39.101942 174.137580,-39.101831 174.137449,-39.101617 174.137200,-39.101273 174.136739,-39.100971 174.136216,-39.100770 174.135409,-39.100712 174.134530,-39.100770 174.133576,-39.100804 174.132654,-39.100821 174.131519,-39.100816 174.130810,-39.100946 174.130458,-39.100917 174.130099,-39.100887 174.129236,-39.100631 174.128726,-39.100595 174.127953,-39.100660 174.127255,-39.100774 174.126728,-39.100961 174.126001,-39.101266 174.124914,-39.101648 174.124367,-39.101609 174.124214,-39.101637 174.123983,-39.101702 174.123739,-39.101855 174.123064,-39.102012 174.122483,-39.102199 174.122244,-39.102258 174.121590,-39.102704 174.121434,-39.102850 174.120869,-39.103172 174.120410,-39.103294 174.119291,-39.103382 174.118546,-39.103394 174.118004,-39.103435 174.117208,-39.103696 174.116998,-39.103761 174.116779,-39.103963 174.116709,-39.103972 174.116504,-39.103904 174.116380,-39.103576 174.116299,-39.103497 174.116177,-39.103352 174.116215,-39.102890 174.116198,-39.102289 174.116061,-39.101921 174.115917,-39.101716 174.115718,-39.101497 174.115431,-39.101262 174.114907,-39.101044 174.114564,-39.101057 174.113872,-39.101059 174.113270,-39.100902 174.112845,-39.100763 174.112493,-39.100580 174.112124,-39.100365 174.111421,-39.099934 174.111193,-39.099926 174.110642,-39.099571 174.110498,-39.099394 174.110299,-39.099277 174.110017,-39.099091 174.109740,-39.098886 174.109624,-39.098688 174.109520,-39.098467 174.109516,-39.098246 174.109602,-39.098041 174.109634,-39.097810 174.109637,-39.097630 174.109812,-39.097429 174.110054,-39.097339 174.110267,-39.097337 174.110485,-39.097261 174.110650,-39.097163 174.110903,-39.097072 174.111135,-39.097084 174.111366,-39.097091 174.111513,-39.096988 174.111675,-39.096894 174.111819,-39.096846 174.112031,-39.096743 174.112095,-39.096627 174.112092,-39.096465 174.112142,-39.096266 174.112090,-39.095984 174.111991,-39.095703 174.111986,-39.095389 174.112010,-39.095042 174.112030,-39.094815 174.111928,-39.094630 174.111770,-39.094507 174.111599,-39.094330 174.111584,-39.094161 174.111456,-39.093964 174.111176,-39.093837 174.110648,-39.093578 174.110004,-39.093230 174.109301,-39.092899 174.109090,-39.092787 174.109000,-39.092691 174.108935,-39.092621 174.108839,-39.092392 174.108854,-39.092035 174.109239,-39.091253 174.109361,-39.090975 174.109462,-39.090746 174.109587,-39.090254 174.109868,-39.089812 174.109988,-39.089622 174.110272,-39.089333 174.110681,-39.089094 174.111073,-39.088913 174.111482,-39.088571 174.111673,-39.088379 174.111826,-39.088252 174.111709,-39.088140 174.111408,-39.088067 174.110709,-39.087920 174.110515,-39.087862 174.110176,-39.087760 174.109828,-39.087528 174.109471,-39.087201 174.109102,-39.086911 174.108952,-39.086628 174.109013,-39.086349 174.109224,-39.086080 174.109653,-39.085773 174.110098,-39.085549 174.110574,-39.085465 174.111016,-39.085481 174.111700,-39.085511 174.112046,-39.085527 174.112391,-39.085582 174.112581,-39.085611 174.112941,-39.085721 174.113123,-39.085778 174.113419,-39.085789 174.113737,-39.085844 174.114210,-39.085881 174.114466,-39.085839 174.114904,-39.085899 174.115184,-39.086006 174.115272,-39.085998 174.115744,-39.085811 174.116006,-39.085568 174.116055,-39.085298 174.115988,-39.084960 174.115664,-39.084646 174.115482,-39.084502 174.115309,-39.084453 174.115127,-39.084355 174.115033,-39.084184 174.114693,-39.083991 174.114194,-39.083877 174.113762,-39.083737 174.113663,-39.083682 174.113300,-39.083592 174.113064,-39.083556 174.112843,-39.083451 174.112425,-39.083327 174.112249,-39.083320 174.112234,-39.083418 174.112168,-39.083492 174.111901,-39.083244 174.111728,-39.082996 174.111596,-39.082649 174.111508,-39.082537 174.111534,-39.082451 174.111647,-39.082326 174.111611,-39.082147 174.111564,-39.081917 174.111714,-39.081652 174.111812,-39.080594 174.111940,-39.080396 174.112071,-39.079854 174.112203,-39.079356 174.112327,-39.078474 174.112364,-39.078147 174.112266,-39.077833 174.112127,-39.077552 174.111913,-39.077326 174.111802,-39.077209 174.111513,-39.077061 174.111323,-39.076774 174.111261,-39.076592 174.111353,-39.076493 174.111611,-39.076542 174.111780,-39.076480 174.111820,-39.076263 174.111816,-39.076034 174.111988,-39.075763 174.112167,-39.075571 174.112093,-39.075453 174.111804,-39.075338 174.111718,-39.075337 174.111628,-39.075352 174.111528,-39.075426 174.111393,-39.075447 174.111294,-39.075394 174.111028,-39.075160 174.110789,-39.074826 174.110496,-39.074649 174.109573,-39.074156 174.109041,-39.073870 174.108471,-39.073374 174.108154,-39.073096 174.108094,-39.073008 174.108092,-39.072944 174.108130,-39.072867 174.108399,-39.072670 174.109045,-39.072273 174.109438,-39.072184 174.110070,-39.071973 174.110559,-39.071810 174.110806,-39.071702 174.110939,-39.071609 174.111043,-39.071476 174.111002,-39.071350 174.110929,-39.071193 174.110817,-39.070951 174.110707,-39.070490 174.110646,-39.070170 174.110365,-39.069551 174.110219,-39.069320 174.109573,-39.069195 174.109227,-39.068967 174.108894,-39.068785 174.108796,-39.068721 174.108511,-39.068531 174.108116,-39.068355 174.107711,-39.068012 174.107642,-39.067896 174.107640,-39.067708 174.107905,-39.067405 174.108125,-39.067274 174.108227,-39.067218 174.108536,-39.067104 174.108745,-39.067091 174.109029,-39.067088 174.109286,-39.067112 174.109604,-39.067146 174.110144,-39.067138 174.110581,-39.066992 174.110842,-39.066852 174.110928,-39.066775 174.110983,-39.066726 174.111213,-39.066530 174.111442,-39.066324 174.111520,-39.066176 174.111413,-39.065839 174.110887,-39.065045 174.110775,-39.064692 174.110616,-39.064407 174.110420,-39.064094 174.110210,-39.063889 174.110205,-39.063735 174.110137,-39.063642 174.109884,-39.063212 174.109755,-39.063010 174.109519,-39.062873 174.109206,-39.062661 174.108948,-39.062448 174.108909,-39.062363 174.108850,-39.062237 174.108692,-39.061943 174.108463,-39.061595 174.108258,-39.061318 174.108230,-39.061153 174.108084,-39.060915 174.107976,-39.060770 174.108014,-39.060685 174.107932,-39.060479 174.107816,-39.060376 174.107746,-39.060194 174.107859,-39.060080 174.107663,-39.059685 174.107513,-39.059371 174.107373,-39.059302 174.106963,-39.059156 174.106807,-39.059023 174.106639,-39.058976 174.106225,-39.058923 174.105488,-39.058718 174.105396,-39.058677 174.105242,-39.058708 174.105088,-39.058654 174.105034,-39.058438 174.104990,-39.058217 174.104871,-39.057975 174.104850,-39.057859 174.104772,-39.057770 174.104857,-39.057709 174.104995,-39.057607 174.104987,-39.057434 174.104917,-39.056934 174.104814,-39.056763 174.104807,-39.056526 174.104904,-39.056077 174.104829,-39.055887 174.104873,-39.055662 174.105006,-39.055248 174.105140,-39.054897 174.105248,-39.054741 174.105405,-39.054646 174.105493,-39.054454 174.105809,-39.054100 174.106006,-39.053787 174.106237,-39.053257 174.106347,-39.052905 174.106559,-39.052326 174.106757,-39.051808 174.106728,-39.051464 174.106820,-39.050935 174.106837,-39.050475 174.106854,-39.050185 174.106877,-39.049662 174.106938,-39.049265 174.107025,-39.048966 174.107197,-39.048653 174.107196,-39.048544 174.107299,-39.048405 174.107411,-39.048183 174.107561,-39.047990 174.107981,-39.047792 174.108513,-39.047768 174.109193,-39.047952 174.109592,-39.048005 174.110360,-39.048016 174.111030,-39.047990 174.111417,-39.047916 174.111742,-39.047848 174.111948,-39.047732 174.112201,-39.047519 174.112423,-39.047245 174.112458,-39.046958 174.112465,-39.046796 174.112305,-39.046261 174.112322,-39.046104 174.112724,-39.045671 174.112896,-39.045484 174.113442,-39.045008 174.113905,-39.044584 174.114346,-39.044213 174.114989,-39.043893 174.115591,-39.043438 174.116099,-39.043082 174.116568,-39.042718 174.116962,-39.042422 174.117383,-39.041956 174.117412,-39.041721 174.117579,-39.041387 174.117599,-39.041147 174.117499,-39.040834 174.117361,-39.040610 174.116874,-39.039995 174.116842,-39.039894 174.116560,-39.039450 174.116293,-39.039236 174.116053,-39.038913 174.115991,-39.038651 174.115859,-39.038477 174.115581,-39.038247 174.115468,-39.038065 174.115272,-39.037812 174.114968,-39.037658 174.114463,-39.037640 174.114104,-39.037655 174.113880,-39.037788 174.113650,-39.037820 174.113320,-39.037935 174.113073,-39.037919 174.112102,-39.038000 174.111595,-39.038022 174.111055,-39.038107 174.111021,-39.038155 174.110858,-39.038242 174.110167,-39.038297 174.109537,-39.038303 174.109097,-39.038184 174.108890,-39.038149 174.108844,-39.038230 174.108780,-39.038237 174.108639,-39.038253 174.108514,-39.038147 174.108371,-39.037973 174.108547,-39.037627 174.108945,-39.037662</coordinates>
</LinearRing>
</outerBoundaryIs>
<innerBoundaryIs><LinearRing><tessellate>1</tessellate>
<coordinates> 174.111305,-39.066626 174.111043,-39.066863 174.110932,-39.066946 174.110900,-39.067050 174.110826,-39.067152 174.110684,-39.067220 174.110526,-39.067322 174.110476,-39.067389 174.110488,-39.067466 174.110657,-39.067629 174.110818,-39.067641 174.110981,-39.067621 174.111058,-39.067569 174.111145,-39.067470 174.111179,-39.067239 174.111171,-39.067167 174.111210,-39.067098 174.111274,-39.067025 174.111317,-39.066937 174.111462,-39.066765 174.111418,-39.066637 174.111305,-39.066626</coordinates>
</LinearRing>
</innerBoundaryIs>
<innerBoundaryIs><LinearRing><tessellate>1</tessellate>
<coordinates> 174.112148,-39.076256 174.112234,-39.076229 174.112500,-39.076031 174.112547,-39.075957 174.112539,-39.075701 174.112489,-39.075616 174.112390,-39.075515 174.112220,-39.075858 174.112018,-39.076117 174.112031,-39.076187 174.112054,-39.076245 174.112148,-39.076256</coordinates>
</LinearRing>
</innerBoundaryIs>
<innerBoundaryIs><LinearRing><tessellate>1</tessellate>
<coordinates> 174.110423,-39.063854 174.110517,-39.063993 174.110717,-39.064077 174.110800,-39.064022 174.110808,-39.063830 174.110672,-39.063625 174.110418,-39.063353 174.110285,-39.063305 174.110220,-39.063323 174.110423,-39.063854</coordinates>
</LinearRing>
</innerBoundaryIs>
</Polygon>
</Placemark>
<Placemark><styleUrl>#nz-river-polygons-topo-150kId</styleUrl>
<ExtendedData><SchemaData schemaUrl="#nz-river-polygons-topo-150kId"><SimpleData name="t50_fid">7552215</SimpleData>
</SchemaData>
</ExtendedData>
<Polygon><outerBoundaryIs><LinearRing><tessellate>1</tessellate>
<coordinates> 174.133256,-39.114011 174.133668,-39.114257 174.133891,-39.114694 174.133931,-39.115011 174.134127,-39.115347 174.134376,-39.115723 174.134484,-39.115985 174.134585,-39.116322 174.134669,-39.116700 174.134585,-39.117423 174.134546,-39.118187 174.134513,-39.118883 174.134398,-39.119262 174.134257,-39.119682 174.134211,-39.120020 174.134198,-39.120277 174.134210,-39.120493 174.134222,-39.120743 174.134224,-39.120858 174.133947,-39.120901 174.133492,-39.121135 174.133112,-39.121254 174.133394,-39.120994 174.133876,-39.120753 174.133994,-39.120549 174.133983,-39.120387 174.133910,-39.120192 174.133932,-39.119929 174.134049,-39.119664 174.134105,-39.119380 174.134212,-39.119041 174.134328,-39.118682 174.134330,-39.118277 174.134300,-39.117824 174.134296,-39.117757 174.134330,-39.117203 174.134348,-39.116649 174.134341,-39.116223 174.134258,-39.115927 174.133937,-39.115383 174.133618,-39.114967 174.133077,-39.114209 174.132945,-39.113850 174.133256,-39.114011</coordinates>
</LinearRing>
</outerBoundaryIs>
</Polygon>
</Placemark>
<Placemark><styleUrl>#nz-river-polygons-topo-150kId</styleUrl>
<ExtendedData><SchemaData schemaUrl="#nz-river-polygons-topo-150kId"><SimpleData name="t50_fid">7553446</SimpleData>
</SchemaData>
</ExtendedData>
<Polygon><outerBoundaryIs><LinearRing><tessellate>1</tessellate>
<coordinates> 174.198306,-39.007379 174.198062,-39.007261 174.197920,-39.007225 174.197630,-39.007228 174.197374,-39.007173 174.196976,-39.007146 174.196356,-39.007089 174.195774,-39.006885 174.195529,-39.006720 174.195805,-39.006738 174.196156,-39.006813 174.196488,-39.006909 174.197000,-39.006978 174.197358,-39.007016 174.197539,-39.007019 174.197743,-39.007117 174.197931,-39.007120 174.198099,-39.007108 174.198276,-39.007222 174.198474,-39.007361 174.198306,-39.007379</coordinates>
</LinearRing>
</outerBoundaryIs>
</Polygon>
</Placemark>
<Placemark><styleUrl>#nz-river-polygons-topo-150kId</styleUrl>
<ExtendedData><SchemaData schemaUrl="#nz-river-polygons-topo-150kId"><SimpleData name="t50_fid">7551159</SimpleData>
</SchemaData>
</ExtendedData>
<Polygon><outerBoundaryIs><LinearRing><tessellate>1</tessellate>
<coordinates> 174.183247,-38.995654 174.183094,-38.995918 174.183086,-38.996022 174.182992,-38.996202 174.182997,-38.996509 174.183150,-38.996674 174.183244,-38.996847 174.183764,-38.997190 174.185000,-38.997868 174.185327,-38.998015 174.185791,-38.998138 174.185933,-38.998166 174.186156,-38.998251 174.186328,-38.998428 174.186359,-38.998576 174.186148,-38.998488 174.185982,-38.998387 174.185751,-38.998316 174.185545,-38.998292 174.185405,-38.998303 174.185129,-38.998207 174.184940,-38.998231 174.184861,-38.998411 174.185137,-38.998681 174.185392,-38.998755 174.185558,-38.998843 174.185764,-38.998876 174.186199,-38.999076 174.186388,-38.999106 174.186548,-38.999204 174.186861,-38.999437 174.187078,-38.999519 174.187193,-38.999575 174.187595,-38.999881 174.188209,-39.000373 174.188971,-39.000859 174.189631,-39.001314 174.190141,-39.001587 174.190580,-39.001709 174.190865,-39.001885 174.191211,-39.002049 174.191591,-39.002245 174.191762,-39.002358 174.191601,-39.002407 174.191303,-39.002295 174.190814,-39.002032 174.190495,-39.001873 174.190151,-39.001797 174.189790,-39.001635 174.189486,-39.001500 174.189025,-39.001268 174.188632,-39.001088 174.188258,-39.000845 174.187931,-39.000633 174.187754,-39.000495 174.187488,-39.000286 174.187107,-39.000022 174.186775,-38.999767 174.186440,-38.999599 174.186223,-38.999491 174.185563,-38.999040 174.185129,-38.998851 174.184790,-38.998665 174.184598,-38.998483 174.184446,-38.998259 174.184249,-38.998098 174.183957,-38.997944 174.183457,-38.997802 174.183246,-38.997673 174.183071,-38.997535 174.182978,-38.997272 174.182759,-38.996983 174.182593,-38.996493 174.182582,-38.996103 174.182650,-38.995952 174.182718,-38.995849 174.182855,-38.995582 174.183247,-38.995654</coordinates>
</LinearRing>
</outerBoundaryIs>
</Polygon>
</Placemark>
<Placemark><styleUrl>#nz-river-polygons-topo-150kId</styleUrl>
<ExtendedData><SchemaData schemaUrl="#nz-river-polygons-topo-150kId"><SimpleData name="t50_fid">7554428</SimpleData>
</SchemaData>
</ExtendedData>
<Polygon><outerBoundaryIs><LinearRing><tessellate>1</tessellate>
<coordinates> 174.089433,-39.050081 174.089472,-39.050206 174.089437,-39.050339 174.089323,-39.050581 174.089124,-39.050744 174.089069,-39.050865 174.088892,-39.051031 174.088884,-39.051208 174.088923,-39.051389 174.089124,-39.051716 174.089261,-39.051932 174.089335,-39.052044 174.089521,-39.052102 174.089644,-39.052037 174.089823,-39.051963 174.089982,-39.051885 174.090109,-39.051811 174.090277,-39.051681 174.090420,-39.051551 174.090578,-39.051437 174.090722,-39.051428 174.090856,-39.051479 174.090987,-39.051566 174.091080,-39.051642 174.091330,-39.051800 174.091445,-39.051867 174.091591,-39.051994 174.091655,-39.052122 174.091530,-39.052063 174.091311,-39.051925 174.091125,-39.051838 174.090928,-39.051756 174.090833,-39.051628 174.090708,-39.051549 174.090549,-39.051614 174.090350,-39.051745 174.090146,-39.051883 174.089952,-39.051962 174.089686,-39.052125 174.089487,-39.052195 174.089280,-39.052149 174.089082,-39.052014 174.088929,-39.051810 174.088754,-39.051487 174.088663,-39.051246 174.088676,-39.051106 174.088802,-39.050928 174.088867,-39.050774 174.088957,-39.050581 174.089099,-39.050269 174.089433,-39.050081</coordinates>
</LinearRing>
</outerBoundaryIs>
</Polygon>
</Placemark>
<Placemark><styleUrl>#nz-river-polygons-topo-150kId</styleUrl>
<ExtendedData><SchemaData schemaUrl="#nz-river-polygons-topo-150kId"><SimpleData name="t50_fid">7554385</SimpleData>
</SchemaData>
</ExtendedData>
<Polygon><outerBoundaryIs><LinearRing><tessellate>1</tessellate>
<coordinates> 174.382115,-39.342715 174.381434,-39.342232 174.380817,-39.341949 174.380490,-39.341661 174.380313,-39.341574 174.379984,-39.341605 174.380020,-39.341512 174.380392,-39.341303 174.380594,-39.341255 174.380712,-39.341342 174.380954,-39.341654 174.382417,-39.342793 174.382115,-39.342715</coordinates>
</LinearRing>
</outerBoundaryIs>
</Polygon>
</Placemark>
<Placemark><styleUrl>#nz-river-polygons-topo-150kId</styleUrl>
<ExtendedData><SchemaData schemaUrl="#nz-river-polygons-topo-150kId"><SimpleData name="t50_fid">7554431</SimpleData>
</SchemaData>
</ExtendedData>
<Polygon><outerBoundaryIs><LinearRing><tessellate>1</tessellate>
<coordinates> 174.365787,-38.996836 174.366011,-38.996766 174.366299,-38.996800 174.366546,-38.996913 174.366858,-38.997137 174.367081,-38.997273 174.367269,-38.997305 174.367409,-38.997211 174.367470,-38.996991 174.367371,-38.996579 174.367104,-38.996041 174.366665,-38.995614 174.366245,-38.995323 174.366086,-38.995240 174.366274,-38.995121 174.366468,-38.995268 174.366552,-38.995331 174.366938,-38.995598 174.367174,-38.995808 174.367335,-38.996019 174.367498,-38.996307 174.367623,-38.996763 174.367687,-38.997079 174.367649,-38.997253 174.367389,-38.997469 174.367258,-38.997516 174.366934,-38.997449 174.366667,-38.997241 174.366385,-38.997065 174.366112,-38.996970 174.365857,-38.996985 174.365757,-38.997029 174.365643,-38.997077 174.365529,-38.997094 174.365787,-38.996836</coordinates>
</LinearRing>
</outerBoundaryIs>
</Polygon>
</Placemark>
<Placemark><styleUrl>#nz-river-polygons-topo-150kId</styleUrl>
<ExtendedData><SchemaData schemaUrl="#nz-river-polygons-topo-150kId"><SimpleData name="t50_fid">7966838</SimpleData>
</SchemaData>
</ExtendedData>
<Polygon><outerBoundaryIs><LinearRing><tessellate>1</tessellate>
<coordinates> 174.367744,-39.004312 174.367940,-39.004264 174.368056,-39.004209 174.368166,-39.004170 174.368208,-39.004120 174.368137,-39.004030 174.368036,-39.003998 174.367949,-39.003912 174.367824,-39.003747 174.367678,-39.003629 174.367632,-39.003476 174.367566,-39.003323 174.367403,-39.003130 174.367132,-39.002881 174.367000,-39.002662 174.366834,-39.002557 174.366761,-39.002396 174.366807,-39.002300 174.366991,-39.002194 174.367119,-39.002217 174.367329,-39.002335 174.367645,-39.002464 174.367938,-39.002535 174.368247,-39.002540 174.368345,-39.002415 174.368364,-39.002298 174.368278,-39.002216 174.368142,-39.002085 174.367939,-39.002013 174.367560,-39.001905 174.367057,-39.001758 174.366886,-39.001677 174.367034,-39.001646 174.367225,-39.001661 174.367755,-39.001841 174.368134,-39.001928 174.368371,-39.002099 174.368502,-39.002292 174.368502,-39.002371 174.368501,-39.002479 174.368381,-39.002617 174.368207,-39.002669 174.368010,-39.002676 174.367701,-39.002617 174.367359,-39.002517 174.367090,-39.002375 174.367017,-39.002414 174.367034,-39.002480 174.367115,-39.002570 174.367259,-39.002842 174.367714,-39.003305 174.367886,-39.003655 174.367977,-39.003700 174.368171,-39.003868 174.368270,-39.004045 174.368292,-39.004154 174.368306,-39.004227 174.368308,-39.004335 174.368223,-39.004369 174.368000,-39.004363 174.367746,-39.004399 174.367745,-39.004358 174.367744,-39.004312</coordinates>
</LinearRing>
</outerBoundaryIs>
</Polygon>
</Placemark>
<Placemark><styleUrl>#nz-river-polygons-topo-150kId</styleUrl>
<ExtendedData><SchemaData schemaUrl="#nz-river-polygons-topo-150kId"><SimpleData name="t50_fid">7553445</SimpleData>
</SchemaData>
</ExtendedData>
<Polygon><outerBoundaryIs><LinearRing><tessellate>1</tessellate>
<coordinates> 174.206760,-39.029529 174.207115,-39.029706 174.207462,-39.029878 174.207811,-39.030131 174.208150,-39.030285 174.208362,-39.030423 174.208500,-39.030608 174.208365,-39.030604 174.208146,-39.030489 174.207828,-39.030282 174.207345,-39.030007 174.206944,-39.029784 174.206560,-39.029613 174.206207,-39.029523 174.205735,-39.029539 174.205662,-39.029616 174.205686,-39.029715 174.205592,-39.029897 174.205236,-39.030076 174.204949,-39.030359 174.204666,-39.030455 174.204434,-39.030428 174.204038,-39.030497 174.203620,-39.030530 174.203275,-39.030534 174.202790,-39.030609 174.202400,-39.030740 174.202140,-39.030656 174.202010,-39.030465 174.202000,-39.030308 174.202158,-39.030370 174.202256,-39.030457 174.202467,-39.030519 174.202699,-39.030493 174.202951,-39.030379 174.203220,-39.030377 174.203676,-39.030302 174.203901,-39.030335 174.204074,-39.030385 174.204275,-39.030325 174.204537,-39.030346 174.204775,-39.030267 174.204929,-39.030085 174.205173,-39.029907 174.205366,-39.029835 174.205469,-39.029723 174.205467,-39.029577 174.205389,-39.029391 174.205611,-39.029278 174.205888,-39.029293 174.206174,-39.029348 174.206497,-39.029421 174.206560,-39.029447 174.206760,-39.029529</coordinates>
</LinearRing>
</outerBoundaryIs>
</Polygon>
</Placemark>
<Placemark><styleUrl>#nz-river-polygons-topo-150kId</styleUrl>
<ExtendedData><SchemaData schemaUrl="#nz-river-polygons-topo-150kId"><SimpleData name="t50_fid">100096704</SimpleData>
</SchemaData>
</ExtendedData>
<Polygon><outerBoundaryIs><LinearRing><tessellate>1</tessellate>
<coordinates> 174.255953,-39.044199 174.256349,-39.043832 174.256919,-39.043574 174.257579,-39.043383 174.258235,-39.043101 174.258548,-39.042871 174.258600,-39.042689 174.258333,-39.042469 174.257661,-39.042165 174.257054,-39.041988 174.255553,-39.041231 174.254696,-39.040546 174.252735,-39.038479 174.252343,-39.037993 174.251645,-39.036823 174.251396,-39.036352 174.251266,-39.035645 174.251258,-39.035352 174.251450,-39.034965 174.251831,-39.034410 174.252017,-39.033899 174.252463,-39.033213 174.252702,-39.032723 174.253171,-39.032061 174.253743,-39.031274 174.253886,-39.030993 174.253948,-39.030559 174.253954,-39.030211 174.253947,-39.029621 174.253908,-39.029273 174.253730,-39.028868 174.253290,-39.028551 174.253023,-39.028110 174.252663,-39.026561 174.252642,-39.024757 174.252606,-39.024510 174.252442,-39.023454 174.252282,-39.022901 174.251977,-39.022517 174.251391,-39.022110 174.249324,-39.020756 174.248758,-39.020157 174.247875,-39.019563 174.247550,-39.019279 174.246661,-39.018501 174.246101,-39.018082 174.245637,-39.017758 174.245276,-39.017429 174.244865,-39.017102 174.244606,-39.016675 174.244119,-39.015911 174.243367,-39.014901 174.242953,-39.014423 174.242635,-39.013944 174.242108,-39.013656 174.241720,-39.012989 174.241484,-39.012466 174.241246,-39.011460 174.241246,-39.011187 174.241154,-39.011087 174.241081,-39.010602 174.241096,-39.010371 174.241118,-39.010130 174.241082,-39.009930 174.241100,-39.009810 174.241089,-39.009574 174.241093,-39.009429 174.241090,-39.009273 174.241107,-39.009158 174.241090,-39.008912 174.241072,-39.008597 174.241067,-39.008291 174.241075,-39.008050 174.240994,-39.007845 174.240916,-39.007771 174.240791,-39.007602 174.240595,-39.007424 174.240329,-39.007241 174.239778,-39.006971 174.239219,-39.006641 174.239038,-39.006548 174.238877,-39.006534 174.238869,-39.006459 174.238738,-39.006315 174.238529,-39.006082 174.238423,-39.005948 174.238303,-39.005668 174.238293,-39.005448 174.238329,-39.005332 174.238270,-39.005242 174.238209,-39.005103 174.238277,-39.004912 174.238370,-39.004750 174.238491,-39.004684 174.238555,-39.004628 174.238540,-39.004528 174.238410,-39.004419 174.238459,-39.004298 174.238566,-39.004207 174.238744,-39.004069 174.238873,-39.004103 174.239015,-39.004107 174.239058,-39.004031 174.238992,-39.003936 174.239010,-39.003846 174.239181,-39.003689 174.239358,-39.003551 174.239474,-39.003540 174.239597,-39.003604 174.239654,-39.003543 174.239645,-39.003403 174.239714,-39.003332 174.239887,-39.003290 174.240054,-39.003313 174.240118,-39.003258 174.240103,-39.003127 174.240237,-39.003076 174.240472,-39.002923 174.240667,-39.002690 174.240785,-39.002464 174.240967,-39.002221 174.241122,-39.001992 174.241216,-39.001799 174.241183,-39.001355 174.241031,-39.001054 174.240641,-39.000884 174.239855,-39.000480 174.239234,-39.000132 174.239062,-39.000016 174.238995,-38.999971 174.238452,-38.999604 174.238052,-38.999336 174.237806,-38.999170 174.237288,-38.998798 174.236555,-38.998268 174.234989,-38.997065 174.234034,-38.996276 174.233887,-38.996147 174.233131,-38.995342 174.232330,-38.994455 174.231734,-38.993675 174.231428,-38.993375 174.231230,-38.993157 174.231034,-38.993049 174.230745,-38.992694 174.230513,-38.992517 174.230171,-38.992128 174.229639,-38.991486 174.229311,-38.990897 174.229223,-38.990842 174.229089,-38.990856 174.228849,-38.990859 174.228599,-38.990865 174.228443,-38.990796 174.228575,-38.990732 174.228713,-38.990706 174.228953,-38.990670 174.228978,-38.990595 174.229068,-38.990556 174.229098,-38.990341 174.229002,-38.989922 174.228962,-38.989619 174.228807,-38.989352 174.228410,-38.988867 174.228020,-38.988223 174.227764,-38.987697 174.229058,-38.987648 174.229254,-38.988128 174.229411,-38.988505 174.229605,-38.989040 174.229842,-38.989451 174.230164,-38.989730 174.230475,-38.989805 174.230686,-38.989695 174.230894,-38.989692 174.231153,-38.989844 174.231104,-38.989968 174.231240,-38.990167 174.231670,-38.990541 174.231950,-38.990883 174.232202,-38.991176 174.232465,-38.991580 174.232664,-38.991854 174.233064,-38.992001 174.233137,-38.992138 174.233099,-38.992462 174.232914,-38.992519 174.232587,-38.992481 174.232545,-38.992455 174.232132,-38.992193 174.231959,-38.992173 174.231887,-38.992310 174.231951,-38.992395 174.232076,-38.992563 174.232369,-38.992979 174.232932,-38.993687 174.233346,-38.994143 174.233507,-38.994259 174.233644,-38.994358 174.233752,-38.994481 174.234003,-38.994685 174.234575,-38.995113 174.234950,-38.995350 174.235281,-38.995581 174.235413,-38.995843 174.235645,-38.996034 174.236270,-38.996721 174.236962,-38.997327 174.239003,-38.999142 174.239826,-38.999780 174.240175,-39.000026 174.241019,-39.000407 174.241968,-39.000882 174.242304,-39.001343 174.242389,-39.001625 174.242380,-39.001881 174.242289,-39.002234 174.241996,-39.002656 174.241864,-39.002816 174.241652,-39.002966 174.241521,-39.003127 174.241230,-39.003394 174.240869,-39.003653 174.240677,-39.003748 174.240566,-39.003812 174.240273,-39.003962 174.239895,-39.004142 174.239587,-39.004363 174.239489,-39.004594 174.239373,-39.004730 174.239286,-39.004986 174.239293,-39.005401 174.239313,-39.005680 174.239372,-39.005797 174.239629,-39.006191 174.240013,-39.006457 174.240701,-39.006836 174.241443,-39.007304 174.241693,-39.007566 174.241777,-39.007666 174.241848,-39.007756 174.241999,-39.007955 174.242098,-39.008099 174.242122,-39.008395 174.242172,-39.008700 174.242172,-39.009036 174.242170,-39.009683 174.242151,-39.009850 174.242131,-39.010024 174.242131,-39.010380 174.242136,-39.010671 174.241911,-39.011223 174.241885,-39.011962 174.242008,-39.012360 174.242700,-39.013309 174.243018,-39.013744 174.243473,-39.014365 174.244262,-39.015297 174.244703,-39.015972 174.244878,-39.016197 174.245874,-39.017056 174.246644,-39.017694 174.247001,-39.017989 174.247422,-39.018337 174.247535,-39.018421 174.247775,-39.018599 174.248522,-39.019252 174.249028,-39.019786 174.249342,-39.020064 174.249693,-39.020342 174.249868,-39.020469 174.250748,-39.021068 174.251502,-39.021546 174.252286,-39.022077 174.252668,-39.022395 174.252917,-39.022856 174.253156,-39.023569 174.253227,-39.023766 174.253265,-39.024088 174.253335,-39.025097 174.253514,-39.025872 174.253509,-39.026365 174.253510,-39.026816 174.253730,-39.027336 174.253862,-39.027962 174.253962,-39.028478 174.254457,-39.029256 174.254542,-39.029765 174.254479,-39.030053 174.254492,-39.030317 174.254597,-39.030715 174.254568,-39.031186 174.254334,-39.031499 174.254146,-39.031663 174.253807,-39.031886 174.253507,-39.032212 174.253251,-39.032670 174.252973,-39.033109 174.252808,-39.033500 174.252645,-39.033880 174.252435,-39.034160 174.252225,-39.034659 174.252192,-39.034863 174.252232,-39.035260 174.252386,-39.035746 174.252494,-39.036181 174.252838,-39.037084 174.253252,-39.037952 174.253536,-39.038341 174.254055,-39.038932 174.254750,-39.039840 174.255764,-39.040851 174.256217,-39.041207 174.256703,-39.041538 174.256986,-39.041694 174.257585,-39.041906 174.257970,-39.042022 174.258283,-39.042137 174.258365,-39.042233 174.258386,-39.042242 174.258411,-39.042326 174.258527,-39.042363 174.258629,-39.042330 174.258592,-39.042060 174.258649,-39.041970 174.258900,-39.041884 174.259136,-39.041881 174.259416,-39.041985 174.259593,-39.042146 174.259732,-39.042449 174.259703,-39.042555 174.259670,-39.042717 174.259474,-39.042922 174.259132,-39.043086 174.258753,-39.043266 174.257990,-39.043537 174.257475,-39.043835 174.256962,-39.044070 174.256832,-39.044259 174.256143,-39.044782 174.255823,-39.045344 174.255361,-39.046334 174.255265,-39.046876 174.255126,-39.047707 174.255216,-39.048083 174.254751,-39.048864 174.253586,-39.050573 174.253369,-39.051072 174.253407,-39.051409 174.253528,-39.051611 174.254272,-39.051815 174.255093,-39.052014 174.255788,-39.052075 174.256448,-39.052220 174.256759,-39.052413 174.257430,-39.052473 174.257824,-39.052621 174.258145,-39.052686 174.258301,-39.052747 174.258478,-39.052880 174.258598,-39.053057 174.258633,-39.053260 174.258787,-39.053783 174.258914,-39.054439 174.258975,-39.054528 174.259364,-39.054675 174.259541,-39.054793 174.259753,-39.054793 174.260059,-39.054583 174.260372,-39.054167 174.260353,-39.053743 174.260332,-39.053142 174.260242,-39.052450 174.260322,-39.051680 174.260428,-39.051375 174.260491,-39.051194 174.260618,-39.050941 174.260946,-39.050542 174.261365,-39.050211 174.261935,-39.049842 174.262547,-39.049428 174.263633,-39.048842 174.264134,-39.048606 174.265544,-39.048488 174.266889,-39.048559 174.267841,-39.048798 174.268238,-39.048902 174.268872,-39.049275 174.269289,-39.049623 174.269375,-39.049866 174.269414,-39.049975 174.269289,-39.050740 174.269044,-39.051400 174.268659,-39.052013 174.267914,-39.052782 174.267356,-39.053819 174.266583,-39.054343 174.265699,-39.054741 174.265098,-39.054992 174.264853,-39.055147 174.264626,-39.055524 174.264372,-39.055852 174.263973,-39.056813 174.263900,-39.057118 174.263852,-39.057612 174.263717,-39.057791 174.263239,-39.058579 174.263053,-39.059125 174.263049,-39.059516 174.263211,-39.059900 174.263508,-39.060210 174.263660,-39.060479 174.264054,-39.061057 174.264127,-39.061267 174.264223,-39.061595 174.264443,-39.061817 174.264623,-39.062141 174.264713,-39.062354 174.264704,-39.062613 174.264679,-39.062816 174.264593,-39.062922 174.264502,-39.063007 174.264418,-39.063097 174.264343,-39.063208 174.264017,-39.063515 174.263907,-39.063786 174.263767,-39.064018 174.263796,-39.064308 174.264000,-39.064494 174.264263,-39.064688 174.264725,-39.065087 174.264967,-39.065287 174.265269,-39.065267 174.265568,-39.065128 174.266349,-39.064771 174.266726,-39.064508 174.266975,-39.064302 174.267457,-39.063880 174.268191,-39.063287 174.268642,-39.062896 174.269236,-39.062472 174.269643,-39.062190 174.269814,-39.062020 174.270278,-39.061404 174.270524,-39.060881 174.270511,-39.060056 174.270671,-39.059388 174.270932,-39.059052 174.271276,-39.058840 174.271707,-39.058742 174.272143,-39.058802 174.272703,-39.058834 174.273188,-39.059026 174.273566,-39.059271 174.273891,-39.059486 174.274542,-39.059866 174.274809,-39.060086 174.275079,-39.060443 174.275332,-39.061115 174.275629,-39.061691 174.276093,-39.062334 174.276374,-39.062748 174.276761,-39.063059 174.277243,-39.063415 174.277545,-39.063671 174.277809,-39.063826 174.278263,-39.063913 174.278964,-39.063896 174.279674,-39.063711 174.280475,-39.063359 174.280908,-39.062965 174.281643,-39.062540 174.281964,-39.062248 174.282348,-39.062020 174.282920,-39.061912 174.283243,-39.061837 174.283610,-39.061537 174.283875,-39.061208 174.283997,-39.060900 174.283835,-39.060734 174.283702,-39.060654 174.283612,-39.060640 174.283969,-39.060269 174.283832,-39.059993 174.283818,-39.059845 174.284016,-39.059629 174.284392,-39.059439 174.285091,-39.059292 174.285437,-39.059353 174.286097,-39.059660 174.286983,-39.060186 174.287394,-39.060497 174.288098,-39.061258 174.288469,-39.061411 174.289405,-39.061864 174.289728,-39.061972 174.290773,-39.061894 174.291567,-39.061922 174.292114,-39.061953 174.292864,-39.062027 174.293665,-39.062250 174.294383,-39.062483 174.295339,-39.062749 174.295926,-39.062903 174.296129,-39.063087 174.296457,-39.063580 174.296584,-39.063992 174.296749,-39.064321 174.296732,-39.064776 174.296644,-39.065064 174.296087,-39.065785 174.295233,-39.066188 174.294542,-39.066723 174.294330,-39.066855 174.293934,-39.066904 174.293151,-39.066914 174.292843,-39.066846 174.292545,-39.066699 174.292245,-39.066481 174.291831,-39.066203 174.291384,-39.065969 174.290927,-39.065815 174.290518,-39.065802 174.290111,-39.065922 174.289869,-39.066288 174.289804,-39.066497 174.291415,-39.068781 174.291509,-39.068953 174.291705,-39.069197 174.291900,-39.069767 174.291989,-39.070252 174.292164,-39.070507 174.292373,-39.070744 174.292718,-39.070979 174.293108,-39.071315 174.293228,-39.071493 174.293321,-39.071643 174.293328,-39.072015 174.293055,-39.072549 174.293001,-39.072772 174.293037,-39.073083 174.293059,-39.073707 174.293144,-39.073979 174.293532,-39.074404 174.293638,-39.074707 174.293614,-39.075027 174.293632,-39.075409 174.293826,-39.075610 174.294137,-39.075653 174.294576,-39.075601 174.295194,-39.075476 174.296091,-39.075221 174.297156,-39.075103 174.297839,-39.075165 174.298455,-39.075335 174.298957,-39.075444 174.299494,-39.075633 174.300168,-39.075820 174.300546,-39.076001 174.300660,-39.076637 174.300875,-39.077148 174.301034,-39.077740 174.300952,-39.078216 174.300314,-39.078710 174.299823,-39.079141 174.299262,-39.079484 174.298847,-39.079772 174.298773,-39.080057 174.298803,-39.080393 174.298966,-39.080630 174.299058,-39.080700 174.299241,-39.080768 174.299863,-39.080610 174.300299,-39.080269 174.300668,-39.079946 174.300946,-39.079686 174.301526,-39.079139 174.301875,-39.078949 174.302299,-39.078563 174.302755,-39.078080 174.302919,-39.077853 174.303121,-39.077624 174.303555,-39.077149 174.303904,-39.077030 174.304526,-39.076908 174.305097,-39.077078 174.305602,-39.077338 174.306183,-39.078161 174.306417,-39.078531 174.306906,-39.079145 174.307263,-39.079406 174.307539,-39.079598 174.307884,-39.079824 174.308881,-39.080939 174.309090,-39.081205 174.309637,-39.082143 174.309855,-39.082680 174.309867,-39.083086 174.309730,-39.083425 174.309701,-39.083630 174.309954,-39.084345 174.310338,-39.084556 174.310888,-39.084804 174.311646,-39.085050 174.312142,-39.085193 174.312400,-39.085176 174.312729,-39.085110 174.313014,-39.084925 174.313811,-39.084309 174.314568,-39.083636 174.314965,-39.083404 174.315362,-39.083052 174.315805,-39.082851 174.315943,-39.082784 174.317070,-39.082702 174.317350,-39.082914 174.317730,-39.082963 174.317990,-39.082945 174.318241,-39.082661 174.318584,-39.082590 174.318746,-39.082938 174.318737,-39.083368 174.318875,-39.083607 174.319289,-39.083892 174.319470,-39.084182 174.319722,-39.084364 174.319868,-39.084752 174.319943,-39.085087 174.319825,-39.085483 174.319807,-39.085844 174.319713,-39.086037 174.319471,-39.086503 174.319564,-39.086824 174.319898,-39.087183 174.319988,-39.087384 174.320179,-39.087709 174.320851,-39.088327 174.320873,-39.088555 174.320677,-39.089095 174.320598,-39.089146 174.320141,-39.089444 174.319943,-39.089561 174.319597,-39.089612 174.319336,-39.089571 174.319160,-39.089484 174.319089,-39.089435 174.318628,-39.089110 174.318129,-39.088871 174.317550,-39.088814 174.317227,-39.088683 174.316500,-39.088516 174.316238,-39.088498 174.315805,-39.088528 174.314759,-39.088492 174.314375,-39.088587 174.314103,-39.088729 174.313913,-39.089022 174.314008,-39.089512 174.314275,-39.090019 174.314675,-39.090476 174.315061,-39.090819 174.315556,-39.091409 174.315718,-39.091603 174.315938,-39.091891 174.316060,-39.092216 174.316217,-39.092443 174.316371,-39.092803 174.316550,-39.093220 174.316802,-39.093565 174.316953,-39.093764 174.317156,-39.094188 174.317423,-39.094690 174.317598,-39.095192 174.317632,-39.095658 174.317613,-39.097189 174.317585,-39.097623 174.317659,-39.097993 174.317961,-39.098278 174.318163,-39.098490 174.318388,-39.098716 174.319143,-39.099155 174.319275,-39.099364 174.319412,-39.099583 174.319896,-39.099944 174.320140,-39.100232 174.320421,-39.100548 174.320955,-39.100933 174.321312,-39.101086 174.321726,-39.101281 174.322056,-39.101629 174.322838,-39.102210 174.323388,-39.102476 174.323606,-39.102748 174.323716,-39.103023 174.323951,-39.103497 174.324121,-39.104052 174.324384,-39.104654 174.324801,-39.105829 174.324958,-39.106288 174.325773,-39.106729 174.326780,-39.106776 174.327653,-39.106797 174.328483,-39.106630 174.328997,-39.106781 174.329745,-39.107007 174.330107,-39.107208 174.330472,-39.107298 174.331043,-39.107615 174.331358,-39.107915 174.332151,-39.108608 174.332588,-39.108990 174.332719,-39.109399 174.332959,-39.109711 174.333208,-39.110456 174.333190,-39.110699 174.333524,-39.111430 174.333924,-39.111959 174.334386,-39.112205 174.334794,-39.112441 174.335107,-39.112636 174.335371,-39.113072 174.335530,-39.113588 174.335649,-39.113721 174.335881,-39.113717 174.336252,-39.113552 174.336620,-39.113276 174.337259,-39.112363 174.337587,-39.111726 174.338059,-39.111020 174.338278,-39.110565 174.338473,-39.110314 174.338812,-39.110037 174.339063,-39.109694 174.339333,-39.109036 174.339457,-39.108678 174.339660,-39.108474 174.340226,-39.108332 174.341274,-39.108158 174.341897,-39.108272 174.342513,-39.108869 174.342441,-39.109432 174.342456,-39.109995 174.342598,-39.110872 174.342693,-39.111164 174.343042,-39.111290 174.343285,-39.111368 174.343701,-39.111484 174.344122,-39.111841 174.344166,-39.112298 174.344038,-39.112823 174.343805,-39.113578 174.343702,-39.114031 174.343321,-39.114894 174.343204,-39.115335 174.343217,-39.117011 174.342941,-39.117441 174.342914,-39.117818 174.342890,-39.118356 174.343219,-39.119336 174.343108,-39.119519 174.342966,-39.119612 174.342447,-39.119666 174.342307,-39.119696 174.342016,-39.119786 174.341732,-39.119972 174.341593,-39.120176 174.341158,-39.121131 174.341082,-39.121493 174.341093,-39.121876 174.341250,-39.122324 174.341656,-39.122766 174.342163,-39.123175 174.342576,-39.123336 174.343104,-39.123396 174.343822,-39.123203 174.344318,-39.122935 174.344563,-39.122807 174.344902,-39.122530 174.345409,-39.122048 174.346181,-39.121696 174.346463,-39.121488 174.346772,-39.121145 174.347116,-39.120593 174.347760,-39.119302 174.347711,-39.118581 174.347474,-39.117938 174.347436,-39.117729 174.347609,-39.116149 174.348037,-39.115079 174.348198,-39.114658 174.348391,-39.114313 174.348634,-39.114059 174.349067,-39.113708 174.349654,-39.113309 174.350027,-39.113160 174.350550,-39.112979 174.351293,-39.112806 174.351935,-39.112586 174.352342,-39.112425 174.352966,-39.112398 174.353492,-39.112380 174.354104,-39.112487 174.354739,-39.112749 174.355272,-39.113043 174.355707,-39.113327 174.356159,-39.113721 174.356268,-39.114259 174.356189,-39.114622 174.356062,-39.115211 174.356072,-39.115594 174.355898,-39.115874 174.355393,-39.116102 174.354456,-39.116704 174.353770,-39.116987 174.352787,-39.117333 174.352914,-39.117013 174.353037,-39.116802 174.353218,-39.116657 174.353924,-39.116330 174.354643,-39.116183 174.354843,-39.116089 174.355183,-39.115835 174.355294,-39.115676 174.355567,-39.115107 174.355669,-39.114655 174.355680,-39.114023 174.355618,-39.113889 174.355470,-39.113779 174.353538,-39.113001 174.352956,-39.112854 174.352405,-39.112864 174.351831,-39.112986 174.350425,-39.113417 174.350082,-39.113581 174.349742,-39.113790 174.349147,-39.114228 174.348805,-39.114526 174.348445,-39.114962 174.348225,-39.115394 174.348038,-39.115893 174.347862,-39.116843 174.347871,-39.117136 174.347981,-39.117923 174.348269,-39.118909 174.348281,-39.119316 174.348118,-39.119656 174.347783,-39.120090 174.347567,-39.120635 174.347235,-39.121159 174.347037,-39.121321 174.346668,-39.121530 174.345905,-39.122197 174.345712,-39.122516 174.345259,-39.122885 174.344544,-39.123145 174.344354,-39.123320 174.344093,-39.123559 174.343777,-39.123654 174.343257,-39.123686 174.342516,-39.123617 174.342105,-39.123565 174.341875,-39.123500 174.341502,-39.123259 174.341016,-39.122704 174.340853,-39.122304 174.340765,-39.121999 174.340669,-39.121677 174.340600,-39.120848 174.340711,-39.120299 174.340847,-39.120009 174.341088,-39.119685 174.341597,-39.119315 174.342132,-39.119225 174.342298,-39.118927 174.342426,-39.118428 174.342395,-39.117717 174.342590,-39.117110 174.342805,-39.115821 174.342872,-39.114839 174.343095,-39.113923 174.343369,-39.112966 174.343511,-39.112434 174.343417,-39.112187 174.343267,-39.112010 174.342710,-39.111727 174.342532,-39.111594 174.342260,-39.111217 174.342091,-39.110340 174.342042,-39.109665 174.341943,-39.109238 174.341759,-39.108904 174.341494,-39.108705 174.341059,-39.108690 174.340713,-39.108741 174.340312,-39.108883 174.340056,-39.109046 174.339695,-39.109548 174.339449,-39.110025 174.338968,-39.110440 174.338690,-39.110828 174.338512,-39.111316 174.338289,-39.111939 174.338067,-39.112304 174.337463,-39.112995 174.337313,-39.113196 174.336632,-39.113681 174.336473,-39.113792 174.336121,-39.113940 174.335900,-39.114030 174.335473,-39.114192 174.335272,-39.114205 174.335053,-39.114009 174.334897,-39.113581 174.334627,-39.112841 174.334326,-39.112582 174.333905,-39.112459 174.333731,-39.112391 174.333513,-39.112226 174.333250,-39.111873 174.333016,-39.111582 174.332909,-39.111020 174.332830,-39.110276 174.332764,-39.109985 174.332609,-39.109649 174.332369,-39.109338 174.331448,-39.108475 174.330648,-39.107858 174.330119,-39.107529 174.329767,-39.107400 174.329302,-39.107317 174.328488,-39.107080 174.328259,-39.107082 174.327858,-39.107117 174.327086,-39.107316 174.325973,-39.107240 174.325711,-39.107178 174.324861,-39.106787 174.324507,-39.106545 174.324091,-39.105911 174.323997,-39.105252 174.323862,-39.104866 174.323621,-39.104111 174.323472,-39.103698 174.323221,-39.103051 174.322629,-39.102610 174.322042,-39.102168 174.321620,-39.101858 174.321243,-39.101665 174.321067,-39.101600 174.320714,-39.101342 174.320365,-39.101077 174.319587,-39.100409 174.318842,-39.099655 174.317887,-39.098857 174.317086,-39.098072 174.316783,-39.097580 174.316655,-39.097005 174.316642,-39.096657 174.316951,-39.095558 174.317017,-39.095190 174.316957,-39.094633 174.316731,-39.094312 174.316216,-39.093622 174.316171,-39.093187 174.316072,-39.092807 174.315908,-39.092538 174.315859,-39.092427 174.314784,-39.091228 174.314280,-39.090622 174.313582,-39.089744 174.313461,-39.089493 174.313428,-39.089336 174.313504,-39.089060 174.313637,-39.088601 174.313765,-39.088266 174.313858,-39.088133 174.314030,-39.088053 174.314572,-39.087986 174.314873,-39.088015 174.315769,-39.088176 174.316357,-39.088254 174.317190,-39.088330 174.317719,-39.088467 174.318309,-39.088660 174.319132,-39.088832 174.319595,-39.088769 174.319997,-39.088669 174.320161,-39.088314 174.319949,-39.088107 174.319292,-39.087520 174.319116,-39.087264 174.318989,-39.087003 174.318861,-39.086449 174.319320,-39.085744 174.319269,-39.085345 174.319145,-39.084932 174.318713,-39.083970 174.318561,-39.083747 174.318326,-39.083571 174.317360,-39.083204 174.316982,-39.083121 174.316635,-39.083127 174.316175,-39.083203 174.315776,-39.083484 174.315131,-39.084002 174.314998,-39.084083 174.314300,-39.084559 174.313867,-39.084865 174.313709,-39.084958 174.313028,-39.085443 174.312573,-39.085699 174.312257,-39.085772 174.311590,-39.085738 174.311182,-39.085632 174.309774,-39.084891 174.309536,-39.084692 174.309355,-39.084402 174.309089,-39.083189 174.309153,-39.082422 174.309149,-39.082264 174.308967,-39.081952 174.308276,-39.081084 174.307701,-39.080408 174.307228,-39.080006 174.306465,-39.079298 174.305988,-39.078719 174.305518,-39.078113 174.305219,-39.077701 174.304746,-39.077353 174.304279,-39.077278 174.303977,-39.077327 174.303777,-39.077421 174.303354,-39.077811 174.302583,-39.078947 174.302164,-39.079253 174.301549,-39.079729 174.301254,-39.080176 174.301024,-39.080510 174.300643,-39.080798 174.300026,-39.081071 174.299625,-39.081145 174.299294,-39.081162 174.298749,-39.080931 174.298492,-39.080601 174.298197,-39.080082 174.298085,-39.079700 174.298044,-39.079601 174.298114,-39.079506 174.298342,-39.079305 174.299110,-39.079079 174.299707,-39.078685 174.300130,-39.078340 174.300295,-39.078022 174.300344,-39.077705 174.300334,-39.077344 174.300255,-39.076580 174.300103,-39.076312 174.299837,-39.076158 174.299257,-39.076079 174.298880,-39.075879 174.298265,-39.075757 174.297798,-39.075585 174.297012,-39.075396 174.296675,-39.075400 174.296077,-39.075585 174.295184,-39.075799 174.294504,-39.075877 174.294221,-39.075898 174.293959,-39.075866 174.293726,-39.075790 174.293550,-39.075726 174.293388,-39.075687 174.293133,-39.075424 174.292918,-39.074904 174.292822,-39.074521 174.292728,-39.074274 174.292558,-39.073857 174.292490,-39.073291 174.292675,-39.072359 174.292712,-39.071838 174.292616,-39.071600 174.292142,-39.071145 174.291634,-39.070690 174.291427,-39.070127 174.291182,-39.069660 174.291014,-39.069175 174.290543,-39.068315 174.290010,-39.067719 174.289526,-39.066956 174.289237,-39.066310 174.289182,-39.066002 174.289276,-39.065633 174.289558,-39.065358 174.290038,-39.065193 174.290361,-39.065141 174.290852,-39.065110 174.291259,-39.065216 174.292222,-39.065844 174.292668,-39.066043 174.293021,-39.066177 174.293693,-39.066181 174.294229,-39.065976 174.294513,-39.065769 174.294971,-39.065580 174.295224,-39.065374 174.295630,-39.065035 174.296094,-39.064436 174.296179,-39.064311 174.296218,-39.064155 174.296183,-39.064074 174.296140,-39.064016 174.295818,-39.063790 174.294783,-39.063095 174.293508,-39.062602 174.292969,-39.062449 174.292329,-39.062396 174.291454,-39.062386 174.289937,-39.062421 174.289643,-39.062413 174.289272,-39.062387 174.288589,-39.062149 174.288248,-39.061999 174.287570,-39.061493 174.286886,-39.060850 174.286179,-39.060366 174.285940,-39.060077 174.285572,-39.059943 174.285036,-39.059894 174.284727,-39.059897 174.284588,-39.060047 174.284505,-39.060688 174.284382,-39.061125 174.284126,-39.061415 174.283765,-39.061790 174.283467,-39.061999 174.282867,-39.062340 174.282313,-39.062569 174.281738,-39.062993 174.281372,-39.063176 174.281032,-39.063429 174.280449,-39.063879 174.279600,-39.064241 174.278984,-39.064331 174.278188,-39.064359 174.277758,-39.064207 174.277406,-39.064055 174.277108,-39.063806 174.276627,-39.063524 174.276313,-39.063296 174.276077,-39.063018 174.275422,-39.062397 174.275183,-39.062064 174.274938,-39.061572 174.274917,-39.060873 174.274826,-39.060699 174.274499,-39.060406 174.273443,-39.059839 174.273120,-39.059619 174.272938,-39.059352 174.272720,-39.059189 174.272208,-39.059049 174.271890,-39.059054 174.271632,-39.059149 174.271377,-39.059356 174.271123,-39.059966 174.270971,-39.060310 174.270919,-39.061079 174.270664,-39.061706 174.270256,-39.062055 174.270008,-39.062318 174.269653,-39.062613 174.269338,-39.062888 174.268945,-39.063298 174.268564,-39.063625 174.267840,-39.064185 174.267395,-39.064669 174.266990,-39.065101 174.266316,-39.065504 174.265532,-39.065680 174.264958,-39.065666 174.264528,-39.065535 174.264082,-39.065238 174.263771,-39.064944 174.263446,-39.064443 174.263344,-39.063893 174.263424,-39.063288 174.263676,-39.063093 174.264150,-39.062873 174.264302,-39.062752 174.264400,-39.062583 174.264409,-39.062290 174.264332,-39.062055 174.264127,-39.061888 174.263979,-39.061665 174.263698,-39.061286 174.263633,-39.060904 174.263221,-39.060481 174.263012,-39.060430 174.262874,-39.060266 174.262692,-39.059931 174.262568,-39.059703 174.262567,-39.059413 174.262729,-39.058712 174.262890,-39.058294 174.263250,-39.057558 174.263415,-39.056758 174.263659,-39.056240 174.263849,-39.055809 174.264181,-39.055285 174.264339,-39.055034 174.264467,-39.054839 174.265067,-39.054516 174.265418,-39.054342 174.265575,-39.054278 174.265767,-39.054216 174.266118,-39.054052 174.266451,-39.054028 174.266716,-39.053953 174.266965,-39.053774 174.267044,-39.053540 174.267496,-39.052863 174.267939,-39.052156 174.268222,-39.051792 174.268486,-39.051363 174.268827,-39.050811 174.268905,-39.050494 174.268948,-39.049953 174.268885,-39.049796 174.268323,-39.049332 174.268089,-39.049246 174.267111,-39.048868 174.266788,-39.048791 174.265243,-39.048753 174.264613,-39.048833 174.264114,-39.048928 174.263687,-39.049107 174.263040,-39.049462 174.261992,-39.050364 174.261036,-39.051253 174.260666,-39.051727 174.260624,-39.052378 174.260908,-39.053043 174.261184,-39.053468 174.261218,-39.053796 174.261146,-39.054248 174.260942,-39.054657 174.260584,-39.054906 174.260051,-39.055094 174.259655,-39.055110 174.259407,-39.055082 174.259088,-39.054983 174.258862,-39.054806 174.258606,-39.054518 174.258382,-39.053918 174.258268,-39.053672 174.258242,-39.053128 174.258104,-39.052976 174.257795,-39.052967 174.257318,-39.052786 174.256636,-39.052745 174.255941,-39.052670 174.255086,-39.052531 174.254883,-39.052534 174.254211,-39.052275 174.253805,-39.052191 174.253395,-39.052041 174.253161,-39.051909 174.252885,-39.051723 174.252732,-39.051129 174.252723,-39.050644 174.253170,-39.049834 174.253845,-39.048884 174.254369,-39.048365 174.254585,-39.047586 174.254593,-39.047503 174.254644,-39.047039 174.254882,-39.046223 174.254925,-39.045800 174.255267,-39.045089 174.255537,-39.044792 174.255953,-39.044199</coordinates>
</LinearRing>
</outerBoundaryIs>
<innerBoundaryIs><LinearRing><tessellate>1</tessellate>
<coordinates> 174.353591,-39.116596 174.353396,-39.116666 174.353340,-39.116702 174.353361,-39.116799 174.353446,-39.116808 174.353791,-39.116717 174.353816,-39.116603 174.353758,-39.116559 174.353591,-39.116596</coordinates>
</LinearRing>
</innerBoundaryIs>
<innerBoundaryIs><LinearRing><tessellate>1</tessellate>
<coordinates> 174.251939,-39.036604 174.251987,-39.036522 174.251902,-39.036207 174.251852,-39.035707 174.251729,-39.035554 174.251672,-39.035590 174.251590,-39.035868 174.251548,-39.036069 174.251544,-39.036301 174.251592,-39.036421 174.251641,-39.036558 174.251742,-39.036716 174.251842,-39.036731 174.251936,-39.036662 174.251939,-39.036604</coordinates>
</LinearRing>
</innerBoundaryIs>
</Polygon>
</Placemark>
<Placemark><styleUrl>#nz-river-polygons-topo-150kId</styleUrl>
<ExtendedData><SchemaData schemaUrl="#nz-river-polygons-topo-150kId"><SimpleData name="t50_fid">7554429</SimpleData>
</SchemaData>
</ExtendedData>
<Polygon><outerBoundaryIs><LinearRing><tessellate>1</tessellate>
<coordinates> 174.291634,-39.070690 174.291384,-39.070669 174.290965,-39.071194 174.290133,-39.072448 174.289967,-39.072855 174.289509,-39.073383 174.289433,-39.073272 174.290010,-39.072179 174.290457,-39.071608 174.290648,-39.071245 174.291374,-39.070308 174.291427,-39.070127 174.291634,-39.070690</coordinates>
</LinearRing>
</outerBoundaryIs>
</Polygon>
</Placemark>
<Placemark><styleUrl>#nz-river-polygons-topo-150kId</styleUrl>
<ExtendedData><SchemaData schemaUrl="#nz-river-polygons-topo-150kId"><SimpleData name="t50_fid">7550426</SimpleData>
</SchemaData>
</ExtendedData>
<Polygon><outerBoundaryIs><LinearRing><tessellate>1</tessellate>
<coordinates> 174.284405,-39.122855 174.284927,-39.122914 174.285714,-39.123125 174.286153,-39.123515 174.286693,-39.124980 174.286788,-39.125294 174.286806,-39.125813 174.286561,-39.125633 174.286239,-39.126340 174.286271,-39.126452 174.286989,-39.127288 174.287186,-39.127436 174.287366,-39.127289 174.287897,-39.128095 174.288114,-39.128446 174.288268,-39.128948 174.288103,-39.129854 174.287694,-39.130475 174.287292,-39.130844 174.286169,-39.131390 174.286044,-39.131443 174.285812,-39.131541 174.285425,-39.131737 174.285190,-39.131844 174.283873,-39.132309 174.283031,-39.132683 174.281998,-39.133016 174.281655,-39.133158 174.281402,-39.133409 174.281409,-39.133658 174.281687,-39.134283 174.281941,-39.135090 174.282090,-39.136283 174.282106,-39.137861 174.282234,-39.138309 174.282211,-39.138513 174.282128,-39.138649 174.281873,-39.138856 174.281392,-39.138959 174.281152,-39.138958 174.280727,-39.139259 174.280501,-39.139488 174.280476,-39.139646 174.280657,-39.139869 174.280982,-39.140111 174.281166,-39.140468 174.281134,-39.140768 174.280873,-39.140383 174.280371,-39.140009 174.280281,-39.139897 174.280245,-39.139628 174.280327,-39.139446 174.280692,-39.139057 174.280919,-39.138895 174.281551,-39.138704 174.281663,-39.138589 174.281736,-39.138115 174.281678,-39.137079 174.281761,-39.135883 174.281718,-39.135410 174.281559,-39.134917 174.281074,-39.134114 174.280978,-39.133800 174.280612,-39.133401 174.281641,-39.132639 174.281953,-39.132431 174.282355,-39.132289 174.283132,-39.132185 174.284657,-39.131822 174.285058,-39.131679 174.285398,-39.131403 174.286170,-39.131074 174.287137,-39.130495 174.287448,-39.130242 174.287669,-39.129877 174.287799,-39.129334 174.287657,-39.128389 174.287319,-39.127719 174.287140,-39.127519 174.287138,-39.127429 174.287076,-39.127393 174.286939,-39.127327 174.286667,-39.127144 174.286160,-39.126635 174.286039,-39.126433 174.286007,-39.126321 174.286301,-39.125460 174.286376,-39.125030 174.286307,-39.124648 174.286091,-39.124179 174.286057,-39.123954 174.285784,-39.123530 174.285577,-39.123376 174.284906,-39.123162 174.284267,-39.123082 174.283885,-39.122909 174.283609,-39.122661 174.284405,-39.122855</coordinates>
</LinearRing>
</outerBoundaryIs>
</Polygon>
</Placemark>
<Placemark><styleUrl>#nz-river-polygons-topo-150kId</styleUrl>
<ExtendedData><SchemaData schemaUrl="#nz-river-polygons-topo-150kId"><SimpleData name="t50_fid">7552214</SimpleData>
</SchemaData>
</ExtendedData>
<Polygon><outerBoundaryIs><LinearRing><tessellate>1</tessellate>
<coordinates> 174.274528,-39.167385 174.273884,-39.167865 174.273660,-39.168117 174.273551,-39.168344 174.273339,-39.169069 174.273375,-39.169338 174.273497,-39.169517 174.274183,-39.170272 174.274962,-39.170845 174.274369,-39.170662 174.273866,-39.170322 174.273502,-39.169742 174.273086,-39.169366 174.273241,-39.168688 174.273253,-39.168370 174.273428,-39.167832 174.273749,-39.167482 174.274267,-39.167047 174.274895,-39.166743 174.275008,-39.166652 174.274704,-39.166116 174.274497,-39.165961 174.273566,-39.165820 174.273184,-39.165666 174.272919,-39.165425 174.272822,-39.165151 174.272845,-39.164907 174.272929,-39.164771 174.273614,-39.164398 174.273869,-39.164192 174.274060,-39.163782 174.274106,-39.163376 174.274036,-39.162927 174.273880,-39.162546 174.273281,-39.161835 174.273274,-39.161564 174.273385,-39.161359 174.273554,-39.161221 174.273985,-39.161079 174.274704,-39.160954 174.274877,-39.160884 174.275131,-39.160676 174.275296,-39.160358 174.275293,-39.160291 174.275088,-39.160181 174.274938,-39.159981 174.274957,-39.159642 174.275116,-39.159408 174.275545,-39.159971 174.275608,-39.160150 174.275620,-39.160533 174.275538,-39.160737 174.275340,-39.160898 174.275071,-39.161038 174.274740,-39.161202 174.274223,-39.161345 174.273848,-39.161374 174.273704,-39.161422 174.273564,-39.161582 174.273599,-39.161784 174.274078,-39.162340 174.274230,-39.162607 174.274363,-39.163237 174.274375,-39.163687 174.274342,-39.163865 174.274300,-39.164117 174.274194,-39.164412 174.274054,-39.164607 174.273831,-39.164684 174.273451,-39.164808 174.273310,-39.164922 174.273201,-39.165149 174.273233,-39.165261 174.273381,-39.165394 174.273875,-39.165476 174.274240,-39.165553 174.274913,-39.165791 174.275235,-39.166091 174.275314,-39.166350 174.275210,-39.166773 174.275058,-39.166965 174.274528,-39.167385</coordinates>
</LinearRing>
</outerBoundaryIs>
</Polygon>
</Placemark>
<Placemark><styleUrl>#nz-river-polygons-topo-150kId</styleUrl>
<ExtendedData><SchemaData schemaUrl="#nz-river-polygons-topo-150kId"><SimpleData name="t50_fid">7549943</SimpleData>
</SchemaData>
</ExtendedData>
<Polygon><outerBoundaryIs><LinearRing><tessellate>1</tessellate>
<coordinates> 174.363995,-39.155168 174.364534,-39.155327 174.364893,-39.155220 174.366899,-39.154167 174.367984,-39.153487 174.368645,-39.153143 174.369074,-39.153046 174.369437,-39.153139 174.369936,-39.153727 174.370243,-39.154135 174.370411,-39.154885 174.370323,-39.155218 174.370259,-39.155420 174.370118,-39.155535 174.369842,-39.155642 174.369573,-39.155703 174.368217,-39.155915 174.368130,-39.156084 174.368084,-39.156270 174.368178,-39.156531 174.368816,-39.157151 174.369085,-39.157463 174.369434,-39.157554 174.369645,-39.157733 174.369992,-39.157953 174.370265,-39.158036 174.370419,-39.158110 174.370616,-39.158227 174.370612,-39.158352 174.370491,-39.158900 174.370315,-39.159482 174.370330,-39.160090 174.370726,-39.160554 174.371164,-39.160858 174.371269,-39.160932 174.371493,-39.160973 174.371706,-39.160867 174.372034,-39.160587 174.372123,-39.160158 174.372202,-39.159962 174.372177,-39.159384 174.372802,-39.158488 174.373044,-39.158160 174.374114,-39.157496 174.374876,-39.157240 174.375957,-39.157077 174.376807,-39.157260 174.377195,-39.157458 174.377788,-39.157741 174.378192,-39.158053 174.378321,-39.158570 174.378316,-39.159014 174.378204,-39.159677 174.378099,-39.160306 174.377629,-39.160894 174.377586,-39.160729 174.377659,-39.160523 174.377818,-39.159806 174.378016,-39.158969 174.377883,-39.158256 174.377088,-39.157762 174.376799,-39.157604 174.376301,-39.157404 174.375820,-39.157339 174.375162,-39.157472 174.374470,-39.157811 174.373517,-39.158278 174.372824,-39.159088 174.372643,-39.159735 174.372589,-39.160531 174.372511,-39.161112 174.372318,-39.161206 174.372005,-39.161284 174.371264,-39.161355 174.370927,-39.161196 174.370645,-39.160832 174.370094,-39.160259 174.369931,-39.159741 174.369937,-39.159351 174.370019,-39.158955 174.370072,-39.158802 174.370083,-39.158651 174.370093,-39.158488 174.370076,-39.158336 174.369990,-39.158191 174.369897,-39.158057 174.369720,-39.157935 174.369521,-39.157836 174.369217,-39.157698 174.369040,-39.157573 174.367771,-39.157174 174.367555,-39.157000 174.367462,-39.156800 174.367451,-39.156416 174.367572,-39.155823 174.367788,-39.155688 174.368036,-39.155582 174.369396,-39.155255 174.369677,-39.155035 174.369726,-39.154704 174.369493,-39.153968 174.369372,-39.153813 174.369195,-39.153703 174.368935,-39.153685 174.368475,-39.153806 174.368018,-39.154017 174.366818,-39.154601 174.365698,-39.155134 174.364791,-39.155540 174.364502,-39.155544 174.363875,-39.155407 174.363789,-39.155384 174.363541,-39.155168 174.363164,-39.154924 174.362937,-39.154608 174.362693,-39.154249 174.362553,-39.153991 174.362416,-39.153614 174.362257,-39.153267 174.362100,-39.153003 174.361988,-39.152720 174.361765,-39.152220 174.361628,-39.151840 174.361485,-39.151510 174.361217,-39.151046 174.360980,-39.150587 174.360661,-39.149754 174.360664,-39.149624 174.360707,-39.149490 174.360980,-39.149102 174.361295,-39.148903 174.361578,-39.148628 174.361938,-39.148521 174.362222,-39.148519 174.362525,-39.148613 174.362951,-39.148650 174.363324,-39.149095 174.363610,-39.149310 174.363855,-39.149437 174.364237,-39.149533 174.364578,-39.149410 174.364850,-39.149221 174.365111,-39.148936 174.365174,-39.148343 174.365280,-39.147941 174.365666,-39.147722 174.365947,-39.147541 174.366075,-39.147302 174.366239,-39.146952 174.366454,-39.146749 174.366964,-39.146154 174.367237,-39.145566 174.367631,-39.145287 174.367738,-39.144960 174.367567,-39.144495 174.367062,-39.144442 174.366405,-39.144361 174.365996,-39.144366 174.365807,-39.144443 174.365753,-39.144562 174.365915,-39.145538 174.365896,-39.146004 174.365703,-39.146310 174.365229,-39.146441 174.364777,-39.146626 174.364270,-39.146921 174.364019,-39.147198 174.363455,-39.147508 174.362789,-39.147953 174.362477,-39.148083 174.362137,-39.148191 174.361902,-39.148298 174.361120,-39.148211 174.360616,-39.147728 174.360449,-39.147456 174.360450,-39.147042 174.360177,-39.146638 174.359663,-39.146306 174.359464,-39.146155 174.358995,-39.145386 174.358954,-39.144981 174.359058,-39.144596 174.360153,-39.142301 174.360337,-39.141779 174.360448,-39.141596 174.360677,-39.141253 174.361080,-39.140771 174.361821,-39.140085 174.362126,-39.139682 174.362333,-39.139369 174.362693,-39.138855 174.362561,-39.138422 174.362407,-39.138170 174.362104,-39.137907 174.361521,-39.137729 174.361031,-39.137360 174.360807,-39.137059 174.360626,-39.136601 174.360460,-39.136096 174.360272,-39.135581 174.360264,-39.135310 174.360271,-39.134897 174.360330,-39.134413 174.360664,-39.134053 174.361450,-39.133617 174.361860,-39.133357 174.362029,-39.133156 174.362196,-39.132872 174.362236,-39.132481 174.362058,-39.132304 174.361765,-39.132219 174.361418,-39.132180 174.360812,-39.132281 174.360239,-39.132493 174.359927,-39.132679 174.358300,-39.133875 174.357963,-39.134159 174.357422,-39.134248 174.356864,-39.134285 174.356427,-39.134188 174.356143,-39.133941 174.355988,-39.133606 174.355597,-39.133048 174.355557,-39.132711 174.355565,-39.132506 174.355642,-39.132061 174.355991,-39.131746 174.356186,-39.131522 174.356706,-39.131205 174.357574,-39.130496 174.357709,-39.130081 174.357766,-39.129407 174.358015,-39.129038 174.358193,-39.128714 174.358439,-39.128212 174.358832,-39.127930 174.359212,-39.127726 174.359658,-39.127410 174.360257,-39.127129 174.360455,-39.126967 174.360509,-39.126854 174.360502,-39.126583 174.360318,-39.126249 174.360021,-39.125983 174.359609,-39.125765 174.359085,-39.125639 174.358187,-39.125610 174.357577,-39.125531 174.357052,-39.125382 174.356479,-39.125315 174.355347,-39.125302 174.353648,-39.125296 174.353230,-39.125292 174.352862,-39.125363 174.351961,-39.125449 174.351527,-39.125457 174.350722,-39.125319 174.350315,-39.125244 174.350029,-39.125159 174.349769,-39.124985 174.349675,-39.124543 174.349964,-39.124073 174.350169,-39.123638 174.350556,-39.123068 174.350949,-39.122402 174.351194,-39.121979 174.351586,-39.121811 174.352089,-39.121863 174.352580,-39.121854 174.353015,-39.121914 174.353392,-39.121908 174.353475,-39.121793 174.353472,-39.121701 174.353501,-39.121442 174.353366,-39.121044 174.352837,-39.120213 174.352705,-39.119712 174.352626,-39.118941 174.352500,-39.118232 174.352533,-39.117931 174.352661,-39.117606 174.352988,-39.118333 174.353100,-39.118735 174.353124,-39.119703 174.353201,-39.120356 174.353501,-39.120678 174.353694,-39.120851 174.353871,-39.121063 174.354193,-39.121651 174.354197,-39.121968 174.354033,-39.122076 174.353372,-39.122246 174.352968,-39.122276 174.352619,-39.122214 174.352385,-39.122106 174.352239,-39.122086 174.351867,-39.122227 174.351528,-39.122504 174.351275,-39.122779 174.351138,-39.123006 174.350955,-39.123709 174.350602,-39.124482 174.350565,-39.124672 174.350651,-39.124857 174.350869,-39.124992 174.351255,-39.125044 174.352157,-39.124980 174.353103,-39.124843 174.353463,-39.124808 174.354683,-39.124793 174.355391,-39.124834 174.356570,-39.124956 174.357323,-39.125057 174.358081,-39.125143 174.359314,-39.125295 174.360219,-39.125460 174.360465,-39.125644 174.360678,-39.125793 174.361043,-39.126211 174.361211,-39.126540 174.361165,-39.126693 174.360457,-39.127393 174.360185,-39.127604 174.359529,-39.127953 174.359160,-39.128207 174.358992,-39.128413 174.358893,-39.128784 174.358837,-39.129047 174.358728,-39.129275 174.358367,-39.129555 174.358215,-39.129790 174.358200,-39.130444 174.357820,-39.130890 174.357740,-39.131140 174.357181,-39.131466 174.356422,-39.131941 174.356158,-39.132232 174.356089,-39.132799 174.356251,-39.133063 174.356527,-39.133348 174.356962,-39.133486 174.357588,-39.133456 174.358656,-39.133118 174.359899,-39.132360 174.361017,-39.131912 174.361797,-39.131799 174.362304,-39.131911 174.362611,-39.132131 174.362722,-39.132271 174.362782,-39.132585 174.362757,-39.132814 174.362742,-39.133019 174.362607,-39.133264 174.362485,-39.133554 174.362247,-39.133855 174.361536,-39.134252 174.361111,-39.134575 174.360915,-39.134803 174.360779,-39.135099 174.360791,-39.135527 174.360918,-39.136243 174.361363,-39.137135 174.361854,-39.137485 174.362399,-39.137678 174.362788,-39.137906 174.363080,-39.138257 174.363201,-39.138655 174.363196,-39.139178 174.363019,-39.139455 174.362228,-39.140254 174.361809,-39.140648 174.360776,-39.141928 174.359491,-39.144521 174.359275,-39.145043 174.359253,-39.145291 174.359616,-39.145848 174.360159,-39.146260 174.360547,-39.146530 174.360631,-39.146590 174.360776,-39.146887 174.361017,-39.147221 174.361293,-39.147780 174.361413,-39.147935 174.361679,-39.148089 174.361938,-39.148061 174.362788,-39.147442 174.363230,-39.147237 174.363744,-39.146757 174.364608,-39.146235 174.365007,-39.146091 174.365173,-39.145840 174.365332,-39.145319 174.365287,-39.145034 174.365210,-39.144532 174.365328,-39.144234 174.365579,-39.143949 174.365908,-39.143775 174.366288,-39.143741 174.366554,-39.143767 174.367202,-39.143826 174.367864,-39.144114 174.368295,-39.144271 174.368394,-39.144478 174.368400,-39.144766 174.368195,-39.144984 174.367997,-39.145512 174.367445,-39.146226 174.366956,-39.146687 174.366383,-39.147531 174.366084,-39.147717 174.365685,-39.148196 174.365549,-39.148539 174.365454,-39.149089 174.365412,-39.149273 174.365292,-39.149423 174.365134,-39.149640 174.364888,-39.149709 174.364625,-39.149824 174.364370,-39.149916 174.363848,-39.149967 174.363394,-39.149771 174.362580,-39.149222 174.362157,-39.149064 174.362011,-39.148989 174.361745,-39.148975 174.361465,-39.149049 174.361241,-39.149241 174.361073,-39.149574 174.361019,-39.149901 174.361227,-39.150395 174.361510,-39.150900 174.361798,-39.151577 174.362250,-39.152536 174.362567,-39.153281 174.362780,-39.153657 174.362992,-39.154027 174.363306,-39.154490 174.363631,-39.154788 174.363995,-39.155168</coordinates>
</LinearRing>
</outerBoundaryIs>
<innerBoundaryIs><LinearRing><tessellate>1</tessellate>
<coordinates> 174.366570,-39.144231 174.366754,-39.144275 174.366794,-39.144282 174.366918,-39.144284 174.367032,-39.144279 174.367091,-39.144232 174.367049,-39.144124 174.366938,-39.144052 174.366804,-39.144030 174.366611,-39.144052 174.366482,-39.144054 174.366369,-39.144132 174.366570,-39.144231</coordinates>
</LinearRing>
</innerBoundaryIs>
</Polygon>
</Placemark>
<Placemark><styleUrl>#nz-river-polygons-topo-150kId</styleUrl>
<ExtendedData><SchemaData schemaUrl="#nz-river-polygons-topo-150kId"><SimpleData name="t50_fid">7549911</SimpleData>
</SchemaData>
</ExtendedData>
<Polygon><outerBoundaryIs><LinearRing><tessellate>1</tessellate>
<coordinates> 174.484139,-39.458999 174.484071,-39.458612 174.483958,-39.458182 174.483496,-39.457413 174.483088,-39.457041 174.482313,-39.456782 174.481687,-39.456597 174.481027,-39.456239 174.480651,-39.455953 174.480441,-39.455704 174.480090,-39.455246 174.479694,-39.454723 174.479481,-39.454457 174.479144,-39.453955 174.479018,-39.453644 174.479066,-39.453105 174.479101,-39.452658 174.479900,-39.451655 174.480288,-39.451017 174.480367,-39.450745 174.480249,-39.450657 174.480072,-39.450593 174.479868,-39.450574 174.479541,-39.450332 174.479404,-39.450067 174.479912,-39.450100 174.480059,-39.450165 174.480700,-39.450221 174.480902,-39.450172 174.481045,-39.450102 174.481414,-39.449780 174.481609,-39.449506 174.482031,-39.449137 174.482285,-39.448574 174.482094,-39.447995 174.481451,-39.447691 174.480766,-39.447528 174.479903,-39.447198 174.479484,-39.446999 174.478977,-39.446844 174.478267,-39.446864 174.477634,-39.447045 174.477213,-39.447417 174.476848,-39.447658 174.476318,-39.447795 174.475908,-39.447994 174.475548,-39.448376 174.475383,-39.448368 174.475075,-39.448299 174.474333,-39.447935 174.473905,-39.447616 174.473616,-39.447413 174.473419,-39.447203 174.473235,-39.446747 174.473074,-39.446096 174.473028,-39.445852 174.472721,-39.445426 174.472078,-39.444551 174.471916,-39.444360 174.471623,-39.444103 174.471214,-39.444226 174.470619,-39.444522 174.470047,-39.444780 174.469855,-39.444717 174.471061,-39.443726 174.471140,-39.443454 174.471076,-39.443298 174.470834,-39.442987 174.470455,-39.442345 174.470181,-39.442088 174.470020,-39.441295 174.469505,-39.441037 174.469841,-39.440848 174.469876,-39.440751 174.469888,-39.440054 174.470049,-39.439662 174.470134,-39.439575 174.470768,-39.438820 174.471220,-39.438406 174.471596,-39.438248 174.471795,-39.438149 174.472297,-39.438006 174.472496,-39.437927 174.472796,-39.437803 174.472944,-39.437744 174.473615,-39.437392 174.474659,-39.436838 174.475240,-39.436594 174.475422,-39.436521 174.476217,-39.436191 174.476564,-39.436150 174.476668,-39.436056 174.476799,-39.435938 174.476810,-39.435933 174.476966,-39.435851 174.477005,-39.435772 174.477023,-39.435735 174.477062,-39.435730 174.477226,-39.435709 174.477756,-39.435642 174.477863,-39.435629 174.477977,-39.435615 174.478062,-39.435610 174.478643,-39.435575 174.479320,-39.435567 174.479539,-39.435564 174.479679,-39.435585 174.479759,-39.435588 174.479858,-39.435591 174.479933,-39.435617 174.480029,-39.435650 174.480349,-39.435700 174.480808,-39.435748 174.481555,-39.435754 174.482260,-39.435668 174.483442,-39.435506 174.483817,-39.435378 174.484251,-39.435164 174.484395,-39.435053 174.484405,-39.435038 174.484584,-39.434730 174.484440,-39.434410 174.484409,-39.434208 174.484420,-39.434005 174.484423,-39.433996 174.484611,-39.433770 174.484887,-39.433638 174.484988,-39.433588 174.485258,-39.433455 174.485347,-39.433437 174.486220,-39.433257 174.486581,-39.433142 174.486696,-39.433106 174.487110,-39.432895 174.487487,-39.432526 174.487571,-39.432179 174.487479,-39.431941 174.487450,-39.431867 174.487352,-39.431538 174.486962,-39.431361 174.486273,-39.431112 174.485594,-39.430940 174.484845,-39.430886 174.483957,-39.430857 174.483946,-39.430856 174.483946,-39.430853 174.483682,-39.430777 174.483050,-39.430661 174.482538,-39.430639 174.481765,-39.430657 174.481354,-39.430750 174.481032,-39.430886 174.480849,-39.431033 174.480627,-39.431248 174.480497,-39.431433 174.480454,-39.431597 174.480261,-39.431799 174.480278,-39.432362 174.480167,-39.432544 174.480055,-39.432635 174.479940,-39.432728 174.479683,-39.432868 174.479341,-39.432945 174.479137,-39.432999 174.478854,-39.433038 174.478544,-39.433037 174.478085,-39.433037 174.477691,-39.432953 174.476998,-39.432706 174.475689,-39.431770 174.474999,-39.431035 174.474130,-39.430167 174.473876,-39.429647 174.473695,-39.429372 174.473545,-39.428997 174.473273,-39.428597 174.473058,-39.428272 174.472451,-39.427529 174.472032,-39.427226 174.471853,-39.427112 174.470829,-39.426858 174.470099,-39.426900 174.469661,-39.427030 174.469160,-39.427177 174.468331,-39.427327 174.468072,-39.427377 174.467737,-39.427382 174.467614,-39.427383 174.467404,-39.427406 174.467191,-39.427314 174.466925,-39.427161 174.466710,-39.426952 174.466396,-39.426616 174.466119,-39.426226 174.466049,-39.425953 174.466080,-39.425782 174.466198,-39.425454 174.466438,-39.425104 174.466717,-39.424877 174.467327,-39.424506 174.467735,-39.424291 174.468100,-39.424196 174.468236,-39.424153 174.469219,-39.423978 174.470031,-39.423962 174.470909,-39.424027 174.471790,-39.424183 174.472105,-39.424331 174.472268,-39.424386 174.472488,-39.424561 174.473115,-39.425056 174.473703,-39.425293 174.473753,-39.425333 174.474077,-39.425617 174.474418,-39.425866 174.475124,-39.426191 174.475679,-39.426294 174.476580,-39.426300 174.477253,-39.426445 174.477518,-39.426576 174.477757,-39.426775 174.478358,-39.427440 174.478534,-39.427504 174.478884,-39.427543 174.479580,-39.427530 174.479639,-39.427529 174.479862,-39.427483 174.480199,-39.427398 174.480468,-39.427315 174.481298,-39.427057 174.481991,-39.426915 174.482543,-39.426801 174.482957,-39.426646 174.482942,-39.426393 174.482937,-39.426117 174.482876,-39.426029 174.482409,-39.425322 174.482456,-39.424632 174.482359,-39.424280 174.481726,-39.423656 174.481108,-39.423271 174.480355,-39.422980 174.479696,-39.422683 174.478920,-39.422496 174.478315,-39.422395 174.477615,-39.422267 174.477224,-39.422186 174.476983,-39.422239 174.476845,-39.422221 174.476616,-39.422221 174.476261,-39.422142 174.475964,-39.421949 174.475788,-39.421652 174.475700,-39.421489 174.475400,-39.421212 174.475364,-39.421103 174.475371,-39.420990 174.475440,-39.420763 174.475657,-39.420543 174.475895,-39.420415 174.475948,-39.420378 174.476066,-39.420363 174.476428,-39.420265 174.477010,-39.420322 174.477241,-39.420250 174.477494,-39.419997 174.477771,-39.419541 174.477851,-39.419228 174.477838,-39.418865 174.477775,-39.418685 174.477574,-39.418254 174.477342,-39.417817 174.477161,-39.417449 174.477004,-39.417215 174.476621,-39.416826 174.476319,-39.416452 174.476005,-39.416039 174.475870,-39.415852 174.475794,-39.415633 174.475816,-39.415254 174.475863,-39.415065 174.476062,-39.414881 174.476618,-39.414694 174.477107,-39.414637 174.477327,-39.414645 174.477868,-39.414681 174.478275,-39.414831 174.478689,-39.415139 174.478907,-39.415476 174.478937,-39.415595 174.478994,-39.415779 174.479036,-39.416184 174.478986,-39.416433 174.478516,-39.416999 174.478441,-39.417266 174.478496,-39.417473 174.478596,-39.417574 174.478737,-39.417595 174.478932,-39.417583 174.479337,-39.417530 174.479968,-39.417249 174.480432,-39.416912 174.480449,-39.416909 174.480937,-39.416487 174.481382,-39.416076 174.481404,-39.416043 174.481844,-39.415335 174.482079,-39.415080 174.482804,-39.414556 174.482902,-39.414357 174.482901,-39.414314 174.482898,-39.414222 174.482806,-39.414043 174.482686,-39.413955 174.482639,-39.413941 174.482334,-39.413849 174.481840,-39.413812 174.481390,-39.413809 174.480939,-39.413806 174.480797,-39.413786 174.480298,-39.413706 174.479855,-39.413511 174.479130,-39.413315 174.478772,-39.413215 174.478287,-39.412998 174.477948,-39.412847 174.477797,-39.412816 174.477655,-39.412785 174.477277,-39.412769 174.477109,-39.412788 174.476583,-39.412849 174.476319,-39.412809 174.476267,-39.412788 174.476114,-39.412722 174.475671,-39.412459 174.475107,-39.412064 174.474631,-39.411575 174.474500,-39.411430 174.473876,-39.411008 174.473479,-39.410654 174.473332,-39.410429 174.473176,-39.410201 174.473055,-39.409913 174.472969,-39.409331 174.472708,-39.408593 174.472700,-39.408322 174.473555,-39.407789 174.473785,-39.407717 174.474594,-39.407590 174.474972,-39.407606 174.475346,-39.407702 174.475617,-39.407774 174.475709,-39.407770 174.476429,-39.407737 174.476529,-39.407754 174.476662,-39.407778 174.476697,-39.407812 174.476932,-39.408043 174.477135,-39.408062 174.477245,-39.408010 174.477358,-39.407957 174.477435,-39.407924 174.478047,-39.407416 174.479125,-39.406680 174.479332,-39.406300 174.479397,-39.405947 174.479355,-39.405566 174.479059,-39.405392 174.478587,-39.405328 174.478275,-39.405338 174.478186,-39.405341 174.477684,-39.405407 174.477460,-39.405307 174.476734,-39.405321 174.476155,-39.405422 174.475860,-39.405569 174.475113,-39.405508 174.474964,-39.405353 174.474866,-39.405017 174.474749,-39.404813 174.474659,-39.404651 174.474599,-39.403785 174.474559,-39.403513 174.474564,-39.402701 174.474494,-39.402320 174.474367,-39.401961 174.474234,-39.401793 174.474157,-39.401695 174.473411,-39.401032 174.473257,-39.400765 174.473159,-39.400406 174.473177,-39.400092 174.473086,-39.399911 174.472959,-39.399727 174.472739,-39.399562 174.472459,-39.399431 174.471782,-39.399413 174.471338,-39.399488 174.470992,-39.399349 174.470531,-39.399307 174.469892,-39.399437 174.469799,-39.399559 174.469280,-39.399958 174.469176,-39.400253 174.469181,-39.400433 174.469242,-39.400545 174.469440,-39.400810 174.469606,-39.401034 174.469779,-39.401113 174.470047,-39.401229 174.470970,-39.401643 174.471241,-39.401714 174.471431,-39.401704 174.471644,-39.401930 174.471972,-39.402263 174.472257,-39.402602 174.472393,-39.402917 174.472344,-39.403260 174.472353,-39.403553 174.472120,-39.403956 174.472131,-39.404440 174.472470,-39.404714 174.472598,-39.404968 174.473067,-39.405428 174.472680,-39.405355 174.472166,-39.405043 174.471894,-39.404733 174.471772,-39.404487 174.471785,-39.403991 174.471942,-39.403380 174.471959,-39.403019 174.471896,-39.402817 174.471744,-39.402617 174.471265,-39.402107 174.470969,-39.401957 174.470653,-39.401815 174.470470,-39.401750 174.470360,-39.401701 174.470190,-39.401626 174.469927,-39.401495 174.469826,-39.401454 174.469472,-39.401312 174.469184,-39.401215 174.468971,-39.400592 174.468912,-39.400243 174.468884,-39.400135 174.468838,-39.400088 174.468849,-39.400034 174.468960,-39.399851 174.469727,-39.399274 174.469905,-39.399200 174.470072,-39.399133 174.470507,-39.399124 174.471099,-39.399099 174.472456,-39.399247 174.472864,-39.399308 174.473158,-39.399415 174.473365,-39.399546 174.473345,-39.399839 174.473478,-39.400154 174.473652,-39.400375 174.473693,-39.400757 174.473817,-39.401048 174.473996,-39.401202 174.474371,-39.401399 174.474628,-39.401597 174.474733,-39.401678 174.474826,-39.401751 174.474961,-39.402034 174.474970,-39.402389 174.474881,-39.402651 174.474953,-39.403077 174.474906,-39.403484 174.475034,-39.403864 174.475106,-39.404270 174.475003,-39.404789 174.475248,-39.405167 174.475425,-39.405277 174.475687,-39.405295 174.475751,-39.405280 174.475967,-39.405217 174.476304,-39.405122 174.476813,-39.405072 174.476926,-39.405071 174.478061,-39.405049 174.479313,-39.405161 174.479545,-39.405135 174.479693,-39.405268 174.479789,-39.405514 174.479864,-39.406075 174.479815,-39.406369 174.479619,-39.406620 174.478992,-39.407117 174.477805,-39.408096 174.477519,-39.408258 174.477231,-39.408331 174.476794,-39.408294 174.476588,-39.408251 174.476237,-39.408176 174.475917,-39.408107 174.474517,-39.407907 174.474139,-39.407913 174.473191,-39.408247 174.473019,-39.408317 174.472905,-39.408409 174.473177,-39.408742 174.473286,-39.409484 174.473448,-39.410044 174.473633,-39.410379 174.474322,-39.411064 174.474677,-39.411329 174.475307,-39.411970 174.475812,-39.412345 174.476106,-39.412452 174.476531,-39.412530 174.477320,-39.412442 174.477739,-39.412377 174.477905,-39.412374 174.478226,-39.412459 174.479053,-39.412894 174.479727,-39.413108 174.480347,-39.413411 174.480610,-39.413497 174.482155,-39.413649 174.482915,-39.413815 174.483122,-39.413947 174.483335,-39.414281 174.483343,-39.414529 174.483234,-39.414779 174.483028,-39.415149 174.482521,-39.415364 174.482188,-39.415582 174.482018,-39.415742 174.481765,-39.416157 174.481346,-39.416657 174.480581,-39.417277 174.479907,-39.417676 174.479348,-39.417890 174.479212,-39.417931 174.479061,-39.417967 174.478808,-39.417964 174.478537,-39.417886 174.478301,-39.417718 174.478206,-39.417573 174.478224,-39.417190 174.478327,-39.416760 174.478481,-39.416527 174.478636,-39.416266 174.478659,-39.416063 174.478635,-39.416000 174.478586,-39.415856 174.478528,-39.415709 174.478431,-39.415406 174.478106,-39.415187 174.477430,-39.414929 174.476964,-39.414937 174.476619,-39.415011 174.476246,-39.415176 174.476123,-39.415345 174.476148,-39.415604 174.476225,-39.415855 174.476320,-39.416059 174.476841,-39.416578 174.477390,-39.417358 174.477571,-39.417781 174.477731,-39.418172 174.477885,-39.418306 174.478078,-39.418527 174.478191,-39.418696 174.478237,-39.418905 174.478144,-39.419271 174.478167,-39.419824 174.478104,-39.420082 174.477994,-39.420273 174.477755,-39.420459 174.477565,-39.420555 174.477383,-39.420631 174.477238,-39.420670 174.476959,-39.420733 174.476767,-39.420736 174.476500,-39.420737 174.476124,-39.420788 174.475952,-39.420859 174.475811,-39.420997 174.475788,-39.421200 174.475850,-39.421333 174.476118,-39.421532 174.476471,-39.421706 174.477086,-39.421875 174.477577,-39.421910 174.477578,-39.421899 174.477928,-39.421889 174.478707,-39.422081 174.479536,-39.422337 174.480807,-39.422725 174.482185,-39.423309 174.482553,-39.423533 174.482964,-39.424145 174.483000,-39.424554 174.482893,-39.425003 174.482823,-39.425164 174.482824,-39.425171 174.482836,-39.425298 174.482875,-39.425410 174.482923,-39.425516 174.483130,-39.425750 174.483572,-39.426064 174.483671,-39.426216 174.483589,-39.426455 174.483557,-39.426711 174.483241,-39.426934 174.483124,-39.427031 174.482374,-39.427219 174.482130,-39.427281 174.481050,-39.427557 174.480192,-39.427794 174.479678,-39.427848 174.479508,-39.427867 174.478920,-39.427947 174.478343,-39.427913 174.478129,-39.427749 174.477985,-39.427501 174.477003,-39.426727 174.476389,-39.426571 174.476065,-39.426557 174.475075,-39.426485 174.474489,-39.426316 174.473958,-39.426054 174.473227,-39.425475 174.472901,-39.425249 174.472468,-39.424956 174.472248,-39.424828 174.471923,-39.424656 174.471538,-39.424490 174.470770,-39.424336 174.470322,-39.424300 174.469567,-39.424296 174.468719,-39.424416 174.468169,-39.424586 174.467705,-39.424829 174.467340,-39.425250 174.467164,-39.425592 174.467081,-39.425832 174.467051,-39.426070 174.467060,-39.426519 174.467225,-39.426731 174.467547,-39.426949 174.468013,-39.426960 174.468745,-39.426711 174.469297,-39.426538 174.469611,-39.426426 174.470221,-39.426328 174.470787,-39.426311 174.471075,-39.426341 174.471441,-39.426451 174.471956,-39.426685 174.472185,-39.426790 174.472577,-39.427073 174.473155,-39.427553 174.473230,-39.427655 174.473646,-39.428223 174.473842,-39.428450 174.473916,-39.428533 174.474009,-39.428719 174.474489,-39.429753 174.474866,-39.430421 174.475384,-39.430763 174.475784,-39.431156 174.475985,-39.431431 174.476089,-39.431521 174.476302,-39.431704 174.476576,-39.431921 174.476864,-39.432128 174.477449,-39.432456 174.478197,-39.432711 174.478790,-39.432711 174.479401,-39.432556 174.479519,-39.432510 174.479732,-39.432367 174.479695,-39.432233 174.479980,-39.431400 174.480084,-39.431207 174.480124,-39.431118 174.480164,-39.431057 174.480188,-39.431009 174.480247,-39.430954 174.480241,-39.430944 174.480294,-39.430880 174.480431,-39.430715 174.480847,-39.430588 174.481039,-39.430452 174.481456,-39.430336 174.482336,-39.430168 174.482597,-39.430124 174.483242,-39.430203 174.484572,-39.430413 174.485584,-39.430493 174.486617,-39.430618 174.486621,-39.430618 174.487254,-39.430822 174.487514,-39.430939 174.487639,-39.431030 174.487776,-39.431375 174.488058,-39.431697 174.488255,-39.432111 174.488295,-39.432251 174.488311,-39.432367 174.488252,-39.432608 174.488151,-39.432783 174.487955,-39.433090 174.487504,-39.433449 174.486923,-39.433683 174.485966,-39.433932 174.485712,-39.434026 174.485572,-39.434131 174.485418,-39.434230 174.485247,-39.434582 174.485131,-39.435126 174.484914,-39.435453 174.484594,-39.435775 174.484239,-39.436016 174.484151,-39.436075 174.483944,-39.436140 174.483565,-39.436312 174.483015,-39.436412 174.481855,-39.436367 174.481280,-39.436348 174.480675,-39.436393 174.480347,-39.436418 174.479995,-39.436409 174.479873,-39.436369 174.479729,-39.436282 174.479403,-39.436173 174.478934,-39.436050 174.478383,-39.436051 174.478379,-39.436052 174.478379,-39.436053 174.478157,-39.436153 174.477899,-39.436187 174.477672,-39.436259 174.477425,-39.436378 174.476901,-39.436524 174.476456,-39.436692 174.476067,-39.436807 174.475346,-39.437183 174.474814,-39.437489 174.474176,-39.437798 174.473251,-39.438175 174.472593,-39.438431 174.471867,-39.438832 174.471391,-39.439203 174.471058,-39.439783 174.470894,-39.440124 174.470956,-39.441205 174.471206,-39.441808 174.471541,-39.442321 174.471960,-39.442719 174.472292,-39.443141 174.472902,-39.444098 174.473090,-39.444523 174.473721,-39.445255 174.474117,-39.445879 174.474369,-39.446483 174.474569,-39.446764 174.474825,-39.447008 174.475257,-39.447052 174.475548,-39.447048 174.475893,-39.446950 174.476208,-39.446788 174.476577,-39.446488 174.476891,-39.446302 174.477489,-39.446117 174.478088,-39.446021 174.478490,-39.445949 174.478682,-39.445932 174.478831,-39.445929 174.479059,-39.445925 174.479322,-39.445988 174.479759,-39.445979 174.479865,-39.446007 174.480114,-39.446221 174.480413,-39.446299 174.480524,-39.446326 174.480896,-39.446330 174.481084,-39.446376 174.481168,-39.446495 174.481152,-39.446743 174.481201,-39.446858 174.481209,-39.446878 174.481652,-39.447072 174.482233,-39.447106 174.482470,-39.447237 174.482562,-39.447393 174.482830,-39.447555 174.483020,-39.447670 174.483132,-39.447991 174.483228,-39.448283 174.483241,-39.448710 174.482916,-39.449505 174.482696,-39.449914 174.480471,-39.452275 174.480110,-39.452800 174.479920,-39.453254 174.479900,-39.453570 174.480028,-39.453950 174.480639,-39.454931 174.481300,-39.455663 174.481746,-39.455993 174.482336,-39.456252 174.482863,-39.456423 174.483155,-39.456462 174.483339,-39.456557 174.483525,-39.456686 174.483777,-39.456875 174.483893,-39.456855 174.484170,-39.457346 174.484470,-39.457633 174.484652,-39.457900 174.484754,-39.458394 174.484771,-39.458989 174.484139,-39.458999</coordinates>
</LinearRing>
</outerBoundaryIs>
</Polygon>
</Placemark>
<Placemark><styleUrl>#nz-river-polygons-topo-150kId</styleUrl>
<ExtendedData><SchemaData schemaUrl="#nz-river-polygons-topo-150kId"><SimpleData name="t50_fid">7551154</SimpleData>
</SchemaData>
</ExtendedData>
<Polygon><outerBoundaryIs><LinearRing><tessellate>1</tessellate>
<coordinates> 174.291187,-39.090372 174.290956,-39.090376 174.290838,-39.090332 174.290463,-39.090339 174.290228,-39.090208 174.289941,-39.089783 174.289759,-39.089715 174.289457,-39.089545 174.288868,-39.089149 174.288358,-39.088801 174.287680,-39.088677 174.286681,-39.088701 174.286223,-39.088633 174.285920,-39.088508 174.285737,-39.088425 174.285462,-39.088207 174.285276,-39.088069 174.284716,-39.087575 174.284506,-39.087285 174.283853,-39.086688 174.282956,-39.085690 174.282779,-39.085534 174.282416,-39.084954 174.281999,-39.084555 174.281679,-39.083982 174.281476,-39.083437 174.281548,-39.082917 174.281435,-39.081950 174.281413,-39.081162 174.281503,-39.080237 174.281633,-39.079693 174.281592,-39.079377 174.281528,-39.079064 174.281225,-39.078573 174.281106,-39.078223 174.281056,-39.077719 174.281128,-39.077177 174.281348,-39.076790 174.281796,-39.076242 174.282311,-39.076030 174.282712,-39.075911 174.283086,-39.075859 174.283433,-39.075876 174.283870,-39.075981 174.284779,-39.076439 174.285402,-39.076541 174.285132,-39.076636 174.284872,-39.076640 174.283386,-39.076214 174.282691,-39.076226 174.281781,-39.076738 174.281500,-39.077035 174.281447,-39.077217 174.281488,-39.077645 174.282012,-39.078808 174.282060,-39.079506 174.281992,-39.080161 174.281728,-39.081044 174.281656,-39.081564 174.281689,-39.081744 174.281933,-39.082145 174.281966,-39.082325 174.281947,-39.082663 174.281736,-39.083411 174.281982,-39.083925 174.282284,-39.084370 174.282912,-39.085149 174.283869,-39.086259 174.284343,-39.086634 174.284940,-39.087300 174.285537,-39.088182 174.285836,-39.088312 174.285957,-39.088380 174.286227,-39.088457 174.287590,-39.088345 174.288373,-39.088365 174.288927,-39.088544 174.289140,-39.088695 174.289366,-39.088942 174.289576,-39.089357 174.289801,-39.089559 174.289982,-39.089635 174.290184,-39.089760 174.290243,-39.090020 174.290269,-39.090085 174.290455,-39.090162 174.290912,-39.090150 174.291578,-39.090136 174.291187,-39.090372</coordinates>
</LinearRing>
</outerBoundaryIs>
</Polygon>
</Placemark>
<Placemark><styleUrl>#nz-river-polygons-topo-150kId</styleUrl>
<ExtendedData><SchemaData schemaUrl="#nz-river-polygons-topo-150kId"><SimpleData name="t50_fid">7552216</SimpleData>
</SchemaData>
</ExtendedData>
<Polygon><outerBoundaryIs><LinearRing><tessellate>1</tessellate>
<coordinates> 174.282777,-39.121757 174.282795,-39.121407 174.283976,-39.120945 174.284500,-39.120790 174.284750,-39.120730 174.285289,-39.120338 174.285396,-39.120043 174.285392,-39.119885 174.285303,-39.119819 174.285013,-39.119779 174.284574,-39.119782 174.283979,-39.119819 174.283534,-39.119744 174.283112,-39.119550 174.282509,-39.119162 174.282278,-39.119000 174.282148,-39.118896 174.281766,-39.118577 174.281556,-39.118329 174.281430,-39.118121 174.281359,-39.117681 174.281397,-39.117380 174.281626,-39.117096 174.281923,-39.116902 174.282094,-39.116831 174.282253,-39.116889 174.281729,-39.117220 174.281564,-39.117516 174.281573,-39.117831 174.281637,-39.118056 174.281817,-39.118301 174.283060,-39.119272 174.283529,-39.119489 174.283878,-39.119551 174.284455,-39.119518 174.285175,-39.119371 174.285494,-39.119410 174.285760,-39.119586 174.285851,-39.119742 174.285856,-39.119922 174.285606,-39.120310 174.285126,-39.120724 174.284540,-39.121073 174.283761,-39.121348 174.283325,-39.121476 174.283154,-39.121569 174.282989,-39.122008 174.282777,-39.121757</coordinates>
</LinearRing>
</outerBoundaryIs>
</Polygon>
</Placemark>
<Placemark><styleUrl>#nz-river-polygons-topo-150kId</styleUrl>
<ExtendedData><SchemaData schemaUrl="#nz-river-polygons-topo-150kId"><SimpleData name="t50_fid">7552217</SimpleData>
</SchemaData>
</ExtendedData>
<Polygon><outerBoundaryIs><LinearRing><tessellate>1</tessellate>
<coordinates> 174.289825,-39.109638 174.289776,-39.109742 174.289033,-39.110469 174.289037,-39.110604 174.289140,-39.111166 174.289036,-39.111596 174.288704,-39.112143 174.288488,-39.112281 174.287871,-39.112360 174.287235,-39.112371 174.286529,-39.112356 174.285989,-39.112438 174.285480,-39.112622 174.285264,-39.112838 174.285258,-39.113058 174.285319,-39.113170 174.285735,-39.113568 174.286309,-39.114437 174.286677,-39.115176 174.286687,-39.115491 174.286354,-39.116014 174.286185,-39.116153 174.285700,-39.116454 174.285472,-39.116548 174.284783,-39.116740 174.284466,-39.116791 174.283599,-39.116850 174.283107,-39.116752 174.283248,-39.116676 174.283913,-39.116665 174.284605,-39.116563 174.285293,-39.116348 174.285692,-39.116161 174.285976,-39.115931 174.286113,-39.115680 174.286122,-39.115374 174.286156,-39.115085 174.286127,-39.114826 174.285972,-39.114376 174.285851,-39.114191 174.285638,-39.114018 174.285321,-39.113771 174.285121,-39.113507 174.285019,-39.113303 174.284997,-39.112915 174.285083,-39.112521 174.285224,-39.112272 174.285451,-39.112125 174.285980,-39.112009 174.287224,-39.111988 174.288210,-39.112039 174.288556,-39.112033 174.288689,-39.111858 174.288777,-39.111602 174.288759,-39.111203 174.288705,-39.110629 174.288816,-39.110327 174.288983,-39.110132 174.289507,-39.109738 174.289636,-39.109668 174.289825,-39.109638</coordinates>
</LinearRing>
</outerBoundaryIs>
</Polygon>
</Placemark>
<Placemark><styleUrl>#nz-river-polygons-topo-150kId</styleUrl>
<ExtendedData><SchemaData schemaUrl="#nz-river-polygons-topo-150kId"><SimpleData name="t50_fid">7555108</SimpleData>
</SchemaData>
</ExtendedData>
<Polygon><outerBoundaryIs><LinearRing><tessellate>1</tessellate>
<coordinates> 174.292358,-39.089854 174.292535,-39.089853 174.292754,-39.089938 174.292843,-39.090000 174.292444,-39.089996 174.292142,-39.089909 174.292358,-39.089854</coordinates>
</LinearRing>
</outerBoundaryIs>
</Polygon>
</Placemark>
<Placemark><styleUrl>#nz-river-polygons-topo-150kId</styleUrl>
<ExtendedData><SchemaData schemaUrl="#nz-river-polygons-topo-150kId"><SimpleData name="t50_fid">7551153</SimpleData>
</SchemaData>
</ExtendedData>
<Polygon><outerBoundaryIs><LinearRing><tessellate>1</tessellate>
<coordinates> 174.293558,-39.090466 174.293833,-39.090855 174.294017,-39.091467 174.294144,-39.091652 174.294500,-39.091914 174.294542,-39.092171 174.294002,-39.092579 174.293740,-39.092695 174.293451,-39.092744 174.293047,-39.092774 174.292967,-39.092979 174.293001,-39.093181 174.293249,-39.093740 174.293620,-39.094277 174.293913,-39.094566 174.294463,-39.094952 174.294900,-39.095314 174.295144,-39.095504 174.295402,-39.095669 174.295749,-39.095858 174.296218,-39.095976 174.296423,-39.096004 174.296824,-39.096026 174.297108,-39.096095 174.297409,-39.096255 174.297560,-39.096542 174.297618,-39.096987 174.297470,-39.097661 174.297413,-39.098263 174.297257,-39.098854 174.297021,-39.099556 174.296838,-39.099797 174.296743,-39.099626 174.297038,-39.098780 174.297010,-39.098192 174.297100,-39.098002 174.297230,-39.097482 174.297186,-39.096963 174.296972,-39.096539 174.296765,-39.096384 174.296212,-39.096237 174.295863,-39.096198 174.294968,-39.095916 174.294439,-39.095388 174.293685,-39.094749 174.293028,-39.094127 174.292372,-39.093439 174.292310,-39.093260 174.292267,-39.092765 174.292665,-39.092555 174.292895,-39.092507 174.293703,-39.092425 174.293930,-39.092263 174.294012,-39.092082 174.294006,-39.091879 174.293674,-39.091389 174.293332,-39.090560 174.293182,-39.090360 174.293249,-39.090247 174.293558,-39.090466</coordinates>
</LinearRing>
</outerBoundaryIs>
</Polygon>
</Placemark>
<Placemark><styleUrl>#nz-river-polygons-topo-150kId</styleUrl>
<ExtendedData><SchemaData schemaUrl="#nz-river-polygons-topo-150kId"><SimpleData name="t50_fid">7550385</SimpleData>
</SchemaData>
</ExtendedData>
<Polygon><outerBoundaryIs><LinearRing><tessellate>1</tessellate>
<coordinates> 174.344335,-39.624634 174.344225,-39.624232 174.344134,-39.624109 174.343938,-39.624070 174.343527,-39.624103 174.343284,-39.624119 174.342661,-39.623982 174.342236,-39.623984 174.342171,-39.623894 174.342091,-39.623779 174.342132,-39.623639 174.342181,-39.623509 174.342183,-39.623459 174.342219,-39.623350 174.342333,-39.623286 174.342411,-39.623240 174.342552,-39.623154 174.342643,-39.623082 174.342742,-39.623070 174.342858,-39.622911 174.342840,-39.622856 174.342967,-39.622757 174.343134,-39.622731 174.343236,-39.622712 174.343560,-39.622592 174.343713,-39.622556 174.344054,-39.622547 174.344450,-39.622621 174.344809,-39.622672 174.345103,-39.622711 174.345284,-39.622712 174.345348,-39.622695 174.345674,-39.622623 174.345846,-39.622560 174.345950,-39.622446 174.346045,-39.622442 174.346478,-39.621928 174.346531,-39.621820 174.346674,-39.621654 174.346657,-39.621452 174.346521,-39.621307 174.346417,-39.621299 174.346343,-39.621244 174.346196,-39.621203 174.345977,-39.621196 174.345654,-39.621153 174.345268,-39.621016 174.345083,-39.620905 174.344770,-39.620735 174.344576,-39.620469 174.344512,-39.620328 174.344446,-39.620037 174.344566,-39.619975 174.344611,-39.619767 174.344711,-39.619583 174.344664,-39.619339 174.344572,-39.619321 174.344564,-39.619241 174.344465,-39.619148 174.344262,-39.619028 174.344128,-39.618714 174.344033,-39.618518 174.343977,-39.618438 174.343890,-39.618322 174.343886,-39.618134 174.343979,-39.617907 174.344095,-39.617623 174.344220,-39.617471 174.344434,-39.617224 174.344628,-39.617198 174.344755,-39.617135 174.345028,-39.617147 174.345329,-39.617232 174.345733,-39.617374 174.346008,-39.617469 174.346290,-39.617560 174.346444,-39.617657 174.346677,-39.617748 174.346892,-39.617873 174.347065,-39.617979 174.347230,-39.618010 174.347620,-39.618057 174.347840,-39.618092 174.348050,-39.617982 174.348145,-39.617830 174.348229,-39.617763 174.348430,-39.617479 174.348502,-39.617454 174.348579,-39.617298 174.348728,-39.617146 174.348817,-39.617145 174.348819,-39.617145 174.348569,-39.617454 174.348391,-39.617691 174.348219,-39.617881 174.348190,-39.617957 174.348101,-39.618075 174.347970,-39.618209 174.347673,-39.618264 174.347446,-39.618210 174.347274,-39.618108 174.346956,-39.618018 174.346685,-39.617852 174.346390,-39.617714 174.346261,-39.617650 174.346060,-39.617596 174.345863,-39.617504 174.345687,-39.617529 174.345467,-39.617489 174.345357,-39.617458 174.345210,-39.617394 174.345100,-39.617353 174.345129,-39.617291 174.345067,-39.617245 174.344891,-39.617237 174.344745,-39.617244 174.344437,-39.617356 174.344311,-39.617489 174.344245,-39.617537 174.344111,-39.617839 174.343995,-39.618114 174.343980,-39.618302 174.344136,-39.618484 174.344276,-39.618816 174.344377,-39.618989 174.344567,-39.619076 174.344673,-39.619183 174.344736,-39.619305 174.344802,-39.619553 174.344738,-39.619700 174.344686,-39.619856 174.344633,-39.619983 174.344594,-39.620163 174.344635,-39.620360 174.344682,-39.620491 174.344928,-39.620756 174.345309,-39.620926 174.345768,-39.621076 174.346085,-39.621110 174.346420,-39.621111 174.346524,-39.621143 174.346692,-39.621324 174.346756,-39.621521 174.346742,-39.621680 174.346672,-39.621861 174.346567,-39.621951 174.346438,-39.622134 174.346277,-39.622286 174.346251,-39.622352 174.346095,-39.622475 174.345936,-39.622601 174.345709,-39.622699 174.345496,-39.622751 174.345149,-39.622784 174.344899,-39.622750 174.344605,-39.622716 174.344571,-39.622712 174.344448,-39.622668 174.344265,-39.622726 174.343933,-39.622659 174.343732,-39.622645 174.343494,-39.622677 174.343274,-39.622753 174.342936,-39.622881 174.342911,-39.623024 174.342739,-39.623110 174.342544,-39.623273 174.342383,-39.623359 174.342269,-39.623500 174.342244,-39.623619 174.342223,-39.623762 174.342249,-39.623853 174.342314,-39.623880 174.342775,-39.623896 174.343393,-39.624029 174.343738,-39.624008 174.343954,-39.623978 174.344083,-39.624000 174.344167,-39.624053 174.344291,-39.624186 174.344387,-39.624367 174.344420,-39.624681 174.344396,-39.624832 174.344418,-39.624869 174.344315,-39.624869 174.344335,-39.624634</coordinates>
</LinearRing>
</outerBoundaryIs>
</Polygon>
</Placemark>
<Placemark><styleUrl>#nz-river-polygons-topo-150kId</styleUrl>
<ExtendedData><SchemaData schemaUrl="#nz-river-polygons-topo-150kId"><SimpleData name="t50_fid">7551155</SimpleData>
</SchemaData>
</ExtendedData>
<Polygon><outerBoundaryIs><LinearRing><tessellate>1</tessellate>
<coordinates> 174.453853,-39.213096 174.453561,-39.212694 174.453294,-39.212340 174.452660,-39.211701 174.452059,-39.211340 174.451333,-39.210936 174.450849,-39.210586 174.450678,-39.210340 174.450449,-39.209883 174.450402,-39.209241 174.450499,-39.208607 174.450692,-39.208034 174.450932,-39.207254 174.451394,-39.206189 174.451558,-39.205683 174.451943,-39.204321 174.451934,-39.204005 174.451832,-39.203556 174.451678,-39.203199 174.451406,-39.202820 174.450748,-39.202178 174.449862,-39.201631 174.449535,-39.201344 174.449293,-39.201033 174.449169,-39.200743 174.449119,-39.200022 174.449125,-39.199278 174.449107,-39.199150 174.449088,-39.199031 174.449052,-39.198806 174.448894,-39.196677 174.449199,-39.197166 174.449253,-39.197595 174.449328,-39.198146 174.449359,-39.198668 174.449442,-39.199207 174.449474,-39.199896 174.449495,-39.200227 174.449712,-39.200772 174.449939,-39.201199 174.450283,-39.201520 174.450734,-39.201829 174.451227,-39.202189 174.451461,-39.202407 174.451849,-39.202905 174.452076,-39.203427 174.452267,-39.204148 174.452245,-39.204420 174.452213,-39.204571 174.452135,-39.204926 174.452040,-39.205530 174.451922,-39.205972 174.451726,-39.206573 174.451441,-39.207101 174.451165,-39.207681 174.450904,-39.208399 174.450778,-39.209224 174.450819,-39.209589 174.450896,-39.209858 174.451110,-39.210277 174.451465,-39.210609 174.452247,-39.211197 174.452798,-39.211586 174.453522,-39.212034 174.453905,-39.212347 174.454089,-39.212769 174.454492,-39.213238 174.455280,-39.213852 174.456217,-39.214189 174.456853,-39.214146 174.457314,-39.213968 174.457581,-39.213784 174.457919,-39.213502 174.458279,-39.213071 174.458564,-39.212700 174.458837,-39.212360 174.459475,-39.211868 174.459468,-39.211459 174.459543,-39.210793 174.459676,-39.210494 174.460053,-39.210221 174.460278,-39.210103 174.460630,-39.210011 174.461296,-39.209947 174.462254,-39.209878 174.462846,-39.209708 174.463374,-39.209565 174.464028,-39.209191 174.464111,-39.209032 174.464099,-39.208649 174.463996,-39.208133 174.463580,-39.206833 174.463615,-39.206517 174.464007,-39.207133 174.464364,-39.207855 174.464591,-39.208640 174.464605,-39.208916 174.464295,-39.209344 174.464068,-39.209528 174.463840,-39.209646 174.463037,-39.209931 174.462692,-39.210005 174.461540,-39.210207 174.460553,-39.210374 174.460129,-39.210526 174.459965,-39.210677 174.459978,-39.210907 174.459917,-39.211184 174.459853,-39.211656 174.459706,-39.212041 174.459429,-39.212260 174.458886,-39.212835 174.458327,-39.213550 174.457872,-39.214090 174.457794,-39.214132 174.457593,-39.214239 174.457030,-39.214422 174.456620,-39.214434 174.456232,-39.214543 174.455678,-39.214494 174.455386,-39.214424 174.455161,-39.214250 174.455016,-39.214174 174.454802,-39.214013 174.454542,-39.213784 174.454299,-39.213555 174.454022,-39.213274 174.453853,-39.213096</coordinates>
</LinearRing>
</outerBoundaryIs>
</Polygon>
</Placemark>
<Placemark><styleUrl>#nz-river-polygons-topo-150kId</styleUrl>
<ExtendedData><SchemaData schemaUrl="#nz-river-polygons-topo-150kId"><SimpleData name="t50_fid">7550427</SimpleData>
</SchemaData>
</ExtendedData>
<MultiGeometry><Polygon><outerBoundaryIs><LinearRing><tessellate>1</tessellate>
<coordinates> 174.473504,-39.192125 174.473892,-39.192443 174.474053,-39.192677 174.474349,-39.193132 174.474637,-39.193823 174.474765,-39.194025 174.475096,-39.194368 174.475326,-39.194813 174.475622,-39.195144 174.475750,-39.195726 174.476051,-39.196232 174.476249,-39.196601 174.476330,-39.196933 174.476395,-39.197246 174.476695,-39.197739 174.477160,-39.198333 174.477477,-39.198639 174.478148,-39.199081 174.478494,-39.199270 174.478984,-39.199454 174.479609,-39.199721 174.479985,-39.199903 174.480494,-39.200088 174.480934,-39.200376 174.481125,-39.200693 174.481202,-39.200768 174.481690,-39.201086 174.481829,-39.201381 174.482067,-39.201903 174.482070,-39.202131 174.482069,-39.202296 174.482317,-39.202809 174.482310,-39.203306 174.481984,-39.204236 174.481995,-39.204552 174.482213,-39.205066 174.482314,-39.205538 174.482345,-39.206551 174.482570,-39.207245 174.482579,-39.207539 174.482889,-39.208209 174.483070,-39.208453 174.483634,-39.208871 174.484551,-39.209224 174.485334,-39.209440 174.486057,-39.209389 174.486607,-39.209356 174.486933,-39.209453 174.487239,-39.209583 174.487744,-39.209972 174.487998,-39.210204 174.488204,-39.210476 174.488420,-39.210900 174.489185,-39.211292 174.489919,-39.211594 174.490469,-39.211583 174.490758,-39.211533 174.490927,-39.211395 174.491065,-39.211189 174.491061,-39.211032 174.490999,-39.210897 174.490785,-39.210573 174.490583,-39.210421 174.490363,-39.210008 174.490309,-39.209761 174.490301,-39.209425 174.490455,-39.209061 174.490658,-39.208958 174.491136,-39.208581 174.491600,-39.208062 174.491863,-39.207260 174.492071,-39.206870 174.492183,-39.206575 174.492486,-39.206116 174.492781,-39.205776 174.493652,-39.205067 174.493923,-39.204659 174.494040,-39.204492 174.494039,-39.205220 174.493558,-39.205597 174.493335,-39.205872 174.492798,-39.206310 174.492512,-39.206811 174.492409,-39.206965 174.492383,-39.207160 174.492156,-39.208012 174.491790,-39.208346 174.491504,-39.208610 174.491229,-39.208866 174.491059,-39.209020 174.490860,-39.209254 174.490650,-39.209517 174.490583,-39.209619 174.490566,-39.210049 174.490761,-39.210379 174.490780,-39.210399 174.491241,-39.210927 174.491309,-39.211456 174.491086,-39.211775 174.490497,-39.211835 174.489511,-39.211722 174.488804,-39.211471 174.488299,-39.211150 174.488144,-39.210967 174.487815,-39.210719 174.487623,-39.210352 174.487478,-39.210177 174.487335,-39.210027 174.486823,-39.209866 174.486433,-39.209804 174.485957,-39.209794 174.485333,-39.209886 174.484918,-39.209681 174.484493,-39.209527 174.484052,-39.209292 174.483346,-39.208922 174.483050,-39.208725 174.482576,-39.208252 174.482485,-39.208034 174.482359,-39.207708 174.482131,-39.207165 174.482039,-39.206819 174.482013,-39.206721 174.481886,-39.206344 174.481837,-39.205604 174.481794,-39.205134 174.481733,-39.204799 174.481659,-39.204371 174.481652,-39.204077 174.481755,-39.203815 174.481837,-39.203637 174.481953,-39.203222 174.481935,-39.202614 174.481833,-39.202143 174.481585,-39.201606 174.481072,-39.200985 174.480597,-39.200588 174.479623,-39.199997 174.478563,-39.199476 174.478039,-39.199318 174.477391,-39.199000 174.476848,-39.198369 174.476436,-39.197896 174.476138,-39.197388 174.476054,-39.197229 174.475971,-39.197101 174.475860,-39.196726 174.475597,-39.196149 174.475341,-39.195479 174.475120,-39.194897 174.474844,-39.194406 174.474168,-39.193188 174.473686,-39.192534 174.473447,-39.192268 174.472702,-39.191676 174.472434,-39.191504 174.471947,-39.191132 174.471125,-39.190978 174.470615,-39.190775 174.470188,-39.190864 174.469783,-39.190871 174.469582,-39.190942 174.468793,-39.191679 174.468595,-39.191840 174.467446,-39.192132 174.466930,-39.192322 174.466619,-39.192553 174.466536,-39.192667 174.466398,-39.193074 174.466119,-39.192741 174.466285,-39.192266 174.466806,-39.191947 174.467998,-39.191690 174.468240,-39.191606 174.468644,-39.191320 174.468867,-39.191241 174.468997,-39.191163 174.469219,-39.190810 174.469437,-39.190712 174.469918,-39.190596 174.470444,-39.190622 174.470998,-39.190746 174.472049,-39.191027 174.472450,-39.191277 174.472610,-39.191423 174.472779,-39.191554 174.473194,-39.191788 174.473504,-39.192125</coordinates>
</LinearRing>
</outerBoundaryIs>
</Polygon>
<Polygon><outerBoundaryIs><LinearRing><tessellate>1</tessellate>
<coordinates> 174.493874,-39.195617 174.493469,-39.195007 174.493286,-39.194566 174.493137,-39.193935 174.493375,-39.194127 174.493597,-39.194731 174.494040,-39.195269 174.494040,-39.195814 174.493874,-39.195617</coordinates>
</LinearRing>
</outerBoundaryIs>
</Polygon>
</MultiGeometry>
</Placemark>
<Placemark><styleUrl>#nz-river-polygons-topo-150kId</styleUrl>
<ExtendedData><SchemaData schemaUrl="#nz-river-polygons-topo-150kId"><SimpleData name="t50_fid">7551156</SimpleData>
</SchemaData>
</ExtendedData>
<Polygon><outerBoundaryIs><LinearRing><tessellate>1</tessellate>
<coordinates> 174.467282,-39.194321 174.468123,-39.195298 174.468606,-39.195965 174.468823,-39.196411 174.468984,-39.196927 174.469062,-39.197602 174.469005,-39.197648 174.468751,-39.199389 174.468546,-39.199663 174.467953,-39.200170 174.467555,-39.200402 174.466841,-39.200754 174.466354,-39.200943 174.464131,-39.201263 174.463659,-39.201259 174.462807,-39.201483 174.462463,-39.201557 174.462066,-39.201875 174.461904,-39.202242 174.462137,-39.203003 174.462698,-39.203603 174.462885,-39.203983 174.462898,-39.204433 174.462935,-39.204703 174.463149,-39.205082 174.463155,-39.205436 174.462890,-39.205094 174.462556,-39.204509 174.462318,-39.204105 174.462219,-39.203650 174.461825,-39.203149 174.461598,-39.202646 174.461585,-39.202041 174.461805,-39.201641 174.462006,-39.201479 174.462334,-39.201306 174.462914,-39.201143 174.463201,-39.201092 174.464456,-39.200971 174.465386,-39.200899 174.466002,-39.200792 174.466804,-39.200484 174.467487,-39.200088 174.467995,-39.199673 174.468359,-39.199238 174.468679,-39.198331 174.468669,-39.197993 174.468849,-39.197268 174.468814,-39.197066 174.468688,-39.196774 174.468292,-39.196106 174.468120,-39.195947 174.467598,-39.195195 174.467225,-39.194954 174.466922,-39.194363 174.466786,-39.193954 174.467282,-39.194321</coordinates>
</LinearRing>
</outerBoundaryIs>
</Polygon>
</Placemark>
<Placemark><styleUrl>#nz-river-polygons-topo-150kId</styleUrl>
<ExtendedData><SchemaData schemaUrl="#nz-river-polygons-topo-150kId"><SimpleData name="t50_fid">7549944</SimpleData>
</SchemaData>
</ExtendedData>
<Polygon><outerBoundaryIs><LinearRing><tessellate>1</tessellate>
<coordinates> 174.447357,-39.194750 174.448100,-39.195492 174.448302,-39.195703 174.448362,-39.195962 174.448123,-39.195748 174.447955,-39.195552 174.447142,-39.195054 174.446578,-39.194614 174.446039,-39.194038 174.445766,-39.193637 174.445611,-39.193302 174.444673,-39.191944 174.444432,-39.191701 174.443989,-39.191393 174.443505,-39.191173 174.443255,-39.191069 174.442587,-39.190991 174.441457,-39.190988 174.440591,-39.191095 174.439786,-39.191258 174.439184,-39.191504 174.438033,-39.191766 174.437263,-39.192209 174.436728,-39.192553 174.436226,-39.192890 174.435817,-39.193186 174.435499,-39.193259 174.435060,-39.193300 174.434720,-39.193299 174.434074,-39.193040 174.433808,-39.192842 174.433450,-39.192511 174.433120,-39.192111 174.432459,-39.191480 174.432220,-39.191260 174.431991,-39.190898 174.431738,-39.190030 174.431718,-39.189837 174.431570,-39.188736 174.431551,-39.188127 174.431333,-39.187635 174.430523,-39.187029 174.430370,-39.186993 174.429745,-39.186830 174.428787,-39.186735 174.428004,-39.186750 174.427145,-39.187080 174.426518,-39.187407 174.426087,-39.187720 174.425389,-39.188398 174.424870,-39.189399 174.424563,-39.189810 174.424166,-39.190087 174.423853,-39.190153 174.423481,-39.190246 174.422519,-39.190207 174.422150,-39.190043 174.421558,-39.189726 174.421444,-39.189282 174.421059,-39.188794 174.420817,-39.188540 174.420308,-39.188485 174.419684,-39.188411 174.418785,-39.188404 174.418348,-39.188323 174.417857,-39.188332 174.417376,-39.188371 174.416662,-39.188431 174.416123,-39.188397 174.415676,-39.188200 174.415162,-39.187893 174.414841,-39.187481 174.414496,-39.187131 174.414086,-39.186852 174.413219,-39.186488 174.412212,-39.186228 174.411324,-39.186137 174.410571,-39.186188 174.409884,-39.186369 174.409641,-39.186544 174.409541,-39.186738 174.409224,-39.187147 174.408780,-39.187431 174.408413,-39.187603 174.407789,-39.187642 174.407461,-39.187514 174.406854,-39.187137 174.406647,-39.186750 174.406507,-39.186415 174.406275,-39.185926 174.406184,-39.185314 174.406329,-39.184794 174.406580,-39.184412 174.406794,-39.183520 174.406890,-39.182810 174.406903,-39.182379 174.406675,-39.182062 174.406093,-39.181819 174.405277,-39.181527 174.404539,-39.181200 174.404170,-39.181066 174.403757,-39.180950 174.403336,-39.180956 174.402981,-39.180960 174.402477,-39.181252 174.401778,-39.181778 174.401446,-39.181817 174.400341,-39.181560 174.400064,-39.181522 174.399539,-39.181339 174.399161,-39.181062 174.398646,-39.180340 174.398459,-39.180046 174.398288,-39.179494 174.398300,-39.179038 174.398428,-39.178548 174.398664,-39.178131 174.399030,-39.177821 174.399492,-39.177533 174.400043,-39.177460 174.400469,-39.177496 174.400994,-39.177167 174.401354,-39.177121 174.401694,-39.177083 174.401818,-39.176916 174.401859,-39.176858 174.402199,-39.176324 174.402503,-39.175581 174.402494,-39.175288 174.402184,-39.174594 174.402148,-39.174347 174.402024,-39.174102 174.401698,-39.173837 174.400819,-39.173515 174.400377,-39.173275 174.400202,-39.173210 174.399884,-39.173193 174.399126,-39.173608 174.398569,-39.173825 174.398052,-39.173947 174.397126,-39.173964 174.396281,-39.173799 174.395990,-39.173737 174.395550,-39.173542 174.395048,-39.173213 174.394509,-39.172637 174.394110,-39.171854 174.393968,-39.171531 174.393998,-39.171175 174.394176,-39.170836 174.394588,-39.170514 174.395557,-39.170233 174.396280,-39.170003 174.396560,-39.169826 174.396201,-39.169157 174.396194,-39.168932 174.396258,-39.168430 174.396448,-39.168082 174.396699,-39.167694 174.396791,-39.167357 174.396634,-39.166907 174.396394,-39.166670 174.396021,-39.166521 174.395465,-39.166461 174.394639,-39.166500 174.394016,-39.166786 174.393542,-39.167138 174.392864,-39.168139 174.392885,-39.168266 174.392945,-39.168645 174.392644,-39.169311 174.392450,-39.169608 174.392197,-39.169837 174.391969,-39.169955 174.391593,-39.169961 174.390894,-39.169861 174.390688,-39.169774 174.389893,-39.169316 174.389183,-39.168765 174.388676,-39.168507 174.387986,-39.167977 174.388330,-39.167877 174.388605,-39.168075 174.388957,-39.168369 174.389956,-39.168981 174.390451,-39.169204 174.391532,-39.169584 174.391889,-39.169551 174.392320,-39.169114 174.392497,-39.168410 174.392744,-39.167792 174.393166,-39.167274 174.393201,-39.167199 174.393305,-39.166951 174.393680,-39.166637 174.394096,-39.166507 174.394882,-39.166305 174.395632,-39.166190 174.396336,-39.166258 174.396772,-39.166436 174.397103,-39.166860 174.397276,-39.167562 174.397326,-39.168032 174.397338,-39.168438 174.397323,-39.168601 174.397292,-39.169391 174.397142,-39.169636 174.397018,-39.170315 174.396966,-39.170422 174.396821,-39.170521 174.396273,-39.170621 174.395679,-39.170731 174.394855,-39.170885 174.394624,-39.171061 174.394493,-39.171284 174.394535,-39.171554 174.394541,-39.171757 174.394854,-39.172540 174.395475,-39.173002 174.396560,-39.173551 174.397136,-39.173668 174.397477,-39.173680 174.398132,-39.173482 174.398796,-39.173208 174.399384,-39.172845 174.399699,-39.172667 174.400135,-39.172662 174.401184,-39.173029 174.402205,-39.173555 174.402619,-39.174038 174.402924,-39.174887 174.402842,-39.176101 174.402309,-39.177026 174.402033,-39.177567 174.401814,-39.177712 174.401453,-39.177755 174.400847,-39.177771 174.400093,-39.177838 174.399426,-39.177954 174.399081,-39.178240 174.398888,-39.178711 174.398698,-39.179230 174.399069,-39.180202 174.399408,-39.180595 174.399892,-39.180937 174.400203,-39.181074 174.400899,-39.181280 174.401324,-39.181249 174.402510,-39.180716 174.403050,-39.180554 174.403582,-39.180512 174.404160,-39.180566 174.404871,-39.180669 174.405336,-39.180800 174.406166,-39.181239 174.406752,-39.181672 174.407190,-39.181951 174.407464,-39.182310 174.407321,-39.183461 174.407157,-39.184093 174.407077,-39.184483 174.406815,-39.185237 174.406779,-39.185643 174.406854,-39.186057 174.407289,-39.186766 174.407528,-39.186966 174.407857,-39.187144 174.408272,-39.187098 174.408729,-39.186880 174.409057,-39.186632 174.409296,-39.186265 174.409695,-39.186037 174.411252,-39.185784 174.411891,-39.185816 174.412569,-39.185899 174.412963,-39.186046 174.414116,-39.186406 174.414773,-39.186692 174.415051,-39.186931 174.415464,-39.187372 174.415706,-39.187724 174.416062,-39.187962 174.416818,-39.188024 174.418200,-39.188087 174.419327,-39.188063 174.420641,-39.188066 174.421204,-39.188191 174.421560,-39.188429 174.421907,-39.188840 174.422175,-39.189192 174.422250,-39.189637 174.422580,-39.189845 174.423022,-39.189819 174.423722,-39.189699 174.424094,-39.189441 174.424588,-39.188776 174.424930,-39.188356 174.425256,-39.187754 174.425672,-39.187273 174.426147,-39.186943 174.426612,-39.186775 174.427167,-39.186585 174.427972,-39.186453 174.428726,-39.186434 174.429520,-39.186434 174.430330,-39.186565 174.430765,-39.186813 174.431264,-39.187029 174.431464,-39.187250 174.431786,-39.187712 174.431922,-39.188103 174.432030,-39.188913 174.431925,-39.189482 174.432000,-39.189926 174.432171,-39.190438 174.432387,-39.190862 174.432768,-39.191324 174.433522,-39.192113 174.434141,-39.192711 174.434535,-39.192929 174.434797,-39.192966 174.435398,-39.192998 174.435821,-39.192808 174.436708,-39.192206 174.437243,-39.191826 174.437792,-39.191561 174.439090,-39.191092 174.439949,-39.190879 174.440691,-39.190731 174.441490,-39.190684 174.442748,-39.190708 174.443555,-39.190851 174.444159,-39.191047 174.444476,-39.191257 174.444805,-39.191657 174.445471,-39.192406 174.446391,-39.193808 174.446501,-39.193984 174.446907,-39.194346 174.447357,-39.194750</coordinates>
</LinearRing>
</outerBoundaryIs>
<innerBoundaryIs><LinearRing><tessellate>1</tessellate>
<coordinates> 174.396833,-39.169359 174.396928,-39.169201 174.396981,-39.168960 174.396992,-39.168602 174.397039,-39.168095 174.397048,-39.167822 174.397020,-39.167746 174.396974,-39.167746 174.396873,-39.167813 174.396788,-39.167938 174.396685,-39.168096 174.396552,-39.168486 174.396524,-39.168942 174.396625,-39.169246 174.396734,-39.169363 174.396833,-39.169359</coordinates>
</LinearRing>
</innerBoundaryIs>
</Polygon>
</Placemark>
<Placemark><styleUrl>#nz-river-polygons-topo-150kId</styleUrl>
<ExtendedData><SchemaData schemaUrl="#nz-river-polygons-topo-150kId"><SimpleData name="t50_fid">7553324</SimpleData>
</SchemaData>
</ExtendedData>
<Polygon><outerBoundaryIs><LinearRing><tessellate>1</tessellate>
<coordinates> 174.368942,-39.353870 174.369847,-39.353498 174.370201,-39.353240 174.370424,-39.352919 174.370508,-39.352829 174.371081,-39.352593 174.371428,-39.352520 174.371689,-39.352538 174.371866,-39.352625 174.372016,-39.352780 174.372114,-39.353184 174.372298,-39.353541 174.372491,-39.354191 174.372439,-39.354370 174.372164,-39.353904 174.372127,-39.353635 174.371854,-39.353211 174.371785,-39.352852 174.371549,-39.352743 174.371259,-39.352749 174.370828,-39.352891 174.370687,-39.353006 174.370633,-39.353165 174.370464,-39.353348 174.370265,-39.353486 174.369916,-39.353599 174.369432,-39.353794 174.368833,-39.354142 174.368635,-39.354303 174.368397,-39.354839 174.368297,-39.354692 174.368321,-39.354511 174.368487,-39.354215 174.368719,-39.354039 174.368942,-39.353870</coordinates>
</LinearRing>
</outerBoundaryIs>
</Polygon>
</Placemark>
<Placemark><styleUrl>#nz-river-polygons-topo-150kId</styleUrl>
<ExtendedData><SchemaData schemaUrl="#nz-river-polygons-topo-150kId"><SimpleData name="t50_fid">7555067</SimpleData>
</SchemaData>
</ExtendedData>
<Polygon><outerBoundaryIs><LinearRing><tessellate>1</tessellate>
<coordinates> 174.365218,-39.350734 174.365000,-39.350601 174.364748,-39.350487 174.364534,-39.350378 174.364386,-39.350353 174.364340,-39.350274 174.364212,-39.350180 174.364433,-39.350124 174.365129,-39.350368 174.365736,-39.350781 174.365768,-39.351047 174.365218,-39.350734</coordinates>
</LinearRing>
</outerBoundaryIs>
</Polygon>
</Placemark>
<Placemark><styleUrl>#nz-river-polygons-topo-150kId</styleUrl>
<ExtendedData><SchemaData schemaUrl="#nz-river-polygons-topo-150kId"><SimpleData name="t50_fid">7554383</SimpleData>
</SchemaData>
</ExtendedData>
<Polygon><outerBoundaryIs><LinearRing><tessellate>1</tessellate>
<coordinates> 174.355882,-39.354859 174.356058,-39.354946 174.356582,-39.355005 174.356903,-39.355113 174.357125,-39.355379 174.356470,-39.355165 174.356325,-39.355167 174.356124,-39.355261 174.355950,-39.355264 174.355775,-39.355199 174.355725,-39.355160 174.355597,-39.355067 174.355502,-39.354798 174.355639,-39.354409 174.355882,-39.354859</coordinates>
</LinearRing>
</outerBoundaryIs>
</Polygon>
</Placemark>
<Placemark><styleUrl>#nz-river-polygons-topo-150kId</styleUrl>
<ExtendedData><SchemaData schemaUrl="#nz-river-polygons-topo-150kId"><SimpleData name="t50_fid">7553325</SimpleData>
</SchemaData>
</ExtendedData>
<Polygon><outerBoundaryIs><LinearRing><tessellate>1</tessellate>
<coordinates> 174.373646,-39.357033 174.373547,-39.356607 174.373331,-39.356160 174.372906,-39.355536 174.372686,-39.354909 174.372728,-39.354765 174.373347,-39.355686 174.373812,-39.356783 174.374146,-39.357250 174.374151,-39.357432 174.373646,-39.357033</coordinates>
</LinearRing>
</outerBoundaryIs>
</Polygon>
</Placemark>
<Placemark><styleUrl>#nz-river-polygons-topo-150kId</styleUrl>
<ExtendedData><SchemaData schemaUrl="#nz-river-polygons-topo-150kId"><SimpleData name="t50_fid">7552110</SimpleData>
</SchemaData>
</ExtendedData>
<Polygon><outerBoundaryIs><LinearRing><tessellate>1</tessellate>
<coordinates> 174.376243,-39.358543 174.376118,-39.358481 174.376211,-39.358431 174.376668,-39.358198 174.376959,-39.358193 174.377193,-39.358234 174.377361,-39.358073 174.377355,-39.357825 174.377293,-39.357691 174.377057,-39.357560 174.376558,-39.357411 174.376204,-39.357147 174.375059,-39.356716 174.374593,-39.356657 174.374386,-39.356502 174.374235,-39.356324 174.374256,-39.356031 174.374422,-39.355758 174.374816,-39.355323 174.375188,-39.355159 174.375879,-39.354967 174.376106,-39.354760 174.376234,-39.354150 174.376423,-39.353696 174.376747,-39.351842 174.376785,-39.351742 174.376905,-39.351485 174.377214,-39.350888 174.377413,-39.350727 174.377609,-39.350724 174.377280,-39.351180 174.376954,-39.351974 174.376662,-39.353917 174.376609,-39.354098 174.376385,-39.354395 174.376426,-39.354800 174.376201,-39.355029 174.376029,-39.355122 174.375597,-39.355220 174.375138,-39.355430 174.374712,-39.355753 174.374488,-39.356050 174.374498,-39.356388 174.374676,-39.356520 174.374968,-39.356583 174.375259,-39.356587 174.375514,-39.356619 174.375857,-39.356707 174.376214,-39.356931 174.376695,-39.357088 174.377157,-39.357232 174.377521,-39.357348 174.377671,-39.357489 174.377722,-39.357630 174.377767,-39.357893 174.377752,-39.358128 174.377570,-39.358308 174.376989,-39.358550 174.376483,-39.358634 174.376243,-39.358543</coordinates>
</LinearRing>
</outerBoundaryIs>
</Polygon>
</Placemark>
<Placemark><styleUrl>#nz-river-polygons-topo-150kId</styleUrl>
<ExtendedData><SchemaData schemaUrl="#nz-river-polygons-topo-150kId"><SimpleData name="t50_fid">7553326</SimpleData>
</SchemaData>
</ExtendedData>
<Polygon><outerBoundaryIs><LinearRing><tessellate>1</tessellate>
<coordinates> 174.376949,-39.344697 174.377222,-39.345098 174.377607,-39.345362 174.377926,-39.345356 174.378213,-39.345261 174.378497,-39.345031 174.379068,-39.344705 174.379384,-39.344610 174.379906,-39.344579 174.380396,-39.344827 174.380491,-39.344976 174.380590,-39.345175 174.380572,-39.345535 174.380554,-39.345672 174.380439,-39.345966 174.379905,-39.346583 174.379391,-39.346863 174.380038,-39.346175 174.380203,-39.345835 174.380223,-39.345496 174.380389,-39.345223 174.380343,-39.344943 174.380116,-39.344823 174.379707,-39.344740 174.379360,-39.344768 174.378817,-39.345071 174.378670,-39.345289 174.378421,-39.345369 174.377972,-39.345574 174.377309,-39.345480 174.377138,-39.345359 174.376893,-39.345075 174.376703,-39.344760 174.376752,-39.344401 174.376949,-39.344697</coordinates>
</LinearRing>
</outerBoundaryIs>
</Polygon>
</Placemark>
<Placemark><styleUrl>#nz-river-polygons-topo-150kId</styleUrl>
<ExtendedData><SchemaData schemaUrl="#nz-river-polygons-topo-150kId"><SimpleData name="t50_fid">7552111</SimpleData>
</SchemaData>
</ExtendedData>
<Polygon><outerBoundaryIs><LinearRing><tessellate>1</tessellate>
<coordinates> 174.389982,-39.344832 174.390388,-39.344825 174.390651,-39.344865 174.391119,-39.345014 174.391238,-39.345103 174.391338,-39.345575 174.391283,-39.345666 174.390945,-39.346009 174.390601,-39.346173 174.390261,-39.346449 174.389981,-39.346814 174.389957,-39.346995 174.390050,-39.347174 174.390556,-39.347638 174.390739,-39.347950 174.390775,-39.348197 174.390761,-39.348716 174.390243,-39.349717 174.390212,-39.350386 174.390244,-39.350933 174.390085,-39.351409 174.390041,-39.351906 174.390077,-39.352175 174.390136,-39.352219 174.390339,-39.352193 174.391253,-39.351682 174.391735,-39.351290 174.392195,-39.351147 174.392567,-39.350938 174.393028,-39.350840 174.393492,-39.350831 174.394137,-39.351046 174.394543,-39.351061 174.394803,-39.350989 174.395002,-39.350873 174.395142,-39.350690 174.395106,-39.350443 174.395015,-39.350309 174.394363,-39.349825 174.393997,-39.349223 174.393991,-39.349020 174.394043,-39.348839 174.394186,-39.348747 174.395023,-39.348552 174.395411,-39.348526 174.395708,-39.348547 174.394683,-39.348850 174.394364,-39.348856 174.394194,-39.349017 174.394202,-39.349265 174.394474,-39.349666 174.395156,-39.350172 174.395431,-39.350640 174.395437,-39.350865 174.395212,-39.351072 174.394840,-39.351259 174.394203,-39.351338 174.393709,-39.351278 174.393416,-39.351193 174.393193,-39.351074 174.393092,-39.351019 174.392802,-39.351046 174.392203,-39.351418 174.391863,-39.351694 174.391320,-39.351996 174.390430,-39.352350 174.390111,-39.352354 174.389933,-39.352222 174.389841,-39.351999 174.389804,-39.351729 174.389824,-39.351436 174.389930,-39.351119 174.390045,-39.350324 174.390015,-39.349991 174.390108,-39.349719 174.390437,-39.348838 174.390358,-39.347822 174.390237,-39.347644 174.389910,-39.347357 174.389786,-39.347110 174.389778,-39.346818 174.389832,-39.346682 174.390076,-39.346221 174.390482,-39.345941 174.390837,-39.345750 174.391039,-39.345547 174.391050,-39.345248 174.390721,-39.345102 174.390086,-39.345048 174.389536,-39.344955 174.389982,-39.344832</coordinates>
</LinearRing>
</outerBoundaryIs>
</Polygon>
</Placemark>
<Placemark><styleUrl>#nz-river-polygons-topo-150kId</styleUrl>
<ExtendedData><SchemaData schemaUrl="#nz-river-polygons-topo-150kId"><SimpleData name="t50_fid">7550388</SimpleData>
</SchemaData>
</ExtendedData>
<Polygon><outerBoundaryIs><LinearRing><tessellate>1</tessellate>
<coordinates> 174.416381,-39.363521 174.416754,-39.363357 174.417182,-39.363079 174.417810,-39.362752 174.418183,-39.362611 174.418350,-39.362585 174.418758,-39.362415 174.419212,-39.362030 174.419841,-39.361703 174.420153,-39.361450 174.420461,-39.361084 174.420425,-39.360836 174.420100,-39.360639 174.419659,-39.360445 174.419160,-39.360295 174.418636,-39.360215 174.418372,-39.360130 174.418077,-39.359932 174.417955,-39.359776 174.417889,-39.359484 174.417768,-39.359307 174.417763,-39.359149 174.418120,-39.358466 174.418201,-39.358217 174.418193,-39.357947 174.418040,-39.357702 174.417291,-39.356881 174.416813,-39.356459 174.415919,-39.355621 174.415854,-39.355536 174.415693,-39.355339 174.415528,-39.355128 174.415406,-39.354842 174.415362,-39.354549 174.415436,-39.353983 174.415429,-39.353820 174.415393,-39.353255 174.415539,-39.352554 174.415589,-39.352327 174.415590,-39.352082 174.415592,-39.351975 174.415521,-39.351842 174.415406,-39.351756 174.415058,-39.351758 174.414811,-39.351858 174.414595,-39.352287 174.414499,-39.352809 174.414320,-39.353062 174.414052,-39.353303 174.413859,-39.353316 174.413344,-39.353075 174.413365,-39.352970 174.413217,-39.352899 174.413074,-39.352714 174.413035,-39.352472 174.413038,-39.352270 174.412423,-39.351506 174.412069,-39.350980 174.411854,-39.350732 174.411521,-39.350415 174.411171,-39.350264 174.410798,-39.350214 174.410503,-39.350038 174.409663,-39.350076 174.408739,-39.350052 174.408094,-39.350035 174.407256,-39.350118 174.406622,-39.350286 174.406453,-39.350470 174.406297,-39.350946 174.406210,-39.351105 174.406249,-39.351398 174.406054,-39.351694 174.406108,-39.352571 174.406025,-39.352709 174.405626,-39.352963 174.405368,-39.353057 174.404817,-39.353067 174.404459,-39.352925 174.404377,-39.352895 174.403997,-39.352834 174.403557,-39.352639 174.402191,-39.351603 174.402001,-39.351343 174.401975,-39.351188 174.400996,-39.350408 174.400435,-39.350057 174.400110,-39.349905 174.399848,-39.349864 174.399318,-39.349628 174.399191,-39.349580 174.399695,-39.349574 174.400045,-39.349636 174.400664,-39.349986 174.401110,-39.350339 174.401641,-39.350645 174.401880,-39.350843 174.402036,-39.351152 174.402449,-39.351509 174.402601,-39.351732 174.403518,-39.352324 174.404164,-39.352583 174.404805,-39.352662 174.405007,-39.352636 174.405154,-39.352701 174.405502,-39.352694 174.405731,-39.352578 174.405928,-39.352372 174.405918,-39.352034 174.405822,-39.351720 174.405819,-39.351607 174.405957,-39.351381 174.406123,-39.350949 174.406274,-39.350270 174.406412,-39.350043 174.406640,-39.349903 174.406813,-39.349878 174.407712,-39.349862 174.408782,-39.349730 174.409370,-39.349727 174.410206,-39.349796 174.410629,-39.349886 174.410966,-39.349963 174.411434,-39.350194 174.411555,-39.350268 174.411852,-39.350488 174.412300,-39.350931 174.412345,-39.351069 174.412529,-39.351257 174.413069,-39.351874 174.413183,-39.352112 174.413344,-39.352430 174.413277,-39.352625 174.413423,-39.352858 174.413606,-39.353016 174.413873,-39.353147 174.414064,-39.353085 174.414343,-39.352897 174.414435,-39.352676 174.414436,-39.352407 174.414560,-39.352170 174.414684,-39.351919 174.414960,-39.351596 174.415158,-39.351555 174.415544,-39.351551 174.415780,-39.351619 174.415944,-39.351813 174.415961,-39.352144 174.415750,-39.352950 174.415698,-39.353240 174.415664,-39.353422 174.415631,-39.353623 174.415623,-39.353760 174.415594,-39.354308 174.415594,-39.354471 174.415605,-39.354844 174.415695,-39.355061 174.415943,-39.355370 174.416058,-39.355477 174.417763,-39.357003 174.418118,-39.357385 174.418329,-39.357686 174.418435,-39.357990 174.418425,-39.358354 174.418253,-39.358774 174.418110,-39.359098 174.418145,-39.359323 174.418359,-39.359656 174.418625,-39.359854 174.419065,-39.360027 174.419339,-39.360079 174.419827,-39.360262 174.420534,-39.360610 174.420715,-39.360832 174.420721,-39.361057 174.420473,-39.361511 174.420191,-39.361787 174.419850,-39.362018 174.418776,-39.362450 174.418334,-39.362647 174.417276,-39.363325 174.416474,-39.363700 174.415785,-39.363960 174.415353,-39.364058 174.414923,-39.364268 174.414229,-39.364347 174.413797,-39.364468 174.413485,-39.364722 174.413374,-39.364903 174.413378,-39.365016 174.413769,-39.365482 174.413774,-39.365662 174.413692,-39.365844 174.413493,-39.366005 174.412975,-39.366150 174.412511,-39.366158 174.412102,-39.366075 174.411783,-39.366103 174.410822,-39.365963 174.409340,-39.365921 174.409227,-39.366012 174.409173,-39.366149 174.409207,-39.366328 174.409329,-39.366507 174.409536,-39.366638 174.410882,-39.367021 174.411176,-39.367150 174.411678,-39.367456 174.411798,-39.367568 174.411862,-39.367792 174.411707,-39.368425 174.411775,-39.368807 174.411984,-39.368983 174.412188,-39.369002 174.412614,-39.368680 174.413161,-39.368513 174.413732,-39.368209 174.415012,-39.367308 174.415613,-39.367027 174.416097,-39.366681 174.416326,-39.366564 174.416816,-39.366488 174.417251,-39.366481 174.417545,-39.366610 174.417755,-39.366787 174.417946,-39.367392 174.418069,-39.367592 174.418514,-39.367945 174.418925,-39.368118 174.419312,-39.368449 174.419433,-39.368627 174.419507,-39.369144 174.419736,-39.370041 174.419915,-39.370218 174.420002,-39.370217 174.420259,-39.370054 174.421240,-39.369835 174.421814,-39.369622 174.422788,-39.369154 174.422926,-39.369059 174.423215,-39.368876 174.423819,-39.368686 174.424079,-39.368658 174.424317,-39.368712 174.424560,-39.368808 174.424670,-39.368868 174.424825,-39.369101 174.424912,-39.369297 174.425044,-39.369907 174.425026,-39.370168 174.425024,-39.370196 174.424823,-39.370674 174.424780,-39.370786 174.424706,-39.370906 174.424309,-39.371538 174.424273,-39.371575 174.424139,-39.371699 174.424028,-39.371903 174.424152,-39.372127 174.424359,-39.372281 174.424886,-39.372452 174.425412,-39.372577 174.426723,-39.372689 174.427216,-39.372680 174.427827,-39.372760 174.428700,-39.372789 174.428871,-39.372719 174.429040,-39.372513 174.429085,-39.372084 174.429168,-39.371925 174.429361,-39.371806 174.429592,-39.371779 174.429880,-39.371780 174.430251,-39.371863 174.430948,-39.372212 174.431596,-39.372323 174.431933,-39.372548 174.432368,-39.373152 174.432902,-39.373571 174.433340,-39.373563 174.433081,-39.373725 174.432762,-39.373731 174.431487,-39.372808 174.431128,-39.372476 174.430734,-39.372255 174.430656,-39.372214 174.430187,-39.372042 174.429720,-39.371983 174.429546,-39.371986 174.429375,-39.372079 174.429236,-39.372307 174.429247,-39.372667 174.429022,-39.372896 174.428735,-39.373014 174.428300,-39.373044 174.427600,-39.372922 174.426844,-39.372845 174.426351,-39.372876 174.425477,-39.372779 174.424835,-39.372655 174.424306,-39.372462 174.424010,-39.372242 174.423857,-39.371996 174.423819,-39.371681 174.423982,-39.371318 174.424293,-39.370998 174.424484,-39.370611 174.424720,-39.369751 174.424743,-39.369503 174.424650,-39.369346 174.424438,-39.369156 174.424261,-39.368948 174.424143,-39.368882 174.423882,-39.368887 174.423394,-39.369053 174.422206,-39.369714 174.421823,-39.369915 174.421277,-39.370104 174.420697,-39.370160 174.420496,-39.370208 174.420328,-39.370436 174.419834,-39.370400 174.419702,-39.370364 174.419508,-39.370206 174.419354,-39.369890 174.419209,-39.368902 174.419144,-39.368655 174.419023,-39.368477 174.418459,-39.368059 174.418136,-39.367929 174.417570,-39.367466 174.417448,-39.367243 174.417378,-39.366816 174.417170,-39.366662 174.416764,-39.366669 174.416362,-39.366812 174.415561,-39.367231 174.415105,-39.367510 174.414313,-39.368199 174.413856,-39.368478 174.413339,-39.368667 174.412714,-39.369128 174.412427,-39.369224 174.411990,-39.369209 174.411785,-39.369099 174.411510,-39.368677 174.411503,-39.368406 174.411607,-39.367999 174.411601,-39.367819 174.411510,-39.367662 174.411332,-39.367530 174.410244,-39.367031 174.409571,-39.366886 174.409034,-39.366694 174.408808,-39.366584 174.408660,-39.366474 174.408568,-39.366295 174.408563,-39.366137 174.408636,-39.366059 174.408678,-39.366018 174.408817,-39.365884 174.409277,-39.365742 174.409769,-39.365665 174.410320,-39.365655 174.411959,-39.365892 174.412248,-39.365941 174.412448,-39.365979 174.412585,-39.365983 174.412667,-39.365986 174.412731,-39.365989 174.412971,-39.365992 174.413090,-39.365954 174.413344,-39.365873 174.413514,-39.365735 174.413526,-39.365576 174.413535,-39.365468 174.413180,-39.365070 174.413178,-39.365006 174.413171,-39.364907 174.413393,-39.364557 174.413620,-39.364392 174.414069,-39.364220 174.414513,-39.364163 174.414739,-39.364089 174.415076,-39.363943 174.416381,-39.363521</coordinates>
</LinearRing>
</outerBoundaryIs>
</Polygon>
</Placemark>
<Placemark><styleUrl>#nz-river-polygons-topo-150kId</styleUrl>
<ExtendedData><SchemaData schemaUrl="#nz-river-polygons-topo-150kId"><SimpleData name="t50_fid">7554384</SimpleData>
</SchemaData>
</ExtendedData>
<Polygon><outerBoundaryIs><LinearRing><tessellate>1</tessellate>
<coordinates> 174.398277,-39.350004 174.397939,-39.350101 174.397736,-39.350082 174.397499,-39.349905 174.397376,-39.349683 174.397267,-39.349289 174.397202,-39.349180 174.396764,-39.349019 174.396455,-39.348910 174.395960,-39.348543 174.396322,-39.348629 174.396448,-39.348685 174.396805,-39.348986 174.397242,-39.349139 174.397453,-39.349298 174.397501,-39.349365 174.397549,-39.349612 174.397934,-39.349898 174.398185,-39.349915 174.398563,-39.349571 174.398823,-39.349522 174.399035,-39.349581 174.398277,-39.350004</coordinates>
</LinearRing>
</outerBoundaryIs>
</Polygon>
</Placemark>
<Placemark><styleUrl>#nz-river-polygons-topo-150kId</styleUrl>
<ExtendedData><SchemaData schemaUrl="#nz-river-polygons-topo-150kId"><SimpleData name="t50_fid">7550387</SimpleData>
</SchemaData>
</ExtendedData>
<Polygon><outerBoundaryIs><LinearRing><tessellate>1</tessellate>
<coordinates> 174.461966,-39.388538 174.461643,-39.388800 174.461293,-39.389082 174.460887,-39.389115 174.460645,-39.389049 174.460549,-39.389052 174.460430,-39.389062 174.460065,-39.389086 174.459823,-39.389292 174.459627,-39.389589 174.459175,-39.390165 174.458918,-39.390364 174.458711,-39.390444 174.458401,-39.390670 174.458221,-39.390704 174.457956,-39.390732 174.457533,-39.390909 174.457252,-39.390914 174.457013,-39.390897 174.456210,-39.390870 174.455560,-39.390651 174.454976,-39.390549 174.454744,-39.390554 174.454515,-39.390625 174.454175,-39.390902 174.454035,-39.391085 174.454015,-39.391400 174.454343,-39.391732 174.454741,-39.392423 174.455043,-39.392801 174.455918,-39.393316 174.456095,-39.393422 174.456196,-39.393479 174.456172,-39.393637 174.455729,-39.394366 174.454345,-39.395970 174.454213,-39.396128 174.453843,-39.396383 174.453700,-39.396541 174.453478,-39.396772 174.453172,-39.397228 174.453203,-39.397318 174.453357,-39.397430 174.454110,-39.397526 174.455106,-39.397714 174.455151,-39.397710 174.455237,-39.397708 174.455945,-39.397741 174.456024,-39.397754 174.456215,-39.397784 174.457785,-39.398046 174.458091,-39.398168 174.458755,-39.398457 174.458875,-39.398591 174.458880,-39.398771 174.458797,-39.398907 174.458452,-39.399323 174.458264,-39.399547 174.457811,-39.399939 174.457588,-39.400258 174.457481,-39.400553 174.457463,-39.400914 174.457633,-39.401722 174.457786,-39.401986 174.457886,-39.402154 174.458381,-39.402618 174.458529,-39.402879 174.458814,-39.403365 174.458932,-39.403947 174.458780,-39.404232 174.458052,-39.404868 174.457833,-39.405307 174.457844,-39.405634 174.458022,-39.405812 174.458210,-39.405826 174.458509,-39.405849 174.458708,-39.405739 174.459278,-39.405225 174.459934,-39.405060 174.461129,-39.405039 174.461747,-39.405094 174.462470,-39.405084 174.462897,-39.405129 174.463320,-39.405183 174.463616,-39.405313 174.464193,-39.405545 174.464547,-39.405698 174.464991,-39.406006 174.465172,-39.406228 174.465409,-39.406382 174.466517,-39.406520 174.467505,-39.406501 174.469399,-39.405747 174.469870,-39.405672 174.469941,-39.405681 174.470039,-39.405686 174.470212,-39.405777 174.470569,-39.406002 174.470941,-39.406319 174.471057,-39.406469 174.471261,-39.406817 174.471467,-39.406926 174.471787,-39.406942 174.472018,-39.406893 174.472523,-39.406852 174.472852,-39.406834 174.473063,-39.406897 174.472848,-39.406953 174.472746,-39.406993 174.472668,-39.407015 174.472569,-39.407044 174.472401,-39.407089 174.471588,-39.407081 174.471534,-39.407063 174.471207,-39.406953 174.470094,-39.406104 174.469870,-39.405963 174.469550,-39.405969 174.468888,-39.406138 174.468459,-39.406323 174.467741,-39.406632 174.467452,-39.406705 174.466785,-39.406717 174.466554,-39.406788 174.466379,-39.406747 174.465857,-39.406779 174.465184,-39.406611 174.464919,-39.406503 174.464771,-39.406372 174.464627,-39.406246 174.464442,-39.406084 174.464358,-39.406025 174.463798,-39.405650 174.463686,-39.405604 174.463514,-39.405540 174.463259,-39.405428 174.463113,-39.405364 174.462792,-39.405279 174.461889,-39.405205 174.460729,-39.405249 174.459808,-39.405359 174.459477,-39.405500 174.459058,-39.405832 174.458727,-39.406006 174.458261,-39.406059 174.457885,-39.406023 174.457382,-39.405657 174.457330,-39.405584 174.457136,-39.405296 174.457242,-39.405089 174.457664,-39.404841 174.457752,-39.404784 174.457979,-39.404578 174.458033,-39.404418 174.458573,-39.404048 174.458629,-39.403980 174.458621,-39.403710 174.458558,-39.403530 174.458130,-39.402949 174.457373,-39.401772 174.457249,-39.401527 174.457115,-39.400898 174.457155,-39.400311 174.457257,-39.399859 174.457339,-39.399677 174.457482,-39.399585 174.457741,-39.399534 174.457942,-39.399441 174.458109,-39.399190 174.458100,-39.398875 174.458182,-39.398716 174.458091,-39.398582 174.457853,-39.398428 174.457385,-39.398302 174.455987,-39.398169 174.455776,-39.398128 174.455433,-39.398089 174.455169,-39.397981 174.454760,-39.397898 174.454023,-39.397858 174.453101,-39.397765 174.453041,-39.397748 174.452842,-39.397704 174.452645,-39.397577 174.452477,-39.397262 174.452481,-39.397062 174.452583,-39.396946 174.453068,-39.396667 174.453437,-39.396368 174.453837,-39.395915 174.454668,-39.394836 174.455235,-39.394375 174.455628,-39.393895 174.455617,-39.393535 174.455525,-39.393401 174.455348,-39.393269 174.454939,-39.393163 174.454702,-39.393010 174.454579,-39.392809 174.454214,-39.392230 174.453671,-39.391587 174.453577,-39.391340 174.453570,-39.391092 174.453701,-39.390885 174.454193,-39.390514 174.454625,-39.390303 174.455042,-39.390326 174.455262,-39.390366 174.455671,-39.390447 174.456258,-39.390684 174.456432,-39.390680 174.457731,-39.390432 174.458224,-39.390401 174.458453,-39.390306 174.458652,-39.390145 174.458990,-39.389779 174.459488,-39.388959 174.459549,-39.388713 174.459703,-39.388392 174.459929,-39.388140 174.460186,-39.388022 174.460506,-39.388039 174.461033,-39.388188 174.461380,-39.388159 174.461522,-39.388044 174.461488,-39.387864 174.461037,-39.387354 174.460829,-39.387222 174.460476,-39.387069 174.459873,-39.386938 174.459626,-39.386813 174.459273,-39.386393 174.459166,-39.386246 174.458795,-39.386177 174.458648,-39.386227 174.458490,-39.386387 174.457917,-39.386914 174.457294,-39.387421 174.456979,-39.387585 174.456776,-39.387611 174.456639,-39.387590 174.456514,-39.387570 174.456425,-39.387505 174.456254,-39.387207 174.456223,-39.386942 174.456150,-39.386847 174.456186,-39.386549 174.456245,-39.386387 174.456300,-39.386248 174.456258,-39.385813 174.456183,-39.385519 174.456071,-39.385287 174.455851,-39.384918 174.455748,-39.384831 174.455807,-39.384744 174.455839,-39.384710 174.455827,-39.384581 174.455878,-39.384490 174.455949,-39.384391 174.456068,-39.384358 174.456309,-39.384292 174.456750,-39.384299 174.456906,-39.384383 174.457162,-39.384520 174.457797,-39.384667 174.458203,-39.384421 174.458482,-39.384425 174.458769,-39.384331 174.458995,-39.384101 174.458990,-39.383920 174.458891,-39.383562 174.458770,-39.383361 174.458231,-39.382830 174.457934,-39.382633 174.456607,-39.381936 174.455313,-39.381351 174.454791,-39.381137 174.454268,-39.380923 174.453937,-39.380718 174.453735,-39.380415 174.453540,-39.380121 174.453237,-39.379854 174.452872,-39.379702 174.452270,-39.379583 174.451904,-39.379590 174.451816,-39.379679 174.451859,-39.380116 174.451884,-39.380285 174.452249,-39.381811 174.452508,-39.383699 174.452698,-39.384259 174.452708,-39.384300 174.452770,-39.384579 174.452808,-39.384771 174.452855,-39.385140 174.452997,-39.385337 174.453213,-39.385484 174.453387,-39.385564 174.453563,-39.385645 174.453585,-39.385746 174.453584,-39.385994 174.453239,-39.386303 174.452389,-39.386678 174.451918,-39.387057 174.451634,-39.387162 174.451261,-39.387177 174.451026,-39.387092 174.450667,-39.386816 174.450385,-39.386383 174.450089,-39.385938 174.449928,-39.385590 174.449835,-39.385291 174.449750,-39.385023 174.449736,-39.384660 174.449812,-39.384488 174.449856,-39.384377 174.450073,-39.384159 174.450447,-39.383892 174.450851,-39.383492 174.450873,-39.383288 174.450636,-39.383131 174.449910,-39.382825 174.449438,-39.382708 174.449007,-39.382534 174.448662,-39.382276 174.448388,-39.381916 174.448198,-39.381467 174.448110,-39.381277 174.448101,-39.380984 174.448183,-39.380802 174.448178,-39.380599 174.447702,-39.380248 174.447380,-39.380164 174.447143,-39.380010 174.446605,-39.379501 174.446125,-39.378969 174.445891,-39.378883 174.445659,-39.378887 174.445167,-39.378963 174.444736,-39.379107 174.444595,-39.379221 174.444234,-39.379769 174.444271,-39.380060 174.444363,-39.380217 174.444721,-39.380548 174.444897,-39.380590 174.445017,-39.380724 174.445080,-39.380925 174.445089,-39.381218 174.444978,-39.381400 174.444721,-39.381563 174.444576,-39.381565 174.444492,-39.381634 174.444214,-39.382067 174.444248,-39.382247 174.444398,-39.382402 174.444515,-39.382422 174.444775,-39.382395 174.445323,-39.382193 174.445677,-39.382067 174.446249,-39.382050 174.446510,-39.382090 174.446720,-39.382245 174.446715,-39.382331 174.446721,-39.382453 174.446877,-39.382746 174.446859,-39.383013 174.446777,-39.383245 174.446642,-39.383468 174.446323,-39.383755 174.446247,-39.383959 174.446162,-39.384647 174.445962,-39.384785 174.445769,-39.384790 174.445421,-39.384592 174.445305,-39.384593 174.444988,-39.384689 174.444505,-39.385014 174.444017,-39.385225 174.443499,-39.385369 174.443296,-39.385350 174.443086,-39.385174 174.443071,-39.384851 174.443075,-39.384769 174.443126,-39.384520 174.443142,-39.384492 174.443313,-39.384247 174.443140,-39.384104 174.442811,-39.384152 174.442233,-39.384661 174.442201,-39.384671 174.441134,-39.385177 174.440986,-39.385245 174.440802,-39.385534 174.440956,-39.385693 174.440984,-39.385729 174.441124,-39.386076 174.441357,-39.386226 174.441766,-39.386199 174.442021,-39.386432 174.442087,-39.386701 174.442034,-39.386883 174.441864,-39.387043 174.441391,-39.387295 174.441249,-39.387325 174.440746,-39.387515 174.440485,-39.387519 174.440248,-39.387388 174.440157,-39.387254 174.440125,-39.387035 174.439990,-39.386491 174.439742,-39.385954 174.439535,-39.385823 174.439157,-39.385829 174.437421,-39.386041 174.436846,-39.386209 174.435960,-39.386330 174.435191,-39.386449 174.434759,-39.386358 174.434548,-39.386215 174.434542,-39.385902 174.434437,-39.385662 174.434433,-39.385481 174.434437,-39.385238 174.434617,-39.384469 174.434666,-39.383877 174.434928,-39.383038 174.435088,-39.382789 174.435676,-39.382389 174.435812,-39.382158 174.434873,-39.382418 174.434496,-39.382628 174.434118,-39.382759 174.433932,-39.382849 174.432870,-39.383160 174.431961,-39.383280 174.431680,-39.383320 174.431023,-39.383226 174.430814,-39.383068 174.430765,-39.382712 174.430951,-39.382151 174.431107,-39.381685 174.431314,-39.381340 174.431557,-39.381098 174.431664,-39.380996 174.432321,-39.380441 174.432562,-39.380329 174.432740,-39.380255 174.433193,-39.380164 174.433497,-39.380040 174.433900,-39.379890 174.434405,-39.379853 174.434714,-39.379893 174.435038,-39.380045 174.435395,-39.380331 174.435815,-39.380775 174.435952,-39.380807 174.435953,-39.380804 174.435960,-39.380809 174.436005,-39.380845 174.436130,-39.380991 174.436199,-39.381004 174.436350,-39.380941 174.436768,-39.380768 174.437092,-39.380498 174.437658,-39.380101 174.437773,-39.379906 174.437831,-39.379634 174.437831,-39.379387 174.437874,-39.379095 174.437792,-39.378814 174.437668,-39.378615 174.437473,-39.378379 174.437385,-39.378291 174.437057,-39.377598 174.436824,-39.377255 174.436506,-39.376662 174.436378,-39.376236 174.436240,-39.375495 174.436021,-39.374958 174.436010,-39.374598 174.436229,-39.374165 174.436427,-39.373982 174.436564,-39.373687 174.436559,-39.373506 174.436370,-39.373036 174.436484,-39.372945 174.436742,-39.372827 174.437145,-39.372730 174.437870,-39.372717 174.439587,-39.372822 174.439758,-39.372729 174.440603,-39.371858 174.440628,-39.371722 174.440568,-39.371633 174.440270,-39.371412 174.440006,-39.371305 174.439744,-39.371264 174.439193,-39.371274 174.438289,-39.371155 174.437761,-39.370984 174.437123,-39.371018 174.435834,-39.371420 174.436112,-39.371171 174.436974,-39.370863 174.437292,-39.370813 174.438012,-39.370789 174.438808,-39.371033 174.439768,-39.371106 174.440101,-39.371074 174.440609,-39.371091 174.440728,-39.371202 174.440914,-39.371604 174.440921,-39.371807 174.440449,-39.372403 174.440123,-39.372757 174.439927,-39.372853 174.439733,-39.372955 174.439485,-39.373021 174.439187,-39.373081 174.438793,-39.373080 174.438416,-39.373097 174.437754,-39.373012 174.437416,-39.373063 174.436981,-39.373048 174.436808,-39.373096 174.436667,-39.373234 174.436701,-39.373437 174.436911,-39.373658 174.436974,-39.373814 174.436919,-39.373928 174.436498,-39.374431 174.436419,-39.374681 174.436514,-39.374949 174.436565,-39.375692 174.436785,-39.376296 174.437464,-39.377659 174.437803,-39.378383 174.438002,-39.378674 174.438092,-39.378856 174.438102,-39.379325 174.438090,-39.379623 174.438076,-39.380190 174.437715,-39.380526 174.437028,-39.380942 174.436392,-39.381171 174.436057,-39.381173 174.435919,-39.381061 174.435745,-39.380919 174.435472,-39.380731 174.434918,-39.380243 174.434578,-39.380188 174.434143,-39.380196 174.433366,-39.380412 174.432871,-39.380421 174.432443,-39.380654 174.431993,-39.381135 174.431798,-39.381432 174.431527,-39.382045 174.431330,-39.382274 174.431165,-39.382615 174.431205,-39.382974 174.431412,-39.383084 174.431789,-39.383099 174.432425,-39.382998 174.433608,-39.382728 174.434241,-39.382515 174.434325,-39.382446 174.434700,-39.382349 174.435215,-39.382115 174.435792,-39.381969 174.436014,-39.381963 174.436107,-39.381960 174.436257,-39.382071 174.436239,-39.382302 174.436015,-39.382555 174.435430,-39.383019 174.435195,-39.383377 174.435034,-39.383853 174.434780,-39.385074 174.434793,-39.385502 174.435066,-39.385903 174.435130,-39.386104 174.435249,-39.386192 174.435568,-39.386164 174.436402,-39.385923 174.437243,-39.385887 174.438323,-39.385705 174.438855,-39.385610 174.439195,-39.385602 174.439425,-39.385599 174.439706,-39.385676 174.439828,-39.385780 174.439933,-39.386026 174.440040,-39.386119 174.440216,-39.386284 174.440317,-39.386733 174.440526,-39.386954 174.440591,-39.387179 174.440739,-39.387266 174.441182,-39.387227 174.441346,-39.387194 174.441800,-39.386819 174.441767,-39.386684 174.441470,-39.386487 174.441170,-39.386374 174.440834,-39.386072 174.440578,-39.385777 174.440578,-39.385736 174.440522,-39.385509 174.440540,-39.385407 174.440576,-39.385246 174.440770,-39.384978 174.440987,-39.384851 174.441096,-39.384807 174.441453,-39.384642 174.441850,-39.384520 174.442077,-39.384404 174.442619,-39.384052 174.442976,-39.383895 174.443280,-39.383886 174.443636,-39.384105 174.443642,-39.384308 174.443450,-39.384716 174.443454,-39.384852 174.443661,-39.384938 174.443979,-39.384911 174.444465,-39.384676 174.444664,-39.384515 174.445095,-39.384372 174.445790,-39.384315 174.445989,-39.384153 174.445948,-39.383771 174.446026,-39.383454 174.446495,-39.382635 174.446460,-39.382410 174.446282,-39.382278 174.446047,-39.382192 174.445730,-39.382243 174.444903,-39.382529 174.444681,-39.382605 174.444402,-39.382608 174.444053,-39.382497 174.443860,-39.382327 174.443811,-39.382209 174.443841,-39.382074 174.443876,-39.382000 174.444062,-39.381644 174.444199,-39.381549 174.444572,-39.381407 174.444741,-39.381224 174.444821,-39.380998 174.444731,-39.380886 174.444302,-39.380490 174.444164,-39.380356 174.444103,-39.380204 174.444039,-39.380014 174.444026,-39.379633 174.444115,-39.379337 174.444444,-39.379046 174.445009,-39.378878 174.445788,-39.378552 174.446129,-39.378560 174.446333,-39.378661 174.446696,-39.378975 174.447087,-39.379524 174.447322,-39.379869 174.447496,-39.380006 174.447944,-39.380217 174.448371,-39.380508 174.448533,-39.380622 174.448596,-39.380772 174.448566,-39.380998 174.448455,-39.381314 174.448495,-39.381614 174.448557,-39.381744 174.448683,-39.381990 174.449108,-39.382266 174.449680,-39.382520 174.449981,-39.382570 174.451126,-39.382974 174.451221,-39.383060 174.451308,-39.383380 174.451254,-39.383671 174.451032,-39.383861 174.450901,-39.383978 174.450448,-39.384251 174.450181,-39.384575 174.450074,-39.384846 174.450109,-39.385048 174.450388,-39.385630 174.450427,-39.385944 174.450584,-39.386347 174.450976,-39.386858 174.451212,-39.387012 174.451445,-39.387008 174.451675,-39.386913 174.452015,-39.386637 174.452329,-39.386474 174.452755,-39.386128 174.453006,-39.385831 174.453031,-39.385672 174.452938,-39.385471 174.452639,-39.385161 174.452450,-39.384691 174.452374,-39.384084 174.452282,-39.383906 174.452171,-39.383419 174.452118,-39.383139 174.452046,-39.382806 174.451931,-39.381862 174.451573,-39.380740 174.451570,-39.380379 174.451446,-39.379967 174.451395,-39.379618 174.451566,-39.379391 174.451735,-39.379336 174.452511,-39.379355 174.452784,-39.379480 174.453094,-39.379481 174.453461,-39.379710 174.453767,-39.380074 174.454064,-39.380554 174.454415,-39.380802 174.454990,-39.380927 174.455442,-39.381103 174.456308,-39.381449 174.457599,-39.382100 174.458004,-39.382390 174.458463,-39.382715 174.458911,-39.383095 174.459027,-39.383398 174.459327,-39.383762 174.459477,-39.384082 174.459527,-39.384386 174.459474,-39.384544 174.459326,-39.384653 174.459183,-39.384669 174.458892,-39.384624 174.458630,-39.384773 174.458573,-39.384825 174.458407,-39.384840 174.458225,-39.384861 174.457974,-39.384932 174.457542,-39.384896 174.457076,-39.384723 174.456687,-39.384660 174.456262,-39.384806 174.456146,-39.384943 174.456238,-39.385170 174.456244,-39.385168 174.456476,-39.385517 174.456572,-39.385755 174.456583,-39.386083 174.456514,-39.386323 174.456470,-39.386516 174.456469,-39.386520 174.456461,-39.386885 174.456455,-39.386891 174.456462,-39.387052 174.456560,-39.387151 174.456932,-39.387269 174.457065,-39.387267 174.457213,-39.387182 174.457445,-39.387127 174.457540,-39.387107 174.457663,-39.387024 174.457730,-39.386869 174.457852,-39.386741 174.458082,-39.386603 174.458253,-39.386407 174.458269,-39.386265 174.458436,-39.386191 174.458749,-39.385931 174.458754,-39.385927 174.458991,-39.385926 174.459199,-39.386080 174.459398,-39.386221 174.459669,-39.386526 174.460009,-39.386705 174.460182,-39.386857 174.460435,-39.386909 174.460677,-39.386959 174.461031,-39.387015 174.461144,-39.387094 174.461302,-39.387202 174.461417,-39.387527 174.461612,-39.387785 174.461900,-39.388012 174.462093,-39.388385 174.461966,-39.388538</coordinates>
</LinearRing>
</outerBoundaryIs>
<innerBoundaryIs><LinearRing><tessellate>1</tessellate>
<coordinates> 174.461499,-39.388313 174.460915,-39.388374 174.460637,-39.388288 174.460361,-39.388289 174.460236,-39.388383 174.460022,-39.388677 174.460127,-39.388726 174.460501,-39.388768 174.460998,-39.388950 174.461284,-39.388789 174.461536,-39.388497 174.461583,-39.388363 174.461499,-39.388313</coordinates>
</LinearRing>
</innerBoundaryIs>
</Polygon>
</Placemark>
<Placemark><styleUrl>#nz-river-polygons-topo-150kId</styleUrl>
<ExtendedData><SchemaData schemaUrl="#nz-river-polygons-topo-150kId"><SimpleData name="t50_fid">7554386</SimpleData>
</SchemaData>
</ExtendedData>
<Polygon><outerBoundaryIs><LinearRing><tessellate>1</tessellate>
<coordinates> 174.473350,-39.405886 174.473380,-39.406628 174.473266,-39.406744 174.473021,-39.406276 174.473186,-39.406113 174.473309,-39.405765 174.473350,-39.405886</coordinates>
</LinearRing>
</outerBoundaryIs>
</Polygon>
</Placemark>
<Placemark><styleUrl>#nz-river-polygons-topo-150kId</styleUrl>
<ExtendedData><SchemaData schemaUrl="#nz-river-polygons-topo-150kId"><SimpleData name="t50_fid">7549912</SimpleData>
</SchemaData>
</ExtendedData>
<MultiGeometry><Polygon><outerBoundaryIs><LinearRing><tessellate>1</tessellate>
<coordinates> 174.461900,-39.388012 174.462065,-39.387901 174.462190,-39.387696 174.462139,-39.387338 174.462223,-39.387111 174.462206,-39.386650 174.462025,-39.386301 174.462016,-39.386115 174.462160,-39.385982 174.462352,-39.385921 174.462831,-39.385886 174.463380,-39.386024 174.463489,-39.386125 174.463555,-39.386706 174.463496,-39.387056 174.463684,-39.387374 174.464357,-39.387832 174.464434,-39.388349 174.464507,-39.388498 174.464709,-39.388642 174.465358,-39.388901 174.465570,-39.388897 174.465783,-39.388899 174.466180,-39.388775 174.466504,-39.388653 174.466611,-39.388619 174.466703,-39.388579 174.467393,-39.388253 174.468085,-39.388083 174.468164,-39.388046 174.468286,-39.387989 174.468456,-39.387829 174.468587,-39.387479 174.468867,-39.387059 174.469150,-39.386828 174.469438,-39.386707 174.469960,-39.386697 174.470254,-39.386805 174.470640,-39.387091 174.471272,-39.387868 174.471985,-39.388373 174.472255,-39.388683 174.472441,-39.389085 174.472591,-39.389219 174.472796,-39.389260 174.472998,-39.389258 174.473169,-39.389141 174.473240,-39.388927 174.473116,-39.388353 174.473142,-39.387672 174.473057,-39.387340 174.473135,-39.387023 174.473332,-39.386794 174.473631,-39.386135 174.473688,-39.385936 174.473644,-39.385553 174.473000,-39.384353 174.472877,-39.383977 174.472626,-39.382443 174.472619,-39.382093 174.472623,-39.381667 174.472666,-39.381179 174.472799,-39.380817 174.472892,-39.380683 174.473000,-39.380536 174.473248,-39.380307 174.473448,-39.380237 174.473850,-39.380229 174.474581,-39.380416 174.474914,-39.380502 174.474949,-39.380527 174.474991,-39.380549 174.475031,-39.380583 174.475268,-39.380743 174.475474,-39.380807 174.475997,-39.380865 174.476497,-39.380859 174.477015,-39.380847 174.477273,-39.380797 174.477529,-39.380813 174.477972,-39.380830 174.478040,-39.380814 174.478169,-39.380772 174.478317,-39.380733 174.478433,-39.380731 174.478760,-39.380973 174.478914,-39.381286 174.478857,-39.381602 174.478647,-39.382056 174.478027,-39.382676 174.478003,-39.382834 174.478179,-39.382921 174.479173,-39.383151 174.479320,-39.383171 174.479690,-39.382916 174.479828,-39.382711 174.479852,-39.382531 174.479955,-39.382368 174.480433,-39.381574 174.480800,-39.381251 174.481173,-39.381087 174.481951,-39.380893 174.482163,-39.380851 174.483540,-39.380616 174.483795,-39.380431 174.483960,-39.380113 174.484066,-39.379773 174.484106,-39.379187 174.484516,-39.378322 174.484566,-39.378074 174.484544,-39.377331 174.484452,-39.377175 174.484007,-39.376867 174.483765,-39.376534 174.483496,-39.376313 174.483321,-39.376249 174.481989,-39.376385 174.481467,-39.376395 174.481317,-39.376263 174.481311,-39.376015 174.481468,-39.375449 174.481482,-39.374976 174.481356,-39.374640 174.481029,-39.374375 174.480795,-39.374312 174.480272,-39.374322 174.479719,-39.374241 174.479541,-39.374132 174.479173,-39.373508 174.479139,-39.373328 174.479247,-39.373078 174.479445,-39.372894 174.479703,-39.372778 174.479934,-39.372728 174.480137,-39.372724 174.480608,-39.372941 174.480996,-39.373295 174.481169,-39.373269 174.481339,-39.373131 174.481420,-39.372881 174.481408,-39.372521 174.481287,-39.372343 174.481012,-39.371492 174.480764,-39.370392 174.480781,-39.370009 174.480592,-39.369517 174.480645,-39.369335 174.481260,-39.368558 174.481471,-39.368436 174.482030,-39.368424 174.482470,-39.368288 174.482726,-39.368104 174.482808,-39.367922 174.483007,-39.367783 174.483239,-39.367756 174.483566,-39.368028 174.484478,-39.368432 174.484805,-39.368674 174.486012,-39.369238 174.486804,-39.369517 174.487795,-39.369656 174.488492,-39.369644 174.490487,-39.369405 174.490718,-39.369355 174.491375,-39.368983 174.491998,-39.368498 174.492054,-39.368430 174.492047,-39.368204 174.491366,-39.367743 174.491305,-39.367654 174.491276,-39.367195 174.491252,-39.366821 174.491419,-39.366639 174.492134,-39.366242 174.492935,-39.365890 174.493133,-39.365728 174.493217,-39.365614 174.493211,-39.365411 174.492581,-39.364946 174.492131,-39.364237 174.492127,-39.364102 174.493127,-39.363350 174.493606,-39.363129 174.494040,-39.363018 174.494040,-39.363208 174.494016,-39.363211 174.492898,-39.363682 174.492755,-39.363797 174.492478,-39.364208 174.492482,-39.364343 174.492634,-39.364566 174.493005,-39.364852 174.493436,-39.365182 174.493530,-39.365383 174.493513,-39.365767 174.493344,-39.365972 174.493116,-39.366112 174.492341,-39.366374 174.491683,-39.366701 174.491544,-39.366929 174.491557,-39.367357 174.491713,-39.367692 174.492188,-39.368044 174.492339,-39.368244 174.492314,-39.368357 174.492036,-39.368790 174.491246,-39.369475 174.490892,-39.369589 174.490826,-39.369606 174.489974,-39.369700 174.489723,-39.369730 174.489164,-39.369789 174.488616,-39.369911 174.488534,-39.369921 174.488406,-39.369927 174.487892,-39.369947 174.487202,-39.369900 174.486943,-39.369880 174.486855,-39.369850 174.486580,-39.369765 174.486257,-39.369662 174.484872,-39.368966 174.484491,-39.368837 174.484073,-39.368484 174.483601,-39.368245 174.483255,-39.368274 174.482852,-39.368417 174.482506,-39.368468 174.482031,-39.368454 174.481581,-39.368597 174.481298,-39.368851 174.481048,-39.369215 174.480942,-39.369555 174.480949,-39.369803 174.481137,-39.370250 174.481154,-39.370813 174.481374,-39.371372 174.481482,-39.372069 174.481677,-39.372502 174.481736,-39.372808 174.481658,-39.373125 174.481207,-39.373561 174.480887,-39.373544 174.480530,-39.373213 174.480233,-39.373038 174.479970,-39.372952 174.479710,-39.372980 174.479566,-39.373027 174.479400,-39.373300 174.479405,-39.373481 174.479651,-39.373927 174.479799,-39.374037 174.480323,-39.374073 174.480847,-39.374154 174.481317,-39.374302 174.481584,-39.374478 174.481763,-39.374677 174.481733,-39.375579 174.481743,-39.375939 174.481864,-39.376073 174.482157,-39.376157 174.482389,-39.376176 174.483052,-39.376028 174.483488,-39.376021 174.483996,-39.376507 174.484411,-39.376792 174.484713,-39.377170 174.484777,-39.377371 174.484749,-39.378386 174.484322,-39.379611 174.484303,-39.379926 174.484166,-39.380199 174.484143,-39.380447 174.484008,-39.380743 174.483838,-39.380881 174.483315,-39.380890 174.482911,-39.380943 174.482538,-39.381085 174.481326,-39.381355 174.480924,-39.381497 174.480725,-39.381636 174.480501,-39.381910 174.480366,-39.382273 174.479988,-39.382914 174.479555,-39.383302 174.479177,-39.383276 174.478158,-39.383192 174.477602,-39.383022 174.477482,-39.382911 174.477506,-39.382731 174.477676,-39.382570 174.478047,-39.382361 174.478499,-39.381947 174.478718,-39.381606 174.478743,-39.381357 174.478532,-39.381113 174.478354,-39.381003 174.477831,-39.380989 174.477572,-39.381062 174.477452,-39.381068 174.476702,-39.381101 174.475860,-39.381093 174.474981,-39.380839 174.474363,-39.380557 174.474012,-39.380473 174.473317,-39.380531 174.473118,-39.380692 174.472980,-39.380897 174.472873,-39.381215 174.472896,-39.382949 174.473314,-39.384293 174.473440,-39.384607 174.473892,-39.385184 174.474050,-39.385610 174.474058,-39.385880 174.473614,-39.386541 174.473314,-39.387222 174.473423,-39.388370 174.473446,-39.389254 174.473329,-39.389488 174.473157,-39.389612 174.472983,-39.389664 174.472748,-39.389617 174.472482,-39.389445 174.471971,-39.388828 174.471819,-39.388647 174.471192,-39.388095 174.470617,-39.387316 174.470293,-39.387035 174.470146,-39.386968 174.469995,-39.386899 174.469588,-39.386884 174.469473,-39.386909 174.469303,-39.387047 174.468889,-39.387799 174.468665,-39.388050 174.468322,-39.388221 174.468318,-39.388224 174.468100,-39.388390 174.467694,-39.388435 174.467555,-39.388451 174.467213,-39.388507 174.466710,-39.388716 174.466405,-39.388849 174.466350,-39.388871 174.465698,-39.389119 174.465384,-39.389079 174.464800,-39.389000 174.464518,-39.388902 174.464336,-39.388764 174.464208,-39.388536 174.464163,-39.388309 174.464251,-39.388082 174.464155,-39.387924 174.463612,-39.387587 174.463273,-39.387297 174.463320,-39.386857 174.463287,-39.386351 174.463204,-39.386187 174.462895,-39.386070 174.462501,-39.386065 174.462350,-39.386154 174.462305,-39.386252 174.462468,-39.386629 174.462473,-39.386705 174.462480,-39.386921 174.462398,-39.387196 174.462427,-39.387525 174.462443,-39.387714 174.462252,-39.388192 174.462093,-39.388385 174.461900,-39.388012</coordinates>
</LinearRing>
</outerBoundaryIs>
</Polygon>
<Polygon><outerBoundaryIs><LinearRing><tessellate>1</tessellate>
<coordinates> 174.493615,-39.359568 174.493522,-39.359368 174.493508,-39.358677 174.493499,-39.358647 174.493551,-39.358420 174.493664,-39.358329 174.493800,-39.358283 174.493947,-39.358232 174.494040,-39.358225 174.494040,-39.358488 174.493875,-39.358572 174.493908,-39.358707 174.493771,-39.358957 174.493832,-39.359069 174.493812,-39.359362 174.493872,-39.359451 174.494040,-39.359575 174.494040,-39.359884 174.493615,-39.359568</coordinates>
</LinearRing>
</outerBoundaryIs>
</Polygon>
</MultiGeometry>
</Placemark>
<Placemark><styleUrl>#nz-river-polygons-topo-150kId</styleUrl>
<ExtendedData><SchemaData schemaUrl="#nz-river-polygons-topo-150kId"><SimpleData name="t50_fid">7552212</SimpleData>
</SchemaData>
</ExtendedData>
<Polygon><outerBoundaryIs><LinearRing><tessellate>1</tessellate>
<coordinates> 173.858226,-39.189296 173.858480,-39.189470 173.858821,-39.189613 173.858967,-39.189642 173.859256,-39.189673 173.859894,-39.189736 173.860023,-39.189748 173.860091,-39.189753 173.860900,-39.189846 173.861320,-39.190061 173.861499,-39.190139 173.861839,-39.190071 173.862016,-39.189983 173.862783,-39.190064 173.863415,-39.190231 173.863870,-39.190625 173.864192,-39.191194 173.864168,-39.191450 173.864192,-39.191625 173.864309,-39.191774 173.864801,-39.192077 173.865189,-39.192374 173.865433,-39.192534 173.865544,-39.192704 173.865573,-39.192776 173.865363,-39.192697 173.865202,-39.192527 173.864870,-39.192316 173.864693,-39.192211 173.864438,-39.192025 173.864217,-39.191894 173.864111,-39.191754 173.863983,-39.191562 173.863927,-39.191473 173.863947,-39.191455 173.863912,-39.191456 173.863902,-39.191134 173.863737,-39.190851 173.863572,-39.190627 173.863196,-39.190411 173.862657,-39.190197 173.862052,-39.190129 173.861509,-39.190225 173.861160,-39.190241 173.860791,-39.189992 173.859914,-39.189906 173.859139,-39.189840 173.859036,-39.189831 173.858934,-39.189822 173.858653,-39.189727 173.858432,-39.189596 173.858280,-39.189530 173.857906,-39.189303 173.857309,-39.188877 173.857172,-39.188561 173.857591,-39.188728 173.857863,-39.188926 173.858055,-39.189131 173.858226,-39.189296</coordinates>
</LinearRing>
</outerBoundaryIs>
</Polygon>
</Placemark>
<Placemark><styleUrl>#nz-river-polygons-topo-150kId</styleUrl>
<ExtendedData><SchemaData schemaUrl="#nz-river-polygons-topo-150kId"><SimpleData name="t50_fid">7554427</SimpleData>
</SchemaData>
</ExtendedData>
<Polygon><outerBoundaryIs><LinearRing><tessellate>1</tessellate>
<coordinates> 173.867200,-39.193885 173.867145,-39.194162 173.866944,-39.193928 173.866916,-39.193760 173.866927,-39.193570 173.866818,-39.193340 173.866637,-39.193014 173.866694,-39.192865 173.866751,-39.192700 173.866904,-39.192786 173.866972,-39.192996 173.866974,-39.193123 173.866975,-39.193206 173.867038,-39.193487 173.867138,-39.193640 173.867200,-39.193885</coordinates>
</LinearRing>
</outerBoundaryIs>
</Polygon>
</Placemark>
<Placemark><styleUrl>#nz-river-polygons-topo-150kId</styleUrl>
<ExtendedData><SchemaData schemaUrl="#nz-river-polygons-topo-150kId"><SimpleData name="t50_fid">7553439</SimpleData>
</SchemaData>
</ExtendedData>
<Polygon><outerBoundaryIs><LinearRing><tessellate>1</tessellate>
<coordinates> 173.834775,-39.180217 173.834691,-39.180201 173.834531,-39.180273 173.834551,-39.180147 173.834606,-39.180060 173.834793,-39.179939 173.835043,-39.179790 173.835363,-39.179635 173.835580,-39.179606 173.835803,-39.179529 173.835983,-39.179446 173.836285,-39.179525 173.836413,-39.179644 173.836667,-39.179854 173.836851,-39.180027 173.836881,-39.180174 173.836889,-39.180337 173.837045,-39.180440 173.837276,-39.180487 173.837660,-39.180403 173.837874,-39.180200 173.838188,-39.180072 173.838577,-39.179890 173.838800,-39.179845 173.839149,-39.179771 173.839275,-39.179770 173.839437,-39.179862 173.839495,-39.180025 173.839581,-39.180215 173.839350,-39.180189 173.839076,-39.180099 173.838708,-39.180020 173.838600,-39.180047 173.838401,-39.180337 173.838276,-39.180453 173.838060,-39.180563 173.837818,-39.180766 173.837553,-39.180806 173.837482,-39.180731 173.837459,-39.180606 173.837445,-39.180578 173.837277,-39.180569 173.837060,-39.180565 173.836920,-39.180517 173.836785,-39.180414 173.836670,-39.180148 173.836641,-39.180002 173.836367,-39.179900 173.836071,-39.179744 173.835784,-39.179752 173.835512,-39.179825 173.835124,-39.180111 173.834853,-39.180319 173.834775,-39.180217</coordinates>
</LinearRing>
</outerBoundaryIs>
</Polygon>
</Placemark>
<Placemark><styleUrl>#nz-river-polygons-topo-150kId</styleUrl>
<ExtendedData><SchemaData schemaUrl="#nz-river-polygons-topo-150kId"><SimpleData name="t50_fid">7553440</SimpleData>
</SchemaData>
</ExtendedData>
<Polygon><outerBoundaryIs><LinearRing><tessellate>1</tessellate>
<coordinates> 173.922030,-39.119558 173.921997,-39.119686 173.921836,-39.119943 173.921562,-39.120106 173.921149,-39.120204 173.920738,-39.120463 173.920488,-39.120545 173.920429,-39.120667 173.920579,-39.120921 173.920771,-39.121021 173.920971,-39.121181 173.921016,-39.121315 173.920932,-39.121504 173.920780,-39.121761 173.920602,-39.121991 173.920501,-39.122186 173.920370,-39.122192 173.920094,-39.122108 173.919956,-39.122147 173.919866,-39.122318 173.919720,-39.122569 173.919725,-39.122300 173.919844,-39.122044 173.920091,-39.121940 173.920436,-39.121926 173.920447,-39.121926 173.920531,-39.121886 173.920667,-39.121754 173.920729,-39.121509 173.920607,-39.121531 173.920508,-39.121549 173.920541,-39.121498 173.920706,-39.121400 173.920709,-39.121399 173.920695,-39.121189 173.920409,-39.121064 173.920275,-39.120866 173.920261,-39.120842 173.920194,-39.120730 173.920312,-39.120474 173.920640,-39.120289 173.920898,-39.120165 173.921388,-39.120047 173.921499,-39.119952 173.921497,-39.119744 173.921426,-39.119616 173.921415,-39.119475 173.921552,-39.119320 173.921740,-39.119217 173.921931,-39.119303 173.922030,-39.119558</coordinates>
</LinearRing>
</outerBoundaryIs>
</Polygon>
</Placemark>
<Placemark><styleUrl>#nz-river-polygons-topo-150kId</styleUrl>
<ExtendedData><SchemaData schemaUrl="#nz-river-polygons-topo-150kId"><SimpleData name="t50_fid">100096803</SimpleData>
</SchemaData>
</ExtendedData>
<Polygon><outerBoundaryIs><LinearRing><tessellate>1</tessellate>
<coordinates> 173.972288,-39.122772 173.972520,-39.122741 173.972640,-39.122795 173.972863,-39.122900 173.973243,-39.123176 173.973553,-39.123337 173.973713,-39.123412 173.973874,-39.123455 173.973944,-39.123442 173.973982,-39.123351 173.973967,-39.123166 173.973877,-39.122915 173.973855,-39.122675 173.973933,-39.122439 173.974016,-39.122278 173.974134,-39.122190 173.974358,-39.122150 173.974472,-39.122138 173.974676,-39.122162 173.974887,-39.122251 173.974909,-39.122294 173.975005,-39.122450 173.975011,-39.122599 173.975036,-39.122867 173.974972,-39.123144 173.974859,-39.123562 173.974824,-39.123892 173.974789,-39.124155 173.974865,-39.124400 173.974850,-39.124541 173.974588,-39.124701 173.974406,-39.124963 173.974413,-39.125037 173.974528,-39.125254 173.974583,-39.125423 173.974597,-39.125466 173.974686,-39.125723 173.974756,-39.125853 173.974851,-39.125939 173.975031,-39.125948 173.975183,-39.125954 173.975302,-39.125832 173.975436,-39.125738 173.975630,-39.125504 173.975792,-39.125380 173.976026,-39.125242 173.976206,-39.125219 173.976389,-39.125247 173.976533,-39.125294 173.976722,-39.125363 173.976912,-39.125422 173.977208,-39.125606 173.977411,-39.125827 173.977486,-39.126094 173.977554,-39.126541 173.977504,-39.126959 173.977586,-39.127125 173.977644,-39.127141 173.977808,-39.127140 173.977996,-39.127096 173.978123,-39.126914 173.978334,-39.126671 173.978718,-39.126374 173.979074,-39.126148 173.979477,-39.125836 173.980119,-39.125511 173.980651,-39.125306 173.981107,-39.125226 173.981331,-39.125169 173.981473,-39.125101 173.981642,-39.124744 173.982001,-39.124523 173.982241,-39.124449 173.982411,-39.124447 173.982504,-39.124502 173.982577,-39.124629 173.982531,-39.124961 173.982469,-39.125149 173.982276,-39.125400 173.982028,-39.125746 173.981910,-39.125952 173.981927,-39.126158 173.981979,-39.126280 173.982077,-39.126349 173.982253,-39.126417 173.982493,-39.126490 173.982560,-39.126474 173.982859,-39.126467 173.983166,-39.126528 173.983285,-39.126628 173.983347,-39.126861 173.983326,-39.127076 173.983381,-39.127361 173.983376,-39.127467 173.983439,-39.127587 173.983580,-39.127791 173.983775,-39.127857 173.984195,-39.127902 173.984538,-39.127896 173.985135,-39.127872 173.985719,-39.128026 173.986274,-39.128231 173.986774,-39.128455 173.987034,-39.128566 173.987221,-39.128675 173.987429,-39.128831 173.987525,-39.129037 173.987515,-39.129261 173.987410,-39.129551 173.987223,-39.129707 173.987025,-39.129969 173.986988,-39.130132 173.987058,-39.130305 173.987232,-39.130486 173.987395,-39.130555 173.987674,-39.130588 173.988131,-39.130576 173.988526,-39.130586 173.988661,-39.130551 173.988720,-39.130440 173.988694,-39.130225 173.988715,-39.130088 173.988618,-39.129878 173.988546,-39.129564 173.988532,-39.129258 173.988816,-39.128998 173.989079,-39.128857 173.989318,-39.128832 173.989484,-39.128897 173.989688,-39.129077 173.989821,-39.129305 173.989957,-39.129770 173.989952,-39.129911 173.990035,-39.130042 173.990219,-39.130079 173.990466,-39.130032 173.990670,-39.129970 173.990726,-39.129914 173.990908,-39.129726 173.991084,-39.129547 173.991204,-39.129486 173.991407,-39.129481 173.991570,-39.129527 173.991753,-39.129620 173.991867,-39.129818 173.991912,-39.130115 173.991897,-39.130294 173.991732,-39.130662 173.991640,-39.130841 173.991307,-39.131062 173.990922,-39.131239 173.990746,-39.131372 173.990568,-39.131505 173.990388,-39.131626 173.990438,-39.131439 173.990541,-39.131324 173.990712,-39.131225 173.991002,-39.131049 173.991329,-39.130919 173.991564,-39.130782 173.991669,-39.130558 173.991759,-39.130370 173.991763,-39.130196 173.991683,-39.129926 173.991572,-39.129761 173.991384,-39.129687 173.991230,-39.129693 173.991127,-39.129770 173.990859,-39.130001 173.990561,-39.130118 173.990219,-39.130194 173.990002,-39.130164 173.989910,-39.130130 173.989818,-39.129967 173.989727,-39.129763 173.989693,-39.129379 173.989560,-39.129142 173.989452,-39.128992 173.989222,-39.128976 173.988979,-39.129051 173.988759,-39.129200 173.988701,-39.129307 173.988731,-39.129475 173.988794,-39.129803 173.988934,-39.130168 173.988908,-39.130397 173.988792,-39.130558 173.988600,-39.130702 173.988360,-39.130739 173.987846,-39.130679 173.987201,-39.130662 173.987001,-39.130581 173.986886,-39.130453 173.986798,-39.130271 173.986769,-39.130008 173.986937,-39.129792 173.987149,-39.129612 173.987269,-39.129469 173.987326,-39.129270 173.987329,-39.129032 173.987247,-39.128868 173.987050,-39.128744 173.986763,-39.128630 173.986416,-39.128458 173.986235,-39.128368 173.985837,-39.128188 173.985407,-39.128043 173.985052,-39.128005 173.984652,-39.128019 173.984134,-39.128012 173.983663,-39.127961 173.983502,-39.127890 173.983317,-39.127729 173.983202,-39.127553 173.983199,-39.127228 173.983197,-39.127082 173.983188,-39.126848 173.983192,-39.126693 173.983085,-39.126630 173.982735,-39.126531 173.982450,-39.126585 173.982161,-39.126537 173.981842,-39.126411 173.981728,-39.126194 173.981770,-39.126065 173.981821,-39.125754 173.981945,-39.125603 173.982235,-39.125225 173.982442,-39.124720 173.982451,-39.124613 173.982269,-39.124542 173.981964,-39.124639 173.981468,-39.125185 173.981162,-39.125273 173.980682,-39.125422 173.980283,-39.125600 173.979591,-39.125879 173.979284,-39.126136 173.978984,-39.126402 173.978526,-39.126700 173.978225,-39.126979 173.978170,-39.127044 173.978037,-39.127200 173.977864,-39.127333 173.977777,-39.127366 173.977662,-39.127414 173.977541,-39.127328 173.977359,-39.127052 173.977309,-39.126728 173.977319,-39.126197 173.977288,-39.126026 173.977252,-39.125855 173.977203,-39.125742 173.977022,-39.125591 173.976889,-39.125520 173.976678,-39.125522 173.976273,-39.125409 173.976098,-39.125350 173.975964,-39.125414 173.975724,-39.125642 173.975282,-39.126004 173.975077,-39.126063 173.974904,-39.126066 173.974735,-39.125999 173.974580,-39.125839 173.974426,-39.125563 173.974370,-39.125426 173.974330,-39.125229 173.974296,-39.125018 173.974346,-39.124868 173.974451,-39.124575 173.974616,-39.124301 173.974644,-39.124025 173.974668,-39.123761 173.974769,-39.123441 173.974837,-39.123207 173.974883,-39.122939 173.974881,-39.122813 173.974857,-39.122702 173.974710,-39.122560 173.974553,-39.122466 173.974429,-39.122420 173.974277,-39.122410 173.974128,-39.122437 173.974041,-39.122533 173.974016,-39.122710 173.974172,-39.123174 173.974172,-39.123348 173.974114,-39.123462 173.973971,-39.123596 173.973825,-39.123620 173.973633,-39.123568 173.973468,-39.123507 173.973338,-39.123403 173.972968,-39.123193 173.972740,-39.123031 173.972572,-39.122905 173.972457,-39.122900 173.972152,-39.123065 173.971768,-39.123279 173.971748,-39.123289 173.971622,-39.123352 173.971454,-39.123410 173.971298,-39.123408 173.971155,-39.123327 173.971085,-39.123203 173.970992,-39.123058 173.970925,-39.122902 173.970880,-39.122613 173.970990,-39.122326 173.971046,-39.122162 173.971048,-39.122019 173.970981,-39.121897 173.970789,-39.121884 173.970644,-39.121930 173.970407,-39.122021 173.970283,-39.122181 173.970085,-39.122281 173.969952,-39.122345 173.969869,-39.122483 173.969640,-39.122539 173.969486,-39.122480 173.969379,-39.122405 173.969238,-39.122181 173.969163,-39.121937 173.969032,-39.121635 173.968821,-39.121459 173.968526,-39.121302 173.968074,-39.121191 173.967653,-39.121098 173.966998,-39.120960 173.966470,-39.120834 173.966101,-39.120689 173.965680,-39.120515 173.965377,-39.120347 173.965053,-39.120109 173.964753,-39.119985 173.964542,-39.119903 173.964349,-39.119945 173.964254,-39.120088 173.964175,-39.120235 173.964156,-39.120375 173.964170,-39.120626 173.964277,-39.120881 173.964420,-39.121097 173.964596,-39.121332 173.964754,-39.121505 173.964908,-39.121668 173.965060,-39.121839 173.965247,-39.121882 173.965283,-39.122002 173.965188,-39.122130 173.965063,-39.122257 173.964919,-39.122288 173.964773,-39.122277 173.964474,-39.122214 173.964145,-39.122115 173.963612,-39.121905 173.963383,-39.121851 173.963164,-39.121889 173.962846,-39.121973 173.962622,-39.122032 173.962152,-39.122129 173.961804,-39.122141 173.961544,-39.122032 173.961488,-39.121945 173.961460,-39.121864 173.961478,-39.121786 173.961597,-39.121737 173.961732,-39.121717 173.961906,-39.121626 173.962039,-39.121557 173.962586,-39.121374 173.962970,-39.121244 173.963200,-39.121104 173.963334,-39.120979 173.963309,-39.120871 173.963257,-39.120751 173.963147,-39.120653 173.963019,-39.120618 173.962596,-39.120516 173.962186,-39.120292 173.962065,-39.120181 173.961739,-39.120017 173.961557,-39.119959 173.961480,-39.119952 173.961091,-39.120063 173.960706,-39.120174 173.960448,-39.120161 173.960191,-39.120178 173.960024,-39.120067 173.959918,-39.119977 173.959843,-39.119869 173.959785,-39.119795 173.959803,-39.119687 173.959830,-39.119535 173.959962,-39.119422 173.960179,-39.119309 173.960496,-39.119102 173.960766,-39.118944 173.961036,-39.118793 173.961267,-39.118635 173.961445,-39.118452 173.961568,-39.118328 173.961566,-39.118171 173.961385,-39.117986 173.961136,-39.117844 173.960774,-39.117717 173.960502,-39.117608 173.960171,-39.117416 173.959916,-39.117039 173.959831,-39.116913 173.959684,-39.116634 173.959549,-39.116348 173.959403,-39.116102 173.959240,-39.115820 173.959069,-39.115524 173.958912,-39.115189 173.958681,-39.114979 173.958672,-39.114727 173.958638,-39.114320 173.958693,-39.113742 173.958871,-39.113165 173.958949,-39.112975 173.959020,-39.112896 173.959012,-39.112692 173.959116,-39.112241 173.959070,-39.112061 173.958890,-39.111957 173.958463,-39.111924 173.957880,-39.111916 173.957571,-39.111874 173.957067,-39.111702 173.956755,-39.111551 173.956626,-39.111517 173.956455,-39.111424 173.956489,-39.111283 173.956488,-39.111183 173.956371,-39.111048 173.956151,-39.110884 173.956112,-39.110719 173.956189,-39.110587 173.956162,-39.110370 173.956355,-39.110335 173.956401,-39.110594 173.956545,-39.110886 173.956632,-39.111045 173.956761,-39.111167 173.957023,-39.111349 173.957295,-39.111503 173.957555,-39.111631 173.957877,-39.111721 173.958125,-39.111754 173.958587,-39.111750 173.958796,-39.111761 173.959179,-39.111952 173.959272,-39.112090 173.959287,-39.112255 173.959002,-39.113338 173.958824,-39.113832 173.958812,-39.114215 173.958780,-39.114599 173.958833,-39.114952 173.959081,-39.115321 173.959591,-39.116041 173.960080,-39.117024 173.960379,-39.117389 173.960516,-39.117509 173.960664,-39.117595 173.960913,-39.117680 173.961099,-39.117745 173.961423,-39.117898 173.961645,-39.118038 173.961871,-39.118151 173.961901,-39.118247 173.961765,-39.118404 173.961687,-39.118529 173.961628,-39.118550 173.961379,-39.118786 173.961119,-39.118978 173.960736,-39.119204 173.960262,-39.119446 173.960088,-39.119577 173.959955,-39.119664 173.959919,-39.119813 173.959997,-39.119920 173.960185,-39.120067 173.960329,-39.120082 173.960457,-39.120084 173.960673,-39.120046 173.960854,-39.120041 173.961332,-39.119919 173.961617,-39.119887 173.961811,-39.119918 173.962053,-39.120061 173.962304,-39.120190 173.962611,-39.120318 173.962941,-39.120386 173.963113,-39.120457 173.963287,-39.120587 173.963369,-39.120672 173.963457,-39.120812 173.963454,-39.120950 173.963375,-39.121084 173.963290,-39.121174 173.963078,-39.121373 173.962946,-39.121470 173.962627,-39.121477 173.962122,-39.121634 173.962010,-39.121695 173.961893,-39.121892 173.961975,-39.121952 173.962123,-39.121984 173.962312,-39.121958 173.962566,-39.121916 173.962859,-39.121845 173.963125,-39.121782 173.963500,-39.121761 173.963775,-39.121806 173.964225,-39.122001 173.964353,-39.122067 173.964619,-39.122116 173.964834,-39.122159 173.964964,-39.122148 173.964989,-39.122068 173.965039,-39.121981 173.964984,-39.121901 173.964342,-39.121186 173.964244,-39.121049 173.964128,-39.120816 173.964066,-39.120552 173.964042,-39.120406 173.964069,-39.120221 173.964141,-39.120056 173.964286,-39.119875 173.964379,-39.119797 173.964607,-39.119739 173.964810,-39.119778 173.964994,-39.119909 173.965214,-39.120055 173.965430,-39.120186 173.965833,-39.120400 173.966164,-39.120570 173.966505,-39.120704 173.967314,-39.120913 173.967759,-39.120983 173.968238,-39.121051 173.968623,-39.121181 173.968870,-39.121352 173.969188,-39.121552 173.969291,-39.121758 173.969364,-39.122042 173.969472,-39.122195 173.969584,-39.122268 173.969728,-39.122242 173.969827,-39.122199 173.969945,-39.122118 173.970132,-39.122027 173.970287,-39.121921 173.970497,-39.121833 173.970699,-39.121771 173.970956,-39.121775 173.971198,-39.121812 173.971398,-39.121852 173.971461,-39.121938 173.971366,-39.122019 173.971271,-39.122113 173.971182,-39.122314 173.971143,-39.122502 173.971069,-39.122721 173.971117,-39.122891 173.971199,-39.122994 173.971345,-39.123005 173.971508,-39.122941 173.971743,-39.122888 173.971755,-39.122885 173.972288,-39.122772</coordinates>
</LinearRing>
</outerBoundaryIs>
<innerBoundaryIs><LinearRing><tessellate>1</tessellate>
<coordinates> 173.971924,-39.123083 173.972026,-39.123059 173.972175,-39.122952 173.972204,-39.122891 173.972062,-39.122877 173.971859,-39.122940 173.971744,-39.122967 173.971563,-39.123010 173.971344,-39.123080 173.971162,-39.123128 173.971182,-39.123227 173.971242,-39.123298 173.971353,-39.123323 173.971489,-39.123303 173.971617,-39.123263 173.971698,-39.123202 173.971747,-39.123175 173.971808,-39.123141 173.971924,-39.123083</coordinates>
</LinearRing>
</innerBoundaryIs>
</Polygon>
</Placemark>
<Placemark><styleUrl>#nz-river-polygons-topo-150kId</styleUrl>
<ExtendedData><SchemaData schemaUrl="#nz-river-polygons-topo-150kId"><SimpleData name="t50_fid">7555111</SimpleData>
</SchemaData>
</ExtendedData>
<Polygon><outerBoundaryIs><LinearRing><tessellate>1</tessellate>
<coordinates> 174.414033,-38.991009 174.414736,-38.991105 174.414559,-38.991202 174.414040,-38.991211 174.413804,-38.991080 174.413650,-38.990805 174.414033,-38.991009</coordinates>
</LinearRing>
</outerBoundaryIs>
</Polygon>
</Placemark>
<Placemark><styleUrl>#nz-river-polygons-topo-150kId</styleUrl>
<ExtendedData><SchemaData schemaUrl="#nz-river-polygons-topo-150kId"><SimpleData name="t50_fid">7555113</SimpleData>
</SchemaData>
</ExtendedData>
<Polygon><outerBoundaryIs><LinearRing><tessellate>1</tessellate>
<coordinates> 174.414937,-38.988159 174.414577,-38.988171 174.414388,-38.988177 174.414694,-38.988028 174.415045,-38.988009 174.415343,-38.988107 174.414937,-38.988159</coordinates>
</LinearRing>
</outerBoundaryIs>
</Polygon>
</Placemark>
<Placemark><styleUrl>#nz-river-polygons-topo-150kId</styleUrl>
<ExtendedData><SchemaData schemaUrl="#nz-river-polygons-topo-150kId"><SimpleData name="t50_fid">7555112</SimpleData>
</SchemaData>
</ExtendedData>
<Polygon><outerBoundaryIs><LinearRing><tessellate>1</tessellate>
<coordinates> 174.416190,-38.990677 174.415742,-38.990189 174.415624,-38.990101 174.415277,-38.990062 174.415060,-38.990270 174.415015,-38.990021 174.415126,-38.989884 174.415241,-38.989837 174.415380,-38.989843 174.415559,-38.989876 174.416704,-38.990943 174.416190,-38.990677</coordinates>
</LinearRing>
</outerBoundaryIs>
</Polygon>
</Placemark>
<Placemark><styleUrl>#nz-river-polygons-topo-150kId</styleUrl>
<ExtendedData><SchemaData schemaUrl="#nz-river-polygons-topo-150kId"><SimpleData name="t50_fid">7551160</SimpleData>
</SchemaData>
</ExtendedData>
<Polygon><outerBoundaryIs><LinearRing><tessellate>1</tessellate>
<coordinates> 174.401055,-38.991896 174.401260,-38.991937 174.401422,-38.992518 174.401212,-38.993370 174.401306,-38.993892 174.401585,-38.994193 174.402325,-38.994534 174.402760,-38.994617 174.403920,-38.994754 174.404216,-38.994996 174.404909,-38.995953 174.405176,-38.996196 174.405527,-38.996347 174.405902,-38.996341 174.406792,-38.996167 174.407470,-38.995970 174.407594,-38.995927 174.408112,-38.995849 174.408369,-38.995755 174.408623,-38.995525 174.408588,-38.995345 174.407465,-38.994509 174.407137,-38.994132 174.407129,-38.993884 174.407260,-38.993724 174.407405,-38.993428 174.407716,-38.993220 174.408201,-38.993030 174.408875,-38.992864 174.409329,-38.992703 174.409763,-38.992563 174.410326,-38.992525 174.410738,-38.992603 174.410901,-38.992766 174.411245,-38.993703 174.411303,-38.993946 174.411413,-38.994125 174.411706,-38.994321 174.412224,-38.994376 174.412434,-38.994301 174.412525,-38.994186 174.412398,-38.993826 174.412401,-38.993339 174.412424,-38.993224 174.412679,-38.993062 174.412963,-38.993040 174.413238,-38.993112 174.413493,-38.993221 174.414230,-38.993710 174.414376,-38.993775 174.414550,-38.993772 174.414748,-38.993633 174.415018,-38.993020 174.415267,-38.992654 174.415492,-38.992447 174.416147,-38.992142 174.416778,-38.991995 174.416978,-38.991902 174.417147,-38.991764 174.417242,-38.991520 174.417375,-38.991669 174.417378,-38.991781 174.416984,-38.992127 174.416212,-38.992389 174.415698,-38.992601 174.415472,-38.992763 174.415334,-38.992968 174.415129,-38.993657 174.415041,-38.993808 174.414869,-38.993974 174.414699,-38.994029 174.414442,-38.994050 174.414180,-38.994004 174.413498,-38.993395 174.413233,-38.993213 174.412799,-38.993195 174.412628,-38.993430 174.412835,-38.993810 174.412896,-38.994192 174.412622,-38.994423 174.412004,-38.994638 174.411660,-38.994684 174.411460,-38.994634 174.411189,-38.994419 174.410978,-38.993970 174.410961,-38.993882 174.410910,-38.993770 174.410883,-38.993681 174.410598,-38.993009 174.410332,-38.992788 174.409329,-38.993003 174.408644,-38.993240 174.408011,-38.993440 174.407582,-38.993560 174.407481,-38.993741 174.407393,-38.994014 174.407605,-38.994326 174.407932,-38.994658 174.408905,-38.995339 174.409086,-38.995584 174.408888,-38.995745 174.408316,-38.995988 174.407744,-38.996105 174.406914,-38.996345 174.405880,-38.996544 174.405303,-38.996555 174.405041,-38.996491 174.404833,-38.996337 174.404232,-38.995537 174.403843,-38.995115 174.403578,-38.994918 174.403085,-38.994859 174.402498,-38.994856 174.402300,-38.994734 174.401949,-38.994531 174.401528,-38.994405 174.401212,-38.994126 174.401092,-38.993914 174.400949,-38.993703 174.401009,-38.993446 174.401018,-38.992780 174.401074,-38.992618 174.401015,-38.992446 174.400864,-38.992376 174.400614,-38.992025 174.401055,-38.991896</coordinates>
</LinearRing>
</outerBoundaryIs>
</Polygon>
</Placemark>
<Placemark><styleUrl>#nz-river-polygons-topo-150kId</styleUrl>
<ExtendedData><SchemaData schemaUrl="#nz-river-polygons-topo-150kId"><SimpleData name="t50_fid">7552228</SimpleData>
</SchemaData>
</ExtendedData>
<Polygon><outerBoundaryIs><LinearRing><tessellate>1</tessellate>
<coordinates> 174.447176,-38.962021 174.447744,-38.962174 174.447940,-38.962322 174.447960,-38.962633 174.447855,-38.963136 174.447658,-38.963522 174.447471,-38.964021 174.447421,-38.964293 174.447431,-38.964631 174.447701,-38.964942 174.448203,-38.965338 174.448615,-38.965579 174.448791,-38.965643 174.449078,-38.965592 174.449498,-38.965156 174.449752,-38.964993 174.450125,-38.965011 174.450321,-38.965023 174.450716,-38.965337 174.450900,-38.965694 174.451020,-38.965826 174.451136,-38.965870 174.451453,-38.965842 174.452537,-38.965416 174.452848,-38.965162 174.453057,-38.964839 174.453545,-38.964269 174.454697,-38.963267 174.455072,-38.963037 174.455324,-38.963064 174.455556,-38.963128 174.455822,-38.963325 174.456129,-38.963906 174.456305,-38.963993 174.456536,-38.963989 174.456735,-38.963917 174.456962,-38.963756 174.457071,-38.963550 174.457171,-38.963053 174.457366,-38.962801 174.457736,-38.962614 174.458480,-38.962420 174.458849,-38.962238 174.459053,-38.962089 174.459082,-38.962273 174.458829,-38.962481 174.457943,-38.962790 174.457659,-38.962953 174.457520,-38.963114 174.457224,-38.963818 174.456885,-38.964050 174.456512,-38.964170 174.456166,-38.964176 174.455959,-38.963999 174.455657,-38.963555 174.455333,-38.963357 174.455131,-38.963361 174.454988,-38.963409 174.454649,-38.963641 174.454117,-38.964191 174.453646,-38.964640 174.452924,-38.965440 174.452656,-38.965634 174.451984,-38.965861 174.451362,-38.966153 174.451118,-38.966156 174.450884,-38.966099 174.450487,-38.965431 174.450113,-38.965175 174.449815,-38.965150 174.449562,-38.965381 174.449425,-38.965631 174.449145,-38.965907 174.448860,-38.966025 174.448687,-38.966028 174.448512,-38.965986 174.448161,-38.965835 174.447778,-38.965594 174.447479,-38.965238 174.447355,-38.964971 174.447225,-38.964477 174.447209,-38.963936 174.447359,-38.963189 174.447616,-38.962788 174.447587,-38.962617 174.447479,-38.962398 174.447304,-38.962231 174.446832,-38.962166 174.446060,-38.962144 174.446005,-38.961946 174.447176,-38.962021</coordinates>
</LinearRing>
</outerBoundaryIs>
</Polygon>
</Placemark>
<Placemark><styleUrl>#nz-river-polygons-topo-150kId</styleUrl>
<ExtendedData><SchemaData schemaUrl="#nz-river-polygons-topo-150kId"><SimpleData name="t50_fid">7555115</SimpleData>
</SchemaData>
</ExtendedData>
<Polygon><outerBoundaryIs><LinearRing><tessellate>1</tessellate>
<coordinates> 174.462511,-38.959159 174.462794,-38.959046 174.463001,-38.958965 174.463480,-38.958817 174.463787,-38.958804 174.463619,-38.958918 174.463125,-38.959126 174.462713,-38.959208 174.462515,-38.959222 174.462511,-38.959159</coordinates>
</LinearRing>
</outerBoundaryIs>
</Polygon>
</Placemark>
<Placemark><styleUrl>#nz-river-polygons-topo-150kId</styleUrl>
<ExtendedData><SchemaData schemaUrl="#nz-river-polygons-topo-150kId"><SimpleData name="t50_fid">7554432</SimpleData>
</SchemaData>
</ExtendedData>
<Polygon><outerBoundaryIs><LinearRing><tessellate>1</tessellate>
<coordinates> 174.463640,-38.955234 174.463484,-38.954787 174.463394,-38.954568 174.463178,-38.954162 174.463153,-38.953938 174.463280,-38.953728 174.463337,-38.954102 174.463733,-38.954793 174.463880,-38.955170 174.463876,-38.955469 174.463640,-38.955234</coordinates>
</LinearRing>
</outerBoundaryIs>
</Polygon>
</Placemark>
<Placemark><styleUrl>#nz-river-polygons-topo-150kId</styleUrl>
<ExtendedData><SchemaData schemaUrl="#nz-river-polygons-topo-150kId"><SimpleData name="t50_fid">7555114</SimpleData>
</SchemaData>
</ExtendedData>
<Polygon><outerBoundaryIs><LinearRing><tessellate>1</tessellate>
<coordinates> 174.459094,-38.959451 174.459215,-38.959210 174.459443,-38.959113 174.459695,-38.959092 174.460131,-38.959262 174.459599,-38.959311 174.459370,-38.959428 174.459133,-38.959742 174.459094,-38.959451</coordinates>
</LinearRing>
</outerBoundaryIs>
</Polygon>
</Placemark>
<Placemark><styleUrl>#nz-river-polygons-topo-150kId</styleUrl>
<ExtendedData><SchemaData schemaUrl="#nz-river-polygons-topo-150kId"><SimpleData name="t50_fid">8076152</SimpleData>
</SchemaData>
</ExtendedData>
<Polygon><outerBoundaryIs><LinearRing><tessellate>1</tessellate>
<coordinates> 174.490596,-39.471772 174.490956,-39.471735 174.491179,-39.471753 174.491391,-39.471695 174.491619,-39.471540 174.491703,-39.471305 174.491185,-39.471208 174.490908,-39.471157 174.490789,-39.470986 174.490767,-39.470766 174.490883,-39.470399 174.490789,-39.470138 174.490924,-39.469826 174.491108,-39.469686 174.491155,-39.469796 174.491133,-39.470024 174.491136,-39.470148 174.491264,-39.470325 174.491241,-39.470505 174.491040,-39.470659 174.491017,-39.470838 174.491126,-39.470926 174.491448,-39.471053 174.491625,-39.470996 174.491895,-39.471144 174.492007,-39.471255 174.492067,-39.471314 174.492073,-39.471399 174.492080,-39.471507 174.491995,-39.471673 174.491690,-39.471829 174.491634,-39.471857 174.491224,-39.472012 174.491220,-39.472014 174.490783,-39.472058 174.490596,-39.471772</coordinates>
</LinearRing>
</outerBoundaryIs>
</Polygon>
</Placemark>
<Placemark><styleUrl>#nz-river-polygons-topo-150kId</styleUrl>
<ExtendedData><SchemaData schemaUrl="#nz-river-polygons-topo-150kId"><SimpleData name="t50_fid">100096795</SimpleData>
</SchemaData>
</ExtendedData>
<Polygon><outerBoundaryIs><LinearRing><tessellate>1</tessellate>
<coordinates> 174.225652,-39.545500 174.225556,-39.545892 174.225347,-39.546185 174.225008,-39.546455 174.224533,-39.546741 174.224081,-39.546846 174.223718,-39.546815 174.223561,-39.546756 174.223275,-39.546694 174.223106,-39.546676 174.222904,-39.546633 174.222607,-39.546676 174.222433,-39.546748 174.221932,-39.547045 174.221463,-39.547255 174.221259,-39.547448 174.221120,-39.547650 174.220879,-39.547964 174.220786,-39.548196 174.220657,-39.548283 174.220589,-39.548429 174.220443,-39.548651 174.220409,-39.548903 174.220349,-39.549194 174.220293,-39.549687 174.220293,-39.550048 174.220305,-39.550364 174.220302,-39.550590 174.220241,-39.550776 174.220277,-39.551030 174.220398,-39.551308 174.220478,-39.551503 174.220741,-39.551648 174.220989,-39.551812 174.221144,-39.551946 174.221399,-39.552074 174.221599,-39.552114 174.222007,-39.552251 174.222562,-39.552495 174.222826,-39.552664 174.222968,-39.552899 174.222949,-39.553136 174.223022,-39.553396 174.223042,-39.553663 174.223137,-39.553846 174.223171,-39.554017 174.223166,-39.554159 174.223061,-39.554291 174.222948,-39.554375 174.222665,-39.554390 174.222328,-39.554417 174.222137,-39.554401 174.221997,-39.554326 174.221845,-39.554351 174.221738,-39.554376 174.221593,-39.554383 174.221350,-39.554504 174.221198,-39.554559 174.221016,-39.554668 174.220773,-39.554789 174.220484,-39.554899 174.220133,-39.554973 174.219851,-39.555036 174.219492,-39.555081 174.219194,-39.555126 174.219005,-39.555222 174.218938,-39.555371 174.219134,-39.555636 174.219365,-39.555716 174.219558,-39.555785 174.219819,-39.555812 174.220065,-39.555916 174.220526,-39.555959 174.220986,-39.556025 174.221172,-39.556124 174.221251,-39.556307 174.221301,-39.556520 174.221299,-39.556834 174.221472,-39.557111 174.221795,-39.557166 174.222034,-39.557259 174.222228,-39.557417 174.222324,-39.557641 174.222284,-39.557979 174.222227,-39.558270 174.222240,-39.558537 174.222336,-39.558808 174.222592,-39.559001 174.222849,-39.559200 174.223091,-39.559511 174.223226,-39.559753 174.223424,-39.560154 174.223535,-39.560366 174.223675,-39.560489 174.223801,-39.560689 174.223919,-39.560872 174.224054,-39.561119 174.224225,-39.561289 174.224282,-39.561472 174.224301,-39.561703 174.224312,-39.561955 174.224314,-39.561999 174.224271,-39.562136 174.224274,-39.562355 174.224109,-39.562547 174.223982,-39.562726 174.223892,-39.562816 174.223609,-39.562813 174.223454,-39.562731 174.223135,-39.562427 174.222908,-39.562174 174.222676,-39.562029 174.222496,-39.561805 174.222296,-39.561754 174.222090,-39.561792 174.221916,-39.561906 174.221689,-39.562080 174.221555,-39.562248 174.221373,-39.562350 174.221083,-39.562430 174.220868,-39.562373 174.220736,-39.562268 174.220559,-39.562240 174.220381,-39.562130 174.219730,-39.562119 174.219608,-39.562132 174.219364,-39.562217 174.218874,-39.562223 174.218591,-39.562220 174.218139,-39.562224 174.217926,-39.562280 174.217696,-39.562282 174.217543,-39.562242 174.217191,-39.562252 174.216892,-39.562279 174.216388,-39.562343 174.216143,-39.562346 174.215594,-39.562458 174.215183,-39.562575 174.214993,-39.562660 174.214882,-39.562875 174.215184,-39.563091 174.215516,-39.563271 174.216003,-39.563545 174.216587,-39.563657 174.216917,-39.563665 174.217079,-39.563753 174.217067,-39.563942 174.216985,-39.564074 174.216926,-39.564222 174.216728,-39.564284 174.216441,-39.564482 174.216213,-39.564579 174.216024,-39.564724 174.215965,-39.564872 174.215983,-39.565014 174.216131,-39.565143 174.216281,-39.565391 174.216307,-39.565610 174.216244,-39.565907 174.216338,-39.566036 174.216489,-39.566331 174.216605,-39.566401 174.216677,-39.566578 174.216695,-39.566737 174.216797,-39.566896 174.216916,-39.567126 174.217066,-39.567415 174.217140,-39.567699 174.217192,-39.568054 174.217250,-39.568308 174.217316,-39.568580 174.217352,-39.568864 174.217342,-39.569160 174.217270,-39.569422 174.217279,-39.569528 174.217182,-39.569660 174.216924,-39.569805 174.216740,-39.569747 174.216536,-39.569477 174.216440,-39.569276 174.216438,-39.569146 174.216311,-39.568904 174.216218,-39.568805 174.215978,-39.568659 174.215733,-39.568662 174.215497,-39.568753 174.215153,-39.568786 174.214808,-39.568748 174.214440,-39.568740 174.214180,-39.568749 174.214036,-39.568804 174.213859,-39.568806 174.213624,-39.568903 174.213296,-39.568983 174.213152,-39.569050 174.212901,-39.569142 174.212620,-39.569299 174.212372,-39.569550 174.212153,-39.569730 174.211933,-39.569845 174.211693,-39.569997 174.211562,-39.570080 174.211274,-39.570296 174.211063,-39.570470 174.210700,-39.570747 174.210405,-39.570951 174.209980,-39.571163 174.209731,-39.571391 174.209543,-39.571571 174.209356,-39.571851 174.209069,-39.572032 174.208816,-39.572064 174.208641,-39.572119 174.208452,-39.572240 174.208276,-39.572242 174.208060,-39.572161 174.207927,-39.571997 174.207740,-39.571815 174.207653,-39.571667 174.207399,-39.571569 174.207074,-39.571407 174.206805,-39.571339 174.206507,-39.571348 174.206287,-39.571504 174.206099,-39.571654 174.205972,-39.571845 174.205791,-39.572013 174.205605,-39.572341 174.205555,-39.572549 174.205550,-39.572703 174.205676,-39.572873 174.205768,-39.572932 174.205914,-39.572906 174.206075,-39.572934 174.206251,-39.572915 174.206565,-39.572935 174.206871,-39.572932 174.207010,-39.572966 174.207172,-39.573059 174.207303,-39.573082 174.207611,-39.573227 174.207689,-39.573285 174.208081,-39.573370 174.208464,-39.573360 174.208779,-39.573410 174.209080,-39.573585 174.209220,-39.573719 174.209455,-39.574007 174.209726,-39.574147 174.210118,-39.574243 174.210479,-39.574329 174.210839,-39.574349 174.211161,-39.574339 174.211474,-39.574312 174.211874,-39.574409 174.212183,-39.574524 174.212522,-39.574669 174.212686,-39.574821 174.212719,-39.574957 174.212605,-39.575053 174.212363,-39.575186 174.212005,-39.575338 174.211780,-39.575385 174.211343,-39.575417 174.211439,-39.575332 174.211888,-39.575188 174.212208,-39.575102 174.212447,-39.574972 174.212502,-39.574832 174.212323,-39.574674 174.212119,-39.574626 174.211592,-39.574462 174.211258,-39.574439 174.210856,-39.574443 174.210569,-39.574449 174.210215,-39.574355 174.210062,-39.574354 174.209662,-39.574239 174.209295,-39.574045 174.209076,-39.573783 174.208712,-39.573556 174.208409,-39.573497 174.207949,-39.573493 174.207634,-39.573416 174.207251,-39.573204 174.206893,-39.573086 174.206337,-39.573059 174.206011,-39.573021 174.205594,-39.573002 174.205419,-39.572876 174.205383,-39.572547 174.205480,-39.572200 174.205753,-39.571788 174.205956,-39.571581 174.206269,-39.571320 174.206520,-39.571211 174.206856,-39.571172 174.207072,-39.571247 174.207535,-39.571467 174.207864,-39.571650 174.208278,-39.571913 174.208478,-39.571985 174.208795,-39.571937 174.209171,-39.571729 174.209591,-39.571262 174.210037,-39.570914 174.210636,-39.570599 174.211090,-39.570286 174.211339,-39.570053 174.211748,-39.569782 174.212126,-39.569517 174.212246,-39.569397 174.212625,-39.569145 174.212859,-39.568970 174.213712,-39.568712 174.214109,-39.568613 174.214521,-39.568568 174.215065,-39.568562 174.215486,-39.568575 174.215784,-39.568525 174.215984,-39.568552 174.216322,-39.568644 174.216486,-39.568802 174.216588,-39.568931 174.216599,-39.569162 174.216609,-39.569304 174.216736,-39.569534 174.216853,-39.569663 174.216991,-39.569668 174.217128,-39.569607 174.217066,-39.569572 174.216951,-39.569550 174.216934,-39.569473 174.217138,-39.569317 174.217187,-39.569079 174.217142,-39.568647 174.217050,-39.568233 174.216973,-39.567778 174.216818,-39.567198 174.216635,-39.566815 174.216343,-39.566326 174.216176,-39.565990 174.216124,-39.565617 174.216044,-39.565452 174.215849,-39.565200 174.215774,-39.564880 174.215863,-39.564719 174.216119,-39.564456 174.216301,-39.564347 174.216552,-39.564291 174.216772,-39.564153 174.216823,-39.564016 174.216844,-39.563874 174.216720,-39.563792 174.216436,-39.563747 174.216098,-39.563698 174.215613,-39.563560 174.215211,-39.563351 174.214933,-39.563200 174.214608,-39.562972 174.214619,-39.562777 174.214710,-39.562687 174.214975,-39.562554 174.215347,-39.562360 174.215418,-39.562339 174.215492,-39.562317 174.215782,-39.562243 174.216202,-39.562179 174.216485,-39.562188 174.216944,-39.562142 174.217181,-39.562140 174.217280,-39.562109 174.217587,-39.562135 174.217924,-39.562138 174.218344,-39.562092 174.218834,-39.562093 174.219185,-39.562053 174.219720,-39.561983 174.220011,-39.561979 174.220409,-39.561981 174.220672,-39.562109 174.220903,-39.562231 174.221103,-39.562247 174.221347,-39.562197 174.221618,-39.561915 174.221875,-39.561723 174.222179,-39.561625 174.222478,-39.561663 174.222626,-39.561774 174.222812,-39.561932 174.223022,-39.562126 174.223287,-39.562348 174.223512,-39.562529 174.223666,-39.562599 174.223821,-39.562668 174.223979,-39.562560 174.224075,-39.562346 174.224140,-39.562084 174.224175,-39.561924 174.224052,-39.561463 174.223744,-39.560933 174.223452,-39.560444 174.223176,-39.559973 174.222955,-39.559608 174.222689,-39.559296 174.222364,-39.559057 174.222146,-39.558852 174.222059,-39.558693 174.221993,-39.558427 174.222020,-39.558249 174.222108,-39.557987 174.222173,-39.557808 174.222139,-39.557601 174.222021,-39.557431 174.221751,-39.557303 174.221521,-39.557270 174.221391,-39.557266 174.221220,-39.557143 174.221116,-39.556901 174.221030,-39.556777 174.221027,-39.556606 174.221086,-39.556510 174.221067,-39.556291 174.220951,-39.556192 174.220689,-39.556100 174.220513,-39.556095 174.220314,-39.556098 174.219975,-39.556024 174.219645,-39.555962 174.219338,-39.555912 174.219137,-39.555808 174.218905,-39.555638 174.218825,-39.555438 174.218821,-39.555254 174.218880,-39.555099 174.219100,-39.554984 174.219237,-39.554924 174.219589,-39.554920 174.219909,-39.554851 174.220389,-39.554710 174.220511,-39.554709 174.220959,-39.554508 174.221545,-39.554271 174.221864,-39.554167 174.222093,-39.554123 174.222239,-39.554122 174.222386,-39.554215 174.222647,-39.554260 174.222861,-39.554240 174.223035,-39.554119 174.223023,-39.553888 174.222881,-39.553653 174.222861,-39.553380 174.222695,-39.553098 174.222575,-39.552791 174.222326,-39.552568 174.222009,-39.552394 174.221424,-39.552204 174.220900,-39.551973 174.220466,-39.551699 174.220231,-39.551363 174.220178,-39.551112 174.220175,-39.551113 174.220132,-39.550853 174.220149,-39.550707 174.220076,-39.550231 174.220064,-39.549940 174.220098,-39.549679 174.220141,-39.549523 174.220194,-39.549231 174.220273,-39.548889 174.220365,-39.548632 174.220445,-39.548385 174.220623,-39.548157 174.220856,-39.547779 174.221059,-39.547505 174.221275,-39.547277 174.221614,-39.547028 174.221942,-39.546834 174.222315,-39.546684 174.222779,-39.546534 174.223078,-39.546541 174.223350,-39.546538 174.223487,-39.546586 174.223799,-39.546664 174.224182,-39.546685 174.224401,-39.546607 174.224645,-39.546489 174.225018,-39.546274 174.225266,-39.546011 174.225379,-39.545799 174.225522,-39.545386 174.225551,-39.545218 174.225606,-39.544899 174.225650,-39.544862 174.225957,-39.544593 174.226556,-39.544385 174.227074,-39.544283 174.227508,-39.544134 174.227796,-39.543994 174.227938,-39.543767 174.227985,-39.543509 174.228011,-39.543219 174.227944,-39.542971 174.227752,-39.542699 174.227532,-39.542520 174.227478,-39.542477 174.227216,-39.542327 174.226941,-39.542072 174.226730,-39.541907 174.226646,-39.541842 174.226495,-39.541777 174.226374,-39.541724 174.226102,-39.541606 174.225711,-39.541515 174.225486,-39.541504 174.225333,-39.541490 174.225142,-39.541398 174.224903,-39.541360 174.224444,-39.541326 174.224070,-39.541306 174.223887,-39.541288 174.223715,-39.541221 174.223223,-39.541025 174.222952,-39.540939 174.222831,-39.540888 174.222612,-39.540833 174.222368,-39.540841 174.221965,-39.541014 174.221832,-39.541136 174.221647,-39.541243 174.221555,-39.541348 174.221369,-39.541390 174.221152,-39.541457 174.221027,-39.541450 174.220987,-39.541515 174.220884,-39.541589 174.220820,-39.541517 174.220642,-39.541430 174.220567,-39.541294 174.220628,-39.541205 174.220782,-39.541083 174.220882,-39.540856 174.220972,-39.540695 174.221018,-39.540340 174.220995,-39.540220 174.220917,-39.539899 174.220959,-39.539335 174.220820,-39.539103 174.220443,-39.538978 174.220092,-39.539070 174.219763,-39.539315 174.219300,-39.539537 174.218876,-39.539670 174.218715,-39.539628 174.218584,-39.539593 174.218590,-39.539376 174.218503,-39.539167 174.218457,-39.538894 174.218505,-39.538636 174.218665,-39.538313 174.218858,-39.538053 174.219124,-39.537809 174.219296,-39.537550 174.219530,-39.537274 174.219807,-39.537046 174.220147,-39.536881 174.220351,-39.536678 174.220638,-39.536425 174.220882,-39.536125 174.221117,-39.535905 174.221426,-39.535725 174.221767,-39.535649 174.222017,-39.535662 174.222403,-39.535739 174.222768,-39.535848 174.223301,-39.535995 174.223688,-39.536160 174.224054,-39.536253 174.224584,-39.536279 174.225197,-39.536289 174.225758,-39.536275 174.226164,-39.536271 174.226527,-39.536259 174.226819,-39.536288 174.227154,-39.536445 174.227570,-39.536489 174.227726,-39.536495 174.227881,-39.536421 174.227943,-39.536421 174.228066,-39.536315 174.228097,-39.536261 174.228358,-39.536195 174.228594,-39.536241 174.228803,-39.536323 174.229276,-39.536479 174.229559,-39.536616 174.229816,-39.536845 174.230028,-39.537108 174.230256,-39.537190 174.230410,-39.537223 174.230500,-39.537180 174.230598,-39.537102 174.230768,-39.536989 174.230820,-39.536916 174.230865,-39.536855 174.230996,-39.536629 174.231110,-39.536418 174.231188,-39.536207 174.231212,-39.536011 174.231171,-39.535766 174.231176,-39.535556 174.231225,-39.535247 174.231165,-39.534933 174.231127,-39.534814 174.230897,-39.534602 174.230842,-39.534551 174.230658,-39.534364 174.230474,-39.534184 174.230326,-39.534011 174.230279,-39.533878 174.230095,-39.533733 174.229969,-39.533728 174.229841,-39.533666 174.229731,-39.533569 174.229548,-39.533424 174.229555,-39.533319 174.229651,-39.533129 174.229867,-39.533106 174.229983,-39.533020 174.230379,-39.532918 174.230486,-39.532812 174.230612,-39.532804 174.230694,-39.532824 174.230884,-39.532801 174.231055,-39.532757 174.231352,-39.532677 174.231578,-39.532674 174.231946,-39.532558 174.232324,-39.532449 174.232703,-39.532389 174.232936,-39.532303 174.233124,-39.532210 174.233277,-39.532138 174.233420,-39.532032 174.233580,-39.531890 174.233731,-39.531755 174.233810,-39.531615 174.233953,-39.531508 174.234186,-39.531401 174.234329,-39.531294 174.234589,-39.531165 174.234812,-39.531016 174.234900,-39.530854 174.235114,-39.530698 174.235175,-39.530571 174.235217,-39.530416 174.235205,-39.530221 174.235138,-39.530004 174.235124,-39.529773 174.234983,-39.529425 174.234866,-39.529278 174.234844,-39.529251 174.234786,-39.529028 174.234682,-39.528770 174.234641,-39.528490 174.234548,-39.528365 174.234455,-39.528205 174.234278,-39.527948 174.234230,-39.527801 174.234212,-39.527746 174.234352,-39.527527 174.234433,-39.527498 174.234409,-39.527660 174.234441,-39.527960 174.234591,-39.528232 174.234739,-39.528412 174.234796,-39.528573 174.234883,-39.528880 174.234923,-39.529096 174.234997,-39.529236 174.235110,-39.529445 174.235204,-39.529647 174.235225,-39.529856 174.235283,-39.530052 174.235306,-39.530325 174.235313,-39.530359 174.235346,-39.530527 174.235223,-39.530738 174.235089,-39.530831 174.234957,-39.531056 174.234608,-39.531256 174.234196,-39.531477 174.233929,-39.531669 174.233885,-39.531768 174.233725,-39.531931 174.233369,-39.532242 174.233101,-39.532399 174.232750,-39.532501 174.232390,-39.532582 174.231759,-39.532714 174.231507,-39.532801 174.231183,-39.532840 174.231003,-39.532898 174.230705,-39.532908 174.230436,-39.533030 174.230175,-39.533137 174.229906,-39.533231 174.229854,-39.533358 174.229901,-39.533476 174.230048,-39.533601 174.230222,-39.533718 174.230404,-39.533779 174.230571,-39.534022 174.230582,-39.534148 174.230830,-39.534398 174.231124,-39.534646 174.231308,-39.534834 174.231384,-39.535036 174.231391,-39.535407 174.231332,-39.535590 174.231314,-39.535646 174.231326,-39.535814 174.231285,-39.536101 174.231264,-39.536409 174.231131,-39.536544 174.231116,-39.536740 174.230985,-39.537007 174.230646,-39.537256 174.230313,-39.537350 174.230122,-39.537275 174.229866,-39.537152 174.229745,-39.536950 174.229498,-39.536771 174.229380,-39.536716 174.229233,-39.536599 174.229124,-39.536565 174.228886,-39.536427 174.228650,-39.536388 174.228396,-39.536335 174.228223,-39.536402 174.228111,-39.536524 174.227885,-39.536647 174.227240,-39.536637 174.226884,-39.536480 174.226571,-39.536387 174.226228,-39.536375 174.225833,-39.536363 174.225366,-39.536432 174.225054,-39.536427 174.224764,-39.536438 174.224410,-39.536410 174.224118,-39.536381 174.223898,-39.536286 174.223668,-39.536208 174.223429,-39.536179 174.223200,-39.536149 174.222875,-39.536024 174.222552,-39.535938 174.221988,-39.535816 174.221748,-39.535754 174.221583,-39.535820 174.221376,-39.535862 174.221316,-39.535976 174.221081,-39.536211 174.220775,-39.536528 174.220589,-39.536627 174.220489,-39.536813 174.220273,-39.536944 174.219923,-39.537141 174.219780,-39.537287 174.219523,-39.537475 174.219402,-39.537686 174.219189,-39.537937 174.219108,-39.538091 174.218852,-39.538327 174.218762,-39.538497 174.218640,-39.538667 174.218622,-39.538812 174.218583,-39.538957 174.218723,-39.539246 174.218975,-39.539396 174.219193,-39.539394 174.219368,-39.539311 174.219492,-39.539221 174.219636,-39.539164 174.219717,-39.539058 174.220058,-39.538926 174.220244,-39.538860 174.220535,-39.538856 174.220764,-39.538902 174.221015,-39.539004 174.221134,-39.539253 174.221159,-39.539486 174.221154,-39.539775 174.221181,-39.540145 174.221238,-39.540434 174.221170,-39.540701 174.221100,-39.540854 174.221103,-39.541015 174.221126,-39.541152 174.221305,-39.541287 174.221419,-39.541261 174.221522,-39.541196 174.221768,-39.541016 174.221849,-39.540919 174.222025,-39.540836 174.222210,-39.540738 174.222366,-39.540752 174.222562,-39.540662 174.222874,-39.540667 174.223094,-39.540778 174.223429,-39.540894 174.223796,-39.541115 174.224151,-39.541192 174.224504,-39.541164 174.224743,-39.541202 174.225223,-39.541285 174.225943,-39.541439 174.226141,-39.541461 174.226632,-39.541625 174.226783,-39.541689 174.226946,-39.541758 174.227243,-39.542069 174.227611,-39.542339 174.227760,-39.542514 174.228003,-39.542777 174.228093,-39.543130 174.228113,-39.543407 174.228120,-39.543508 174.228034,-39.543903 174.227850,-39.544122 174.227448,-39.544271 174.227160,-39.544468 174.226560,-39.544635 174.225973,-39.544755 174.225939,-39.544762 174.225893,-39.544817 174.225791,-39.544939 174.225680,-39.545217 174.225681,-39.545273 174.225652,-39.545500</coordinates>
</LinearRing>
</outerBoundaryIs>
</Polygon>
</Placemark>
<Placemark><styleUrl>#nz-river-polygons-topo-150kId</styleUrl>
<ExtendedData><SchemaData schemaUrl="#nz-river-polygons-topo-150kId"><SimpleData name="t50_fid">7553322</SimpleData>
</SchemaData>
</ExtendedData>
<Polygon><outerBoundaryIs><LinearRing><tessellate>1</tessellate>
<coordinates> 174.239381,-39.526502 174.239370,-39.526272 174.239248,-39.526071 174.239166,-39.525637 174.239193,-39.525260 174.239197,-39.525100 174.239179,-39.524842 174.239043,-39.524624 174.238929,-39.524448 174.238698,-39.524274 174.238405,-39.524180 174.238198,-39.524177 174.237954,-39.524105 174.237433,-39.524014 174.236926,-39.523907 174.236704,-39.523871 174.236466,-39.523751 174.236194,-39.523620 174.235930,-39.523574 174.235818,-39.523516 174.235541,-39.523525 174.235307,-39.523570 174.234935,-39.523676 174.234793,-39.523865 174.234577,-39.524173 174.234511,-39.524361 174.234487,-39.524571 174.234456,-39.524802 174.234376,-39.524963 174.234386,-39.525162 174.234355,-39.525371 174.234290,-39.525597 174.234223,-39.525710 174.234152,-39.525636 174.234137,-39.525545 174.234194,-39.525233 174.234235,-39.524841 174.234286,-39.524578 174.234331,-39.524363 174.234347,-39.524111 174.234496,-39.523949 174.234590,-39.523771 174.234857,-39.523585 174.235084,-39.523519 174.235380,-39.523424 174.235585,-39.523427 174.235623,-39.523427 174.235864,-39.523376 174.236212,-39.523458 174.236763,-39.523689 174.237146,-39.523824 174.237709,-39.523957 174.238174,-39.524038 174.238696,-39.524172 174.238968,-39.524298 174.239277,-39.524546 174.239379,-39.524787 174.239377,-39.525076 174.239326,-39.525323 174.239329,-39.525506 174.239437,-39.526143 174.239531,-39.526319 174.239539,-39.526415 174.239466,-39.526577 174.239381,-39.526502</coordinates>
</LinearRing>
</outerBoundaryIs>
</Polygon>
</Placemark>
<Placemark><styleUrl>#nz-river-polygons-topo-150kId</styleUrl>
<ExtendedData><SchemaData schemaUrl="#nz-river-polygons-topo-150kId"><SimpleData name="t50_fid">7551067</SimpleData>
</SchemaData>
</ExtendedData>
<Polygon><outerBoundaryIs><LinearRing><tessellate>1</tessellate>
<coordinates> 174.230872,-39.519517 174.231049,-39.519703 174.231348,-39.519955 174.231562,-39.520308 174.231810,-39.520607 174.232058,-39.520880 174.232226,-39.521086 174.232429,-39.521319 174.232745,-39.521564 174.233192,-39.521807 174.233254,-39.521880 174.233716,-39.522063 174.234125,-39.522173 174.234456,-39.522270 174.234692,-39.522389 174.234769,-39.522373 174.234942,-39.522371 174.235092,-39.522430 174.235224,-39.522532 174.235330,-39.522576 174.235513,-39.522574 174.235733,-39.522512 174.236001,-39.522435 174.236172,-39.522314 174.236401,-39.522162 174.236436,-39.521990 174.236500,-39.521796 174.236535,-39.521579 174.236483,-39.521386 174.236355,-39.521224 174.236198,-39.521024 174.235964,-39.520848 174.235693,-39.520769 174.235538,-39.520748 174.235430,-39.520608 174.235475,-39.520421 174.235578,-39.520271 174.235730,-39.520142 174.236006,-39.519968 174.236338,-39.519704 174.236585,-39.519522 174.236737,-39.519439 174.237033,-39.519294 174.237186,-39.519270 174.237330,-39.519209 174.237531,-39.519199 174.237705,-39.519212 174.238109,-39.519215 174.238407,-39.519205 174.238503,-39.519204 174.238714,-39.519164 174.238925,-39.519132 174.239117,-39.519078 174.239261,-39.519047 174.239481,-39.519029 174.239663,-39.518960 174.239740,-39.518960 174.239875,-39.518973 174.240058,-39.518971 174.240278,-39.518917 174.240518,-39.518899 174.240700,-39.518830 174.240833,-39.518769 174.241101,-39.518654 174.241204,-39.518504 174.241268,-39.518340 174.241409,-39.518137 174.241589,-39.517979 174.241730,-39.517806 174.241939,-39.517640 174.242116,-39.517522 174.242404,-39.517449 174.242672,-39.517471 174.243163,-39.517527 174.243214,-39.517549 174.243315,-39.517670 174.243307,-39.517752 174.243494,-39.517995 174.243629,-39.517994 174.243743,-39.517926 174.243896,-39.517857 174.244104,-39.517661 174.244304,-39.517517 174.244448,-39.517523 174.244699,-39.517595 174.244980,-39.517667 174.245192,-39.517702 174.245383,-39.517625 174.245497,-39.517527 174.245603,-39.517462 174.245662,-39.517600 174.245481,-39.517728 174.245078,-39.517785 174.244808,-39.517743 174.244518,-39.517657 174.244364,-39.517688 174.244164,-39.517787 174.244033,-39.518012 174.243910,-39.518095 174.243738,-39.518172 174.243429,-39.518115 174.243312,-39.517997 174.243242,-39.517886 174.243134,-39.517753 174.242834,-39.517645 174.242496,-39.517604 174.242219,-39.517689 174.241876,-39.517901 174.241593,-39.518210 174.241424,-39.518435 174.241361,-39.518674 174.241219,-39.518817 174.240473,-39.519071 174.239944,-39.519084 174.239177,-39.519212 174.239033,-39.519250 174.238487,-39.519360 174.238170,-39.519379 174.237506,-39.519393 174.237209,-39.519463 174.236780,-39.519699 174.236067,-39.520161 174.235869,-39.520372 174.235766,-39.520544 174.235767,-39.520589 174.235853,-39.520603 174.236066,-39.520668 174.236310,-39.520844 174.236407,-39.520880 174.236543,-39.520998 174.236759,-39.521212 174.236761,-39.521316 174.236810,-39.521405 174.236802,-39.521450 174.236732,-39.521838 174.236660,-39.522167 174.236320,-39.522498 174.236062,-39.522628 174.235643,-39.522841 174.235308,-39.522956 174.235036,-39.522810 174.234845,-39.522692 174.234618,-39.522624 174.234331,-39.522527 174.234016,-39.522369 174.233431,-39.522100 174.232994,-39.521923 174.232381,-39.521521 174.231975,-39.521089 174.231781,-39.520903 174.231496,-39.520510 174.231329,-39.520344 174.231220,-39.520063 174.230973,-39.519838 174.230710,-39.519626 174.230533,-39.519426 174.230298,-39.519342 174.230133,-39.519323 174.230003,-39.519331 174.229924,-39.519305 174.229698,-39.519241 174.229613,-39.519242 174.229542,-39.519242 174.229432,-39.519384 174.229390,-39.519492 174.229332,-39.519634 174.229327,-39.519822 174.229450,-39.519914 174.229571,-39.519913 174.229685,-39.519979 174.229824,-39.519984 174.230066,-39.519948 174.230318,-39.520012 174.230494,-39.520178 174.230593,-39.520365 174.230647,-39.520426 174.230681,-39.520465 174.230736,-39.520639 174.230712,-39.520720 174.230724,-39.520961 174.230727,-39.520994 174.230773,-39.521229 174.230716,-39.521471 174.230716,-39.521471 174.230703,-39.521523 174.230668,-39.521666 174.230670,-39.521794 174.230594,-39.521915 174.230501,-39.522030 174.230285,-39.522086 174.230104,-39.522129 174.229965,-39.522130 174.229802,-39.522172 174.229405,-39.522310 174.229113,-39.522407 174.229010,-39.522489 174.228986,-39.522583 174.229082,-39.522649 174.229386,-39.522673 174.229800,-39.522595 174.230197,-39.522470 174.230446,-39.522346 174.230695,-39.522230 174.230928,-39.522153 174.231135,-39.522111 174.231291,-39.522109 174.231638,-39.522146 174.231812,-39.522198 174.231926,-39.522264 174.232094,-39.522477 174.232212,-39.522744 174.232286,-39.523045 174.232291,-39.523320 174.232233,-39.523455 174.232139,-39.523556 174.232125,-39.523691 174.232143,-39.523778 174.232319,-39.523924 174.232442,-39.523989 174.232677,-39.524088 174.232843,-39.524153 174.233020,-39.524346 174.233196,-39.524485 174.233313,-39.524732 174.233309,-39.525007 174.233192,-39.525270 174.233031,-39.525453 174.232957,-39.525682 174.232892,-39.525931 174.232688,-39.526148 174.232438,-39.526237 174.232135,-39.526247 174.232050,-39.526309 174.231816,-39.526351 174.231584,-39.526468 174.231311,-39.526672 174.231047,-39.526930 174.230927,-39.527018 174.230616,-39.527089 174.230454,-39.527218 174.230239,-39.527308 174.230173,-39.527496 174.230174,-39.527590 174.230211,-39.527724 174.230308,-39.527803 174.230562,-39.527955 174.230832,-39.527999 174.231084,-39.528070 174.231258,-39.528075 174.231388,-39.528121 174.231457,-39.528107 174.231579,-39.528105 174.231813,-39.528136 174.232125,-39.528140 174.232273,-39.528179 174.232611,-39.528162 174.232844,-39.528112 174.233034,-39.528070 174.233144,-39.527948 174.233184,-39.527719 174.233265,-39.527403 174.233460,-39.527173 174.233613,-39.526990 174.233654,-39.526869 174.233816,-39.526706 174.233864,-39.526518 174.234052,-39.526368 174.234080,-39.526462 174.234022,-39.526603 174.233879,-39.526840 174.233795,-39.527008 174.233608,-39.527218 174.233439,-39.527435 174.233383,-39.527731 174.233293,-39.528007 174.233147,-39.528116 174.232812,-39.528267 174.232345,-39.528312 174.232006,-39.528282 174.231590,-39.528246 174.231312,-39.528242 174.230843,-39.528133 174.230503,-39.528023 174.230416,-39.527984 174.230197,-39.527885 174.230056,-39.527773 174.230002,-39.527619 174.229998,-39.527431 174.230048,-39.527303 174.230168,-39.527235 174.230245,-39.527180 174.230331,-39.527112 174.230442,-39.527050 174.230752,-39.526933 174.230974,-39.526729 174.231161,-39.526519 174.231349,-39.526397 174.231478,-39.526335 174.231677,-39.526293 174.231881,-39.526116 174.232184,-39.526099 174.232514,-39.526096 174.232677,-39.526007 174.232718,-39.525865 174.232835,-39.525670 174.232882,-39.525340 174.233085,-39.525110 174.233186,-39.524914 174.233175,-39.524767 174.233032,-39.524560 174.232978,-39.524433 174.232838,-39.524354 174.232645,-39.524222 174.232478,-39.524103 174.232287,-39.524078 174.232032,-39.523846 174.231961,-39.523773 174.231959,-39.523639 174.232102,-39.523389 174.232133,-39.523167 174.232074,-39.522812 174.231938,-39.522478 174.231832,-39.522332 174.231605,-39.522260 174.231423,-39.522255 174.231310,-39.522230 174.231146,-39.522225 174.230853,-39.522322 174.230500,-39.522480 174.230027,-39.522666 174.229656,-39.522771 174.229276,-39.522822 174.228981,-39.522791 174.228887,-39.522755 174.228780,-39.522713 174.228785,-39.522518 174.228861,-39.522363 174.229109,-39.522213 174.229721,-39.522019 174.230085,-39.522008 174.230412,-39.521924 174.230496,-39.521762 174.230448,-39.521425 174.230466,-39.521340 174.230449,-39.520732 174.230384,-39.520486 174.230231,-39.520217 174.230148,-39.520148 174.230147,-39.520148 174.229877,-39.520071 174.229829,-39.520085 174.229673,-39.520093 174.229514,-39.520056 174.229390,-39.519994 174.229245,-39.519868 174.229204,-39.519718 174.229168,-39.519551 174.229248,-39.519421 174.229254,-39.519270 174.229375,-39.519195 174.229626,-39.519115 174.229843,-39.519118 174.229999,-39.519137 174.230078,-39.519196 174.230339,-39.519234 174.230531,-39.519306 174.230697,-39.519405 174.230863,-39.519510 174.230872,-39.519517</coordinates>
</LinearRing>
</outerBoundaryIs>
</Polygon>
</Placemark>
<Placemark><styleUrl>#nz-river-polygons-topo-150kId</styleUrl>
<ExtendedData><SchemaData schemaUrl="#nz-river-polygons-topo-150kId"><SimpleData name="t50_fid">7551068</SimpleData>
</SchemaData>
</ExtendedData>
<Polygon><outerBoundaryIs><LinearRing><tessellate>1</tessellate>
<coordinates> 174.241765,-39.508316 174.241357,-39.508140 174.241197,-39.508031 174.241031,-39.507957 174.240840,-39.507825 174.240468,-39.507556 174.239965,-39.507177 174.239683,-39.506907 174.239506,-39.506670 174.239366,-39.506404 174.239240,-39.506097 174.239106,-39.505720 174.239033,-39.505401 174.239103,-39.505145 174.239025,-39.504971 174.238953,-39.504716 174.238868,-39.504583 174.238722,-39.504392 174.238630,-39.504312 174.238509,-39.504261 174.238253,-39.504211 174.238149,-39.504265 174.238091,-39.504399 174.238073,-39.504620 174.238016,-39.504813 174.237936,-39.504977 174.237782,-39.505170 174.237597,-39.505341 174.237419,-39.505418 174.237234,-39.505618 174.237095,-39.505812 174.236857,-39.505925 174.236776,-39.506001 174.236664,-39.506072 174.236386,-39.506425 174.236298,-39.506546 174.236360,-39.506296 174.236499,-39.506091 174.236632,-39.505962 174.236713,-39.505839 174.236823,-39.505721 174.236987,-39.505662 174.237090,-39.505515 174.237306,-39.505402 174.237446,-39.505261 174.237572,-39.505167 174.237718,-39.504973 174.237855,-39.504652 174.237896,-39.504425 174.237968,-39.504232 174.238117,-39.504126 174.238168,-39.504078 174.238280,-39.504054 174.238461,-39.504081 174.238703,-39.504183 174.238787,-39.504264 174.238933,-39.504431 174.239056,-39.504610 174.239203,-39.504824 174.239257,-39.504939 174.239255,-39.505207 174.239238,-39.505527 174.239264,-39.505748 174.239349,-39.505869 174.239381,-39.505968 174.239476,-39.506269 174.239593,-39.506501 174.239756,-39.506778 174.240015,-39.507037 174.240230,-39.507256 174.240397,-39.507388 174.240732,-39.507611 174.240960,-39.507766 174.241248,-39.507937 174.241476,-39.508074 174.241763,-39.508205 174.241908,-39.508297 174.242180,-39.508410 174.242300,-39.508380 174.242608,-39.508429 174.242864,-39.508467 174.243188,-39.508481 174.243593,-39.508482 174.243847,-39.508410 174.244130,-39.508296 174.244197,-39.508243 174.244376,-39.508189 174.244623,-39.508105 174.244929,-39.508014 174.245168,-39.507965 174.245415,-39.507910 174.245610,-39.507902 174.245896,-39.507899 174.246151,-39.507920 174.246279,-39.507895 174.246352,-39.507784 174.246276,-39.507648 174.246250,-39.507575 174.246226,-39.507471 174.246103,-39.507298 174.245911,-39.507096 174.245751,-39.506964 174.245568,-39.506792 174.245408,-39.506654 174.245293,-39.506515 174.245072,-39.506343 174.244851,-39.506188 174.244655,-39.506109 174.244403,-39.505885 174.244273,-39.505764 174.244224,-39.505561 174.244122,-39.505295 174.244036,-39.505098 174.244119,-39.504701 174.244166,-39.504404 174.244222,-39.504171 174.244249,-39.503973 174.244416,-39.503668 174.244579,-39.503550 174.244877,-39.503442 174.245042,-39.503435 174.245171,-39.503463 174.245342,-39.503403 174.245483,-39.503320 174.245647,-39.503202 174.245893,-39.503117 174.246014,-39.503074 174.246251,-39.503002 174.246537,-39.502922 174.246734,-39.502881 174.246825,-39.502942 174.246965,-39.503025 174.247066,-39.503124 174.247278,-39.503352 174.247399,-39.503427 174.247611,-39.503648 174.247744,-39.503869 174.247834,-39.503937 174.247987,-39.504136 174.248089,-39.504334 174.248253,-39.504640 174.248327,-39.504862 174.248350,-39.505061 174.248441,-39.505175 174.248620,-39.505204 174.248888,-39.505194 174.249095,-39.505138 174.249253,-39.505067 174.249380,-39.504981 174.249536,-39.504833 174.249733,-39.504777 174.249812,-39.504731 174.249910,-39.504676 174.250178,-39.504688 174.250286,-39.504641 174.250394,-39.504563 174.250421,-39.504432 174.250379,-39.504264 174.250247,-39.504111 174.250246,-39.504050 174.250125,-39.503944 174.249982,-39.503722 174.249871,-39.503578 174.249749,-39.503418 174.249587,-39.503250 174.249602,-39.503004 174.249568,-39.502713 174.249534,-39.502498 174.249461,-39.502322 174.249437,-39.502077 174.249443,-39.501869 174.249558,-39.501645 174.249684,-39.501444 174.249807,-39.501158 174.249883,-39.500973 174.249946,-39.500596 174.249974,-39.500473 174.249851,-39.500267 174.249699,-39.500092 174.249499,-39.499979 174.248928,-39.499647 174.248637,-39.499496 174.248286,-39.499270 174.248125,-39.499133 174.248026,-39.499134 174.247797,-39.499091 174.247568,-39.499032 174.247397,-39.498872 174.247325,-39.498765 174.247292,-39.498574 174.247330,-39.498481 174.247526,-39.498371 174.247714,-39.498323 174.247913,-39.498344 174.248141,-39.498334 174.248279,-39.498302 174.248526,-39.498245 174.248900,-39.498134 174.249000,-39.498179 174.248774,-39.498273 174.248577,-39.498329 174.248311,-39.498417 174.248063,-39.498435 174.247775,-39.498430 174.247628,-39.498493 174.247520,-39.498586 174.247453,-39.498687 174.247474,-39.498756 174.247574,-39.498832 174.247815,-39.498960 174.247993,-39.498981 174.248193,-39.499032 174.248484,-39.499214 174.248685,-39.499381 174.248955,-39.499501 174.249305,-39.499666 174.249546,-39.499825 174.249837,-39.500021 174.249979,-39.500212 174.250091,-39.500410 174.250096,-39.500641 174.250050,-39.500864 174.250053,-39.501041 174.249959,-39.501318 174.249814,-39.501542 174.249650,-39.501759 174.249574,-39.501968 174.249577,-39.502121 174.249579,-39.502244 174.249652,-39.502428 174.249735,-39.502634 174.249738,-39.502803 174.249800,-39.502948 174.249784,-39.503164 174.249806,-39.503317 174.249958,-39.503461 174.250091,-39.503690 174.250162,-39.503782 174.250313,-39.503926 174.250443,-39.504002 174.250516,-39.504162 174.250558,-39.504308 174.250602,-39.504530 174.250534,-39.504638 174.250397,-39.504755 174.250170,-39.504788 174.249953,-39.504844 174.249726,-39.504900 174.249667,-39.504947 174.249451,-39.505080 174.249334,-39.505158 174.249147,-39.505245 174.248910,-39.505293 174.248603,-39.505327 174.248485,-39.505375 174.248335,-39.505323 174.248283,-39.505185 174.248161,-39.505009 174.248099,-39.504880 174.248004,-39.504566 174.248003,-39.504496 174.247870,-39.504290 174.247738,-39.504108 174.247666,-39.503939 174.247534,-39.503772 174.247362,-39.503597 174.247222,-39.503522 174.247020,-39.503332 174.246898,-39.503133 174.246728,-39.503051 174.246490,-39.503068 174.246293,-39.503132 174.246048,-39.503266 174.245964,-39.503332 174.245681,-39.503434 174.245427,-39.503501 174.245233,-39.503567 174.245098,-39.503603 174.244836,-39.503647 174.244671,-39.503672 174.244553,-39.503783 174.244434,-39.503820 174.244367,-39.503902 174.244348,-39.504071 174.244380,-39.504192 174.244442,-39.504296 174.244311,-39.504507 174.244315,-39.504728 174.244312,-39.504990 174.244293,-39.505200 174.244304,-39.505409 174.244344,-39.505507 174.244474,-39.505669 174.244733,-39.505887 174.245046,-39.506134 174.245290,-39.506370 174.245708,-39.506656 174.245823,-39.506783 174.245840,-39.506893 174.246122,-39.507135 174.246223,-39.507320 174.246378,-39.507562 174.246478,-39.507701 174.246616,-39.507868 174.246580,-39.507944 174.246497,-39.507951 174.246199,-39.508059 174.245907,-39.508097 174.245695,-39.508000 174.245402,-39.508032 174.245201,-39.508098 174.244886,-39.508114 174.244482,-39.508234 174.244303,-39.508306 174.244211,-39.508361 174.244006,-39.508484 174.243618,-39.508592 174.243310,-39.508590 174.242611,-39.508557 174.242249,-39.508502 174.242084,-39.508481 174.241765,-39.508316</coordinates>
</LinearRing>
</outerBoundaryIs>
</Polygon>
</Placemark>
<Placemark><styleUrl>#nz-river-polygons-topo-150kId</styleUrl>
<ExtendedData><SchemaData schemaUrl="#nz-river-polygons-topo-150kId"><SimpleData name="t50_fid">7552109</SimpleData>
</SchemaData>
</ExtendedData>
<Polygon><outerBoundaryIs><LinearRing><tessellate>1</tessellate>
<coordinates> 174.242279,-39.510315 174.242108,-39.510326 174.241641,-39.510464 174.241356,-39.510538 174.240980,-39.510666 174.240902,-39.510791 174.240894,-39.510986 174.240971,-39.511402 174.240975,-39.511642 174.240934,-39.511899 174.240928,-39.512201 174.240875,-39.512459 174.240765,-39.512743 174.240633,-39.513011 174.240514,-39.513411 174.240438,-39.513651 174.240216,-39.514009 174.240059,-39.514241 174.239897,-39.514338 174.239919,-39.514267 174.239944,-39.514189 174.240101,-39.514027 174.240212,-39.513813 174.240288,-39.513591 174.240411,-39.513395 174.240487,-39.513154 174.240615,-39.512665 174.240733,-39.512203 174.240772,-39.511821 174.240825,-39.511590 174.240776,-39.511422 174.240701,-39.511033 174.240722,-39.510935 174.240809,-39.510686 174.240921,-39.510534 174.241171,-39.510434 174.241377,-39.510431 174.241627,-39.510349 174.241888,-39.510231 174.242242,-39.510156 174.242352,-39.509916 174.242348,-39.509703 174.242438,-39.509613 174.242423,-39.509400 174.242316,-39.509153 174.242130,-39.508996 174.241991,-39.508935 174.241702,-39.508734 174.241193,-39.508456 174.240537,-39.508250 174.240077,-39.508149 174.239653,-39.508135 174.239195,-39.508140 174.238508,-39.508103 174.238074,-39.508161 174.237582,-39.508175 174.237090,-39.508172 174.237111,-39.508100 174.237271,-39.508090 174.237569,-39.508069 174.238095,-39.508063 174.238404,-39.508033 174.238689,-39.508013 174.239171,-39.508043 174.239538,-39.508092 174.239744,-39.508072 174.240087,-39.508069 174.240386,-39.508128 174.240948,-39.508219 174.241387,-39.508409 174.241721,-39.508566 174.241924,-39.508692 174.241999,-39.508740 174.242301,-39.508976 174.242429,-39.509108 174.242643,-39.509558 174.242728,-39.509814 174.242630,-39.510072 174.242519,-39.510260 174.242279,-39.510315</coordinates>
</LinearRing>
</outerBoundaryIs>
<innerBoundaryIs><LinearRing><tessellate>1</tessellate>
<coordinates> 174.242429,-39.509746 174.242431,-39.509861 174.242366,-39.510040 174.242322,-39.510155 174.242403,-39.510181 174.242571,-39.509966 174.242614,-39.509842 174.242589,-39.509727 174.242554,-39.509656 174.242429,-39.509746</coordinates>
</LinearRing>
</innerBoundaryIs>
</Polygon>
</Placemark>
<Placemark><styleUrl>#nz-river-polygons-topo-150kId</styleUrl>
<ExtendedData><SchemaData schemaUrl="#nz-river-polygons-topo-150kId"><SimpleData name="t50_fid">7555066</SimpleData>
</SchemaData>
</ExtendedData>
<Polygon><outerBoundaryIs><LinearRing><tessellate>1</tessellate>
<coordinates> 174.251167,-39.496731 174.251251,-39.496773 174.251312,-39.496719 174.251505,-39.496658 174.251761,-39.496698 174.251922,-39.496782 174.251812,-39.496810 174.251551,-39.496825 174.251459,-39.496830 174.251198,-39.496913 174.250940,-39.496841 174.250904,-39.496755 174.250956,-39.496562 174.251050,-39.496458 174.251105,-39.496367 174.251176,-39.496376 174.251162,-39.496442 174.251108,-39.496539 174.251167,-39.496731</coordinates>
</LinearRing>
</outerBoundaryIs>
</Polygon>
</Placemark>
<Schema id="nz-river-polygons-topo-150kId" name="nz-river-polygons-topo-150k"><SimpleField name="t50_fid" type="int"><displayName><![CDATA[t50_fid]]></displayName>
</SimpleField>
</Schema>
<Style id="nz-river-polygons-topo-150kId"><IconStyle><color>ff993300</color>
<scale>0.2</scale>
<Icon><href>http://maps.google.com/mapfiles/kml/pal2/icon18.png</href>
</Icon>
</IconStyle>
<LineStyle><color>ff993300</color>
<width>2</width>
</LineStyle>
<PolyStyle><color>7f993300</color>
</PolyStyle>
<BalloonStyle><text><![CDATA[
<html>
<head>
    <style type="text/css">
        table {
            width: 100%;
            border-width: 1px 0 1px 0;
            border-style: solid;
            margin-bottom: 10px;
        }

        th, td {
            text-align: left;
        }

        th {
            width:auto;
        }
    </style>
</head>
<body>
    <base href="https://data.linz.govt.nz/" />

    <h2>NZ River Polygons (Topo, 1:50k)</h2>

    <table>
        <tbody>
            
                <tr><th>$[nz-river-polygons-topo-150k/t50_fid/displayName]</th><td>$[nz-river-polygons-topo-150k/t50_fid]</th></tr>
            
        </tbody>
    </table>

    <div>Source: <a href="https://data.linz.govt.nz/layer/50328-nz-river-polygons-topo-150k/" onclick="window.open('about:blank'); window.open(this.href); return false;">NZ River Polygons (Topo, 1:50k)</a></div>
    
        <div>License: <a href="https://data.linz.govt.nz/license/attribution-4-0-international/" onclick="window.open('about:blank'); window.open(this.href); return false;">Creative Commons Attribution 4.0 International</a></div>
    
    <div>Data last updated: 23 Apr 2026</div>
    <div>Downloaded from <a href="https://data.linz.govt.nz/" onclick="window.open('about:blank'); window.open(this.href); return false;">LINZ Data Service</a> on 21 Jul 2026</div>
</body>
</html>
]]></text>
</BalloonStyle>
</Style>
</Document>
</kml>
